annual_sharpe,correlation,seed,seed_source,proposal_recall,method,fdp,conditional_power,end_to_end_power,discoveries,delay_days
0.5,0,314159,archived_314159_anchor,0.9375,SAFE-ALPHA,0,0,0,0,
0.5,0,314159,archived_314159_anchor,0.9375,Matched terminal weighted e-BH,0,0,0,0,
0.5,0,314160,archived_314159_anchor,0.9375,SAFE-ALPHA,0,0,0,0,
0.5,0,314160,archived_314159_anchor,0.9375,Matched terminal weighted e-BH,0,0,0,0,
0.5,0,314161,archived_314159_anchor,0.875,SAFE-ALPHA,0,0.142857142857,0.125,2,458.5
0.5,0,314161,archived_314159_anchor,0.875,Matched terminal weighted e-BH,0,0.0714285714286,0.0625,1,1139
0.5,0,314162,archived_314159_anchor,0.8125,SAFE-ALPHA,0,0,0,0,
0.5,0,314162,archived_314159_anchor,0.8125,Matched terminal weighted e-BH,0,0,0,0,
0.5,0,314163,archived_314159_anchor,0.9375,SAFE-ALPHA,0,0,0,0,
0.5,0,314163,archived_314159_anchor,0.9375,Matched terminal weighted e-BH,0,0,0,0,
0.5,0,314164,archived_314159_anchor,0.9375,SAFE-ALPHA,0,0,0,0,
0.5,0,314164,archived_314159_anchor,0.9375,Matched terminal weighted e-BH,0,0,0,0,
0.5,0,314165,archived_314159_anchor,0.9375,SAFE-ALPHA,0,0,0,0,
0.5,0,314165,archived_314159_anchor,0.9375,Matched terminal weighted e-BH,0,0,0,0,
0.5,0,314166,archived_314159_anchor,1,SAFE-ALPHA,0,0,0,0,
0.5,0,314166,archived_314159_anchor,1,Matched terminal weighted e-BH,0,0,0,0,
0.5,0,314167,archived_314159_anchor,0.8125,SAFE-ALPHA,0,0,0,0,
0.5,0,314167,archived_314159_anchor,0.8125,Matched terminal weighted e-BH,0,0,0,0,
0.5,0,314168,archived_314159_anchor,0.875,SAFE-ALPHA,0,0,0,0,
0.5,0,314168,archived_314159_anchor,0.875,Matched terminal weighted e-BH,0,0,0,0,
0.5,0,314169,archived_314159_anchor,0.9375,SAFE-ALPHA,0,0.0666666666667,0.0625,1,726
0.5,0,314169,archived_314159_anchor,0.9375,Matched terminal weighted e-BH,0,0,0,0,
0.5,0,314170,archived_314159_anchor,0.875,SAFE-ALPHA,0,0,0,0,
0.5,0,314170,archived_314159_anchor,0.875,Matched terminal weighted e-BH,0,0,0,0,
0.5,0,314171,archived_314159_anchor,0.8125,SAFE-ALPHA,0,0,0,0,
0.5,0,314171,archived_314159_anchor,0.8125,Matched terminal weighted e-BH,0,0,0,0,
0.5,0,314172,archived_314159_anchor,0.8125,SAFE-ALPHA,0,0,0,0,
0.5,0,314172,archived_314159_anchor,0.8125,Matched terminal weighted e-BH,0,0,0,0,
0.5,0,314173,archived_314159_anchor,0.875,SAFE-ALPHA,0,0,0,0,
0.5,0,314173,archived_314159_anchor,0.875,Matched terminal weighted e-BH,0,0,0,0,
0.5,0,314174,archived_314159_anchor,0.9375,SAFE-ALPHA,0,0,0,0,
0.5,0,314174,archived_314159_anchor,0.9375,Matched terminal weighted e-BH,0,0,0,0,
0.5,0,314175,archived_314159_anchor,0.875,SAFE-ALPHA,0,0,0,0,
0.5,0,314175,archived_314159_anchor,0.875,Matched terminal weighted e-BH,0,0,0,0,
0.5,0,314176,archived_314159_anchor,0.75,SAFE-ALPHA,0,0,0,0,
0.5,0,314176,archived_314159_anchor,0.75,Matched terminal weighted e-BH,0,0,0,0,
0.5,0,314177,archived_314159_anchor,0.8125,SAFE-ALPHA,0,0,0,0,
0.5,0,314177,archived_314159_anchor,0.8125,Matched terminal weighted e-BH,0,0,0,0,
0.5,0,314178,archived_314159_anchor,0.9375,SAFE-ALPHA,0,0.0666666666667,0.0625,1,486
0.5,0,314178,archived_314159_anchor,0.9375,Matched terminal weighted e-BH,0,0,0,0,
0.5,0,314179,archived_314159_anchor,0.875,SAFE-ALPHA,0,0,0,0,
0.5,0,314179,archived_314159_anchor,0.875,Matched terminal weighted e-BH,0,0,0,0,
0.5,0,314180,archived_314159_anchor,0.8125,SAFE-ALPHA,0,0,0,0,
0.5,0,314180,archived_314159_anchor,0.8125,Matched terminal weighted e-BH,0,0,0,0,
0.5,0,314181,archived_314159_anchor,0.9375,SAFE-ALPHA,0,0,0,0,
0.5,0,314181,archived_314159_anchor,0.9375,Matched terminal weighted e-BH,0,0,0,0,
0.5,0,314182,archived_314159_anchor,0.875,SAFE-ALPHA,0,0.0714285714286,0.0625,1,141
0.5,0,314182,archived_314159_anchor,0.875,Matched terminal weighted e-BH,0,0,0,0,
0.5,0,314183,archived_314159_anchor,0.8125,SAFE-ALPHA,0.5,0.0769230769231,0.0625,2,146
0.5,0,314183,archived_314159_anchor,0.8125,Matched terminal weighted e-BH,0,0,0,0,
0.5,0,314184,archived_314159_anchor,0.9375,SAFE-ALPHA,0,0.133333333333,0.125,2,638.5
0.5,0,314184,archived_314159_anchor,0.9375,Matched terminal weighted e-BH,0,0,0,0,
0.5,0,314185,archived_314159_anchor,0.8125,SAFE-ALPHA,0,0,0,0,
0.5,0,314185,archived_314159_anchor,0.8125,Matched terminal weighted e-BH,0,0,0,0,
0.5,0,314186,archived_314159_anchor,1,SAFE-ALPHA,0,0,0,0,
0.5,0,314186,archived_314159_anchor,1,Matched terminal weighted e-BH,0,0,0,0,
0.5,0,314187,archived_314159_anchor,1,SAFE-ALPHA,0,0,0,0,
0.5,0,314187,archived_314159_anchor,1,Matched terminal weighted e-BH,0,0,0,0,
0.5,0,314188,archived_314159_anchor,0.875,SAFE-ALPHA,0,0,0,0,
0.5,0,314188,archived_314159_anchor,0.875,Matched terminal weighted e-BH,0,0,0,0,
0.5,0,314189,archived_314159_anchor,0.8125,SAFE-ALPHA,0,0,0,0,
0.5,0,314189,archived_314159_anchor,0.8125,Matched terminal weighted e-BH,0,0,0,0,
0.5,0,314190,archived_314159_anchor,0.9375,SAFE-ALPHA,0,0.0666666666667,0.0625,1,1101
0.5,0,314190,archived_314159_anchor,0.9375,Matched terminal weighted e-BH,0,0.0666666666667,0.0625,1,1259
0.5,0,314191,archived_314159_anchor,0.875,SAFE-ALPHA,0,0,0,0,
0.5,0,314191,archived_314159_anchor,0.875,Matched terminal weighted e-BH,0,0,0,0,
0.5,0,314192,archived_314159_anchor,1,SAFE-ALPHA,0,0.0625,0.0625,1,451
0.5,0,314192,archived_314159_anchor,1,Matched terminal weighted e-BH,0,0,0,0,
0.5,0,314193,archived_314159_anchor,0.75,SAFE-ALPHA,0,0,0,0,
0.5,0,314193,archived_314159_anchor,0.75,Matched terminal weighted e-BH,0,0,0,0,
0.5,0,314194,archived_314159_anchor,1,SAFE-ALPHA,0,0,0,0,
0.5,0,314194,archived_314159_anchor,1,Matched terminal weighted e-BH,0,0,0,0,
0.5,0,314195,archived_314159_anchor,0.9375,SAFE-ALPHA,0,0,0,0,
0.5,0,314195,archived_314159_anchor,0.9375,Matched terminal weighted e-BH,0,0,0,0,
0.5,0,314196,archived_314159_anchor,0.625,SAFE-ALPHA,0,0,0,0,
0.5,0,314196,archived_314159_anchor,0.625,Matched terminal weighted e-BH,0,0,0,0,
0.5,0,314197,archived_314159_anchor,1,SAFE-ALPHA,0,0,0,0,
0.5,0,314197,archived_314159_anchor,1,Matched terminal weighted e-BH,0,0,0,0,
0.5,0,314198,archived_314159_anchor,0.875,SAFE-ALPHA,0,0,0,0,
0.5,0,314198,archived_314159_anchor,0.875,Matched terminal weighted e-BH,0,0,0,0,
0.5,0,314199,archived_314159_anchor,0.8125,SAFE-ALPHA,0,0,0,0,
0.5,0,314199,archived_314159_anchor,0.8125,Matched terminal weighted e-BH,0,0,0,0,
0.5,0,314200,archived_314159_anchor,0.9375,SAFE-ALPHA,0,0,0,0,
0.5,0,314200,archived_314159_anchor,0.9375,Matched terminal weighted e-BH,0,0,0,0,
0.5,0,314201,archived_314159_anchor,0.875,SAFE-ALPHA,0,0,0,0,
0.5,0,314201,archived_314159_anchor,0.875,Matched terminal weighted e-BH,0,0,0,0,
0.5,0,314202,archived_314159_anchor,0.75,SAFE-ALPHA,0,0,0,0,
0.5,0,314202,archived_314159_anchor,0.75,Matched terminal weighted e-BH,0,0,0,0,
0.5,0,314203,archived_314159_anchor,0.75,SAFE-ALPHA,0,0,0,0,
0.5,0,314203,archived_314159_anchor,0.75,Matched terminal weighted e-BH,0,0,0,0,
0.5,0,314204,archived_314159_anchor,0.9375,SAFE-ALPHA,0,0,0,0,
0.5,0,314204,archived_314159_anchor,0.9375,Matched terminal weighted e-BH,0,0,0,0,
0.5,0,314205,archived_314159_anchor,0.875,SAFE-ALPHA,0,0,0,0,
0.5,0,314205,archived_314159_anchor,0.875,Matched terminal weighted e-BH,0,0,0,0,
0.5,0,314206,archived_314159_anchor,1,SAFE-ALPHA,0,0.0625,0.0625,1,966
0.5,0,314206,archived_314159_anchor,1,Matched terminal weighted e-BH,0,0,0,0,
0.5,0,314207,archived_314159_anchor,0.9375,SAFE-ALPHA,0,0,0,0,
0.5,0,314207,archived_314159_anchor,0.9375,Matched terminal weighted e-BH,0,0,0,0,
0.5,0,314208,archived_314159_anchor,0.9375,SAFE-ALPHA,0,0,0,0,
0.5,0,314208,archived_314159_anchor,0.9375,Matched terminal weighted e-BH,0,0,0,0,
0.5,0,314209,archived_314159_anchor,0.9375,SAFE-ALPHA,0,0,0,0,
0.5,0,314209,archived_314159_anchor,0.9375,Matched terminal weighted e-BH,0,0,0,0,
0.5,0,314210,archived_314159_anchor,0.6875,SAFE-ALPHA,0,0,0,0,
0.5,0,314210,archived_314159_anchor,0.6875,Matched terminal weighted e-BH,0,0,0,0,
0.5,0,314211,archived_314159_anchor,0.8125,SAFE-ALPHA,0,0,0,0,
0.5,0,314211,archived_314159_anchor,0.8125,Matched terminal weighted e-BH,0,0,0,0,
0.5,0,314212,archived_314159_anchor,0.9375,SAFE-ALPHA,0,0,0,0,
0.5,0,314212,archived_314159_anchor,0.9375,Matched terminal weighted e-BH,0,0,0,0,
0.5,0,314213,archived_314159_anchor,0.9375,SAFE-ALPHA,0,0,0,0,
0.5,0,314213,archived_314159_anchor,0.9375,Matched terminal weighted e-BH,0,0,0,0,
0.5,0,314214,archived_314159_anchor,0.8125,SAFE-ALPHA,0,0,0,0,
0.5,0,314214,archived_314159_anchor,0.8125,Matched terminal weighted e-BH,0,0,0,0,
0.5,0,314215,archived_314159_anchor,0.9375,SAFE-ALPHA,0,0.0666666666667,0.0625,1,346
0.5,0,314215,archived_314159_anchor,0.9375,Matched terminal weighted e-BH,0,0,0,0,
0.5,0,314216,archived_314159_anchor,0.8125,SAFE-ALPHA,0,0,0,0,
0.5,0,314216,archived_314159_anchor,0.8125,Matched terminal weighted e-BH,0,0,0,0,
0.5,0,314217,archived_314159_anchor,0.8125,SAFE-ALPHA,0,0,0,0,
0.5,0,314217,archived_314159_anchor,0.8125,Matched terminal weighted e-BH,0,0,0,0,
0.5,0,314218,archived_314159_anchor,0.8125,SAFE-ALPHA,0,0,0,0,
0.5,0,314218,archived_314159_anchor,0.8125,Matched terminal weighted e-BH,0,0,0,0,
0.5,0,314219,archived_314159_anchor,0.8125,SAFE-ALPHA,0,0,0,0,
0.5,0,314219,archived_314159_anchor,0.8125,Matched terminal weighted e-BH,0,0,0,0,
0.5,0,314220,archived_314159_anchor,0.625,SAFE-ALPHA,0,0,0,0,
0.5,0,314220,archived_314159_anchor,0.625,Matched terminal weighted e-BH,0,0,0,0,
0.5,0,314221,archived_314159_anchor,0.875,SAFE-ALPHA,0,0,0,0,
0.5,0,314221,archived_314159_anchor,0.875,Matched terminal weighted e-BH,0,0,0,0,
0.5,0,314222,archived_314159_anchor,0.875,SAFE-ALPHA,0,0,0,0,
0.5,0,314222,archived_314159_anchor,0.875,Matched terminal weighted e-BH,0,0,0,0,
0.5,0,314223,archived_314159_anchor,0.875,SAFE-ALPHA,0,0.0714285714286,0.0625,1,721
0.5,0,314223,archived_314159_anchor,0.875,Matched terminal weighted e-BH,0,0.0714285714286,0.0625,1,1229
0.5,0,314224,archived_314159_anchor,0.9375,SAFE-ALPHA,0,0,0,0,
0.5,0,314224,archived_314159_anchor,0.9375,Matched terminal weighted e-BH,0,0,0,0,
0.5,0,314225,archived_314159_anchor,0.8125,SAFE-ALPHA,0,0.153846153846,0.125,2,1056
0.5,0,314225,archived_314159_anchor,0.8125,Matched terminal weighted e-BH,0,0.153846153846,0.125,2,1221.5
0.5,0,314226,archived_314159_anchor,0.9375,SAFE-ALPHA,0,0,0,0,
0.5,0,314226,archived_314159_anchor,0.9375,Matched terminal weighted e-BH,0,0,0,0,
0.5,0,314227,archived_314159_anchor,0.875,SAFE-ALPHA,0,0.0714285714286,0.0625,1,51
0.5,0,314227,archived_314159_anchor,0.875,Matched terminal weighted e-BH,0,0,0,0,
0.5,0,314228,archived_314159_anchor,1,SAFE-ALPHA,0,0.0625,0.0625,1,1071
0.5,0,314228,archived_314159_anchor,1,Matched terminal weighted e-BH,0,0,0,0,
0.5,0,314229,archived_314159_anchor,1,SAFE-ALPHA,0,0,0,0,
0.5,0,314229,archived_314159_anchor,1,Matched terminal weighted e-BH,0,0,0,0,
0.5,0,314230,archived_314159_anchor,0.8125,SAFE-ALPHA,0,0,0,0,
0.5,0,314230,archived_314159_anchor,0.8125,Matched terminal weighted e-BH,0,0,0,0,
0.5,0,314231,archived_314159_anchor,0.625,SAFE-ALPHA,0,0,0,0,
0.5,0,314231,archived_314159_anchor,0.625,Matched terminal weighted e-BH,0,0,0,0,
0.5,0,314232,archived_314159_anchor,0.75,SAFE-ALPHA,0,0,0,0,
0.5,0,314232,archived_314159_anchor,0.75,Matched terminal weighted e-BH,0,0,0,0,
0.5,0,314233,archived_314159_anchor,0.875,SAFE-ALPHA,0,0.0714285714286,0.0625,1,646
0.5,0,314233,archived_314159_anchor,0.875,Matched terminal weighted e-BH,0,0,0,0,
0.5,0,314234,archived_314159_anchor,0.9375,SAFE-ALPHA,0,0,0,0,
0.5,0,314234,archived_314159_anchor,0.9375,Matched terminal weighted e-BH,0,0,0,0,
0.5,0,314235,archived_314159_anchor,0.875,SAFE-ALPHA,0,0,0,0,
0.5,0,314235,archived_314159_anchor,0.875,Matched terminal weighted e-BH,0,0,0,0,
0.5,0,314236,archived_314159_anchor,0.8125,SAFE-ALPHA,0,0,0,0,
0.5,0,314236,archived_314159_anchor,0.8125,Matched terminal weighted e-BH,0,0,0,0,
0.5,0,314237,archived_314159_anchor,0.8125,SAFE-ALPHA,0,0,0,0,
0.5,0,314237,archived_314159_anchor,0.8125,Matched terminal weighted e-BH,0,0,0,0,
0.5,0,314238,archived_314159_anchor,0.875,SAFE-ALPHA,0,0,0,0,
0.5,0,314238,archived_314159_anchor,0.875,Matched terminal weighted e-BH,0,0,0,0,
0.5,0,314239,archived_314159_anchor,0.875,SAFE-ALPHA,0,0,0,0,
0.5,0,314239,archived_314159_anchor,0.875,Matched terminal weighted e-BH,0,0,0,0,
0.5,0,314240,archived_314159_anchor,0.9375,SAFE-ALPHA,0,0.0666666666667,0.0625,1,906
0.5,0,314240,archived_314159_anchor,0.9375,Matched terminal weighted e-BH,0,0,0,0,
0.5,0,314241,archived_314159_anchor,0.875,SAFE-ALPHA,0,0,0,0,
0.5,0,314241,archived_314159_anchor,0.875,Matched terminal weighted e-BH,0,0,0,0,
0.5,0,314242,archived_314159_anchor,1,SAFE-ALPHA,0,0,0,0,
0.5,0,314242,archived_314159_anchor,1,Matched terminal weighted e-BH,0,0,0,0,
0.5,0,314243,archived_314159_anchor,0.75,SAFE-ALPHA,0,0,0,0,
0.5,0,314243,archived_314159_anchor,0.75,Matched terminal weighted e-BH,0,0,0,0,
0.5,0,314244,archived_314159_anchor,0.875,SAFE-ALPHA,0,0,0,0,
0.5,0,314244,archived_314159_anchor,0.875,Matched terminal weighted e-BH,0,0,0,0,
0.5,0,314245,archived_314159_anchor,0.875,SAFE-ALPHA,0,0.142857142857,0.125,2,483.5
0.5,0,314245,archived_314159_anchor,0.875,Matched terminal weighted e-BH,0,0.142857142857,0.125,2,1244
0.5,0,314246,archived_314159_anchor,0.875,SAFE-ALPHA,0,0.0714285714286,0.0625,1,66
0.5,0,314246,archived_314159_anchor,0.875,Matched terminal weighted e-BH,0,0,0,0,
0.5,0,314247,archived_314159_anchor,0.8125,SAFE-ALPHA,0,0,0,0,
0.5,0,314247,archived_314159_anchor,0.8125,Matched terminal weighted e-BH,0,0,0,0,
0.5,0,314248,archived_314159_anchor,0.75,SAFE-ALPHA,0,0,0,0,
0.5,0,314248,archived_314159_anchor,0.75,Matched terminal weighted e-BH,0,0,0,0,
0.5,0,314249,archived_314159_anchor,0.8125,SAFE-ALPHA,0,0,0,0,
0.5,0,314249,archived_314159_anchor,0.8125,Matched terminal weighted e-BH,0,0,0,0,
0.5,0,314250,archived_314159_anchor,0.75,SAFE-ALPHA,0,0,0,0,
0.5,0,314250,archived_314159_anchor,0.75,Matched terminal weighted e-BH,0,0,0,0,
0.5,0,314251,archived_314159_anchor,0.8125,SAFE-ALPHA,0,0,0,0,
0.5,0,314251,archived_314159_anchor,0.8125,Matched terminal weighted e-BH,0,0,0,0,
0.5,0,314252,archived_314159_anchor,1,SAFE-ALPHA,0,0,0,0,
0.5,0,314252,archived_314159_anchor,1,Matched terminal weighted e-BH,0,0,0,0,
0.5,0,314253,archived_314159_anchor,0.9375,SAFE-ALPHA,0,0,0,0,
0.5,0,314253,archived_314159_anchor,0.9375,Matched terminal weighted e-BH,0,0,0,0,
0.5,0,314254,archived_314159_anchor,1,SAFE-ALPHA,0,0,0,0,
0.5,0,314254,archived_314159_anchor,1,Matched terminal weighted e-BH,0,0,0,0,
0.5,0,314255,archived_314159_anchor,0.8125,SAFE-ALPHA,0,0,0,0,
0.5,0,314255,archived_314159_anchor,0.8125,Matched terminal weighted e-BH,0,0,0,0,
0.5,0,314256,archived_314159_anchor,0.875,SAFE-ALPHA,0,0,0,0,
0.5,0,314256,archived_314159_anchor,0.875,Matched terminal weighted e-BH,0,0,0,0,
0.5,0,314257,archived_314159_anchor,0.8125,SAFE-ALPHA,0,0.0769230769231,0.0625,1,671
0.5,0,314257,archived_314159_anchor,0.8125,Matched terminal weighted e-BH,0,0,0,0,
0.5,0,314258,archived_314159_anchor,0.8125,SAFE-ALPHA,0,0,0,0,
0.5,0,314258,archived_314159_anchor,0.8125,Matched terminal weighted e-BH,0,0,0,0,
0.5,0,314259,archived_314159_anchor,0.9375,SAFE-ALPHA,0,0.0666666666667,0.0625,1,141
0.5,0,314259,archived_314159_anchor,0.9375,Matched terminal weighted e-BH,0,0,0,0,
0.5,0,314260,archived_314159_anchor,0.875,SAFE-ALPHA,0,0,0,0,
0.5,0,314260,archived_314159_anchor,0.875,Matched terminal weighted e-BH,0,0,0,0,
0.5,0,314261,archived_314159_anchor,0.8125,SAFE-ALPHA,0,0,0,0,
0.5,0,314261,archived_314159_anchor,0.8125,Matched terminal weighted e-BH,0,0,0,0,
0.5,0,314262,archived_314159_anchor,0.75,SAFE-ALPHA,0,0,0,0,
0.5,0,314262,archived_314159_anchor,0.75,Matched terminal weighted e-BH,0,0,0,0,
0.5,0,314263,archived_314159_anchor,0.9375,SAFE-ALPHA,0,0,0,0,
0.5,0,314263,archived_314159_anchor,0.9375,Matched terminal weighted e-BH,0,0,0,0,
0.5,0,314264,archived_314159_anchor,0.8125,SAFE-ALPHA,0,0,0,0,
0.5,0,314264,archived_314159_anchor,0.8125,Matched terminal weighted e-BH,0,0,0,0,
0.5,0,314265,archived_314159_anchor,0.9375,SAFE-ALPHA,0,0,0,0,
0.5,0,314265,archived_314159_anchor,0.9375,Matched terminal weighted e-BH,0,0,0,0,
0.5,0,314266,archived_314159_anchor,0.875,SAFE-ALPHA,0,0,0,0,
0.5,0,314266,archived_314159_anchor,0.875,Matched terminal weighted e-BH,0,0,0,0,
0.5,0,314267,archived_314159_anchor,0.8125,SAFE-ALPHA,0,0,0,0,
0.5,0,314267,archived_314159_anchor,0.8125,Matched terminal weighted e-BH,0,0,0,0,
0.5,0,314268,archived_314159_anchor,0.8125,SAFE-ALPHA,0,0,0,0,
0.5,0,314268,archived_314159_anchor,0.8125,Matched terminal weighted e-BH,0,0,0,0,
0.5,0,314269,archived_314159_anchor,0.9375,SAFE-ALPHA,0,0,0,0,
0.5,0,314269,archived_314159_anchor,0.9375,Matched terminal weighted e-BH,0,0,0,0,
0.5,0,314270,archived_314159_anchor,0.875,SAFE-ALPHA,0,0,0,0,
0.5,0,314270,archived_314159_anchor,0.875,Matched terminal weighted e-BH,0,0,0,0,
0.5,0,314271,archived_314159_anchor,0.875,SAFE-ALPHA,0,0.0714285714286,0.0625,1,91
0.5,0,314271,archived_314159_anchor,0.875,Matched terminal weighted e-BH,0,0,0,0,
0.5,0,314272,archived_314159_anchor,0.875,SAFE-ALPHA,0,0,0,0,
0.5,0,314272,archived_314159_anchor,0.875,Matched terminal weighted e-BH,0,0,0,0,
0.5,0,314273,archived_314159_anchor,0.75,SAFE-ALPHA,0,0.0833333333333,0.0625,1,421
0.5,0,314273,archived_314159_anchor,0.75,Matched terminal weighted e-BH,0,0,0,0,
0.5,0,314274,archived_314159_anchor,0.6875,SAFE-ALPHA,0,0,0,0,
0.5,0,314274,archived_314159_anchor,0.6875,Matched terminal weighted e-BH,0,0,0,0,
0.5,0,314275,archived_314159_anchor,0.875,SAFE-ALPHA,0,0.0714285714286,0.0625,1,1026
0.5,0,314275,archived_314159_anchor,0.875,Matched terminal weighted e-BH,0,0,0,0,
0.5,0,314276,archived_314159_anchor,0.875,SAFE-ALPHA,0,0.0714285714286,0.0625,1,306
0.5,0,314276,archived_314159_anchor,0.875,Matched terminal weighted e-BH,0,0,0,0,
0.5,0,314277,archived_314159_anchor,0.875,SAFE-ALPHA,0,0,0,0,
0.5,0,314277,archived_314159_anchor,0.875,Matched terminal weighted e-BH,0,0,0,0,
0.5,0,314278,archived_314159_anchor,0.8125,SAFE-ALPHA,0,0,0,0,
0.5,0,314278,archived_314159_anchor,0.8125,Matched terminal weighted e-BH,0,0,0,0,
0.5,0,314279,archived_314159_anchor,0.8125,SAFE-ALPHA,0,0,0,0,
0.5,0,314279,archived_314159_anchor,0.8125,Matched terminal weighted e-BH,0,0,0,0,
0.5,0,314280,archived_314159_anchor,0.875,SAFE-ALPHA,0,0,0,0,
0.5,0,314280,archived_314159_anchor,0.875,Matched terminal weighted e-BH,0,0,0,0,
0.5,0,314281,archived_314159_anchor,0.625,SAFE-ALPHA,0,0,0,0,
0.5,0,314281,archived_314159_anchor,0.625,Matched terminal weighted e-BH,0,0,0,0,
0.5,0,314282,archived_314159_anchor,0.8125,SAFE-ALPHA,0,0,0,0,
0.5,0,314282,archived_314159_anchor,0.8125,Matched terminal weighted e-BH,0,0,0,0,
0.5,0,314283,archived_314159_anchor,0.9375,SAFE-ALPHA,0,0.0666666666667,0.0625,1,156
0.5,0,314283,archived_314159_anchor,0.9375,Matched terminal weighted e-BH,0,0,0,0,
0.5,0,314284,archived_314159_anchor,0.75,SAFE-ALPHA,0,0,0,0,
0.5,0,314284,archived_314159_anchor,0.75,Matched terminal weighted e-BH,0,0,0,0,
0.5,0,314285,archived_314159_anchor,0.8125,SAFE-ALPHA,0,0,0,0,
0.5,0,314285,archived_314159_anchor,0.8125,Matched terminal weighted e-BH,0,0,0,0,
0.5,0,314286,archived_314159_anchor,0.9375,SAFE-ALPHA,0,0,0,0,
0.5,0,314286,archived_314159_anchor,0.9375,Matched terminal weighted e-BH,0,0,0,0,
0.5,0,314287,archived_314159_anchor,0.8125,SAFE-ALPHA,0,0,0,0,
0.5,0,314287,archived_314159_anchor,0.8125,Matched terminal weighted e-BH,0,0,0,0,
0.5,0,314288,archived_314159_anchor,0.9375,SAFE-ALPHA,0,0,0,0,
0.5,0,314288,archived_314159_anchor,0.9375,Matched terminal weighted e-BH,0,0,0,0,
0.5,0,314289,archived_314159_anchor,1,SAFE-ALPHA,0,0.0625,0.0625,1,261
0.5,0,314289,archived_314159_anchor,1,Matched terminal weighted e-BH,0,0,0,0,
0.5,0,314290,archived_314159_anchor,0.8125,SAFE-ALPHA,0,0,0,0,
0.5,0,314290,archived_314159_anchor,0.8125,Matched terminal weighted e-BH,0,0,0,0,
0.5,0,314291,archived_314159_anchor,0.75,SAFE-ALPHA,0,0,0,0,
0.5,0,314291,archived_314159_anchor,0.75,Matched terminal weighted e-BH,0,0,0,0,
0.5,0,314292,archived_314159_anchor,0.75,SAFE-ALPHA,0,0,0,0,
0.5,0,314292,archived_314159_anchor,0.75,Matched terminal weighted e-BH,0,0,0,0,
0.5,0,314293,archived_314159_anchor,0.6875,SAFE-ALPHA,0,0,0,0,
0.5,0,314293,archived_314159_anchor,0.6875,Matched terminal weighted e-BH,0,0,0,0,
0.5,0,314294,archived_314159_anchor,1,SAFE-ALPHA,0,0.125,0.125,2,1203.5
0.5,0,314294,archived_314159_anchor,1,Matched terminal weighted e-BH,0,0,0,0,
0.5,0,314295,archived_314159_anchor,0.8125,SAFE-ALPHA,0,0,0,0,
0.5,0,314295,archived_314159_anchor,0.8125,Matched terminal weighted e-BH,0,0,0,0,
0.5,0,314296,archived_314159_anchor,0.9375,SAFE-ALPHA,0,0,0,0,
0.5,0,314296,archived_314159_anchor,0.9375,Matched terminal weighted e-BH,0,0,0,0,
0.5,0,314297,archived_314159_anchor,0.9375,SAFE-ALPHA,0,0.0666666666667,0.0625,1,631
0.5,0,314297,archived_314159_anchor,0.9375,Matched terminal weighted e-BH,0,0,0,0,
0.5,0,314298,archived_314159_anchor,0.75,SAFE-ALPHA,0,0,0,0,
0.5,0,314298,archived_314159_anchor,0.75,Matched terminal weighted e-BH,0,0,0,0,
0.5,0,314299,archived_314159_anchor,0.8125,SAFE-ALPHA,0,0,0,0,
0.5,0,314299,archived_314159_anchor,0.8125,Matched terminal weighted e-BH,0,0,0,0,
0.5,0,314300,archived_314159_anchor,0.9375,SAFE-ALPHA,0,0,0,0,
0.5,0,314300,archived_314159_anchor,0.9375,Matched terminal weighted e-BH,0,0,0,0,
0.5,0,314301,archived_314159_anchor,0.8125,SAFE-ALPHA,0,0,0,0,
0.5,0,314301,archived_314159_anchor,0.8125,Matched terminal weighted e-BH,0,0,0,0,
0.5,0,314302,archived_314159_anchor,0.875,SAFE-ALPHA,0,0,0,0,
0.5,0,314302,archived_314159_anchor,0.875,Matched terminal weighted e-BH,0,0,0,0,
0.5,0,314303,archived_314159_anchor,0.9375,SAFE-ALPHA,0,0,0,0,
0.5,0,314303,archived_314159_anchor,0.9375,Matched terminal weighted e-BH,0,0,0,0,
0.5,0,314304,archived_314159_anchor,0.8125,SAFE-ALPHA,0,0,0,0,
0.5,0,314304,archived_314159_anchor,0.8125,Matched terminal weighted e-BH,0,0,0,0,
0.5,0,314305,archived_314159_anchor,0.8125,SAFE-ALPHA,0,0,0,0,
0.5,0,314305,archived_314159_anchor,0.8125,Matched terminal weighted e-BH,0,0,0,0,
0.5,0,314306,archived_314159_anchor,0.8125,SAFE-ALPHA,0,0,0,0,
0.5,0,314306,archived_314159_anchor,0.8125,Matched terminal weighted e-BH,0,0,0,0,
0.5,0,314307,archived_314159_anchor,0.875,SAFE-ALPHA,1,0,0,1,
0.5,0,314307,archived_314159_anchor,0.875,Matched terminal weighted e-BH,0,0,0,0,
0.5,0,314308,archived_314159_anchor,0.8125,SAFE-ALPHA,0,0,0,0,
0.5,0,314308,archived_314159_anchor,0.8125,Matched terminal weighted e-BH,0,0,0,0,
0.5,0,314309,archived_314159_anchor,0.875,SAFE-ALPHA,0,0,0,0,
0.5,0,314309,archived_314159_anchor,0.875,Matched terminal weighted e-BH,0,0,0,0,
0.5,0,314310,archived_314159_anchor,0.8125,SAFE-ALPHA,0,0,0,0,
0.5,0,314310,archived_314159_anchor,0.8125,Matched terminal weighted e-BH,0,0,0,0,
0.5,0,314311,archived_314159_anchor,0.9375,SAFE-ALPHA,0,0,0,0,
0.5,0,314311,archived_314159_anchor,0.9375,Matched terminal weighted e-BH,0,0,0,0,
0.5,0,314312,archived_314159_anchor,0.8125,SAFE-ALPHA,0,0,0,0,
0.5,0,314312,archived_314159_anchor,0.8125,Matched terminal weighted e-BH,0,0,0,0,
0.5,0,314313,archived_314159_anchor,0.875,SAFE-ALPHA,0,0,0,0,
0.5,0,314313,archived_314159_anchor,0.875,Matched terminal weighted e-BH,0,0,0,0,
0.5,0,314314,archived_314159_anchor,0.875,SAFE-ALPHA,0,0,0,0,
0.5,0,314314,archived_314159_anchor,0.875,Matched terminal weighted e-BH,0,0,0,0,
0.5,0,314315,archived_314159_anchor,0.875,SAFE-ALPHA,0,0,0,0,
0.5,0,314315,archived_314159_anchor,0.875,Matched terminal weighted e-BH,0,0,0,0,
0.5,0,314316,archived_314159_anchor,0.75,SAFE-ALPHA,0.5,0.0833333333333,0.0625,2,351
0.5,0,314316,archived_314159_anchor,0.75,Matched terminal weighted e-BH,0,0.0833333333333,0.0625,1,1244
0.5,0,314317,archived_314159_anchor,0.6875,SAFE-ALPHA,0,0,0,0,
0.5,0,314317,archived_314159_anchor,0.6875,Matched terminal weighted e-BH,0,0,0,0,
0.5,0,314318,archived_314159_anchor,0.8125,SAFE-ALPHA,0,0,0,0,
0.5,0,314318,archived_314159_anchor,0.8125,Matched terminal weighted e-BH,0,0,0,0,
0.5,0,314319,archived_314159_anchor,0.875,SAFE-ALPHA,0,0,0,0,
0.5,0,314319,archived_314159_anchor,0.875,Matched terminal weighted e-BH,0,0,0,0,
0.5,0,314320,archived_314159_anchor,0.875,SAFE-ALPHA,0,0,0,0,
0.5,0,314320,archived_314159_anchor,0.875,Matched terminal weighted e-BH,0,0,0,0,
0.5,0,314321,archived_314159_anchor,0.75,SAFE-ALPHA,0,0,0,0,
0.5,0,314321,archived_314159_anchor,0.75,Matched terminal weighted e-BH,0,0,0,0,
0.5,0,314322,archived_314159_anchor,0.9375,SAFE-ALPHA,0,0,0,0,
0.5,0,314322,archived_314159_anchor,0.9375,Matched terminal weighted e-BH,0,0,0,0,
0.5,0,314323,archived_314159_anchor,0.875,SAFE-ALPHA,0,0,0,0,
0.5,0,314323,archived_314159_anchor,0.875,Matched terminal weighted e-BH,0,0,0,0,
0.5,0,314324,archived_314159_anchor,0.9375,SAFE-ALPHA,0,0,0,0,
0.5,0,314324,archived_314159_anchor,0.9375,Matched terminal weighted e-BH,0,0,0,0,
0.5,0,314325,archived_314159_anchor,0.9375,SAFE-ALPHA,0,0,0,0,
0.5,0,314325,archived_314159_anchor,0.9375,Matched terminal weighted e-BH,0,0,0,0,
0.5,0,314326,archived_314159_anchor,0.75,SAFE-ALPHA,0,0,0,0,
0.5,0,314326,archived_314159_anchor,0.75,Matched terminal weighted e-BH,0,0,0,0,
0.5,0,314327,archived_314159_anchor,1,SAFE-ALPHA,0,0,0,0,
0.5,0,314327,archived_314159_anchor,1,Matched terminal weighted e-BH,0,0,0,0,
0.5,0,314328,archived_314159_anchor,1,SAFE-ALPHA,0,0,0,0,
0.5,0,314328,archived_314159_anchor,1,Matched terminal weighted e-BH,0,0,0,0,
0.5,0,314329,archived_314159_anchor,0.75,SAFE-ALPHA,0,0,0,0,
0.5,0,314329,archived_314159_anchor,0.75,Matched terminal weighted e-BH,0,0,0,0,
0.5,0,314330,archived_314159_anchor,0.875,SAFE-ALPHA,0,0,0,0,
0.5,0,314330,archived_314159_anchor,0.875,Matched terminal weighted e-BH,0,0,0,0,
0.5,0,314331,archived_314159_anchor,1,SAFE-ALPHA,0,0,0,0,
0.5,0,314331,archived_314159_anchor,1,Matched terminal weighted e-BH,0,0,0,0,
0.5,0,314332,archived_314159_anchor,0.8125,SAFE-ALPHA,0,0.0769230769231,0.0625,1,681
0.5,0,314332,archived_314159_anchor,0.8125,Matched terminal weighted e-BH,0,0,0,0,
0.5,0,314333,archived_314159_anchor,0.9375,SAFE-ALPHA,0,0,0,0,
0.5,0,314333,archived_314159_anchor,0.9375,Matched terminal weighted e-BH,0,0,0,0,
0.5,0,314334,archived_314159_anchor,0.9375,SAFE-ALPHA,0,0.0666666666667,0.0625,1,1021
0.5,0,314334,archived_314159_anchor,0.9375,Matched terminal weighted e-BH,0,0.0666666666667,0.0625,1,1154
0.5,0,314335,archived_314159_anchor,0.875,SAFE-ALPHA,0,0,0,0,
0.5,0,314335,archived_314159_anchor,0.875,Matched terminal weighted e-BH,0,0,0,0,
0.5,0,314336,archived_314159_anchor,1,SAFE-ALPHA,0,0,0,0,
0.5,0,314336,archived_314159_anchor,1,Matched terminal weighted e-BH,0,0,0,0,
0.5,0,314337,archived_314159_anchor,0.6875,SAFE-ALPHA,0,0,0,0,
0.5,0,314337,archived_314159_anchor,0.6875,Matched terminal weighted e-BH,0,0,0,0,
0.5,0,314338,archived_314159_anchor,0.875,SAFE-ALPHA,0,0,0,0,
0.5,0,314338,archived_314159_anchor,0.875,Matched terminal weighted e-BH,0,0,0,0,
0.5,0,314339,archived_314159_anchor,0.75,SAFE-ALPHA,0,0,0,0,
0.5,0,314339,archived_314159_anchor,0.75,Matched terminal weighted e-BH,0,0,0,0,
0.5,0,314340,archived_314159_anchor,0.8125,SAFE-ALPHA,0,0,0,0,
0.5,0,314340,archived_314159_anchor,0.8125,Matched terminal weighted e-BH,0,0,0,0,
0.5,0,314341,archived_314159_anchor,0.8125,SAFE-ALPHA,0,0,0,0,
0.5,0,314341,archived_314159_anchor,0.8125,Matched terminal weighted e-BH,0,0,0,0,
0.5,0,314342,archived_314159_anchor,0.8125,SAFE-ALPHA,0,0,0,0,
0.5,0,314342,archived_314159_anchor,0.8125,Matched terminal weighted e-BH,0,0,0,0,
0.5,0,314343,archived_314159_anchor,0.6875,SAFE-ALPHA,0,0,0,0,
0.5,0,314343,archived_314159_anchor,0.6875,Matched terminal weighted e-BH,0,0,0,0,
0.5,0,314344,archived_314159_anchor,0.9375,SAFE-ALPHA,0,0,0,0,
0.5,0,314344,archived_314159_anchor,0.9375,Matched terminal weighted e-BH,0,0,0,0,
0.5,0,314345,archived_314159_anchor,0.9375,SAFE-ALPHA,0,0.0666666666667,0.0625,1,346
0.5,0,314345,archived_314159_anchor,0.9375,Matched terminal weighted e-BH,0,0,0,0,
0.5,0,314346,archived_314159_anchor,0.8125,SAFE-ALPHA,0,0,0,0,
0.5,0,314346,archived_314159_anchor,0.8125,Matched terminal weighted e-BH,0,0,0,0,
0.5,0,314347,archived_314159_anchor,0.8125,SAFE-ALPHA,1,0,0,1,
0.5,0,314347,archived_314159_anchor,0.8125,Matched terminal weighted e-BH,0,0,0,0,
0.5,0,314348,archived_314159_anchor,0.8125,SAFE-ALPHA,0,0,0,0,
0.5,0,314348,archived_314159_anchor,0.8125,Matched terminal weighted e-BH,0,0,0,0,
0.5,0,314349,archived_314159_anchor,0.8125,SAFE-ALPHA,0,0.0769230769231,0.0625,1,891
0.5,0,314349,archived_314159_anchor,0.8125,Matched terminal weighted e-BH,0,0,0,0,
0.5,0,314350,archived_314159_anchor,0.875,SAFE-ALPHA,0,0,0,0,
0.5,0,314350,archived_314159_anchor,0.875,Matched terminal weighted e-BH,0,0,0,0,
0.5,0,314351,archived_314159_anchor,0.9375,SAFE-ALPHA,0,0,0,0,
0.5,0,314351,archived_314159_anchor,0.9375,Matched terminal weighted e-BH,0,0,0,0,
0.5,0,314352,archived_314159_anchor,0.75,SAFE-ALPHA,0,0,0,0,
0.5,0,314352,archived_314159_anchor,0.75,Matched terminal weighted e-BH,0,0,0,0,
0.5,0,314353,archived_314159_anchor,0.875,SAFE-ALPHA,0,0.0714285714286,0.0625,1,276
0.5,0,314353,archived_314159_anchor,0.875,Matched terminal weighted e-BH,0,0.0714285714286,0.0625,1,1259
0.5,0,314354,archived_314159_anchor,0.6875,SAFE-ALPHA,0,0,0,0,
0.5,0,314354,archived_314159_anchor,0.6875,Matched terminal weighted e-BH,0,0,0,0,
0.5,0,314355,archived_314159_anchor,0.875,SAFE-ALPHA,0,0,0,0,
0.5,0,314355,archived_314159_anchor,0.875,Matched terminal weighted e-BH,0,0,0,0,
0.5,0,314356,archived_314159_anchor,0.9375,SAFE-ALPHA,0,0.0666666666667,0.0625,1,876
0.5,0,314356,archived_314159_anchor,0.9375,Matched terminal weighted e-BH,0,0,0,0,
0.5,0,314357,archived_314159_anchor,0.875,SAFE-ALPHA,0,0.142857142857,0.125,2,913.5
0.5,0,314357,archived_314159_anchor,0.875,Matched terminal weighted e-BH,0,0,0,0,
0.5,0,314358,archived_314159_anchor,0.8125,SAFE-ALPHA,0,0,0,0,
0.5,0,314358,archived_314159_anchor,0.8125,Matched terminal weighted e-BH,0,0,0,0,
0.5,0,314359,archived_314159_anchor,0.875,SAFE-ALPHA,0,0,0,0,
0.5,0,314359,archived_314159_anchor,0.875,Matched terminal weighted e-BH,0,0,0,0,
0.5,0,314360,archived_314159_anchor,0.75,SAFE-ALPHA,0,0,0,0,
0.5,0,314360,archived_314159_anchor,0.75,Matched terminal weighted e-BH,0,0,0,0,
0.5,0,314361,archived_314159_anchor,0.9375,SAFE-ALPHA,0,0,0,0,
0.5,0,314361,archived_314159_anchor,0.9375,Matched terminal weighted e-BH,0,0,0,0,
0.5,0,314362,archived_314159_anchor,0.875,SAFE-ALPHA,0,0,0,0,
0.5,0,314362,archived_314159_anchor,0.875,Matched terminal weighted e-BH,0,0,0,0,
0.5,0,314363,archived_314159_anchor,0.8125,SAFE-ALPHA,0,0.0769230769231,0.0625,1,576
0.5,0,314363,archived_314159_anchor,0.8125,Matched terminal weighted e-BH,0,0,0,0,
0.5,0,314364,archived_314159_anchor,1,SAFE-ALPHA,0,0,0,0,
0.5,0,314364,archived_314159_anchor,1,Matched terminal weighted e-BH,0,0,0,0,
0.5,0,314365,archived_314159_anchor,0.8125,SAFE-ALPHA,0,0,0,0,
0.5,0,314365,archived_314159_anchor,0.8125,Matched terminal weighted e-BH,0,0,0,0,
0.5,0,314366,archived_314159_anchor,0.9375,SAFE-ALPHA,0,0,0,0,
0.5,0,314366,archived_314159_anchor,0.9375,Matched terminal weighted e-BH,0,0,0,0,
0.5,0,314367,archived_314159_anchor,0.8125,SAFE-ALPHA,0,0,0,0,
0.5,0,314367,archived_314159_anchor,0.8125,Matched terminal weighted e-BH,0,0,0,0,
0.5,0,314368,archived_314159_anchor,0.875,SAFE-ALPHA,0,0.0714285714286,0.0625,1,306
0.5,0,314368,archived_314159_anchor,0.875,Matched terminal weighted e-BH,0,0,0,0,
0.5,0,314369,archived_314159_anchor,0.8125,SAFE-ALPHA,0,0,0,0,
0.5,0,314369,archived_314159_anchor,0.8125,Matched terminal weighted e-BH,0,0,0,0,
0.5,0,314370,archived_314159_anchor,0.875,SAFE-ALPHA,0,0.0714285714286,0.0625,1,991
0.5,0,314370,archived_314159_anchor,0.875,Matched terminal weighted e-BH,0,0.0714285714286,0.0625,1,1139
0.5,0,314371,archived_314159_anchor,0.75,SAFE-ALPHA,1,0,0,1,
0.5,0,314371,archived_314159_anchor,0.75,Matched terminal weighted e-BH,1,0,0,1,
0.5,0,314372,archived_314159_anchor,0.875,SAFE-ALPHA,0,0.0714285714286,0.0625,1,596
0.5,0,314372,archived_314159_anchor,0.875,Matched terminal weighted e-BH,0,0.0714285714286,0.0625,1,1214
0.5,0,314373,archived_314159_anchor,0.9375,SAFE-ALPHA,0,0,0,0,
0.5,0,314373,archived_314159_anchor,0.9375,Matched terminal weighted e-BH,0,0,0,0,
0.5,0,314374,archived_314159_anchor,0.875,SAFE-ALPHA,0,0,0,0,
0.5,0,314374,archived_314159_anchor,0.875,Matched terminal weighted e-BH,0,0,0,0,
0.5,0,314375,archived_314159_anchor,0.9375,SAFE-ALPHA,0,0,0,0,
0.5,0,314375,archived_314159_anchor,0.9375,Matched terminal weighted e-BH,0,0,0,0,
0.5,0,314376,archived_314159_anchor,0.9375,SAFE-ALPHA,0,0.0666666666667,0.0625,1,931
0.5,0,314376,archived_314159_anchor,0.9375,Matched terminal weighted e-BH,0,0.0666666666667,0.0625,1,1214
0.5,0,314377,archived_314159_anchor,1,SAFE-ALPHA,0,0,0,0,
0.5,0,314377,archived_314159_anchor,1,Matched terminal weighted e-BH,0,0,0,0,
0.5,0,314378,archived_314159_anchor,0.875,SAFE-ALPHA,0,0,0,0,
0.5,0,314378,archived_314159_anchor,0.875,Matched terminal weighted e-BH,0,0,0,0,
0.5,0,314379,archived_314159_anchor,0.9375,SAFE-ALPHA,0,0.0666666666667,0.0625,1,1061
0.5,0,314379,archived_314159_anchor,0.9375,Matched terminal weighted e-BH,0,0,0,0,
0.5,0,314380,archived_314159_anchor,0.75,SAFE-ALPHA,0,0.0833333333333,0.0625,1,381
0.5,0,314380,archived_314159_anchor,0.75,Matched terminal weighted e-BH,0,0,0,0,
0.5,0,314381,archived_314159_anchor,0.9375,SAFE-ALPHA,0,0,0,0,
0.5,0,314381,archived_314159_anchor,0.9375,Matched terminal weighted e-BH,0,0,0,0,
0.5,0,314382,archived_314159_anchor,0.8125,SAFE-ALPHA,0,0.0769230769231,0.0625,1,586
0.5,0,314382,archived_314159_anchor,0.8125,Matched terminal weighted e-BH,0,0,0,0,
0.5,0,314383,archived_314159_anchor,0.8125,SAFE-ALPHA,0,0,0,0,
0.5,0,314383,archived_314159_anchor,0.8125,Matched terminal weighted e-BH,0,0,0,0,
0.5,0,314384,archived_314159_anchor,0.9375,SAFE-ALPHA,0,0,0,0,
0.5,0,314384,archived_314159_anchor,0.9375,Matched terminal weighted e-BH,0,0,0,0,
0.5,0,314385,archived_314159_anchor,0.9375,SAFE-ALPHA,0,0,0,0,
0.5,0,314385,archived_314159_anchor,0.9375,Matched terminal weighted e-BH,0,0,0,0,
0.5,0,314386,archived_314159_anchor,0.8125,SAFE-ALPHA,0,0,0,0,
0.5,0,314386,archived_314159_anchor,0.8125,Matched terminal weighted e-BH,0,0,0,0,
0.5,0,314387,archived_314159_anchor,0.875,SAFE-ALPHA,0,0,0,0,
0.5,0,314387,archived_314159_anchor,0.875,Matched terminal weighted e-BH,0,0,0,0,
0.5,0,314388,archived_314159_anchor,0.875,SAFE-ALPHA,0,0,0,0,
0.5,0,314388,archived_314159_anchor,0.875,Matched terminal weighted e-BH,0,0,0,0,
0.5,0,314389,archived_314159_anchor,0.9375,SAFE-ALPHA,0,0,0,0,
0.5,0,314389,archived_314159_anchor,0.9375,Matched terminal weighted e-BH,0,0,0,0,
0.5,0,314390,archived_314159_anchor,0.875,SAFE-ALPHA,0,0,0,0,
0.5,0,314390,archived_314159_anchor,0.875,Matched terminal weighted e-BH,0,0,0,0,
0.5,0,314391,archived_314159_anchor,1,SAFE-ALPHA,0,0,0,0,
0.5,0,314391,archived_314159_anchor,1,Matched terminal weighted e-BH,0,0,0,0,
0.5,0,314392,archived_314159_anchor,0.8125,SAFE-ALPHA,0,0,0,0,
0.5,0,314392,archived_314159_anchor,0.8125,Matched terminal weighted e-BH,0,0,0,0,
0.5,0,314393,archived_314159_anchor,0.8125,SAFE-ALPHA,0,0.0769230769231,0.0625,1,971
0.5,0,314393,archived_314159_anchor,0.8125,Matched terminal weighted e-BH,0,0.0769230769231,0.0625,1,1259
0.5,0,314394,archived_314159_anchor,0.9375,SAFE-ALPHA,0,0,0,0,
0.5,0,314394,archived_314159_anchor,0.9375,Matched terminal weighted e-BH,0,0,0,0,
0.5,0,314395,archived_314159_anchor,0.75,SAFE-ALPHA,0,0.0833333333333,0.0625,1,196
0.5,0,314395,archived_314159_anchor,0.75,Matched terminal weighted e-BH,0,0,0,0,
0.5,0,314396,archived_314159_anchor,0.9375,SAFE-ALPHA,0,0,0,0,
0.5,0,314396,archived_314159_anchor,0.9375,Matched terminal weighted e-BH,0,0,0,0,
0.5,0,314397,archived_314159_anchor,0.875,SAFE-ALPHA,0,0,0,0,
0.5,0,314397,archived_314159_anchor,0.875,Matched terminal weighted e-BH,0,0,0,0,
0.5,0,314398,archived_314159_anchor,0.875,SAFE-ALPHA,0,0,0,0,
0.5,0,314398,archived_314159_anchor,0.875,Matched terminal weighted e-BH,0,0,0,0,
0.5,0,314399,archived_314159_anchor,0.75,SAFE-ALPHA,0,0,0,0,
0.5,0,314399,archived_314159_anchor,0.75,Matched terminal weighted e-BH,0,0,0,0,
0.5,0,314400,archived_314159_anchor,0.75,SAFE-ALPHA,0,0,0,0,
0.5,0,314400,archived_314159_anchor,0.75,Matched terminal weighted e-BH,0,0,0,0,
0.5,0,314401,archived_314159_anchor,0.75,SAFE-ALPHA,0,0.0833333333333,0.0625,1,401
0.5,0,314401,archived_314159_anchor,0.75,Matched terminal weighted e-BH,0,0,0,0,
0.5,0,314402,archived_314159_anchor,0.9375,SAFE-ALPHA,0,0,0,0,
0.5,0,314402,archived_314159_anchor,0.9375,Matched terminal weighted e-BH,0,0,0,0,
0.5,0,314403,archived_314159_anchor,0.875,SAFE-ALPHA,0,0.0714285714286,0.0625,1,796
0.5,0,314403,archived_314159_anchor,0.875,Matched terminal weighted e-BH,0,0.0714285714286,0.0625,1,1214
0.5,0,314404,archived_314159_anchor,0.8125,SAFE-ALPHA,0,0,0,0,
0.5,0,314404,archived_314159_anchor,0.8125,Matched terminal weighted e-BH,0,0,0,0,
0.5,0,314405,archived_314159_anchor,0.875,SAFE-ALPHA,0,0,0,0,
0.5,0,314405,archived_314159_anchor,0.875,Matched terminal weighted e-BH,0,0,0,0,
0.5,0,314406,archived_314159_anchor,0.875,SAFE-ALPHA,0,0.0714285714286,0.0625,1,471
0.5,0,314406,archived_314159_anchor,0.875,Matched terminal weighted e-BH,0,0,0,0,
0.5,0,314407,archived_314159_anchor,0.9375,SAFE-ALPHA,0,0,0,0,
0.5,0,314407,archived_314159_anchor,0.9375,Matched terminal weighted e-BH,0,0,0,0,
0.5,0,314408,archived_314159_anchor,0.875,SAFE-ALPHA,0,0,0,0,
0.5,0,314408,archived_314159_anchor,0.875,Matched terminal weighted e-BH,0,0,0,0,
0.75,0,20260730,inserted_20260730_block,0.9375,SAFE-ALPHA,0,0.133333333333,0.125,2,641
0.75,0,20260730,inserted_20260730_block,0.9375,Matched terminal weighted e-BH,0,0.0666666666667,0.0625,1,1244
0.75,0,20260731,inserted_20260730_block,0.9375,SAFE-ALPHA,0,0.0666666666667,0.0625,1,116
0.75,0,20260731,inserted_20260730_block,0.9375,Matched terminal weighted e-BH,0,0,0,0,
0.75,0,20260732,inserted_20260730_block,0.8125,SAFE-ALPHA,0,0,0,0,
0.75,0,20260732,inserted_20260730_block,0.8125,Matched terminal weighted e-BH,0,0,0,0,
0.75,0,20260733,inserted_20260730_block,0.9375,SAFE-ALPHA,0,0.2,0.1875,3,839.333333333
0.75,0,20260733,inserted_20260730_block,0.9375,Matched terminal weighted e-BH,0,0,0,0,
0.75,0,20260734,inserted_20260730_block,1,SAFE-ALPHA,0,0.0625,0.0625,1,956
0.75,0,20260734,inserted_20260730_block,1,Matched terminal weighted e-BH,0,0,0,0,
0.75,0,20260735,inserted_20260730_block,0.9375,SAFE-ALPHA,0,0,0,0,
0.75,0,20260735,inserted_20260730_block,0.9375,Matched terminal weighted e-BH,0,0,0,0,
0.75,0,20260736,inserted_20260730_block,1,SAFE-ALPHA,0,0.0625,0.0625,1,536
0.75,0,20260736,inserted_20260730_block,1,Matched terminal weighted e-BH,0,0,0,0,
0.75,0,20260737,inserted_20260730_block,0.8125,SAFE-ALPHA,0,0,0,0,
0.75,0,20260737,inserted_20260730_block,0.8125,Matched terminal weighted e-BH,0,0,0,0,
0.75,0,20260738,inserted_20260730_block,0.9375,SAFE-ALPHA,0,0,0,0,
0.75,0,20260738,inserted_20260730_block,0.9375,Matched terminal weighted e-BH,0,0,0,0,
0.75,0,20260739,inserted_20260730_block,0.875,SAFE-ALPHA,0,0,0,0,
0.75,0,20260739,inserted_20260730_block,0.875,Matched terminal weighted e-BH,0,0,0,0,
0.75,0,20260740,inserted_20260730_block,0.8125,SAFE-ALPHA,0,0,0,0,
0.75,0,20260740,inserted_20260730_block,0.8125,Matched terminal weighted e-BH,0,0,0,0,
0.75,0,20260741,inserted_20260730_block,0.875,SAFE-ALPHA,0,0.142857142857,0.125,2,1066
0.75,0,20260741,inserted_20260730_block,0.875,Matched terminal weighted e-BH,0,0.0714285714286,0.0625,1,1244
0.75,0,20260742,inserted_20260730_block,0.9375,SAFE-ALPHA,0,0.133333333333,0.125,2,396
0.75,0,20260742,inserted_20260730_block,0.9375,Matched terminal weighted e-BH,0,0.133333333333,0.125,2,1206.5
0.75,0,20260743,inserted_20260730_block,0.9375,SAFE-ALPHA,0,0.0666666666667,0.0625,1,1081
0.75,0,20260743,inserted_20260730_block,0.9375,Matched terminal weighted e-BH,0,0,0,0,
0.75,0,20260744,inserted_20260730_block,0.875,SAFE-ALPHA,0,0,0,0,
0.75,0,20260744,inserted_20260730_block,0.875,Matched terminal weighted e-BH,0,0,0,0,
0.75,0,20260745,inserted_20260730_block,1,SAFE-ALPHA,0,0.125,0.125,2,456
0.75,0,20260745,inserted_20260730_block,1,Matched terminal weighted e-BH,0,0,0,0,
0.75,0,20260746,inserted_20260730_block,0.9375,SAFE-ALPHA,0,0,0,0,
0.75,0,20260746,inserted_20260730_block,0.9375,Matched terminal weighted e-BH,0,0,0,0,
0.75,0,20260747,inserted_20260730_block,1,SAFE-ALPHA,0,0.0625,0.0625,1,1101
0.75,0,20260747,inserted_20260730_block,1,Matched terminal weighted e-BH,0,0,0,0,
0.75,0,20260748,inserted_20260730_block,1,SAFE-ALPHA,0,0.0625,0.0625,1,536
0.75,0,20260748,inserted_20260730_block,1,Matched terminal weighted e-BH,0,0,0,0,
0.75,0,20260749,inserted_20260730_block,0.9375,SAFE-ALPHA,0,0.0666666666667,0.0625,1,701
0.75,0,20260749,inserted_20260730_block,0.9375,Matched terminal weighted e-BH,0,0.0666666666667,0.0625,1,1214
0.75,0,20260750,inserted_20260730_block,0.8125,SAFE-ALPHA,0,0,0,0,
0.75,0,20260750,inserted_20260730_block,0.8125,Matched terminal weighted e-BH,0,0,0,0,
0.75,0,20260751,inserted_20260730_block,0.875,SAFE-ALPHA,0,0,0,0,
0.75,0,20260751,inserted_20260730_block,0.875,Matched terminal weighted e-BH,0,0,0,0,
0.75,0,20260752,inserted_20260730_block,0.9375,SAFE-ALPHA,0,0,0,0,
0.75,0,20260752,inserted_20260730_block,0.9375,Matched terminal weighted e-BH,0,0,0,0,
0.75,0,20260753,inserted_20260730_block,0.875,SAFE-ALPHA,0,0,0,0,
0.75,0,20260753,inserted_20260730_block,0.875,Matched terminal weighted e-BH,0,0,0,0,
0.75,0,20260754,inserted_20260730_block,0.9375,SAFE-ALPHA,0,0.0666666666667,0.0625,1,801
0.75,0,20260754,inserted_20260730_block,0.9375,Matched terminal weighted e-BH,0,0.0666666666667,0.0625,1,1199
0.75,0,20260755,inserted_20260730_block,0.8125,SAFE-ALPHA,0,0,0,0,
0.75,0,20260755,inserted_20260730_block,0.8125,Matched terminal weighted e-BH,0,0,0,0,
0.75,0,20260756,inserted_20260730_block,0.875,SAFE-ALPHA,0,0.0714285714286,0.0625,1,1046
0.75,0,20260756,inserted_20260730_block,0.875,Matched terminal weighted e-BH,0,0.0714285714286,0.0625,1,1154
0.75,0,20260757,inserted_20260730_block,0.9375,SAFE-ALPHA,0,0.0666666666667,0.0625,1,1081
0.75,0,20260757,inserted_20260730_block,0.9375,Matched terminal weighted e-BH,0,0.0666666666667,0.0625,1,1259
0.75,0,20260758,inserted_20260730_block,0.9375,SAFE-ALPHA,0,0,0,0,
0.75,0,20260758,inserted_20260730_block,0.9375,Matched terminal weighted e-BH,0,0,0,0,
0.75,0,20260759,inserted_20260730_block,0.875,SAFE-ALPHA,0,0,0,0,
0.75,0,20260759,inserted_20260730_block,0.875,Matched terminal weighted e-BH,0,0,0,0,
0.75,0,20260760,inserted_20260730_block,1,SAFE-ALPHA,0,0,0,0,
0.75,0,20260760,inserted_20260730_block,1,Matched terminal weighted e-BH,0,0,0,0,
0.75,0,20260761,inserted_20260730_block,0.9375,SAFE-ALPHA,0,0,0,0,
0.75,0,20260761,inserted_20260730_block,0.9375,Matched terminal weighted e-BH,0,0,0,0,
0.75,0,20260762,inserted_20260730_block,0.875,SAFE-ALPHA,0,0.0714285714286,0.0625,1,1046
0.75,0,20260762,inserted_20260730_block,0.875,Matched terminal weighted e-BH,0,0.0714285714286,0.0625,1,1139
0.75,0,20260763,inserted_20260730_block,0.8125,SAFE-ALPHA,0,0.0769230769231,0.0625,1,1139
0.75,0,20260763,inserted_20260730_block,0.8125,Matched terminal weighted e-BH,0,0.0769230769231,0.0625,1,1139
0.75,0,20260764,inserted_20260730_block,0.875,SAFE-ALPHA,0,0,0,0,
0.75,0,20260764,inserted_20260730_block,0.875,Matched terminal weighted e-BH,0,0,0,0,
0.75,0,20260765,inserted_20260730_block,1,SAFE-ALPHA,0,0.125,0.125,2,703.5
0.75,0,20260765,inserted_20260730_block,1,Matched terminal weighted e-BH,0,0.125,0.125,2,1236.5
0.75,0,20260766,inserted_20260730_block,0.875,SAFE-ALPHA,0,0.142857142857,0.125,2,913.5
0.75,0,20260766,inserted_20260730_block,0.875,Matched terminal weighted e-BH,0,0,0,0,
0.75,0,20260767,inserted_20260730_block,1,SAFE-ALPHA,0,0,0,0,
0.75,0,20260767,inserted_20260730_block,1,Matched terminal weighted e-BH,0,0,0,0,
0.75,0,20260768,inserted_20260730_block,1,SAFE-ALPHA,0,0,0,0,
0.75,0,20260768,inserted_20260730_block,1,Matched terminal weighted e-BH,0,0,0,0,
0.75,0,20260769,inserted_20260730_block,0.875,SAFE-ALPHA,0,0.0714285714286,0.0625,1,316
0.75,0,20260769,inserted_20260730_block,0.875,Matched terminal weighted e-BH,0,0,0,0,
0.75,0,20260770,inserted_20260730_block,0.875,SAFE-ALPHA,0,0.214285714286,0.1875,3,572.666666667
0.75,0,20260770,inserted_20260730_block,0.875,Matched terminal weighted e-BH,0,0,0,0,
0.75,0,20260771,inserted_20260730_block,1,SAFE-ALPHA,0,0.125,0.125,2,666
0.75,0,20260771,inserted_20260730_block,1,Matched terminal weighted e-BH,0,0.0625,0.0625,1,1199
0.75,0,20260772,inserted_20260730_block,0.9375,SAFE-ALPHA,0,0.2,0.1875,3,651
0.75,0,20260772,inserted_20260730_block,0.9375,Matched terminal weighted e-BH,0,0.0666666666667,0.0625,1,1244
0.75,0,20260773,inserted_20260730_block,0.8125,SAFE-ALPHA,0,0.0769230769231,0.0625,1,501
0.75,0,20260773,inserted_20260730_block,0.8125,Matched terminal weighted e-BH,0,0,0,0,
0.75,0,20260774,inserted_20260730_block,0.8125,SAFE-ALPHA,0,0,0,0,
0.75,0,20260774,inserted_20260730_block,0.8125,Matched terminal weighted e-BH,0,0,0,0,
0.75,0,20260775,inserted_20260730_block,0.9375,SAFE-ALPHA,0,0.0666666666667,0.0625,1,881
0.75,0,20260775,inserted_20260730_block,0.9375,Matched terminal weighted e-BH,0,0.0666666666667,0.0625,1,1244
0.75,0,20260776,inserted_20260730_block,0.875,SAFE-ALPHA,0,0,0,0,
0.75,0,20260776,inserted_20260730_block,0.875,Matched terminal weighted e-BH,0,0,0,0,
0.75,0,20260777,inserted_20260730_block,0.9375,SAFE-ALPHA,0,0,0,0,
0.75,0,20260777,inserted_20260730_block,0.9375,Matched terminal weighted e-BH,0,0,0,0,
0.75,0,20260778,inserted_20260730_block,1,SAFE-ALPHA,0,0,0,0,
0.75,0,20260778,inserted_20260730_block,1,Matched terminal weighted e-BH,0,0,0,0,
0.75,0,20260779,inserted_20260730_block,0.875,SAFE-ALPHA,0,0,0,0,
0.75,0,20260779,inserted_20260730_block,0.875,Matched terminal weighted e-BH,0,0,0,0,
0.75,0,20260780,inserted_20260730_block,0.8125,SAFE-ALPHA,0,0,0,0,
0.75,0,20260780,inserted_20260730_block,0.8125,Matched terminal weighted e-BH,0,0,0,0,
0.75,0,20260781,inserted_20260730_block,0.75,SAFE-ALPHA,0,0,0,0,
0.75,0,20260781,inserted_20260730_block,0.75,Matched terminal weighted e-BH,0,0,0,0,
0.75,0,20260782,inserted_20260730_block,1,SAFE-ALPHA,0,0.0625,0.0625,1,531
0.75,0,20260782,inserted_20260730_block,1,Matched terminal weighted e-BH,0,0.0625,0.0625,1,1259
0.75,0,20260783,inserted_20260730_block,0.875,SAFE-ALPHA,0,0,0,0,
0.75,0,20260783,inserted_20260730_block,0.875,Matched terminal weighted e-BH,0,0,0,0,
0.75,0,20260784,inserted_20260730_block,0.9375,SAFE-ALPHA,0,0.0666666666667,0.0625,1,1221
0.75,0,20260784,inserted_20260730_block,0.9375,Matched terminal weighted e-BH,0,0.0666666666667,0.0625,1,1244
0.75,0,20260785,inserted_20260730_block,0.75,SAFE-ALPHA,0,0,0,0,
0.75,0,20260785,inserted_20260730_block,0.75,Matched terminal weighted e-BH,0,0,0,0,
0.75,0,20260786,inserted_20260730_block,0.75,SAFE-ALPHA,0,0.0833333333333,0.0625,1,1026
0.75,0,20260786,inserted_20260730_block,0.75,Matched terminal weighted e-BH,0,0,0,0,
0.75,0,20260787,inserted_20260730_block,0.875,SAFE-ALPHA,0,0.0714285714286,0.0625,1,951
0.75,0,20260787,inserted_20260730_block,0.875,Matched terminal weighted e-BH,0,0.0714285714286,0.0625,1,1244
0.75,0,20260788,inserted_20260730_block,1,SAFE-ALPHA,0.5,0.0625,0.0625,2,426
0.75,0,20260788,inserted_20260730_block,1,Matched terminal weighted e-BH,0,0.0625,0.0625,1,1229
0.75,0,20260789,inserted_20260730_block,0.9375,SAFE-ALPHA,0,0.0666666666667,0.0625,1,1116
0.75,0,20260789,inserted_20260730_block,0.9375,Matched terminal weighted e-BH,0,0,0,0,
0.75,0,20260790,inserted_20260730_block,1,SAFE-ALPHA,0,0,0,0,
0.75,0,20260790,inserted_20260730_block,1,Matched terminal weighted e-BH,0,0,0,0,
0.75,0,20260791,inserted_20260730_block,0.8125,SAFE-ALPHA,0,0.0769230769231,0.0625,1,1229
0.75,0,20260791,inserted_20260730_block,0.8125,Matched terminal weighted e-BH,0,0.0769230769231,0.0625,1,1229
0.75,0,20260792,inserted_20260730_block,1,SAFE-ALPHA,0,0,0,0,
0.75,0,20260792,inserted_20260730_block,1,Matched terminal weighted e-BH,0,0,0,0,
0.75,0,20260793,inserted_20260730_block,0.875,SAFE-ALPHA,0,0.142857142857,0.125,2,563.5
0.75,0,20260793,inserted_20260730_block,0.875,Matched terminal weighted e-BH,0,0,0,0,
0.75,0,20260794,inserted_20260730_block,1,SAFE-ALPHA,0,0,0,0,
0.75,0,20260794,inserted_20260730_block,1,Matched terminal weighted e-BH,0,0,0,0,
0.75,0,20260795,inserted_20260730_block,1,SAFE-ALPHA,0,0.0625,0.0625,1,181
0.75,0,20260795,inserted_20260730_block,1,Matched terminal weighted e-BH,0,0.0625,0.0625,1,1259
0.75,0,20260796,inserted_20260730_block,0.875,SAFE-ALPHA,0,0,0,0,
0.75,0,20260796,inserted_20260730_block,0.875,Matched terminal weighted e-BH,0,0,0,0,
0.75,0,20260797,inserted_20260730_block,0.875,SAFE-ALPHA,0,0.0714285714286,0.0625,1,921
0.75,0,20260797,inserted_20260730_block,0.875,Matched terminal weighted e-BH,0,0.0714285714286,0.0625,1,1214
0.75,0,20260798,inserted_20260730_block,0.875,SAFE-ALPHA,0,0.0714285714286,0.0625,1,1021
0.75,0,20260798,inserted_20260730_block,0.875,Matched terminal weighted e-BH,0,0.0714285714286,0.0625,1,1244
0.75,0,20260799,inserted_20260730_block,0.75,SAFE-ALPHA,0,0,0,0,
0.75,0,20260799,inserted_20260730_block,0.75,Matched terminal weighted e-BH,0,0,0,0,
0.75,0,20260800,inserted_20260730_block,0.875,SAFE-ALPHA,0,0,0,0,
0.75,0,20260800,inserted_20260730_block,0.875,Matched terminal weighted e-BH,0,0,0,0,
0.75,0,20260801,inserted_20260730_block,0.875,SAFE-ALPHA,0,0.0714285714286,0.0625,1,461
0.75,0,20260801,inserted_20260730_block,0.875,Matched terminal weighted e-BH,0,0.0714285714286,0.0625,1,1199
0.75,0,20260802,inserted_20260730_block,0.9375,SAFE-ALPHA,0,0,0,0,
0.75,0,20260802,inserted_20260730_block,0.9375,Matched terminal weighted e-BH,0,0,0,0,
0.75,0,20260803,inserted_20260730_block,0.9375,SAFE-ALPHA,0,0.0666666666667,0.0625,1,1031
0.75,0,20260803,inserted_20260730_block,0.9375,Matched terminal weighted e-BH,0,0.0666666666667,0.0625,1,1229
0.75,0,20260804,inserted_20260730_block,1,SAFE-ALPHA,0,0,0,0,
0.75,0,20260804,inserted_20260730_block,1,Matched terminal weighted e-BH,0,0,0,0,
0.75,0,20260805,inserted_20260730_block,0.8125,SAFE-ALPHA,0,0.153846153846,0.125,2,561
0.75,0,20260805,inserted_20260730_block,0.8125,Matched terminal weighted e-BH,0,0.0769230769231,0.0625,1,1259
0.75,0,20260806,inserted_20260730_block,0.9375,SAFE-ALPHA,0,0,0,0,
0.75,0,20260806,inserted_20260730_block,0.9375,Matched terminal weighted e-BH,0,0,0,0,
0.75,0,20260807,inserted_20260730_block,0.9375,SAFE-ALPHA,0,0.0666666666667,0.0625,1,571
0.75,0,20260807,inserted_20260730_block,0.9375,Matched terminal weighted e-BH,0,0.0666666666667,0.0625,1,1214
0.75,0,20260808,inserted_20260730_block,0.9375,SAFE-ALPHA,1,0,0,1,
0.75,0,20260808,inserted_20260730_block,0.9375,Matched terminal weighted e-BH,0,0,0,0,
0.75,0,20260809,inserted_20260730_block,0.9375,SAFE-ALPHA,0,0.133333333333,0.125,2,746
0.75,0,20260809,inserted_20260730_block,0.9375,Matched terminal weighted e-BH,0,0,0,0,
0.75,0,20260810,inserted_20260730_block,0.9375,SAFE-ALPHA,0,0.0666666666667,0.0625,1,491
0.75,0,20260810,inserted_20260730_block,0.9375,Matched terminal weighted e-BH,0,0,0,0,
0.75,0,20260811,inserted_20260730_block,0.875,SAFE-ALPHA,0,0,0,0,
0.75,0,20260811,inserted_20260730_block,0.875,Matched terminal weighted e-BH,0,0,0,0,
0.75,0,20260812,inserted_20260730_block,0.9375,SAFE-ALPHA,0,0.133333333333,0.125,2,428.5
0.75,0,20260812,inserted_20260730_block,0.9375,Matched terminal weighted e-BH,0,0,0,0,
0.75,0,20260813,inserted_20260730_block,0.9375,SAFE-ALPHA,0,0,0,0,
0.75,0,20260813,inserted_20260730_block,0.9375,Matched terminal weighted e-BH,0,0,0,0,
0.75,0,20260814,inserted_20260730_block,0.9375,SAFE-ALPHA,0,0.133333333333,0.125,2,941
0.75,0,20260814,inserted_20260730_block,0.9375,Matched terminal weighted e-BH,0,0,0,0,
0.75,0,20260815,inserted_20260730_block,0.875,SAFE-ALPHA,0,0.0714285714286,0.0625,1,431
0.75,0,20260815,inserted_20260730_block,0.875,Matched terminal weighted e-BH,0,0,0,0,
0.75,0,20260816,inserted_20260730_block,0.9375,SAFE-ALPHA,0,0,0,0,
0.75,0,20260816,inserted_20260730_block,0.9375,Matched terminal weighted e-BH,0,0,0,0,
0.75,0,20260817,inserted_20260730_block,1,SAFE-ALPHA,0,0.0625,0.0625,1,831
0.75,0,20260817,inserted_20260730_block,1,Matched terminal weighted e-BH,0,0,0,0,
0.75,0,20260818,inserted_20260730_block,0.8125,SAFE-ALPHA,0,0.230769230769,0.1875,3,907.666666667
0.75,0,20260818,inserted_20260730_block,0.8125,Matched terminal weighted e-BH,0,0,0,0,
0.75,0,20260819,inserted_20260730_block,0.9375,SAFE-ALPHA,0,0.2,0.1875,3,614.333333333
0.75,0,20260819,inserted_20260730_block,0.9375,Matched terminal weighted e-BH,0,0.133333333333,0.125,2,1101.5
0.75,0,20260820,inserted_20260730_block,1,SAFE-ALPHA,0,0.125,0.125,2,476
0.75,0,20260820,inserted_20260730_block,1,Matched terminal weighted e-BH,0,0,0,0,
0.75,0,20260821,inserted_20260730_block,1,SAFE-ALPHA,0,0.0625,0.0625,1,786
0.75,0,20260821,inserted_20260730_block,1,Matched terminal weighted e-BH,0,0,0,0,
0.75,0,20260822,inserted_20260730_block,0.9375,SAFE-ALPHA,0,0.2,0.1875,3,741
0.75,0,20260822,inserted_20260730_block,0.9375,Matched terminal weighted e-BH,0,0.2,0.1875,3,1139
0.75,0,20260823,inserted_20260730_block,0.9375,SAFE-ALPHA,0,0.0666666666667,0.0625,1,661
0.75,0,20260823,inserted_20260730_block,0.9375,Matched terminal weighted e-BH,0,0.0666666666667,0.0625,1,1214
0.75,0,20260824,inserted_20260730_block,0.9375,SAFE-ALPHA,0,0,0,0,
0.75,0,20260824,inserted_20260730_block,0.9375,Matched terminal weighted e-BH,0,0,0,0,
0.75,0,20260825,inserted_20260730_block,0.875,SAFE-ALPHA,0,0,0,0,
0.75,0,20260825,inserted_20260730_block,0.875,Matched terminal weighted e-BH,0,0,0,0,
0.75,0,20260826,inserted_20260730_block,0.9375,SAFE-ALPHA,0,0,0,0,
0.75,0,20260826,inserted_20260730_block,0.9375,Matched terminal weighted e-BH,0,0,0,0,
0.75,0,20260827,inserted_20260730_block,0.875,SAFE-ALPHA,0,0,0,0,
0.75,0,20260827,inserted_20260730_block,0.875,Matched terminal weighted e-BH,0,0,0,0,
0.75,0,20260828,inserted_20260730_block,0.9375,SAFE-ALPHA,0,0,0,0,
0.75,0,20260828,inserted_20260730_block,0.9375,Matched terminal weighted e-BH,0,0,0,0,
0.75,0,20260829,inserted_20260730_block,0.875,SAFE-ALPHA,0,0.0714285714286,0.0625,1,596
0.75,0,20260829,inserted_20260730_block,0.875,Matched terminal weighted e-BH,0,0.0714285714286,0.0625,1,1259
0.75,0,20260830,inserted_20260730_block,1,SAFE-ALPHA,0,0.1875,0.1875,3,511
0.75,0,20260830,inserted_20260730_block,1,Matched terminal weighted e-BH,0,0.1875,0.1875,3,1244
0.75,0,20260831,inserted_20260730_block,0.9375,SAFE-ALPHA,0,0.0666666666667,0.0625,1,576
0.75,0,20260831,inserted_20260730_block,0.9375,Matched terminal weighted e-BH,0,0,0,0,
0.75,0,20260832,inserted_20260730_block,0.875,SAFE-ALPHA,0,0,0,0,
0.75,0,20260832,inserted_20260730_block,0.875,Matched terminal weighted e-BH,0,0,0,0,
0.75,0,20260833,inserted_20260730_block,0.8125,SAFE-ALPHA,0,0.0769230769231,0.0625,1,396
0.75,0,20260833,inserted_20260730_block,0.8125,Matched terminal weighted e-BH,0,0,0,0,
0.75,0,20260834,inserted_20260730_block,0.9375,SAFE-ALPHA,0,0.0666666666667,0.0625,1,1026
0.75,0,20260834,inserted_20260730_block,0.9375,Matched terminal weighted e-BH,0,0.0666666666667,0.0625,1,1214
0.75,0,20260835,inserted_20260730_block,0.8125,SAFE-ALPHA,0,0,0,0,
0.75,0,20260835,inserted_20260730_block,0.8125,Matched terminal weighted e-BH,0,0,0,0,
0.75,0,20260836,inserted_20260730_block,1,SAFE-ALPHA,0,0,0,0,
0.75,0,20260836,inserted_20260730_block,1,Matched terminal weighted e-BH,0,0,0,0,
0.75,0,20260837,inserted_20260730_block,0.75,SAFE-ALPHA,0,0,0,0,
0.75,0,20260837,inserted_20260730_block,0.75,Matched terminal weighted e-BH,0,0,0,0,
0.75,0,20260838,inserted_20260730_block,0.9375,SAFE-ALPHA,0,0,0,0,
0.75,0,20260838,inserted_20260730_block,0.9375,Matched terminal weighted e-BH,0,0,0,0,
0.75,0,20260839,inserted_20260730_block,0.9375,SAFE-ALPHA,0,0.133333333333,0.125,2,446
0.75,0,20260839,inserted_20260730_block,0.9375,Matched terminal weighted e-BH,0,0,0,0,
0.75,0,20260840,inserted_20260730_block,0.9375,SAFE-ALPHA,0,0.0666666666667,0.0625,1,406
0.75,0,20260840,inserted_20260730_block,0.9375,Matched terminal weighted e-BH,0,0,0,0,
0.75,0,20260841,inserted_20260730_block,0.875,SAFE-ALPHA,0,0.142857142857,0.125,2,918.5
0.75,0,20260841,inserted_20260730_block,0.875,Matched terminal weighted e-BH,0,0,0,0,
0.75,0,20260842,inserted_20260730_block,1,SAFE-ALPHA,0,0.0625,0.0625,1,396
0.75,0,20260842,inserted_20260730_block,1,Matched terminal weighted e-BH,0,0.0625,0.0625,1,1259
0.75,0,20260843,inserted_20260730_block,1,SAFE-ALPHA,0,0.125,0.125,2,713.5
0.75,0,20260843,inserted_20260730_block,1,Matched terminal weighted e-BH,0,0.0625,0.0625,1,1199
0.75,0,20260844,inserted_20260730_block,0.8125,SAFE-ALPHA,0,0,0,0,
0.75,0,20260844,inserted_20260730_block,0.8125,Matched terminal weighted e-BH,0,0,0,0,
0.75,0,20260845,inserted_20260730_block,0.9375,SAFE-ALPHA,0,0.0666666666667,0.0625,1,836
0.75,0,20260845,inserted_20260730_block,0.9375,Matched terminal weighted e-BH,0,0.0666666666667,0.0625,1,1154
0.75,0,20260846,inserted_20260730_block,1,SAFE-ALPHA,0,0,0,0,
0.75,0,20260846,inserted_20260730_block,1,Matched terminal weighted e-BH,0,0,0,0,
0.75,0,20260847,inserted_20260730_block,1,SAFE-ALPHA,0,0,0,0,
0.75,0,20260847,inserted_20260730_block,1,Matched terminal weighted e-BH,0,0,0,0,
0.75,0,20260848,inserted_20260730_block,0.875,SAFE-ALPHA,0,0,0,0,
0.75,0,20260848,inserted_20260730_block,0.875,Matched terminal weighted e-BH,0,0,0,0,
0.75,0,20260849,inserted_20260730_block,1,SAFE-ALPHA,0,0.1875,0.1875,3,776
0.75,0,20260849,inserted_20260730_block,1,Matched terminal weighted e-BH,0,0.0625,0.0625,1,1244
0.75,0,20260850,inserted_20260730_block,0.9375,SAFE-ALPHA,0,0,0,0,
0.75,0,20260850,inserted_20260730_block,0.9375,Matched terminal weighted e-BH,0,0,0,0,
0.75,0,20260851,inserted_20260730_block,0.875,SAFE-ALPHA,0,0,0,0,
0.75,0,20260851,inserted_20260730_block,0.875,Matched terminal weighted e-BH,0,0,0,0,
0.75,0,20260852,inserted_20260730_block,0.9375,SAFE-ALPHA,0,0,0,0,
0.75,0,20260852,inserted_20260730_block,0.9375,Matched terminal weighted e-BH,0,0,0,0,
0.75,0,20260853,inserted_20260730_block,1,SAFE-ALPHA,0,0,0,0,
0.75,0,20260853,inserted_20260730_block,1,Matched terminal weighted e-BH,0,0,0,0,
0.75,0,20260854,inserted_20260730_block,0.875,SAFE-ALPHA,0,0.214285714286,0.1875,3,571
0.75,0,20260854,inserted_20260730_block,0.875,Matched terminal weighted e-BH,0,0.0714285714286,0.0625,1,1229
0.75,0,20260855,inserted_20260730_block,1,SAFE-ALPHA,0,0.1875,0.1875,3,762.666666667
0.75,0,20260855,inserted_20260730_block,1,Matched terminal weighted e-BH,0,0,0,0,
0.75,0,20260856,inserted_20260730_block,0.875,SAFE-ALPHA,0,0,0,0,
0.75,0,20260856,inserted_20260730_block,0.875,Matched terminal weighted e-BH,0,0,0,0,
0.75,0,20260857,inserted_20260730_block,1,SAFE-ALPHA,0,0.0625,0.0625,1,481
0.75,0,20260857,inserted_20260730_block,1,Matched terminal weighted e-BH,0,0,0,0,
0.75,0,20260858,inserted_20260730_block,1,SAFE-ALPHA,0,0,0,0,
0.75,0,20260858,inserted_20260730_block,1,Matched terminal weighted e-BH,0,0,0,0,
0.75,0,20260859,inserted_20260730_block,1,SAFE-ALPHA,0,0.1875,0.1875,3,1069.33333333
0.75,0,20260859,inserted_20260730_block,1,Matched terminal weighted e-BH,0,0,0,0,
0.75,0,20260860,inserted_20260730_block,1,SAFE-ALPHA,0,0,0,0,
0.75,0,20260860,inserted_20260730_block,1,Matched terminal weighted e-BH,0,0,0,0,
0.75,0,20260861,inserted_20260730_block,0.9375,SAFE-ALPHA,0,0,0,0,
0.75,0,20260861,inserted_20260730_block,0.9375,Matched terminal weighted e-BH,0,0,0,0,
0.75,0,20260862,inserted_20260730_block,1,SAFE-ALPHA,0,0.0625,0.0625,1,896
0.75,0,20260862,inserted_20260730_block,1,Matched terminal weighted e-BH,0,0.0625,0.0625,1,1229
0.75,0,20260863,inserted_20260730_block,0.875,SAFE-ALPHA,0,0.142857142857,0.125,2,1001
0.75,0,20260863,inserted_20260730_block,0.875,Matched terminal weighted e-BH,0,0,0,0,
0.75,0,20260864,inserted_20260730_block,0.9375,SAFE-ALPHA,0,0.0666666666667,0.0625,1,941
0.75,0,20260864,inserted_20260730_block,0.9375,Matched terminal weighted e-BH,0,0,0,0,
0.75,0,20260865,inserted_20260730_block,1,SAFE-ALPHA,0,0,0,0,
0.75,0,20260865,inserted_20260730_block,1,Matched terminal weighted e-BH,0,0,0,0,
0.75,0,20260866,inserted_20260730_block,0.875,SAFE-ALPHA,0,0,0,0,
0.75,0,20260866,inserted_20260730_block,0.875,Matched terminal weighted e-BH,0,0,0,0,
0.75,0,20260867,inserted_20260730_block,1,SAFE-ALPHA,0,0.0625,0.0625,1,126
0.75,0,20260867,inserted_20260730_block,1,Matched terminal weighted e-BH,0,0,0,0,
0.75,0,20260868,inserted_20260730_block,0.9375,SAFE-ALPHA,0,0.0666666666667,0.0625,1,1106
0.75,0,20260868,inserted_20260730_block,0.9375,Matched terminal weighted e-BH,0,0.0666666666667,0.0625,1,1199
0.75,0,20260869,inserted_20260730_block,0.9375,SAFE-ALPHA,0,0,0,0,
0.75,0,20260869,inserted_20260730_block,0.9375,Matched terminal weighted e-BH,0,0,0,0,
0.75,0,20260870,inserted_20260730_block,0.9375,SAFE-ALPHA,0,0,0,0,
0.75,0,20260870,inserted_20260730_block,0.9375,Matched terminal weighted e-BH,0,0,0,0,
0.75,0,20260871,inserted_20260730_block,0.9375,SAFE-ALPHA,0,0,0,0,
0.75,0,20260871,inserted_20260730_block,0.9375,Matched terminal weighted e-BH,0,0,0,0,
0.75,0,20260872,inserted_20260730_block,0.875,SAFE-ALPHA,0,0,0,0,
0.75,0,20260872,inserted_20260730_block,0.875,Matched terminal weighted e-BH,0,0,0,0,
0.75,0,20260873,inserted_20260730_block,0.9375,SAFE-ALPHA,0,0.2,0.1875,3,674.333333333
0.75,0,20260873,inserted_20260730_block,0.9375,Matched terminal weighted e-BH,0,0,0,0,
0.75,0,20260874,inserted_20260730_block,1,SAFE-ALPHA,0,0.125,0.125,2,685
0.75,0,20260874,inserted_20260730_block,1,Matched terminal weighted e-BH,0,0,0,0,
0.75,0,20260875,inserted_20260730_block,0.9375,SAFE-ALPHA,0,0,0,0,
0.75,0,20260875,inserted_20260730_block,0.9375,Matched terminal weighted e-BH,0,0,0,0,
0.75,0,20260876,inserted_20260730_block,0.9375,SAFE-ALPHA,0,0.133333333333,0.125,2,1066
0.75,0,20260876,inserted_20260730_block,0.9375,Matched terminal weighted e-BH,0,0.133333333333,0.125,2,1146.5
0.75,0,20260877,inserted_20260730_block,0.875,SAFE-ALPHA,0,0.214285714286,0.1875,3,669.333333333
0.75,0,20260877,inserted_20260730_block,0.875,Matched terminal weighted e-BH,0,0.142857142857,0.125,2,1199
0.75,0,20260878,inserted_20260730_block,0.875,SAFE-ALPHA,0,0.0714285714286,0.0625,1,686
0.75,0,20260878,inserted_20260730_block,0.875,Matched terminal weighted e-BH,0,0.0714285714286,0.0625,1,1199
0.75,0,20260879,inserted_20260730_block,0.9375,SAFE-ALPHA,0,0.0666666666667,0.0625,1,851
0.75,0,20260879,inserted_20260730_block,0.9375,Matched terminal weighted e-BH,0,0.0666666666667,0.0625,1,1214
0.75,0,20260880,inserted_20260730_block,1,SAFE-ALPHA,0,0.125,0.125,2,658.5
0.75,0,20260880,inserted_20260730_block,1,Matched terminal weighted e-BH,0,0.0625,0.0625,1,1214
0.75,0,20260881,inserted_20260730_block,0.9375,SAFE-ALPHA,0,0,0,0,
0.75,0,20260881,inserted_20260730_block,0.9375,Matched terminal weighted e-BH,0,0,0,0,
0.75,0,20260882,inserted_20260730_block,1,SAFE-ALPHA,0,0,0,0,
0.75,0,20260882,inserted_20260730_block,1,Matched terminal weighted e-BH,0,0,0,0,
0.75,0,20260883,inserted_20260730_block,1,SAFE-ALPHA,0,0.0625,0.0625,1,1106
0.75,0,20260883,inserted_20260730_block,1,Matched terminal weighted e-BH,0,0,0,0,
0.75,0,20260884,inserted_20260730_block,0.9375,SAFE-ALPHA,0,0,0,0,
0.75,0,20260884,inserted_20260730_block,0.9375,Matched terminal weighted e-BH,0,0,0,0,
0.75,0,20260885,inserted_20260730_block,0.9375,SAFE-ALPHA,0,0,0,0,
0.75,0,20260885,inserted_20260730_block,0.9375,Matched terminal weighted e-BH,0,0,0,0,
0.75,0,20260886,inserted_20260730_block,0.75,SAFE-ALPHA,0,0,0,0,
0.75,0,20260886,inserted_20260730_block,0.75,Matched terminal weighted e-BH,0,0,0,0,
0.75,0,20260887,inserted_20260730_block,0.875,SAFE-ALPHA,0,0,0,0,
0.75,0,20260887,inserted_20260730_block,0.875,Matched terminal weighted e-BH,0,0,0,0,
0.75,0,20260888,inserted_20260730_block,0.875,SAFE-ALPHA,0,0,0,0,
0.75,0,20260888,inserted_20260730_block,0.875,Matched terminal weighted e-BH,0,0,0,0,
0.75,0,20260889,inserted_20260730_block,0.9375,SAFE-ALPHA,0,0.0666666666667,0.0625,1,191
0.75,0,20260889,inserted_20260730_block,0.9375,Matched terminal weighted e-BH,0,0,0,0,
0.75,0,20260890,inserted_20260730_block,1,SAFE-ALPHA,0,0.0625,0.0625,1,351
0.75,0,20260890,inserted_20260730_block,1,Matched terminal weighted e-BH,0,0.0625,0.0625,1,1259
0.75,0,20260891,inserted_20260730_block,0.8125,SAFE-ALPHA,0,0.153846153846,0.125,2,283.5
0.75,0,20260891,inserted_20260730_block,0.8125,Matched terminal weighted e-BH,0,0.0769230769231,0.0625,1,1214
0.75,0,20260892,inserted_20260730_block,0.9375,SAFE-ALPHA,0,0.0666666666667,0.0625,1,696
0.75,0,20260892,inserted_20260730_block,0.9375,Matched terminal weighted e-BH,0,0.0666666666667,0.0625,1,1094
0.75,0,20260893,inserted_20260730_block,1,SAFE-ALPHA,0,0,0,0,
0.75,0,20260893,inserted_20260730_block,1,Matched terminal weighted e-BH,0,0,0,0,
0.75,0,20260894,inserted_20260730_block,0.875,SAFE-ALPHA,0,0.0714285714286,0.0625,1,246
0.75,0,20260894,inserted_20260730_block,0.875,Matched terminal weighted e-BH,0,0,0,0,
0.75,0,20260895,inserted_20260730_block,0.9375,SAFE-ALPHA,0,0,0,0,
0.75,0,20260895,inserted_20260730_block,0.9375,Matched terminal weighted e-BH,0,0,0,0,
0.75,0,20260896,inserted_20260730_block,0.875,SAFE-ALPHA,0,0,0,0,
0.75,0,20260896,inserted_20260730_block,0.875,Matched terminal weighted e-BH,0,0,0,0,
0.75,0,20260897,inserted_20260730_block,0.9375,SAFE-ALPHA,0,0,0,0,
0.75,0,20260897,inserted_20260730_block,0.9375,Matched terminal weighted e-BH,0,0,0,0,
0.75,0,20260898,inserted_20260730_block,0.875,SAFE-ALPHA,0,0,0,0,
0.75,0,20260898,inserted_20260730_block,0.875,Matched terminal weighted e-BH,0,0,0,0,
0.75,0,20260899,inserted_20260730_block,0.8125,SAFE-ALPHA,0,0,0,0,
0.75,0,20260899,inserted_20260730_block,0.8125,Matched terminal weighted e-BH,0,0,0,0,
0.75,0,20260900,inserted_20260730_block,1,SAFE-ALPHA,0,0.1875,0.1875,3,957
0.75,0,20260900,inserted_20260730_block,1,Matched terminal weighted e-BH,0,0.1875,0.1875,3,1244
0.75,0,20260901,inserted_20260730_block,0.9375,SAFE-ALPHA,0,0.0666666666667,0.0625,1,751
0.75,0,20260901,inserted_20260730_block,0.9375,Matched terminal weighted e-BH,0,0,0,0,
0.75,0,20260902,inserted_20260730_block,0.875,SAFE-ALPHA,0,0,0,0,
0.75,0,20260902,inserted_20260730_block,0.875,Matched terminal weighted e-BH,0,0,0,0,
0.75,0,20260903,inserted_20260730_block,1,SAFE-ALPHA,0,0.1875,0.1875,3,649.333333333
0.75,0,20260903,inserted_20260730_block,1,Matched terminal weighted e-BH,0,0,0,0,
0.75,0,20260904,inserted_20260730_block,0.75,SAFE-ALPHA,0,0,0,0,
0.75,0,20260904,inserted_20260730_block,0.75,Matched terminal weighted e-BH,0,0,0,0,
0.75,0,20260905,inserted_20260730_block,0.8125,SAFE-ALPHA,0,0,0,0,
0.75,0,20260905,inserted_20260730_block,0.8125,Matched terminal weighted e-BH,0,0,0,0,
0.75,0,20260906,inserted_20260730_block,1,SAFE-ALPHA,0,0,0,0,
0.75,0,20260906,inserted_20260730_block,1,Matched terminal weighted e-BH,0,0,0,0,
0.75,0,20260907,inserted_20260730_block,0.9375,SAFE-ALPHA,0,0,0,0,
0.75,0,20260907,inserted_20260730_block,0.9375,Matched terminal weighted e-BH,0,0,0,0,
0.75,0,20260908,inserted_20260730_block,0.875,SAFE-ALPHA,0,0.0714285714286,0.0625,1,526
0.75,0,20260908,inserted_20260730_block,0.875,Matched terminal weighted e-BH,0,0.0714285714286,0.0625,1,1259
0.75,0,20260909,inserted_20260730_block,0.9375,SAFE-ALPHA,0,0.0666666666667,0.0625,1,281
0.75,0,20260909,inserted_20260730_block,0.9375,Matched terminal weighted e-BH,0,0,0,0,
0.75,0,20260910,inserted_20260730_block,0.9375,SAFE-ALPHA,0,0.0666666666667,0.0625,1,621
0.75,0,20260910,inserted_20260730_block,0.9375,Matched terminal weighted e-BH,0,0.0666666666667,0.0625,1,1244
0.75,0,20260911,inserted_20260730_block,0.8125,SAFE-ALPHA,0,0,0,0,
0.75,0,20260911,inserted_20260730_block,0.8125,Matched terminal weighted e-BH,0,0,0,0,
0.75,0,20260912,inserted_20260730_block,0.8125,SAFE-ALPHA,0,0,0,0,
0.75,0,20260912,inserted_20260730_block,0.8125,Matched terminal weighted e-BH,0,0,0,0,
0.75,0,20260913,inserted_20260730_block,1,SAFE-ALPHA,0,0,0,0,
0.75,0,20260913,inserted_20260730_block,1,Matched terminal weighted e-BH,0,0,0,0,
0.75,0,20260914,inserted_20260730_block,0.875,SAFE-ALPHA,0,0,0,0,
0.75,0,20260914,inserted_20260730_block,0.875,Matched terminal weighted e-BH,0,0,0,0,
0.75,0,20260915,inserted_20260730_block,1,SAFE-ALPHA,0,0,0,0,
0.75,0,20260915,inserted_20260730_block,1,Matched terminal weighted e-BH,0,0,0,0,
0.75,0,20260916,inserted_20260730_block,0.9375,SAFE-ALPHA,0,0,0,0,
0.75,0,20260916,inserted_20260730_block,0.9375,Matched terminal weighted e-BH,0,0,0,0,
0.75,0,20260917,inserted_20260730_block,1,SAFE-ALPHA,0,0,0,0,
0.75,0,20260917,inserted_20260730_block,1,Matched terminal weighted e-BH,0,0,0,0,
0.75,0,20260918,inserted_20260730_block,0.9375,SAFE-ALPHA,0,0.0666666666667,0.0625,1,1161
0.75,0,20260918,inserted_20260730_block,0.9375,Matched terminal weighted e-BH,0,0,0,0,
0.75,0,20260919,inserted_20260730_block,1,SAFE-ALPHA,0,0,0,0,
0.75,0,20260919,inserted_20260730_block,1,Matched terminal weighted e-BH,0,0,0,0,
0.75,0,20260920,inserted_20260730_block,0.875,SAFE-ALPHA,0,0,0,0,
0.75,0,20260920,inserted_20260730_block,0.875,Matched terminal weighted e-BH,0,0,0,0,
0.75,0,20260921,inserted_20260730_block,0.875,SAFE-ALPHA,0,0,0,0,
0.75,0,20260921,inserted_20260730_block,0.875,Matched terminal weighted e-BH,0,0,0,0,
0.75,0,20260922,inserted_20260730_block,0.875,SAFE-ALPHA,0,0,0,0,
0.75,0,20260922,inserted_20260730_block,0.875,Matched terminal weighted e-BH,0,0,0,0,
0.75,0,20260923,inserted_20260730_block,0.8125,SAFE-ALPHA,0,0,0,0,
0.75,0,20260923,inserted_20260730_block,0.8125,Matched terminal weighted e-BH,0,0,0,0,
0.75,0,20260924,inserted_20260730_block,0.9375,SAFE-ALPHA,0,0,0,0,
0.75,0,20260924,inserted_20260730_block,0.9375,Matched terminal weighted e-BH,0,0,0,0,
0.75,0,20260925,inserted_20260730_block,0.875,SAFE-ALPHA,0,0.0714285714286,0.0625,1,956
0.75,0,20260925,inserted_20260730_block,0.875,Matched terminal weighted e-BH,0,0,0,0,
0.75,0,20260926,inserted_20260730_block,0.875,SAFE-ALPHA,0,0.0714285714286,0.0625,1,781
0.75,0,20260926,inserted_20260730_block,0.875,Matched terminal weighted e-BH,0,0,0,0,
0.75,0,20260927,inserted_20260730_block,0.9375,SAFE-ALPHA,0,0,0,0,
0.75,0,20260927,inserted_20260730_block,0.9375,Matched terminal weighted e-BH,0,0,0,0,
0.75,0,20260928,inserted_20260730_block,0.8125,SAFE-ALPHA,0,0.153846153846,0.125,2,678.5
0.75,0,20260928,inserted_20260730_block,0.8125,Matched terminal weighted e-BH,0,0,0,0,
0.75,0,20260929,inserted_20260730_block,0.875,SAFE-ALPHA,0,0.0714285714286,0.0625,1,1116
0.75,0,20260929,inserted_20260730_block,0.875,Matched terminal weighted e-BH,0,0.0714285714286,0.0625,1,1244
0.75,0,20260930,inserted_20260730_block,0.9375,SAFE-ALPHA,0,0,0,0,
0.75,0,20260930,inserted_20260730_block,0.9375,Matched terminal weighted e-BH,0,0,0,0,
0.75,0,20260931,inserted_20260730_block,0.9375,SAFE-ALPHA,0,0,0,0,
0.75,0,20260931,inserted_20260730_block,0.9375,Matched terminal weighted e-BH,0,0,0,0,
0.75,0,20260932,inserted_20260730_block,0.8125,SAFE-ALPHA,0,0,0,0,
0.75,0,20260932,inserted_20260730_block,0.8125,Matched terminal weighted e-BH,0,0,0,0,
0.75,0,20260933,inserted_20260730_block,0.75,SAFE-ALPHA,0,0,0,0,
0.75,0,20260933,inserted_20260730_block,0.75,Matched terminal weighted e-BH,0,0,0,0,
0.75,0,20260934,inserted_20260730_block,0.875,SAFE-ALPHA,0,0.0714285714286,0.0625,1,1106
0.75,0,20260934,inserted_20260730_block,0.875,Matched terminal weighted e-BH,0,0,0,0,
0.75,0,20260935,inserted_20260730_block,0.875,SAFE-ALPHA,0,0.142857142857,0.125,2,766
0.75,0,20260935,inserted_20260730_block,0.875,Matched terminal weighted e-BH,0,0.0714285714286,0.0625,1,1259
0.75,0,20260936,inserted_20260730_block,0.875,SAFE-ALPHA,0,0.0714285714286,0.0625,1,991
0.75,0,20260936,inserted_20260730_block,0.875,Matched terminal weighted e-BH,0,0,0,0,
0.75,0,20260937,inserted_20260730_block,1,SAFE-ALPHA,0,0.125,0.125,2,656
0.75,0,20260937,inserted_20260730_block,1,Matched terminal weighted e-BH,0,0.0625,0.0625,1,1229
0.75,0,20260938,inserted_20260730_block,0.9375,SAFE-ALPHA,0,0,0,0,
0.75,0,20260938,inserted_20260730_block,0.9375,Matched terminal weighted e-BH,0,0,0,0,
0.75,0,20260939,inserted_20260730_block,1,SAFE-ALPHA,0,0.0625,0.0625,1,391
0.75,0,20260939,inserted_20260730_block,1,Matched terminal weighted e-BH,0,0,0,0,
0.75,0,20260940,inserted_20260730_block,0.9375,SAFE-ALPHA,0,0.0666666666667,0.0625,1,946
0.75,0,20260940,inserted_20260730_block,0.9375,Matched terminal weighted e-BH,0,0,0,0,
0.75,0,20260941,inserted_20260730_block,0.9375,SAFE-ALPHA,0,0.0666666666667,0.0625,1,1161
0.75,0,20260941,inserted_20260730_block,0.9375,Matched terminal weighted e-BH,0,0,0,0,
0.75,0,20260942,inserted_20260730_block,0.75,SAFE-ALPHA,0,0.0833333333333,0.0625,1,211
0.75,0,20260942,inserted_20260730_block,0.75,Matched terminal weighted e-BH,0,0.0833333333333,0.0625,1,1259
0.75,0,20260943,inserted_20260730_block,0.8125,SAFE-ALPHA,0,0,0,0,
0.75,0,20260943,inserted_20260730_block,0.8125,Matched terminal weighted e-BH,0,0,0,0,
0.75,0,20260944,inserted_20260730_block,0.875,SAFE-ALPHA,0,0,0,0,
0.75,0,20260944,inserted_20260730_block,0.875,Matched terminal weighted e-BH,0,0,0,0,
0.75,0,20260945,inserted_20260730_block,0.9375,SAFE-ALPHA,0,0.0666666666667,0.0625,1,771
0.75,0,20260945,inserted_20260730_block,0.9375,Matched terminal weighted e-BH,0,0,0,0,
0.75,0,20260946,inserted_20260730_block,1,SAFE-ALPHA,0,0.125,0.125,2,1141
0.75,0,20260946,inserted_20260730_block,1,Matched terminal weighted e-BH,0,0.125,0.125,2,1214
0.75,0,20260947,inserted_20260730_block,0.9375,SAFE-ALPHA,0,0.133333333333,0.125,2,266
0.75,0,20260947,inserted_20260730_block,0.9375,Matched terminal weighted e-BH,0,0.0666666666667,0.0625,1,1259
0.75,0,20260948,inserted_20260730_block,0.9375,SAFE-ALPHA,0,0.0666666666667,0.0625,1,241
0.75,0,20260948,inserted_20260730_block,0.9375,Matched terminal weighted e-BH,0,0,0,0,
0.75,0,20260949,inserted_20260730_block,0.9375,SAFE-ALPHA,0,0,0,0,
0.75,0,20260949,inserted_20260730_block,0.9375,Matched terminal weighted e-BH,0,0,0,0,
0.75,0,20260950,inserted_20260730_block,0.8125,SAFE-ALPHA,0,0.153846153846,0.125,2,586
0.75,0,20260950,inserted_20260730_block,0.8125,Matched terminal weighted e-BH,0,0.0769230769231,0.0625,1,1139
0.75,0,20260951,inserted_20260730_block,1,SAFE-ALPHA,1,0,0,1,
0.75,0,20260951,inserted_20260730_block,1,Matched terminal weighted e-BH,0,0,0,0,
0.75,0,20260952,inserted_20260730_block,0.9375,SAFE-ALPHA,0,0.0666666666667,0.0625,1,946
0.75,0,20260952,inserted_20260730_block,0.9375,Matched terminal weighted e-BH,0,0,0,0,
0.75,0,20260953,inserted_20260730_block,1,SAFE-ALPHA,0,0,0,0,
0.75,0,20260953,inserted_20260730_block,1,Matched terminal weighted e-BH,0,0,0,0,
0.75,0,20260954,inserted_20260730_block,0.875,SAFE-ALPHA,0,0,0,0,
0.75,0,20260954,inserted_20260730_block,0.875,Matched terminal weighted e-BH,0,0,0,0,
0.75,0,20260955,inserted_20260730_block,0.875,SAFE-ALPHA,0.25,0.214285714286,0.1875,4,367.666666667
0.75,0,20260955,inserted_20260730_block,0.875,Matched terminal weighted e-BH,0,0,0,0,
0.75,0,20260956,inserted_20260730_block,0.9375,SAFE-ALPHA,0,0.133333333333,0.125,2,606
0.75,0,20260956,inserted_20260730_block,0.9375,Matched terminal weighted e-BH,0,0.133333333333,0.125,2,1244
0.75,0,20260957,inserted_20260730_block,0.9375,SAFE-ALPHA,0,0,0,0,
0.75,0,20260957,inserted_20260730_block,0.9375,Matched terminal weighted e-BH,0,0,0,0,
0.75,0,20260958,inserted_20260730_block,0.875,SAFE-ALPHA,0,0.214285714286,0.1875,3,394.333333333
0.75,0,20260958,inserted_20260730_block,0.875,Matched terminal weighted e-BH,0,0.0714285714286,0.0625,1,1199
0.75,0,20260959,inserted_20260730_block,0.75,SAFE-ALPHA,0,0,0,0,
0.75,0,20260959,inserted_20260730_block,0.75,Matched terminal weighted e-BH,0,0,0,0,
0.75,0,20260960,inserted_20260730_block,0.9375,SAFE-ALPHA,0,0.2,0.1875,3,484.333333333
0.75,0,20260960,inserted_20260730_block,0.9375,Matched terminal weighted e-BH,0,0.133333333333,0.125,2,1229
0.75,0,20260961,inserted_20260730_block,1,SAFE-ALPHA,0,0,0,0,
0.75,0,20260961,inserted_20260730_block,1,Matched terminal weighted e-BH,0,0,0,0,
0.75,0,20260962,inserted_20260730_block,1,SAFE-ALPHA,0,0.0625,0.0625,1,366
0.75,0,20260962,inserted_20260730_block,1,Matched terminal weighted e-BH,0,0,0,0,
0.75,0,20260963,inserted_20260730_block,1,SAFE-ALPHA,0,0,0,0,
0.75,0,20260963,inserted_20260730_block,1,Matched terminal weighted e-BH,0,0,0,0,
0.75,0,20260964,inserted_20260730_block,1,SAFE-ALPHA,0,0.1875,0.1875,3,582.666666667
0.75,0,20260964,inserted_20260730_block,1,Matched terminal weighted e-BH,0,0,0,0,
0.75,0,20260965,inserted_20260730_block,0.9375,SAFE-ALPHA,0,0.0666666666667,0.0625,1,186
0.75,0,20260965,inserted_20260730_block,0.9375,Matched terminal weighted e-BH,0,0.0666666666667,0.0625,1,1259
0.75,0,20260966,inserted_20260730_block,0.8125,SAFE-ALPHA,0,0,0,0,
0.75,0,20260966,inserted_20260730_block,0.8125,Matched terminal weighted e-BH,0,0,0,0,
0.75,0,20260967,inserted_20260730_block,0.9375,SAFE-ALPHA,0,0.0666666666667,0.0625,1,431
0.75,0,20260967,inserted_20260730_block,0.9375,Matched terminal weighted e-BH,0,0.0666666666667,0.0625,1,1229
0.75,0,20260968,inserted_20260730_block,0.9375,SAFE-ALPHA,0,0.0666666666667,0.0625,1,1031
0.75,0,20260968,inserted_20260730_block,0.9375,Matched terminal weighted e-BH,0,0.0666666666667,0.0625,1,1199
0.75,0,20260969,inserted_20260730_block,0.9375,SAFE-ALPHA,0,0.0666666666667,0.0625,1,1136
0.75,0,20260969,inserted_20260730_block,0.9375,Matched terminal weighted e-BH,0,0.0666666666667,0.0625,1,1244
0.75,0,20260970,inserted_20260730_block,1,SAFE-ALPHA,0,0,0,0,
0.75,0,20260970,inserted_20260730_block,1,Matched terminal weighted e-BH,0,0,0,0,
0.75,0,20260971,inserted_20260730_block,0.9375,SAFE-ALPHA,0,0,0,0,
0.75,0,20260971,inserted_20260730_block,0.9375,Matched terminal weighted e-BH,0,0,0,0,
0.75,0,20260972,inserted_20260730_block,1,SAFE-ALPHA,0,0,0,0,
0.75,0,20260972,inserted_20260730_block,1,Matched terminal weighted e-BH,0,0,0,0,
0.75,0,20260973,inserted_20260730_block,0.875,SAFE-ALPHA,0,0.214285714286,0.1875,3,984.333333333
0.75,0,20260973,inserted_20260730_block,0.875,Matched terminal weighted e-BH,0,0,0,0,
0.75,0,20260974,inserted_20260730_block,0.8125,SAFE-ALPHA,1,0,0,1,
0.75,0,20260974,inserted_20260730_block,0.8125,Matched terminal weighted e-BH,0,0,0,0,
0.75,0,20260975,inserted_20260730_block,1,SAFE-ALPHA,0,0.125,0.125,2,626
0.75,0,20260975,inserted_20260730_block,1,Matched terminal weighted e-BH,0,0.0625,0.0625,1,1259
0.75,0,20260976,inserted_20260730_block,1,SAFE-ALPHA,0,0,0,0,
0.75,0,20260976,inserted_20260730_block,1,Matched terminal weighted e-BH,0,0,0,0,
0.75,0,20260977,inserted_20260730_block,1,SAFE-ALPHA,0,0.0625,0.0625,1,1056
0.75,0,20260977,inserted_20260730_block,1,Matched terminal weighted e-BH,0,0,0,0,
0.75,0,20260978,inserted_20260730_block,1,SAFE-ALPHA,0,0.0625,0.0625,1,1011
0.75,0,20260978,inserted_20260730_block,1,Matched terminal weighted e-BH,0,0,0,0,
0.75,0,20260979,inserted_20260730_block,0.875,SAFE-ALPHA,0,0.142857142857,0.125,2,586
0.75,0,20260979,inserted_20260730_block,0.875,Matched terminal weighted e-BH,0,0.0714285714286,0.0625,1,1139
1,0,314409,archived_314159_anchor,0.9375,SAFE-ALPHA,0,0.133333333333,0.125,2,938.5
1,0,314409,archived_314159_anchor,0.9375,Matched terminal weighted e-BH,0,0.133333333333,0.125,2,1191.5
1,0,314410,archived_314159_anchor,0.9375,SAFE-ALPHA,0,0.2,0.1875,3,1007.66666667
1,0,314410,archived_314159_anchor,0.9375,Matched terminal weighted e-BH,0,0.2,0.1875,3,1144
1,0,314411,archived_314159_anchor,0.9375,SAFE-ALPHA,0,0.133333333333,0.125,2,903.5
1,0,314411,archived_314159_anchor,0.9375,Matched terminal weighted e-BH,0,0.133333333333,0.125,2,1221.5
1,0,314412,archived_314159_anchor,1,SAFE-ALPHA,0,0.1875,0.1875,3,734.333333333
1,0,314412,archived_314159_anchor,1,Matched terminal weighted e-BH,0,0,0,0,
1,0,314413,archived_314159_anchor,0.9375,SAFE-ALPHA,0,0.2,0.1875,3,406
1,0,314413,archived_314159_anchor,0.9375,Matched terminal weighted e-BH,0,0.2,0.1875,3,1154
1,0,314414,archived_314159_anchor,1,SAFE-ALPHA,0,0.1875,0.1875,3,542.666666667
1,0,314414,archived_314159_anchor,1,Matched terminal weighted e-BH,0,0.125,0.125,2,1184
1,0,314415,archived_314159_anchor,1,SAFE-ALPHA,0,0.1875,0.1875,3,911
1,0,314415,archived_314159_anchor,1,Matched terminal weighted e-BH,0,0.1875,0.1875,3,1179
1,0,314416,archived_314159_anchor,1,SAFE-ALPHA,0,0.0625,0.0625,1,886
1,0,314416,archived_314159_anchor,1,Matched terminal weighted e-BH,0,0.0625,0.0625,1,1259
1,0,314417,archived_314159_anchor,1,SAFE-ALPHA,0,0.1875,0.1875,3,976
1,0,314417,archived_314159_anchor,1,Matched terminal weighted e-BH,0,0.0625,0.0625,1,1139
1,0,314418,archived_314159_anchor,0.875,SAFE-ALPHA,0.333333333333,0.142857142857,0.125,3,908.5
1,0,314418,archived_314159_anchor,0.875,Matched terminal weighted e-BH,0,0,0,0,
1,0,314419,archived_314159_anchor,0.9375,SAFE-ALPHA,0,0.0666666666667,0.0625,1,1176
1,0,314419,archived_314159_anchor,0.9375,Matched terminal weighted e-BH,0,0.0666666666667,0.0625,1,1199
1,0,314420,archived_314159_anchor,1,SAFE-ALPHA,0,0,0,0,
1,0,314420,archived_314159_anchor,1,Matched terminal weighted e-BH,0,0,0,0,
1,0,314421,archived_314159_anchor,1,SAFE-ALPHA,0,0.0625,0.0625,1,546
1,0,314421,archived_314159_anchor,1,Matched terminal weighted e-BH,0,0,0,0,
1,0,314422,archived_314159_anchor,1,SAFE-ALPHA,0,0.125,0.125,2,671
1,0,314422,archived_314159_anchor,1,Matched terminal weighted e-BH,0,0,0,0,
1,0,314423,archived_314159_anchor,1,SAFE-ALPHA,0,0.25,0.25,4,955.75
1,0,314423,archived_314159_anchor,1,Matched terminal weighted e-BH,0,0,0,0,
1,0,314424,archived_314159_anchor,0.875,SAFE-ALPHA,0,0,0,0,
1,0,314424,archived_314159_anchor,0.875,Matched terminal weighted e-BH,0,0,0,0,
1,0,314425,archived_314159_anchor,0.9375,SAFE-ALPHA,0,0.0666666666667,0.0625,1,341
1,0,314425,archived_314159_anchor,0.9375,Matched terminal weighted e-BH,0,0,0,0,
1,0,314426,archived_314159_anchor,0.8125,SAFE-ALPHA,0,0.153846153846,0.125,2,546
1,0,314426,archived_314159_anchor,0.8125,Matched terminal weighted e-BH,0,0,0,0,
1,0,314427,archived_314159_anchor,1,SAFE-ALPHA,0,0.1875,0.1875,3,632.666666667
1,0,314427,archived_314159_anchor,1,Matched terminal weighted e-BH,0,0.1875,0.1875,3,1084
1,0,314428,archived_314159_anchor,0.9375,SAFE-ALPHA,0,0,0,0,
1,0,314428,archived_314159_anchor,0.9375,Matched terminal weighted e-BH,0,0,0,0,
1,0,314429,archived_314159_anchor,0.9375,SAFE-ALPHA,0,0.0666666666667,0.0625,1,301
1,0,314429,archived_314159_anchor,0.9375,Matched terminal weighted e-BH,0,0.0666666666667,0.0625,1,1244
1,0,314430,archived_314159_anchor,1,SAFE-ALPHA,0,0.25,0.25,4,648.5
1,0,314430,archived_314159_anchor,1,Matched terminal weighted e-BH,0,0.0625,0.0625,1,1244
1,0,314431,archived_314159_anchor,1,SAFE-ALPHA,0,0.1875,0.1875,3,636
1,0,314431,archived_314159_anchor,1,Matched terminal weighted e-BH,0,0.1875,0.1875,3,1219
1,0,314432,archived_314159_anchor,1,SAFE-ALPHA,0,0.0625,0.0625,1,146
1,0,314432,archived_314159_anchor,1,Matched terminal weighted e-BH,0,0.0625,0.0625,1,1259
1,0,314433,archived_314159_anchor,1,SAFE-ALPHA,0,0.0625,0.0625,1,356
1,0,314433,archived_314159_anchor,1,Matched terminal weighted e-BH,0,0.0625,0.0625,1,1199
1,0,314434,archived_314159_anchor,1,SAFE-ALPHA,0,0.125,0.125,2,838.5
1,0,314434,archived_314159_anchor,1,Matched terminal weighted e-BH,0,0.0625,0.0625,1,1049
1,0,314435,archived_314159_anchor,0.9375,SAFE-ALPHA,0,0,0,0,
1,0,314435,archived_314159_anchor,0.9375,Matched terminal weighted e-BH,0,0,0,0,
1,0,314436,archived_314159_anchor,1,SAFE-ALPHA,0,0.0625,0.0625,1,611
1,0,314436,archived_314159_anchor,1,Matched terminal weighted e-BH,0,0.0625,0.0625,1,1244
1,0,314437,archived_314159_anchor,0.9375,SAFE-ALPHA,0,0.266666666667,0.25,4,989.75
1,0,314437,archived_314159_anchor,0.9375,Matched terminal weighted e-BH,0,0.133333333333,0.125,2,1161.5
1,0,314438,archived_314159_anchor,0.9375,SAFE-ALPHA,0,0.0666666666667,0.0625,1,1171
1,0,314438,archived_314159_anchor,0.9375,Matched terminal weighted e-BH,0,0.0666666666667,0.0625,1,1184
1,0,314439,archived_314159_anchor,1,SAFE-ALPHA,0,0.0625,0.0625,1,1111
1,0,314439,archived_314159_anchor,1,Matched terminal weighted e-BH,0,0.0625,0.0625,1,1199
1,0,314440,archived_314159_anchor,1,SAFE-ALPHA,0,0.125,0.125,2,848.5
1,0,314440,archived_314159_anchor,1,Matched terminal weighted e-BH,0,0.125,0.125,2,1184
1,0,314441,archived_314159_anchor,1,SAFE-ALPHA,0,0.3125,0.3125,5,766
1,0,314441,archived_314159_anchor,1,Matched terminal weighted e-BH,0,0.3125,0.3125,5,1196
1,0,314442,archived_314159_anchor,0.8125,SAFE-ALPHA,0,0.153846153846,0.125,2,551
1,0,314442,archived_314159_anchor,0.8125,Matched terminal weighted e-BH,0,0.0769230769231,0.0625,1,1184
1,0,314443,archived_314159_anchor,1,SAFE-ALPHA,0,0,0,0,
1,0,314443,archived_314159_anchor,1,Matched terminal weighted e-BH,0,0,0,0,
1,0,314444,archived_314159_anchor,1,SAFE-ALPHA,0,0.1875,0.1875,3,719.333333333
1,0,314444,archived_314159_anchor,1,Matched terminal weighted e-BH,0,0.1875,0.1875,3,1229
1,0,314445,archived_314159_anchor,0.9375,SAFE-ALPHA,0,0,0,0,
1,0,314445,archived_314159_anchor,0.9375,Matched terminal weighted e-BH,0,0,0,0,
1,0,314446,archived_314159_anchor,1,SAFE-ALPHA,0,0.0625,0.0625,1,716
1,0,314446,archived_314159_anchor,1,Matched terminal weighted e-BH,0,0,0,0,
1,0,314447,archived_314159_anchor,1,SAFE-ALPHA,0,0,0,0,
1,0,314447,archived_314159_anchor,1,Matched terminal weighted e-BH,0,0,0,0,
1,0,314448,archived_314159_anchor,1,SAFE-ALPHA,0,0,0,0,
1,0,314448,archived_314159_anchor,1,Matched terminal weighted e-BH,0,0,0,0,
1,0,314449,archived_314159_anchor,1,SAFE-ALPHA,0,0.25,0.25,4,476
1,0,314449,archived_314159_anchor,1,Matched terminal weighted e-BH,0,0.1875,0.1875,3,1204
1,0,314450,archived_314159_anchor,0.9375,SAFE-ALPHA,0,0.0666666666667,0.0625,1,831
1,0,314450,archived_314159_anchor,0.9375,Matched terminal weighted e-BH,0,0,0,0,
1,0,314451,archived_314159_anchor,0.9375,SAFE-ALPHA,0,0,0,0,
1,0,314451,archived_314159_anchor,0.9375,Matched terminal weighted e-BH,0,0,0,0,
1,0,314452,archived_314159_anchor,0.9375,SAFE-ALPHA,0,0,0,0,
1,0,314452,archived_314159_anchor,0.9375,Matched terminal weighted e-BH,0,0,0,0,
1,0,314453,archived_314159_anchor,1,SAFE-ALPHA,0,0.0625,0.0625,1,461
1,0,314453,archived_314159_anchor,1,Matched terminal weighted e-BH,0,0.0625,0.0625,1,1229
1,0,314454,archived_314159_anchor,0.875,SAFE-ALPHA,0.5,0.0714285714286,0.0625,2,506
1,0,314454,archived_314159_anchor,0.875,Matched terminal weighted e-BH,0,0.0714285714286,0.0625,1,1259
1,0,314455,archived_314159_anchor,1,SAFE-ALPHA,0,0,0,0,
1,0,314455,archived_314159_anchor,1,Matched terminal weighted e-BH,0,0,0,0,
1,0,314456,archived_314159_anchor,0.9375,SAFE-ALPHA,0,0.133333333333,0.125,2,1031
1,0,314456,archived_314159_anchor,0.9375,Matched terminal weighted e-BH,0,0.133333333333,0.125,2,1094
1,0,314457,archived_314159_anchor,0.9375,SAFE-ALPHA,0,0.2,0.1875,3,962.666666667
1,0,314457,archived_314159_anchor,0.9375,Matched terminal weighted e-BH,0,0.2,0.1875,3,1184
1,0,314458,archived_314159_anchor,0.8125,SAFE-ALPHA,0,0,0,0,
1,0,314458,archived_314159_anchor,0.8125,Matched terminal weighted e-BH,0,0,0,0,
1,0,314459,archived_314159_anchor,0.9375,SAFE-ALPHA,0,0,0,0,
1,0,314459,archived_314159_anchor,0.9375,Matched terminal weighted e-BH,0,0,0,0,
1,0,314460,archived_314159_anchor,0.875,SAFE-ALPHA,0,0.214285714286,0.1875,3,1042.66666667
1,0,314460,archived_314159_anchor,0.875,Matched terminal weighted e-BH,0,0.214285714286,0.1875,3,1169
1,0,314461,archived_314159_anchor,1,SAFE-ALPHA,0,0.125,0.125,2,488.5
1,0,314461,archived_314159_anchor,1,Matched terminal weighted e-BH,0,0.125,0.125,2,1251.5
1,0,314462,archived_314159_anchor,0.875,SAFE-ALPHA,0,0.214285714286,0.1875,3,897.666666667
1,0,314462,archived_314159_anchor,0.875,Matched terminal weighted e-BH,0,0.0714285714286,0.0625,1,1229
1,0,314463,archived_314159_anchor,1,SAFE-ALPHA,0,0.125,0.125,2,573.5
1,0,314463,archived_314159_anchor,1,Matched terminal weighted e-BH,0,0.0625,0.0625,1,1199
1,0,314464,archived_314159_anchor,0.9375,SAFE-ALPHA,0,0.0666666666667,0.0625,1,106
1,0,314464,archived_314159_anchor,0.9375,Matched terminal weighted e-BH,0,0.0666666666667,0.0625,1,1259
1,0,314465,archived_314159_anchor,1,SAFE-ALPHA,0,0.3125,0.3125,5,731
1,0,314465,archived_314159_anchor,1,Matched terminal weighted e-BH,0,0.25,0.25,4,1199
1,0,314466,archived_314159_anchor,0.9375,SAFE-ALPHA,0,0,0,0,
1,0,314466,archived_314159_anchor,0.9375,Matched terminal weighted e-BH,0,0,0,0,
1,0,314467,archived_314159_anchor,1,SAFE-ALPHA,0,0.125,0.125,2,981
1,0,314467,archived_314159_anchor,1,Matched terminal weighted e-BH,0,0.0625,0.0625,1,1199
1,0,314468,archived_314159_anchor,0.9375,SAFE-ALPHA,0,0.0666666666667,0.0625,1,1001
1,0,314468,archived_314159_anchor,0.9375,Matched terminal weighted e-BH,0,0.0666666666667,0.0625,1,1154
1,0,314469,archived_314159_anchor,1,SAFE-ALPHA,0,0.3125,0.3125,5,904
1,0,314469,archived_314159_anchor,1,Matched terminal weighted e-BH,0,0,0,0,
1,0,314470,archived_314159_anchor,1,SAFE-ALPHA,0,0.0625,0.0625,1,596
1,0,314470,archived_314159_anchor,1,Matched terminal weighted e-BH,0,0,0,0,
1,0,314471,archived_314159_anchor,1,SAFE-ALPHA,0,0.25,0.25,4,861
1,0,314471,archived_314159_anchor,1,Matched terminal weighted e-BH,0,0.125,0.125,2,1244
1,0,314472,archived_314159_anchor,0.875,SAFE-ALPHA,0,0,0,0,
1,0,314472,archived_314159_anchor,0.875,Matched terminal weighted e-BH,0,0,0,0,
1,0,314473,archived_314159_anchor,1,SAFE-ALPHA,0,0.375,0.375,6,581
1,0,314473,archived_314159_anchor,1,Matched terminal weighted e-BH,0,0.375,0.375,6,1194
1,0,314474,archived_314159_anchor,0.875,SAFE-ALPHA,0,0,0,0,
1,0,314474,archived_314159_anchor,0.875,Matched terminal weighted e-BH,0,0,0,0,
1,0,314475,archived_314159_anchor,0.8125,SAFE-ALPHA,0,0.153846153846,0.125,2,513.5
1,0,314475,archived_314159_anchor,0.8125,Matched terminal weighted e-BH,0,0,0,0,
1,0,314476,archived_314159_anchor,1,SAFE-ALPHA,0,0.25,0.25,4,1036.75
1,0,314476,archived_314159_anchor,1,Matched terminal weighted e-BH,0,0.25,0.25,4,1176.5
1,0,314477,archived_314159_anchor,1,SAFE-ALPHA,0,0.1875,0.1875,3,482.666666667
1,0,314477,archived_314159_anchor,1,Matched terminal weighted e-BH,0,0.1875,0.1875,3,1239
1,0,314478,archived_314159_anchor,1,SAFE-ALPHA,0,0.1875,0.1875,3,406
1,0,314478,archived_314159_anchor,1,Matched terminal weighted e-BH,0,0.0625,0.0625,1,1244
1,0,314479,archived_314159_anchor,0.9375,SAFE-ALPHA,0,0.133333333333,0.125,2,1053.5
1,0,314479,archived_314159_anchor,0.9375,Matched terminal weighted e-BH,0,0,0,0,
1,0,314480,archived_314159_anchor,0.9375,SAFE-ALPHA,0,0.0666666666667,0.0625,1,1036
1,0,314480,archived_314159_anchor,0.9375,Matched terminal weighted e-BH,0,0.0666666666667,0.0625,1,1079
1,0,314481,archived_314159_anchor,1,SAFE-ALPHA,0,0.3125,0.3125,5,911
1,0,314481,archived_314159_anchor,1,Matched terminal weighted e-BH,0,0.25,0.25,4,1184
1,0,314482,archived_314159_anchor,1,SAFE-ALPHA,0,0.0625,0.0625,1,811
1,0,314482,archived_314159_anchor,1,Matched terminal weighted e-BH,0,0.0625,0.0625,1,1139
1,0,314483,archived_314159_anchor,0.875,SAFE-ALPHA,0,0.214285714286,0.1875,3,699.333333333
1,0,314483,archived_314159_anchor,0.875,Matched terminal weighted e-BH,0,0,0,0,
1,0,314484,archived_314159_anchor,1,SAFE-ALPHA,0,0,0,0,
1,0,314484,archived_314159_anchor,1,Matched terminal weighted e-BH,0,0,0,0,
1,0,314485,archived_314159_anchor,0.875,SAFE-ALPHA,0,0.0714285714286,0.0625,1,1156
1,0,314485,archived_314159_anchor,0.875,Matched terminal weighted e-BH,0,0,0,0,
1,0,314486,archived_314159_anchor,1,SAFE-ALPHA,0,0.0625,0.0625,1,641
1,0,314486,archived_314159_anchor,1,Matched terminal weighted e-BH,0,0.0625,0.0625,1,1259
1,0,314487,archived_314159_anchor,1,SAFE-ALPHA,0,0.1875,0.1875,3,726
1,0,314487,archived_314159_anchor,1,Matched terminal weighted e-BH,0,0.125,0.125,2,1101.5
1,0,314488,archived_314159_anchor,0.9375,SAFE-ALPHA,0,0.2,0.1875,3,694.333333333
1,0,314488,archived_314159_anchor,0.9375,Matched terminal weighted e-BH,0,0,0,0,
1,0,314489,archived_314159_anchor,0.875,SAFE-ALPHA,0,0.285714285714,0.25,4,743.5
1,0,314489,archived_314159_anchor,0.875,Matched terminal weighted e-BH,0,0.285714285714,0.25,4,1229
1,0,314490,archived_314159_anchor,1,SAFE-ALPHA,0,0.1875,0.1875,3,414.333333333
1,0,314490,archived_314159_anchor,1,Matched terminal weighted e-BH,0,0.125,0.125,2,1229
1,0,314491,archived_314159_anchor,1,SAFE-ALPHA,0,0,0,0,
1,0,314491,archived_314159_anchor,1,Matched terminal weighted e-BH,0,0,0,0,
1,0,314492,archived_314159_anchor,1,SAFE-ALPHA,0,0.1875,0.1875,3,402.666666667
1,0,314492,archived_314159_anchor,1,Matched terminal weighted e-BH,0,0,0,0,
1,0,314493,archived_314159_anchor,1,SAFE-ALPHA,0,0.25,0.25,4,594.75
1,0,314493,archived_314159_anchor,1,Matched terminal weighted e-BH,0,0.0625,0.0625,1,1214
1,0,314494,archived_314159_anchor,0.9375,SAFE-ALPHA,0,0.0666666666667,0.0625,1,761
1,0,314494,archived_314159_anchor,0.9375,Matched terminal weighted e-BH,0,0.0666666666667,0.0625,1,1244
1,0,314495,archived_314159_anchor,1,SAFE-ALPHA,0,0.0625,0.0625,1,446
1,0,314495,archived_314159_anchor,1,Matched terminal weighted e-BH,0,0,0,0,
1,0,314496,archived_314159_anchor,0.9375,SAFE-ALPHA,0,0.2,0.1875,3,696
1,0,314496,archived_314159_anchor,0.9375,Matched terminal weighted e-BH,0,0,0,0,
1,0,314497,archived_314159_anchor,1,SAFE-ALPHA,0,0.1875,0.1875,3,466
1,0,314497,archived_314159_anchor,1,Matched terminal weighted e-BH,0,0.0625,0.0625,1,1229
1,0,314498,archived_314159_anchor,1,SAFE-ALPHA,0,0.0625,0.0625,1,476
1,0,314498,archived_314159_anchor,1,Matched terminal weighted e-BH,0,0,0,0,
1,0,314499,archived_314159_anchor,0.875,SAFE-ALPHA,0,0,0,0,
1,0,314499,archived_314159_anchor,0.875,Matched terminal weighted e-BH,0,0,0,0,
1,0,314500,archived_314159_anchor,0.9375,SAFE-ALPHA,0,0.133333333333,0.125,2,1227.5
1,0,314500,archived_314159_anchor,0.9375,Matched terminal weighted e-BH,0,0.133333333333,0.125,2,1236.5
1,0,314501,archived_314159_anchor,0.9375,SAFE-ALPHA,0,0,0,0,
1,0,314501,archived_314159_anchor,0.9375,Matched terminal weighted e-BH,0,0,0,0,
1,0,314502,archived_314159_anchor,1,SAFE-ALPHA,0,0.125,0.125,2,703.5
1,0,314502,archived_314159_anchor,1,Matched terminal weighted e-BH,0,0.125,0.125,2,1251.5
1,0,314503,archived_314159_anchor,1,SAFE-ALPHA,0,0.0625,0.0625,1,536
1,0,314503,archived_314159_anchor,1,Matched terminal weighted e-BH,0,0.0625,0.0625,1,1199
1,0,314504,archived_314159_anchor,1,SAFE-ALPHA,0,0.0625,0.0625,1,281
1,0,314504,archived_314159_anchor,1,Matched terminal weighted e-BH,0,0.0625,0.0625,1,1199
1,0,314505,archived_314159_anchor,0.875,SAFE-ALPHA,0,0.0714285714286,0.0625,1,811
1,0,314505,archived_314159_anchor,0.875,Matched terminal weighted e-BH,0,0,0,0,
1,0,314506,archived_314159_anchor,1,SAFE-ALPHA,0,0,0,0,
1,0,314506,archived_314159_anchor,1,Matched terminal weighted e-BH,0,0,0,0,
1,0,314507,archived_314159_anchor,1,SAFE-ALPHA,0,0.0625,0.0625,1,746
1,0,314507,archived_314159_anchor,1,Matched terminal weighted e-BH,0,0,0,0,
1,0,314508,archived_314159_anchor,0.9375,SAFE-ALPHA,0,0.4,0.375,6,711
1,0,314508,archived_314159_anchor,0.9375,Matched terminal weighted e-BH,0,0.333333333333,0.3125,5,1172
1,0,314509,archived_314159_anchor,1,SAFE-ALPHA,0,0.25,0.25,4,836
1,0,314509,archived_314159_anchor,1,Matched terminal weighted e-BH,0,0.0625,0.0625,1,1184
1,0,314510,archived_314159_anchor,0.9375,SAFE-ALPHA,0,0.133333333333,0.125,2,476
1,0,314510,archived_314159_anchor,0.9375,Matched terminal weighted e-BH,0,0.133333333333,0.125,2,1236.5
1,0,314511,archived_314159_anchor,1,SAFE-ALPHA,0,0.125,0.125,2,656
1,0,314511,archived_314159_anchor,1,Matched terminal weighted e-BH,0,0.0625,0.0625,1,1259
1,0,314512,archived_314159_anchor,1,SAFE-ALPHA,0,0.1875,0.1875,3,714.333333333
1,0,314512,archived_314159_anchor,1,Matched terminal weighted e-BH,0,0.1875,0.1875,3,1209
1,0,314513,archived_314159_anchor,0.875,SAFE-ALPHA,0,0.142857142857,0.125,2,933.5
1,0,314513,archived_314159_anchor,0.875,Matched terminal weighted e-BH,0,0.142857142857,0.125,2,1184
1,0,314514,archived_314159_anchor,0.9375,SAFE-ALPHA,0,0.266666666667,0.25,4,574.75
1,0,314514,archived_314159_anchor,0.9375,Matched terminal weighted e-BH,0,0.2,0.1875,3,1224
1,0,314515,archived_314159_anchor,1,SAFE-ALPHA,0,0.0625,0.0625,1,986
1,0,314515,archived_314159_anchor,1,Matched terminal weighted e-BH,0,0,0,0,
1,0,314516,archived_314159_anchor,1,SAFE-ALPHA,0,0,0,0,
1,0,314516,archived_314159_anchor,1,Matched terminal weighted e-BH,0,0,0,0,
1,0,314517,archived_314159_anchor,1,SAFE-ALPHA,0,0,0,0,
1,0,314517,archived_314159_anchor,1,Matched terminal weighted e-BH,0,0,0,0,
1,0,314518,archived_314159_anchor,1,SAFE-ALPHA,0,0,0,0,
1,0,314518,archived_314159_anchor,1,Matched terminal weighted e-BH,0,0,0,0,
1,0,314519,archived_314159_anchor,0.9375,SAFE-ALPHA,0,0.0666666666667,0.0625,1,1101
1,0,314519,archived_314159_anchor,0.9375,Matched terminal weighted e-BH,0,0,0,0,
1,0,314520,archived_314159_anchor,0.875,SAFE-ALPHA,0,0.285714285714,0.25,4,907.25
1,0,314520,archived_314159_anchor,0.875,Matched terminal weighted e-BH,0,0.142857142857,0.125,2,1214
1,0,314521,archived_314159_anchor,1,SAFE-ALPHA,0,0.25,0.25,4,704.75
1,0,314521,archived_314159_anchor,1,Matched terminal weighted e-BH,0,0.25,0.25,4,1191.5
1,0,314522,archived_314159_anchor,0.9375,SAFE-ALPHA,0,0.0666666666667,0.0625,1,366
1,0,314522,archived_314159_anchor,0.9375,Matched terminal weighted e-BH,0,0.0666666666667,0.0625,1,1229
1,0,314523,archived_314159_anchor,0.875,SAFE-ALPHA,0,0.142857142857,0.125,2,503.5
1,0,314523,archived_314159_anchor,0.875,Matched terminal weighted e-BH,0,0,0,0,
1,0,314524,archived_314159_anchor,0.9375,SAFE-ALPHA,0,0.133333333333,0.125,2,786
1,0,314524,archived_314159_anchor,0.9375,Matched terminal weighted e-BH,0,0.0666666666667,0.0625,1,1229
1,0,314525,archived_314159_anchor,1,SAFE-ALPHA,0,0.0625,0.0625,1,1066
1,0,314525,archived_314159_anchor,1,Matched terminal weighted e-BH,0,0.0625,0.0625,1,1259
1,0,314526,archived_314159_anchor,1,SAFE-ALPHA,0,0.125,0.125,2,1041
1,0,314526,archived_314159_anchor,1,Matched terminal weighted e-BH,0,0,0,0,
1,0,314527,archived_314159_anchor,0.9375,SAFE-ALPHA,0,0.2,0.1875,3,471
1,0,314527,archived_314159_anchor,0.9375,Matched terminal weighted e-BH,0,0.133333333333,0.125,2,1244
1,0,314528,archived_314159_anchor,0.9375,SAFE-ALPHA,0,0.133333333333,0.125,2,836
1,0,314528,archived_314159_anchor,0.9375,Matched terminal weighted e-BH,0,0,0,0,
1,0,314529,archived_314159_anchor,1,SAFE-ALPHA,0,0.125,0.125,2,1131
1,0,314529,archived_314159_anchor,1,Matched terminal weighted e-BH,0,0.0625,0.0625,1,1199
1,0,314530,archived_314159_anchor,0.9375,SAFE-ALPHA,0,0.0666666666667,0.0625,1,261
1,0,314530,archived_314159_anchor,0.9375,Matched terminal weighted e-BH,0,0.0666666666667,0.0625,1,1259
1,0,314531,archived_314159_anchor,0.875,SAFE-ALPHA,0,0,0,0,
1,0,314531,archived_314159_anchor,0.875,Matched terminal weighted e-BH,0,0,0,0,
1,0,314532,archived_314159_anchor,1,SAFE-ALPHA,0,0.125,0.125,2,358.5
1,0,314532,archived_314159_anchor,1,Matched terminal weighted e-BH,0,0.125,0.125,2,1214
1,0,314533,archived_314159_anchor,0.875,SAFE-ALPHA,0,0,0,0,
1,0,314533,archived_314159_anchor,0.875,Matched terminal weighted e-BH,0,0,0,0,
1,0,314534,archived_314159_anchor,0.9375,SAFE-ALPHA,0,0.133333333333,0.125,2,998.5
1,0,314534,archived_314159_anchor,0.9375,Matched terminal weighted e-BH,0,0.0666666666667,0.0625,1,1169
1,0,314535,archived_314159_anchor,0.9375,SAFE-ALPHA,0,0.133333333333,0.125,2,603.5
1,0,314535,archived_314159_anchor,0.9375,Matched terminal weighted e-BH,0,0.133333333333,0.125,2,1221.5
1,0,314536,archived_314159_anchor,1,SAFE-ALPHA,0,0.3125,0.3125,5,816.6
1,0,314536,archived_314159_anchor,1,Matched terminal weighted e-BH,0,0.125,0.125,2,1116.5
1,0,314537,archived_314159_anchor,1,SAFE-ALPHA,0,0,0,0,
1,0,314537,archived_314159_anchor,1,Matched terminal weighted e-BH,0,0,0,0,
1,0,314538,archived_314159_anchor,1,SAFE-ALPHA,0,0.25,0.25,4,678.5
1,0,314538,archived_314159_anchor,1,Matched terminal weighted e-BH,0,0.1875,0.1875,3,1189
1,0,314539,archived_314159_anchor,1,SAFE-ALPHA,0,0.125,0.125,2,881
1,0,314539,archived_314159_anchor,1,Matched terminal weighted e-BH,0,0.0625,0.0625,1,1199
1,0,314540,archived_314159_anchor,0.9375,SAFE-ALPHA,0,0.0666666666667,0.0625,1,656
1,0,314540,archived_314159_anchor,0.9375,Matched terminal weighted e-BH,0,0,0,0,
1,0,314541,archived_314159_anchor,1,SAFE-ALPHA,0,0.25,0.25,4,807.25
1,0,314541,archived_314159_anchor,1,Matched terminal weighted e-BH,0,0.125,0.125,2,1176.5
1,0,314542,archived_314159_anchor,0.9375,SAFE-ALPHA,0,0.133333333333,0.125,2,821
1,0,314542,archived_314159_anchor,0.9375,Matched terminal weighted e-BH,0,0.133333333333,0.125,2,1176.5
1,0,314543,archived_314159_anchor,1,SAFE-ALPHA,0,0.0625,0.0625,1,1051
1,0,314543,archived_314159_anchor,1,Matched terminal weighted e-BH,0,0.0625,0.0625,1,1139
1,0,314544,archived_314159_anchor,1,SAFE-ALPHA,0,0.125,0.125,2,756
1,0,314544,archived_314159_anchor,1,Matched terminal weighted e-BH,0,0.125,0.125,2,1251.5
1,0,314545,archived_314159_anchor,0.875,SAFE-ALPHA,0,0.142857142857,0.125,2,718.5
1,0,314545,archived_314159_anchor,0.875,Matched terminal weighted e-BH,0,0.0714285714286,0.0625,1,1244
1,0,314546,archived_314159_anchor,0.9375,SAFE-ALPHA,0,0.2,0.1875,3,352.666666667
1,0,314546,archived_314159_anchor,0.9375,Matched terminal weighted e-BH,0,0.0666666666667,0.0625,1,1259
1,0,314547,archived_314159_anchor,0.9375,SAFE-ALPHA,0,0.133333333333,0.125,2,613.5
1,0,314547,archived_314159_anchor,0.9375,Matched terminal weighted e-BH,0,0.0666666666667,0.0625,1,1124
1,0,314548,archived_314159_anchor,1,SAFE-ALPHA,0,0.125,0.125,2,786
1,0,314548,archived_314159_anchor,1,Matched terminal weighted e-BH,0,0.125,0.125,2,1244
1,0,314549,archived_314159_anchor,1,SAFE-ALPHA,0,0.1875,0.1875,3,634.333333333
1,0,314549,archived_314159_anchor,1,Matched terminal weighted e-BH,0,0.1875,0.1875,3,1199
1,0,314550,archived_314159_anchor,1,SAFE-ALPHA,0,0.0625,0.0625,1,826
1,0,314550,archived_314159_anchor,1,Matched terminal weighted e-BH,0,0.0625,0.0625,1,1244
1,0,314551,archived_314159_anchor,0.9375,SAFE-ALPHA,0,0.2,0.1875,3,1136
1,0,314551,archived_314159_anchor,0.9375,Matched terminal weighted e-BH,0,0.2,0.1875,3,1169
1,0,314552,archived_314159_anchor,1,SAFE-ALPHA,0,0.125,0.125,2,331
1,0,314552,archived_314159_anchor,1,Matched terminal weighted e-BH,0,0.125,0.125,2,1229
1,0,314553,archived_314159_anchor,1,SAFE-ALPHA,0,0.1875,0.1875,3,781
1,0,314553,archived_314159_anchor,1,Matched terminal weighted e-BH,0,0.0625,0.0625,1,1244
1,0,314554,archived_314159_anchor,1,SAFE-ALPHA,0,0.0625,0.0625,1,656
1,0,314554,archived_314159_anchor,1,Matched terminal weighted e-BH,0,0,0,0,
1,0,314555,archived_314159_anchor,1,SAFE-ALPHA,0,0,0,0,
1,0,314555,archived_314159_anchor,1,Matched terminal weighted e-BH,0,0,0,0,
1,0,314556,archived_314159_anchor,1,SAFE-ALPHA,0,0.0625,0.0625,1,866
1,0,314556,archived_314159_anchor,1,Matched terminal weighted e-BH,0,0.0625,0.0625,1,1184
1,0,314557,archived_314159_anchor,1,SAFE-ALPHA,0,0.1875,0.1875,3,929.333333333
1,0,314557,archived_314159_anchor,1,Matched terminal weighted e-BH,0,0.125,0.125,2,1251.5
1,0,314558,archived_314159_anchor,1,SAFE-ALPHA,0,0.3125,0.3125,5,908
1,0,314558,archived_314159_anchor,1,Matched terminal weighted e-BH,0,0.1875,0.1875,3,1199
1,0,314559,archived_314159_anchor,1,SAFE-ALPHA,0,0,0,0,
1,0,314559,archived_314159_anchor,1,Matched terminal weighted e-BH,0,0,0,0,
1,0,314560,archived_314159_anchor,1,SAFE-ALPHA,0,0.25,0.25,4,798.5
1,0,314560,archived_314159_anchor,1,Matched terminal weighted e-BH,0,0.1875,0.1875,3,1204
1,0,314561,archived_314159_anchor,0.9375,SAFE-ALPHA,0,0,0,0,
1,0,314561,archived_314159_anchor,0.9375,Matched terminal weighted e-BH,0,0,0,0,
1,0,314562,archived_314159_anchor,1,SAFE-ALPHA,0,0.0625,0.0625,1,416
1,0,314562,archived_314159_anchor,1,Matched terminal weighted e-BH,0,0,0,0,
1,0,314563,archived_314159_anchor,0.875,SAFE-ALPHA,0,0,0,0,
1,0,314563,archived_314159_anchor,0.875,Matched terminal weighted e-BH,0,0,0,0,
1,0,314564,archived_314159_anchor,1,SAFE-ALPHA,0,0.125,0.125,2,763.5
1,0,314564,archived_314159_anchor,1,Matched terminal weighted e-BH,0,0,0,0,
1,0,314565,archived_314159_anchor,1,SAFE-ALPHA,0,0.0625,0.0625,1,1211
1,0,314565,archived_314159_anchor,1,Matched terminal weighted e-BH,0,0.0625,0.0625,1,1259
1,0,314566,archived_314159_anchor,0.875,SAFE-ALPHA,0,0.0714285714286,0.0625,1,1036
1,0,314566,archived_314159_anchor,0.875,Matched terminal weighted e-BH,0,0,0,0,
1,0,314567,archived_314159_anchor,1,SAFE-ALPHA,0,0.25,0.25,4,829.75
1,0,314567,archived_314159_anchor,1,Matched terminal weighted e-BH,0,0.25,0.25,4,1161.5
1,0,314568,archived_314159_anchor,1,SAFE-ALPHA,0,0.125,0.125,2,466
1,0,314568,archived_314159_anchor,1,Matched terminal weighted e-BH,0,0.0625,0.0625,1,1214
1,0,314569,archived_314159_anchor,0.9375,SAFE-ALPHA,0,0.2,0.1875,3,554.333333333
1,0,314569,archived_314159_anchor,0.9375,Matched terminal weighted e-BH,0,0.133333333333,0.125,2,1146.5
1,0,314570,archived_314159_anchor,1,SAFE-ALPHA,0,0.1875,0.1875,3,607.666666667
1,0,314570,archived_314159_anchor,1,Matched terminal weighted e-BH,0,0.0625,0.0625,1,1259
1,0,314571,archived_314159_anchor,1,SAFE-ALPHA,0,0.125,0.125,2,756
1,0,314571,archived_314159_anchor,1,Matched terminal weighted e-BH,0,0.0625,0.0625,1,1259
1,0,314572,archived_314159_anchor,1,SAFE-ALPHA,0,0.125,0.125,2,858.5
1,0,314572,archived_314159_anchor,1,Matched terminal weighted e-BH,0,0.125,0.125,2,1199
1,0,314573,archived_314159_anchor,0.9375,SAFE-ALPHA,0,0.133333333333,0.125,2,871
1,0,314573,archived_314159_anchor,0.9375,Matched terminal weighted e-BH,0,0,0,0,
1,0,314574,archived_314159_anchor,1,SAFE-ALPHA,0,0.125,0.125,2,556
1,0,314574,archived_314159_anchor,1,Matched terminal weighted e-BH,0,0.0625,0.0625,1,1259
1,0,314575,archived_314159_anchor,1,SAFE-ALPHA,0.5,0.0625,0.0625,2,1071
1,0,314575,archived_314159_anchor,1,Matched terminal weighted e-BH,0,0,0,0,
1,0,314576,archived_314159_anchor,0.9375,SAFE-ALPHA,0,0.2,0.1875,3,736
1,0,314576,archived_314159_anchor,0.9375,Matched terminal weighted e-BH,0,0.0666666666667,0.0625,1,1244
1,0,314577,archived_314159_anchor,0.9375,SAFE-ALPHA,0,0.0666666666667,0.0625,1,186
1,0,314577,archived_314159_anchor,0.9375,Matched terminal weighted e-BH,0,0,0,0,
1,0,314578,archived_314159_anchor,0.9375,SAFE-ALPHA,0,0.2,0.1875,3,704.333333333
1,0,314578,archived_314159_anchor,0.9375,Matched terminal weighted e-BH,0,0.0666666666667,0.0625,1,1229
1,0,314579,archived_314159_anchor,0.875,SAFE-ALPHA,0,0,0,0,
1,0,314579,archived_314159_anchor,0.875,Matched terminal weighted e-BH,0,0,0,0,
1,0,314580,archived_314159_anchor,1,SAFE-ALPHA,0,0,0,0,
1,0,314580,archived_314159_anchor,1,Matched terminal weighted e-BH,0,0,0,0,
1,0,314581,archived_314159_anchor,0.8125,SAFE-ALPHA,0,0.230769230769,0.1875,3,732.666666667
1,0,314581,archived_314159_anchor,0.8125,Matched terminal weighted e-BH,0,0.153846153846,0.125,2,1251.5
1,0,314582,archived_314159_anchor,1,SAFE-ALPHA,0,0.125,0.125,2,496
1,0,314582,archived_314159_anchor,1,Matched terminal weighted e-BH,0,0.125,0.125,2,1236.5
1,0,314583,archived_314159_anchor,0.9375,SAFE-ALPHA,0,0.2,0.1875,3,957.666666667
1,0,314583,archived_314159_anchor,0.9375,Matched terminal weighted e-BH,0,0.133333333333,0.125,2,1199
1,0,314584,archived_314159_anchor,0.875,SAFE-ALPHA,0,0.0714285714286,0.0625,1,226
1,0,314584,archived_314159_anchor,0.875,Matched terminal weighted e-BH,0,0.0714285714286,0.0625,1,1259
1,0,314585,archived_314159_anchor,1,SAFE-ALPHA,0,0.125,0.125,2,678.5
1,0,314585,archived_314159_anchor,1,Matched terminal weighted e-BH,0,0,0,0,
1,0,314586,archived_314159_anchor,1,SAFE-ALPHA,0,0.125,0.125,2,496
1,0,314586,archived_314159_anchor,1,Matched terminal weighted e-BH,0,0.125,0.125,2,1154
1,0,314587,archived_314159_anchor,1,SAFE-ALPHA,0,0.125,0.125,2,988.5
1,0,314587,archived_314159_anchor,1,Matched terminal weighted e-BH,0,0.125,0.125,2,1116.5
1,0,314588,archived_314159_anchor,0.9375,SAFE-ALPHA,0,0.0666666666667,0.0625,1,591
1,0,314588,archived_314159_anchor,0.9375,Matched terminal weighted e-BH,0,0,0,0,
1,0,314589,archived_314159_anchor,1,SAFE-ALPHA,0,0.3125,0.3125,5,689
1,0,314589,archived_314159_anchor,1,Matched terminal weighted e-BH,0,0.3125,0.3125,5,1178
1,0,314590,archived_314159_anchor,1,SAFE-ALPHA,0,0.25,0.25,4,698.5
1,0,314590,archived_314159_anchor,1,Matched terminal weighted e-BH,0,0.25,0.25,4,1214
1,0,314591,archived_314159_anchor,1,SAFE-ALPHA,0,0.0625,0.0625,1,916
1,0,314591,archived_314159_anchor,1,Matched terminal weighted e-BH,0,0.0625,0.0625,1,1259
1,0,314592,archived_314159_anchor,1,SAFE-ALPHA,0,0.125,0.125,2,653.5
1,0,314592,archived_314159_anchor,1,Matched terminal weighted e-BH,0,0.0625,0.0625,1,1199
1,0,314593,archived_314159_anchor,1,SAFE-ALPHA,0,0.125,0.125,2,673.5
1,0,314593,archived_314159_anchor,1,Matched terminal weighted e-BH,0,0,0,0,
1,0,314594,archived_314159_anchor,1,SAFE-ALPHA,0,0.125,0.125,2,885
1,0,314594,archived_314159_anchor,1,Matched terminal weighted e-BH,0,0.125,0.125,2,1146.5
1,0,314595,archived_314159_anchor,1,SAFE-ALPHA,0,0.0625,0.0625,1,306
1,0,314595,archived_314159_anchor,1,Matched terminal weighted e-BH,0,0,0,0,
1,0,314596,archived_314159_anchor,0.9375,SAFE-ALPHA,0,0.2,0.1875,3,654.333333333
1,0,314596,archived_314159_anchor,0.9375,Matched terminal weighted e-BH,0,0.0666666666667,0.0625,1,1199
1,0,314597,archived_314159_anchor,1,SAFE-ALPHA,0,0.25,0.25,4,947.25
1,0,314597,archived_314159_anchor,1,Matched terminal weighted e-BH,0,0.25,0.25,4,1221.5
1,0,314598,archived_314159_anchor,0.9375,SAFE-ALPHA,0,0.133333333333,0.125,2,905
1,0,314598,archived_314159_anchor,0.9375,Matched terminal weighted e-BH,0,0.133333333333,0.125,2,1169
1,0,314599,archived_314159_anchor,0.9375,SAFE-ALPHA,0,0.0666666666667,0.0625,1,971
1,0,314599,archived_314159_anchor,0.9375,Matched terminal weighted e-BH,0,0.0666666666667,0.0625,1,1064
1,0,314600,archived_314159_anchor,1,SAFE-ALPHA,0,0.25,0.25,4,664.75
1,0,314600,archived_314159_anchor,1,Matched terminal weighted e-BH,0,0.125,0.125,2,1199
1,0,314601,archived_314159_anchor,1,SAFE-ALPHA,0,0,0,0,
1,0,314601,archived_314159_anchor,1,Matched terminal weighted e-BH,0,0,0,0,
1,0,314602,archived_314159_anchor,1,SAFE-ALPHA,0,0,0,0,
1,0,314602,archived_314159_anchor,1,Matched terminal weighted e-BH,0,0,0,0,
1,0,314603,archived_314159_anchor,1,SAFE-ALPHA,0,0.125,0.125,2,611
1,0,314603,archived_314159_anchor,1,Matched terminal weighted e-BH,0,0,0,0,
1,0,314604,archived_314159_anchor,0.9375,SAFE-ALPHA,0,0.133333333333,0.125,2,686
1,0,314604,archived_314159_anchor,0.9375,Matched terminal weighted e-BH,0,0.0666666666667,0.0625,1,1229
1,0,314605,archived_314159_anchor,1,SAFE-ALPHA,0,0.0625,0.0625,1,506
1,0,314605,archived_314159_anchor,1,Matched terminal weighted e-BH,0,0.0625,0.0625,1,1229
1,0,314606,archived_314159_anchor,1,SAFE-ALPHA,0,0,0,0,
1,0,314606,archived_314159_anchor,1,Matched terminal weighted e-BH,0,0,0,0,
1,0,314607,archived_314159_anchor,1,SAFE-ALPHA,0,0.125,0.125,2,386
1,0,314607,archived_314159_anchor,1,Matched terminal weighted e-BH,0,0.125,0.125,2,1244
1,0,314608,archived_314159_anchor,1,SAFE-ALPHA,0,0.0625,0.0625,1,456
1,0,314608,archived_314159_anchor,1,Matched terminal weighted e-BH,0,0.0625,0.0625,1,1244
1,0,314609,archived_314159_anchor,0.9375,SAFE-ALPHA,0,0.333333333333,0.3125,5,914
1,0,314609,archived_314159_anchor,0.9375,Matched terminal weighted e-BH,0,0,0,0,
1,0,314610,archived_314159_anchor,0.9375,SAFE-ALPHA,0,0,0,0,
1,0,314610,archived_314159_anchor,0.9375,Matched terminal weighted e-BH,0,0,0,0,
1,0,314611,archived_314159_anchor,1,SAFE-ALPHA,0,0.25,0.25,4,523.5
1,0,314611,archived_314159_anchor,1,Matched terminal weighted e-BH,0,0.0625,0.0625,1,1184
1,0,314612,archived_314159_anchor,1,SAFE-ALPHA,0,0.0625,0.0625,1,1041
1,0,314612,archived_314159_anchor,1,Matched terminal weighted e-BH,0,0.0625,0.0625,1,1229
1,0,314613,archived_314159_anchor,1,SAFE-ALPHA,0,0.1875,0.1875,3,671
1,0,314613,archived_314159_anchor,1,Matched terminal weighted e-BH,0,0.125,0.125,2,1184
1,0,314614,archived_314159_anchor,0.9375,SAFE-ALPHA,0,0,0,0,
1,0,314614,archived_314159_anchor,0.9375,Matched terminal weighted e-BH,0,0,0,0,
1,0,314615,archived_314159_anchor,0.9375,SAFE-ALPHA,0,0.266666666667,0.25,4,648.5
1,0,314615,archived_314159_anchor,0.9375,Matched terminal weighted e-BH,0,0.266666666667,0.25,4,1202.75
1,0,314616,archived_314159_anchor,0.9375,SAFE-ALPHA,0,0.2,0.1875,3,761
1,0,314616,archived_314159_anchor,0.9375,Matched terminal weighted e-BH,0,0.133333333333,0.125,2,1229
1,0,314617,archived_314159_anchor,0.9375,SAFE-ALPHA,0,0,0,0,
1,0,314617,archived_314159_anchor,0.9375,Matched terminal weighted e-BH,0,0,0,0,
1,0,314618,archived_314159_anchor,0.9375,SAFE-ALPHA,0,0.133333333333,0.125,2,478.5
1,0,314618,archived_314159_anchor,0.9375,Matched terminal weighted e-BH,0,0.133333333333,0.125,2,1251.5
1,0,314619,archived_314159_anchor,0.9375,SAFE-ALPHA,0,0.266666666667,0.25,4,1082.25
1,0,314619,archived_314159_anchor,0.9375,Matched terminal weighted e-BH,0,0.133333333333,0.125,2,1176.5
1,0,314620,archived_314159_anchor,1,SAFE-ALPHA,0,0.1875,0.1875,3,496
1,0,314620,archived_314159_anchor,1,Matched terminal weighted e-BH,0,0,0,0,
1,0,314621,archived_314159_anchor,1,SAFE-ALPHA,0,0.125,0.125,2,591
1,0,314621,archived_314159_anchor,1,Matched terminal weighted e-BH,0,0.125,0.125,2,1251.5
1,0,314622,archived_314159_anchor,0.9375,SAFE-ALPHA,0,0,0,0,
1,0,314622,archived_314159_anchor,0.9375,Matched terminal weighted e-BH,0,0,0,0,
1,0,314623,archived_314159_anchor,0.9375,SAFE-ALPHA,0,0.4,0.375,6,1057.66666667
1,0,314623,archived_314159_anchor,0.9375,Matched terminal weighted e-BH,0,0.0666666666667,0.0625,1,1124
1,0,314624,archived_314159_anchor,0.9375,SAFE-ALPHA,0,0.133333333333,0.125,2,918.5
1,0,314624,archived_314159_anchor,0.9375,Matched terminal weighted e-BH,0,0.0666666666667,0.0625,1,1169
1,0,314625,archived_314159_anchor,1,SAFE-ALPHA,0,0.125,0.125,2,786
1,0,314625,archived_314159_anchor,1,Matched terminal weighted e-BH,0,0.0625,0.0625,1,1229
1,0,314626,archived_314159_anchor,1,SAFE-ALPHA,0,0.0625,0.0625,1,701
1,0,314626,archived_314159_anchor,1,Matched terminal weighted e-BH,0,0.0625,0.0625,1,1199
1,0,314627,archived_314159_anchor,0.9375,SAFE-ALPHA,0,0.266666666667,0.25,4,474.75
1,0,314627,archived_314159_anchor,0.9375,Matched terminal weighted e-BH,0,0.2,0.1875,3,1229
1,0,314628,archived_314159_anchor,0.9375,SAFE-ALPHA,0,0.266666666667,0.25,4,887.25
1,0,314628,archived_314159_anchor,0.9375,Matched terminal weighted e-BH,0,0,0,0,
1,0,314629,archived_314159_anchor,1,SAFE-ALPHA,0,0,0,0,
1,0,314629,archived_314159_anchor,1,Matched terminal weighted e-BH,0,0,0,0,
1,0,314630,archived_314159_anchor,1,SAFE-ALPHA,0,0.1875,0.1875,3,646
1,0,314630,archived_314159_anchor,1,Matched terminal weighted e-BH,0,0.125,0.125,2,1244
1,0,314631,archived_314159_anchor,1,SAFE-ALPHA,0,0,0,0,
1,0,314631,archived_314159_anchor,1,Matched terminal weighted e-BH,0,0,0,0,
1,0,314632,archived_314159_anchor,0.9375,SAFE-ALPHA,0,0.266666666667,0.25,4,844.75
1,0,314632,archived_314159_anchor,0.9375,Matched terminal weighted e-BH,0,0.133333333333,0.125,2,1176.5
1,0,314633,archived_314159_anchor,1,SAFE-ALPHA,0,0.1875,0.1875,3,652.666666667
1,0,314633,archived_314159_anchor,1,Matched terminal weighted e-BH,0,0.125,0.125,2,1199
1,0,314634,archived_314159_anchor,1,SAFE-ALPHA,0,0.25,0.25,4,1011
1,0,314634,archived_314159_anchor,1,Matched terminal weighted e-BH,0,0.1875,0.1875,3,1194
1,0,314635,archived_314159_anchor,1,SAFE-ALPHA,0,0.25,0.25,4,558.5
1,0,314635,archived_314159_anchor,1,Matched terminal weighted e-BH,0,0.0625,0.0625,1,1214
1,0,314636,archived_314159_anchor,1,SAFE-ALPHA,0,0.25,0.25,4,944.75
1,0,314636,archived_314159_anchor,1,Matched terminal weighted e-BH,0,0.0625,0.0625,1,1139
1,0,314637,archived_314159_anchor,1,SAFE-ALPHA,0,0.1875,0.1875,3,509.333333333
1,0,314637,archived_314159_anchor,1,Matched terminal weighted e-BH,0,0.125,0.125,2,1221.5
1,0,314638,archived_314159_anchor,0.9375,SAFE-ALPHA,0,0.133333333333,0.125,2,763.5
1,0,314638,archived_314159_anchor,0.9375,Matched terminal weighted e-BH,0,0.133333333333,0.125,2,1214
1,0,314639,archived_314159_anchor,0.9375,SAFE-ALPHA,0,0,0,0,
1,0,314639,archived_314159_anchor,0.9375,Matched terminal weighted e-BH,0,0,0,0,
1,0,314640,archived_314159_anchor,1,SAFE-ALPHA,0,0.3125,0.3125,5,751
1,0,314640,archived_314159_anchor,1,Matched terminal weighted e-BH,0,0.3125,0.3125,5,1127
1,0,314641,archived_314159_anchor,1,SAFE-ALPHA,0,0.0625,0.0625,1,266
1,0,314641,archived_314159_anchor,1,Matched terminal weighted e-BH,0,0,0,0,
1,0,314642,archived_314159_anchor,0.875,SAFE-ALPHA,0,0.142857142857,0.125,2,218.5
1,0,314642,archived_314159_anchor,0.875,Matched terminal weighted e-BH,0,0.142857142857,0.125,2,1251.5
1,0,314643,archived_314159_anchor,1,SAFE-ALPHA,0,0.125,0.125,2,578.5
1,0,314643,archived_314159_anchor,1,Matched terminal weighted e-BH,0,0.0625,0.0625,1,1259
1,0,314644,archived_314159_anchor,1,SAFE-ALPHA,0,0.0625,0.0625,1,236
1,0,314644,archived_314159_anchor,1,Matched terminal weighted e-BH,0,0,0,0,
1,0,314645,archived_314159_anchor,1,SAFE-ALPHA,0,0,0,0,
1,0,314645,archived_314159_anchor,1,Matched terminal weighted e-BH,0,0,0,0,
1,0,314646,archived_314159_anchor,1,SAFE-ALPHA,0,0.1875,0.1875,3,272.666666667
1,0,314646,archived_314159_anchor,1,Matched terminal weighted e-BH,0,0.0625,0.0625,1,1184
1,0,314647,archived_314159_anchor,1,SAFE-ALPHA,0,0.25,0.25,4,1008.5
1,0,314647,archived_314159_anchor,1,Matched terminal weighted e-BH,0,0.25,0.25,4,1150.25
1,0,314648,archived_314159_anchor,1,SAFE-ALPHA,0,0.4375,0.4375,7,677.428571429
1,0,314648,archived_314159_anchor,1,Matched terminal weighted e-BH,0,0.375,0.375,6,1091.5
1,0,314649,archived_314159_anchor,1,SAFE-ALPHA,0,0.0625,0.0625,1,341
1,0,314649,archived_314159_anchor,1,Matched terminal weighted e-BH,0,0,0,0,
1,0,314650,archived_314159_anchor,0.9375,SAFE-ALPHA,0,0.0666666666667,0.0625,1,601
1,0,314650,archived_314159_anchor,0.9375,Matched terminal weighted e-BH,0,0.0666666666667,0.0625,1,1229
1,0,314651,archived_314159_anchor,0.9375,SAFE-ALPHA,0,0.266666666667,0.25,4,813.5
1,0,314651,archived_314159_anchor,0.9375,Matched terminal weighted e-BH,0,0.266666666667,0.25,4,1202.75
1,0,314652,archived_314159_anchor,0.9375,SAFE-ALPHA,0,0.0666666666667,0.0625,1,211
1,0,314652,archived_314159_anchor,0.9375,Matched terminal weighted e-BH,0,0,0,0,
1,0,314653,archived_314159_anchor,0.9375,SAFE-ALPHA,0,0.2,0.1875,3,831
1,0,314653,archived_314159_anchor,0.9375,Matched terminal weighted e-BH,0,0.0666666666667,0.0625,1,1229
1,0,314654,archived_314159_anchor,1,SAFE-ALPHA,0,0.1875,0.1875,3,422.666666667
1,0,314654,archived_314159_anchor,1,Matched terminal weighted e-BH,0,0.1875,0.1875,3,1179
1,0,314655,archived_314159_anchor,1,SAFE-ALPHA,0,0.3125,0.3125,5,472
1,0,314655,archived_314159_anchor,1,Matched terminal weighted e-BH,0,0.3125,0.3125,5,1193
1,0,314656,archived_314159_anchor,0.9375,SAFE-ALPHA,0,0.266666666667,0.25,4,552.25
1,0,314656,archived_314159_anchor,0.9375,Matched terminal weighted e-BH,0,0.0666666666667,0.0625,1,1229
1,0,314657,archived_314159_anchor,0.9375,SAFE-ALPHA,0,0,0,0,
1,0,314657,archived_314159_anchor,0.9375,Matched terminal weighted e-BH,0,0,0,0,
1,0,314658,archived_314159_anchor,1,SAFE-ALPHA,0,0.3125,0.3125,5,1081
1,0,314658,archived_314159_anchor,1,Matched terminal weighted e-BH,0,0.1875,0.1875,3,1209
1.25,0,20260980,inserted_20260730_block,1,SAFE-ALPHA,0,0.3125,0.3125,5,690
1.25,0,20260980,inserted_20260730_block,1,Matched terminal weighted e-BH,0,0.25,0.25,4,1214
1.25,0,20260981,inserted_20260730_block,0.9375,SAFE-ALPHA,0,0.4,0.375,6,805.166666667
1.25,0,20260981,inserted_20260730_block,0.9375,Matched terminal weighted e-BH,0,0.2,0.1875,3,1184
1.25,0,20260982,inserted_20260730_block,0.9375,SAFE-ALPHA,0,0.2,0.1875,3,601
1.25,0,20260982,inserted_20260730_block,0.9375,Matched terminal weighted e-BH,0,0.0666666666667,0.0625,1,1259
1.25,0,20260983,inserted_20260730_block,1,SAFE-ALPHA,0,0.3125,0.3125,5,889
1.25,0,20260983,inserted_20260730_block,1,Matched terminal weighted e-BH,0,0.0625,0.0625,1,1169
1.25,0,20260984,inserted_20260730_block,1,SAFE-ALPHA,0,0.375,0.375,6,881.833333333
1.25,0,20260984,inserted_20260730_block,1,Matched terminal weighted e-BH,0,0.1875,0.1875,3,1199
1.25,0,20260985,inserted_20260730_block,0.9375,SAFE-ALPHA,0,0,0,0,
1.25,0,20260985,inserted_20260730_block,0.9375,Matched terminal weighted e-BH,0,0,0,0,
1.25,0,20260986,inserted_20260730_block,1,SAFE-ALPHA,0,0.3125,0.3125,5,851
1.25,0,20260986,inserted_20260730_block,1,Matched terminal weighted e-BH,0,0.25,0.25,4,1180.25
1.25,0,20260987,inserted_20260730_block,1,SAFE-ALPHA,0,0.25,0.25,4,728.5
1.25,0,20260987,inserted_20260730_block,1,Matched terminal weighted e-BH,0,0.1875,0.1875,3,1214
1.25,0,20260988,inserted_20260730_block,1,SAFE-ALPHA,0,0.375,0.375,6,946.833333333
1.25,0,20260988,inserted_20260730_block,1,Matched terminal weighted e-BH,0,0.25,0.25,4,1157.75
1.25,0,20260989,inserted_20260730_block,0.9375,SAFE-ALPHA,0,0,0,0,
1.25,0,20260989,inserted_20260730_block,0.9375,Matched terminal weighted e-BH,0,0,0,0,
1.25,0,20260990,inserted_20260730_block,1,SAFE-ALPHA,0,0.5625,0.5625,9,618.222222222
1.25,0,20260990,inserted_20260730_block,1,Matched terminal weighted e-BH,0,0.5,0.5,8,1180.25
1.25,0,20260991,inserted_20260730_block,1,SAFE-ALPHA,0,0.375,0.375,6,870.166666667
1.25,0,20260991,inserted_20260730_block,1,Matched terminal weighted e-BH,0,0.375,0.375,6,1141.5
1.25,0,20260992,inserted_20260730_block,1,SAFE-ALPHA,0,0.25,0.25,4,804.75
1.25,0,20260992,inserted_20260730_block,1,Matched terminal weighted e-BH,0,0.25,0.25,4,1199
1.25,0,20260993,inserted_20260730_block,1,SAFE-ALPHA,0,0.1875,0.1875,3,411
1.25,0,20260993,inserted_20260730_block,1,Matched terminal weighted e-BH,0,0.0625,0.0625,1,1229
1.25,0,20260994,inserted_20260730_block,0.9375,SAFE-ALPHA,0,0.266666666667,0.25,4,722.25
1.25,0,20260994,inserted_20260730_block,0.9375,Matched terminal weighted e-BH,0,0.2,0.1875,3,1159
1.25,0,20260995,inserted_20260730_block,1,SAFE-ALPHA,0,0.3125,0.3125,5,881
1.25,0,20260995,inserted_20260730_block,1,Matched terminal weighted e-BH,0,0.3125,0.3125,5,1145
1.25,0,20260996,inserted_20260730_block,1,SAFE-ALPHA,0,0.1875,0.1875,3,692.666666667
1.25,0,20260996,inserted_20260730_block,1,Matched terminal weighted e-BH,0,0.1875,0.1875,3,1239
1.25,0,20260997,inserted_20260730_block,1,SAFE-ALPHA,0,0.5625,0.5625,9,671.555555556
1.25,0,20260997,inserted_20260730_block,1,Matched terminal weighted e-BH,0,0.4375,0.4375,7,1121.85714286
1.25,0,20260998,inserted_20260730_block,1,SAFE-ALPHA,0,0.3125,0.3125,5,544
1.25,0,20260998,inserted_20260730_block,1,Matched terminal weighted e-BH,0,0.1875,0.1875,3,1224
1.25,0,20260999,inserted_20260730_block,1,SAFE-ALPHA,0,0.1875,0.1875,3,524.333333333
1.25,0,20260999,inserted_20260730_block,1,Matched terminal weighted e-BH,0,0.1875,0.1875,3,1154
1.25,0,20261000,inserted_20260730_block,1,SAFE-ALPHA,0,0.1875,0.1875,3,506
1.25,0,20261000,inserted_20260730_block,1,Matched terminal weighted e-BH,0,0,0,0,
1.25,0,20261001,inserted_20260730_block,1,SAFE-ALPHA,0,0.25,0.25,4,914.75
1.25,0,20261001,inserted_20260730_block,1,Matched terminal weighted e-BH,0,0.1875,0.1875,3,1209
1.25,0,20261002,inserted_20260730_block,1,SAFE-ALPHA,0,0.1875,0.1875,3,731
1.25,0,20261002,inserted_20260730_block,1,Matched terminal weighted e-BH,0,0.125,0.125,2,1124
1.25,0,20261003,inserted_20260730_block,1,SAFE-ALPHA,0,0.25,0.25,4,968.5
1.25,0,20261003,inserted_20260730_block,1,Matched terminal weighted e-BH,0,0,0,0,
1.25,0,20261004,inserted_20260730_block,1,SAFE-ALPHA,0,0.25,0.25,4,729.75
1.25,0,20261004,inserted_20260730_block,1,Matched terminal weighted e-BH,0,0.125,0.125,2,1251.5
1.25,0,20261005,inserted_20260730_block,0.9375,SAFE-ALPHA,0,0.333333333333,0.3125,5,877
1.25,0,20261005,inserted_20260730_block,0.9375,Matched terminal weighted e-BH,0,0.333333333333,0.3125,5,1133
1.25,0,20261006,inserted_20260730_block,1,SAFE-ALPHA,0,0.3125,0.3125,5,925
1.25,0,20261006,inserted_20260730_block,1,Matched terminal weighted e-BH,0,0.125,0.125,2,1049
1.25,0,20261007,inserted_20260730_block,1,SAFE-ALPHA,0,0.5,0.5,8,777.875
1.25,0,20261007,inserted_20260730_block,1,Matched terminal weighted e-BH,0,0.4375,0.4375,7,1169
1.25,0,20261008,inserted_20260730_block,1,SAFE-ALPHA,0,0.25,0.25,4,351
1.25,0,20261008,inserted_20260730_block,1,Matched terminal weighted e-BH,0,0.125,0.125,2,1214
1.25,0,20261009,inserted_20260730_block,0.9375,SAFE-ALPHA,0,0.333333333333,0.3125,5,694
1.25,0,20261009,inserted_20260730_block,0.9375,Matched terminal weighted e-BH,0,0.333333333333,0.3125,5,1181
1.25,0,20261010,inserted_20260730_block,1,SAFE-ALPHA,0,0.3125,0.3125,5,907
1.25,0,20261010,inserted_20260730_block,1,Matched terminal weighted e-BH,0,0.3125,0.3125,5,1229
1.25,0,20261011,inserted_20260730_block,1,SAFE-ALPHA,0,0.25,0.25,4,707.25
1.25,0,20261011,inserted_20260730_block,1,Matched terminal weighted e-BH,0,0.0625,0.0625,1,1259
1.25,0,20261012,inserted_20260730_block,0.9375,SAFE-ALPHA,0,0.266666666667,0.25,4,388.5
1.25,0,20261012,inserted_20260730_block,0.9375,Matched terminal weighted e-BH,0,0.2,0.1875,3,1229
1.25,0,20261013,inserted_20260730_block,1,SAFE-ALPHA,0,0.25,0.25,4,586
1.25,0,20261013,inserted_20260730_block,1,Matched terminal weighted e-BH,0,0.25,0.25,4,1176.5
1.25,0,20261014,inserted_20260730_block,1,SAFE-ALPHA,0,0.1875,0.1875,3,906
1.25,0,20261014,inserted_20260730_block,1,Matched terminal weighted e-BH,0,0.0625,0.0625,1,1124
1.25,0,20261015,inserted_20260730_block,1,SAFE-ALPHA,0,0.3125,0.3125,5,601
1.25,0,20261015,inserted_20260730_block,1,Matched terminal weighted e-BH,0,0.1875,0.1875,3,1169
1.25,0,20261016,inserted_20260730_block,1,SAFE-ALPHA,0,0.3125,0.3125,5,822
1.25,0,20261016,inserted_20260730_block,1,Matched terminal weighted e-BH,0,0.125,0.125,2,1229
1.25,0,20261017,inserted_20260730_block,1,SAFE-ALPHA,0,0,0,0,
1.25,0,20261017,inserted_20260730_block,1,Matched terminal weighted e-BH,0,0,0,0,
1.25,0,20261018,inserted_20260730_block,1,SAFE-ALPHA,0,0.3125,0.3125,5,635
1.25,0,20261018,inserted_20260730_block,1,Matched terminal weighted e-BH,0,0.25,0.25,4,1221.5
1.25,0,20261019,inserted_20260730_block,1,SAFE-ALPHA,0,0.375,0.375,6,894.333333333
1.25,0,20261019,inserted_20260730_block,1,Matched terminal weighted e-BH,0,0.3125,0.3125,5,1172
1.25,0,20261020,inserted_20260730_block,1,SAFE-ALPHA,0,0.25,0.25,4,779.75
1.25,0,20261020,inserted_20260730_block,1,Matched terminal weighted e-BH,0,0.1875,0.1875,3,1224
1.25,0,20261021,inserted_20260730_block,1,SAFE-ALPHA,0,0.375,0.375,6,827.666666667
1.25,0,20261021,inserted_20260730_block,1,Matched terminal weighted e-BH,0,0.0625,0.0625,1,1244
1.25,0,20261022,inserted_20260730_block,1,SAFE-ALPHA,0,0.375,0.375,6,529.333333333
1.25,0,20261022,inserted_20260730_block,1,Matched terminal weighted e-BH,0,0.375,0.375,6,1094
1.25,0,20261023,inserted_20260730_block,1,SAFE-ALPHA,0,0.3125,0.3125,5,885
1.25,0,20261023,inserted_20260730_block,1,Matched terminal weighted e-BH,0,0.3125,0.3125,5,1154
1.25,0,20261024,inserted_20260730_block,1,SAFE-ALPHA,0,0.25,0.25,4,516
1.25,0,20261024,inserted_20260730_block,1,Matched terminal weighted e-BH,0,0.25,0.25,4,1221.5
1.25,0,20261025,inserted_20260730_block,1,SAFE-ALPHA,0,0.3125,0.3125,5,906
1.25,0,20261025,inserted_20260730_block,1,Matched terminal weighted e-BH,0,0.3125,0.3125,5,1208
1.25,0,20261026,inserted_20260730_block,1,SAFE-ALPHA,0,0.375,0.375,6,476.833333333
1.25,0,20261026,inserted_20260730_block,1,Matched terminal weighted e-BH,0,0.3125,0.3125,5,1199
1.25,0,20261027,inserted_20260730_block,1,SAFE-ALPHA,0,0.3125,0.3125,5,896
1.25,0,20261027,inserted_20260730_block,1,Matched terminal weighted e-BH,0,0.3125,0.3125,5,1169
1.25,0,20261028,inserted_20260730_block,1,SAFE-ALPHA,0,0.3125,0.3125,5,716
1.25,0,20261028,inserted_20260730_block,1,Matched terminal weighted e-BH,0,0.25,0.25,4,1135.25
1.25,0,20261029,inserted_20260730_block,1,SAFE-ALPHA,0,0.125,0.125,2,478.5
1.25,0,20261029,inserted_20260730_block,1,Matched terminal weighted e-BH,0,0.125,0.125,2,1244
1.25,0,20261030,inserted_20260730_block,1,SAFE-ALPHA,0,0.25,0.25,4,901
1.25,0,20261030,inserted_20260730_block,1,Matched terminal weighted e-BH,0,0.125,0.125,2,1214
1.25,0,20261031,inserted_20260730_block,1,SAFE-ALPHA,0,0.125,0.125,2,618.5
1.25,0,20261031,inserted_20260730_block,1,Matched terminal weighted e-BH,0,0.125,0.125,2,1161.5
1.25,0,20261032,inserted_20260730_block,0.9375,SAFE-ALPHA,0,0.333333333333,0.3125,5,712
1.25,0,20261032,inserted_20260730_block,0.9375,Matched terminal weighted e-BH,0,0.0666666666667,0.0625,1,1214
1.25,0,20261033,inserted_20260730_block,1,SAFE-ALPHA,0.25,0.1875,0.1875,4,549.333333333
1.25,0,20261033,inserted_20260730_block,1,Matched terminal weighted e-BH,0,0.1875,0.1875,3,1189
1.25,0,20261034,inserted_20260730_block,1,SAFE-ALPHA,0,0.4375,0.4375,7,741.714285714
1.25,0,20261034,inserted_20260730_block,1,Matched terminal weighted e-BH,0,0.25,0.25,4,1191.5
1.25,0,20261035,inserted_20260730_block,1,SAFE-ALPHA,0,0.4375,0.4375,7,612.428571429
1.25,0,20261035,inserted_20260730_block,1,Matched terminal weighted e-BH,0,0.375,0.375,6,1189
1.25,0,20261036,inserted_20260730_block,0.9375,SAFE-ALPHA,0,0.466666666667,0.4375,7,401.714285714
1.25,0,20261036,inserted_20260730_block,0.9375,Matched terminal weighted e-BH,0,0.333333333333,0.3125,5,1184
1.25,0,20261037,inserted_20260730_block,1,SAFE-ALPHA,0,0.625,0.625,10,876
1.25,0,20261037,inserted_20260730_block,1,Matched terminal weighted e-BH,0,0.4375,0.4375,7,1113.28571429
1.25,0,20261038,inserted_20260730_block,1,SAFE-ALPHA,0,0.5,0.5,8,711.625
1.25,0,20261038,inserted_20260730_block,1,Matched terminal weighted e-BH,0,0.375,0.375,6,1191.5
1.25,0,20261039,inserted_20260730_block,1,SAFE-ALPHA,0,0.375,0.375,6,894.333333333
1.25,0,20261039,inserted_20260730_block,1,Matched terminal weighted e-BH,0,0.25,0.25,4,1214
1.25,0,20261040,inserted_20260730_block,1,SAFE-ALPHA,0,0.25,0.25,4,667.25
1.25,0,20261040,inserted_20260730_block,1,Matched terminal weighted e-BH,0,0.25,0.25,4,1184
1.25,0,20261041,inserted_20260730_block,1,SAFE-ALPHA,0,0.5,0.5,8,682.875
1.25,0,20261041,inserted_20260730_block,1,Matched terminal weighted e-BH,0,0.4375,0.4375,7,1186.14285714
1.25,0,20261042,inserted_20260730_block,0.9375,SAFE-ALPHA,0,0.466666666667,0.4375,7,523.142857143
1.25,0,20261042,inserted_20260730_block,0.9375,Matched terminal weighted e-BH,0,0.4,0.375,6,1196.5
1.25,0,20261043,inserted_20260730_block,1,SAFE-ALPHA,0,0.4375,0.4375,7,593.142857143
1.25,0,20261043,inserted_20260730_block,1,Matched terminal weighted e-BH,0,0.25,0.25,4,1214
1.25,0,20261044,inserted_20260730_block,1,SAFE-ALPHA,0,0.3125,0.3125,5,748
1.25,0,20261044,inserted_20260730_block,1,Matched terminal weighted e-BH,0,0.25,0.25,4,1157.75
1.25,0,20261045,inserted_20260730_block,0.9375,SAFE-ALPHA,0,0.266666666667,0.25,4,606
1.25,0,20261045,inserted_20260730_block,0.9375,Matched terminal weighted e-BH,0,0.2,0.1875,3,1214
1.25,0,20261046,inserted_20260730_block,1,SAFE-ALPHA,0,0.625,0.625,10,709
1.25,0,20261046,inserted_20260730_block,1,Matched terminal weighted e-BH,0,0.375,0.375,6,1139
1.25,0,20261047,inserted_20260730_block,0.9375,SAFE-ALPHA,0,0.4,0.375,6,979.333333333
1.25,0,20261047,inserted_20260730_block,0.9375,Matched terminal weighted e-BH,0,0.333333333333,0.3125,5,1160
1.25,0,20261048,inserted_20260730_block,1,SAFE-ALPHA,0,0.5,0.5,8,598.5
1.25,0,20261048,inserted_20260730_block,1,Matched terminal weighted e-BH,0,0.4375,0.4375,7,1139
1.25,0,20261049,inserted_20260730_block,0.9375,SAFE-ALPHA,0,0.266666666667,0.25,4,543.5
1.25,0,20261049,inserted_20260730_block,0.9375,Matched terminal weighted e-BH,0,0.266666666667,0.25,4,1202.75
1.25,0,20261050,inserted_20260730_block,0.9375,SAFE-ALPHA,0,0.4,0.375,6,725.166666667
1.25,0,20261050,inserted_20260730_block,0.9375,Matched terminal weighted e-BH,0,0.4,0.375,6,1171.5
1.25,0,20261051,inserted_20260730_block,1,SAFE-ALPHA,0,0.4375,0.4375,7,613.142857143
1.25,0,20261051,inserted_20260730_block,1,Matched terminal weighted e-BH,0,0.375,0.375,6,1171.5
1.25,0,20261052,inserted_20260730_block,0.9375,SAFE-ALPHA,0,0.266666666667,0.25,4,1004.75
1.25,0,20261052,inserted_20260730_block,0.9375,Matched terminal weighted e-BH,0,0.2,0.1875,3,1199
1.25,0,20261053,inserted_20260730_block,1,SAFE-ALPHA,0,0.25,0.25,4,803.5
1.25,0,20261053,inserted_20260730_block,1,Matched terminal weighted e-BH,0,0.25,0.25,4,1169
1.25,0,20261054,inserted_20260730_block,1,SAFE-ALPHA,0,0.25,0.25,4,711
1.25,0,20261054,inserted_20260730_block,1,Matched terminal weighted e-BH,0,0.125,0.125,2,1221.5
1.25,0,20261055,inserted_20260730_block,1,SAFE-ALPHA,0,0.3125,0.3125,5,742
1.25,0,20261055,inserted_20260730_block,1,Matched terminal weighted e-BH,0,0.25,0.25,4,1210.25
1.25,0,20261056,inserted_20260730_block,0.9375,SAFE-ALPHA,0,0.333333333333,0.3125,5,819
1.25,0,20261056,inserted_20260730_block,0.9375,Matched terminal weighted e-BH,0,0.133333333333,0.125,2,1199
1.25,0,20261057,inserted_20260730_block,1,SAFE-ALPHA,0,0.5,0.5,8,619.125
1.25,0,20261057,inserted_20260730_block,1,Matched terminal weighted e-BH,0,0.4375,0.4375,7,1169
1.25,0,20261058,inserted_20260730_block,1,SAFE-ALPHA,0,0.1875,0.1875,3,704.333333333
1.25,0,20261058,inserted_20260730_block,1,Matched terminal weighted e-BH,0,0.125,0.125,2,1191.5
1.25,0,20261059,inserted_20260730_block,1,SAFE-ALPHA,0,0.25,0.25,4,652.25
1.25,0,20261059,inserted_20260730_block,1,Matched terminal weighted e-BH,0,0.1875,0.1875,3,1184
1.25,0,20261060,inserted_20260730_block,1,SAFE-ALPHA,0,0.5,0.5,8,546.625
1.25,0,20261060,inserted_20260730_block,1,Matched terminal weighted e-BH,0,0.375,0.375,6,1191.5
1.25,0,20261061,inserted_20260730_block,1,SAFE-ALPHA,0,0.5,0.5,8,561.625
1.25,0,20261061,inserted_20260730_block,1,Matched terminal weighted e-BH,0,0.4375,0.4375,7,1188.28571429
1.25,0,20261062,inserted_20260730_block,0.9375,SAFE-ALPHA,0,0.466666666667,0.4375,7,731.714285714
1.25,0,20261062,inserted_20260730_block,0.9375,Matched terminal weighted e-BH,0,0.266666666667,0.25,4,1172.75
1.25,0,20261063,inserted_20260730_block,1,SAFE-ALPHA,0,0.25,0.25,4,994.75
1.25,0,20261063,inserted_20260730_block,1,Matched terminal weighted e-BH,0,0.125,0.125,2,1206.5
1.25,0,20261064,inserted_20260730_block,1,SAFE-ALPHA,0,0.375,0.375,6,748.5
1.25,0,20261064,inserted_20260730_block,1,Matched terminal weighted e-BH,0,0.25,0.25,4,1199
1.25,0,20261065,inserted_20260730_block,1,SAFE-ALPHA,0,0.3125,0.3125,5,860
1.25,0,20261065,inserted_20260730_block,1,Matched terminal weighted e-BH,0,0.25,0.25,4,1217.75
1.25,0,20261066,inserted_20260730_block,1,SAFE-ALPHA,0,0.3125,0.3125,5,645
1.25,0,20261066,inserted_20260730_block,1,Matched terminal weighted e-BH,0,0.125,0.125,2,1206.5
1.25,0,20261067,inserted_20260730_block,1,SAFE-ALPHA,0,0.5,0.5,8,702.875
1.25,0,20261067,inserted_20260730_block,1,Matched terminal weighted e-BH,0,0.4375,0.4375,7,1149.71428571
1.25,0,20261068,inserted_20260730_block,1,SAFE-ALPHA,0,0.25,0.25,4,599.75
1.25,0,20261068,inserted_20260730_block,1,Matched terminal weighted e-BH,0,0.0625,0.0625,1,1139
1.25,0,20261069,inserted_20260730_block,0.9375,SAFE-ALPHA,0,0.333333333333,0.3125,5,585
1.25,0,20261069,inserted_20260730_block,0.9375,Matched terminal weighted e-BH,0,0.333333333333,0.3125,5,1220
1.25,0,20261070,inserted_20260730_block,1,SAFE-ALPHA,0,0.5,0.5,8,704.75
1.25,0,20261070,inserted_20260730_block,1,Matched terminal weighted e-BH,0,0.5,0.5,8,1172.75
1.25,0,20261071,inserted_20260730_block,1,SAFE-ALPHA,0,0.375,0.375,6,592.666666667
1.25,0,20261071,inserted_20260730_block,1,Matched terminal weighted e-BH,0,0.3125,0.3125,5,1142
1.25,0,20261072,inserted_20260730_block,1,SAFE-ALPHA,0,0.25,0.25,4,663.5
1.25,0,20261072,inserted_20260730_block,1,Matched terminal weighted e-BH,0,0.25,0.25,4,1206.5
1.25,0,20261073,inserted_20260730_block,1,SAFE-ALPHA,0,0.4375,0.4375,7,724.571428571
1.25,0,20261073,inserted_20260730_block,1,Matched terminal weighted e-BH,0,0.25,0.25,4,1169
1.25,0,20261074,inserted_20260730_block,1,SAFE-ALPHA,0,0.625,0.625,10,558
1.25,0,20261074,inserted_20260730_block,1,Matched terminal weighted e-BH,0,0.125,0.125,2,1229
1.25,0,20261075,inserted_20260730_block,0.9375,SAFE-ALPHA,0,0.333333333333,0.3125,5,422
1.25,0,20261075,inserted_20260730_block,0.9375,Matched terminal weighted e-BH,0,0.2,0.1875,3,1189
1.25,0,20261076,inserted_20260730_block,0.9375,SAFE-ALPHA,0,0.266666666667,0.25,4,774.75
1.25,0,20261076,inserted_20260730_block,0.9375,Matched terminal weighted e-BH,0,0.133333333333,0.125,2,1154
1.25,0,20261077,inserted_20260730_block,0.9375,SAFE-ALPHA,0,0.466666666667,0.4375,7,620.285714286
1.25,0,20261077,inserted_20260730_block,0.9375,Matched terminal weighted e-BH,0,0.333333333333,0.3125,5,1193
1.25,0,20261078,inserted_20260730_block,1,SAFE-ALPHA,0,0.25,0.25,4,911
1.25,0,20261078,inserted_20260730_block,1,Matched terminal weighted e-BH,0,0.25,0.25,4,1139
1.25,0,20261079,inserted_20260730_block,1,SAFE-ALPHA,0,0.3125,0.3125,5,756
1.25,0,20261079,inserted_20260730_block,1,Matched terminal weighted e-BH,0,0.25,0.25,4,1157.75
1.25,0,20261080,inserted_20260730_block,0.9375,SAFE-ALPHA,0,0.533333333333,0.5,8,872.25
1.25,0,20261080,inserted_20260730_block,0.9375,Matched terminal weighted e-BH,0,0.466666666667,0.4375,7,1162.57142857
1.25,0,20261081,inserted_20260730_block,1,SAFE-ALPHA,0,0.3125,0.3125,5,497
1.25,0,20261081,inserted_20260730_block,1,Matched terminal weighted e-BH,0,0.3125,0.3125,5,1184
1.25,0,20261082,inserted_20260730_block,0.9375,SAFE-ALPHA,0,0.133333333333,0.125,2,868.5
1.25,0,20261082,inserted_20260730_block,0.9375,Matched terminal weighted e-BH,0,0,0,0,
1.25,0,20261083,inserted_20260730_block,0.9375,SAFE-ALPHA,0,0.333333333333,0.3125,5,485
1.25,0,20261083,inserted_20260730_block,0.9375,Matched terminal weighted e-BH,0,0.266666666667,0.25,4,1172.75
1.25,0,20261084,inserted_20260730_block,1,SAFE-ALPHA,0,0.25,0.25,4,474.75
1.25,0,20261084,inserted_20260730_block,1,Matched terminal weighted e-BH,0,0.125,0.125,2,1206.5
1.25,0,20261085,inserted_20260730_block,1,SAFE-ALPHA,0,0.375,0.375,6,796
1.25,0,20261085,inserted_20260730_block,1,Matched terminal weighted e-BH,0,0.375,0.375,6,1194
1.25,0,20261086,inserted_20260730_block,1,SAFE-ALPHA,0,0.25,0.25,4,866
1.25,0,20261086,inserted_20260730_block,1,Matched terminal weighted e-BH,0,0.1875,0.1875,3,1144
1.25,0,20261087,inserted_20260730_block,1,SAFE-ALPHA,0,0.4375,0.4375,7,653.142857143
1.25,0,20261087,inserted_20260730_block,1,Matched terminal weighted e-BH,0,0.375,0.375,6,1131.5
1.25,0,20261088,inserted_20260730_block,1,SAFE-ALPHA,0,0.1875,0.1875,3,934.333333333
1.25,0,20261088,inserted_20260730_block,1,Matched terminal weighted e-BH,0,0.1875,0.1875,3,1229
1.25,0,20261089,inserted_20260730_block,1,SAFE-ALPHA,0,0.375,0.375,6,648.5
1.25,0,20261089,inserted_20260730_block,1,Matched terminal weighted e-BH,0,0.1875,0.1875,3,1184
1.25,0,20261090,inserted_20260730_block,0.9375,SAFE-ALPHA,0,0,0,0,
1.25,0,20261090,inserted_20260730_block,0.9375,Matched terminal weighted e-BH,0,0,0,0,
1.25,0,20261091,inserted_20260730_block,0.9375,SAFE-ALPHA,0,0.6,0.5625,9,820.444444444
1.25,0,20261091,inserted_20260730_block,0.9375,Matched terminal weighted e-BH,0,0.466666666667,0.4375,7,1169
1.25,0,20261092,inserted_20260730_block,0.9375,SAFE-ALPHA,0,0.2,0.1875,3,949.333333333
1.25,0,20261092,inserted_20260730_block,0.9375,Matched terminal weighted e-BH,0,0.2,0.1875,3,1179
1.25,0,20261093,inserted_20260730_block,1,SAFE-ALPHA,0,0.375,0.375,6,766
1.25,0,20261093,inserted_20260730_block,1,Matched terminal weighted e-BH,0,0.1875,0.1875,3,1209
1.25,0,20261094,inserted_20260730_block,1,SAFE-ALPHA,0,0.3125,0.3125,5,788
1.25,0,20261094,inserted_20260730_block,1,Matched terminal weighted e-BH,0,0.25,0.25,4,1176.5
1.25,0,20261095,inserted_20260730_block,1,SAFE-ALPHA,0,0.125,0.125,2,471
1.25,0,20261095,inserted_20260730_block,1,Matched terminal weighted e-BH,0,0.0625,0.0625,1,1259
1.25,0,20261096,inserted_20260730_block,1,SAFE-ALPHA,0,0.4375,0.4375,7,873.857142857
1.25,0,20261096,inserted_20260730_block,1,Matched terminal weighted e-BH,0,0.375,0.375,6,1171.5
1.25,0,20261097,inserted_20260730_block,1,SAFE-ALPHA,0,0.5,0.5,8,641
1.25,0,20261097,inserted_20260730_block,1,Matched terminal weighted e-BH,0,0.25,0.25,4,1221.5
1.25,0,20261098,inserted_20260730_block,1,SAFE-ALPHA,0,0.375,0.375,6,834.333333333
1.25,0,20261098,inserted_20260730_block,1,Matched terminal weighted e-BH,0,0.375,0.375,6,1181.5
1.25,0,20261099,inserted_20260730_block,0.8125,SAFE-ALPHA,0,0.461538461538,0.375,6,455.166666667
1.25,0,20261099,inserted_20260730_block,0.8125,Matched terminal weighted e-BH,0,0.230769230769,0.1875,3,1199
1.25,0,20261100,inserted_20260730_block,0.9375,SAFE-ALPHA,0,0.133333333333,0.125,2,788.5
1.25,0,20261100,inserted_20260730_block,0.9375,Matched terminal weighted e-BH,0,0.133333333333,0.125,2,1214
1.25,0,20261101,inserted_20260730_block,1,SAFE-ALPHA,0,0.375,0.375,6,644.333333333
1.25,0,20261101,inserted_20260730_block,1,Matched terminal weighted e-BH,0,0.375,0.375,6,1184
1.25,0,20261102,inserted_20260730_block,0.9375,SAFE-ALPHA,0.142857142857,0.4,0.375,7,803.5
1.25,0,20261102,inserted_20260730_block,0.9375,Matched terminal weighted e-BH,0,0.333333333333,0.3125,5,1124
1.25,0,20261103,inserted_20260730_block,1,SAFE-ALPHA,0,0.1875,0.1875,3,834.333333333
1.25,0,20261103,inserted_20260730_block,1,Matched terminal weighted e-BH,0,0.125,0.125,2,1191.5
1.25,0,20261104,inserted_20260730_block,1,SAFE-ALPHA,0,0.5,0.5,8,729.125
1.25,0,20261104,inserted_20260730_block,1,Matched terminal weighted e-BH,0,0.375,0.375,6,1066.5
1.25,0,20261105,inserted_20260730_block,1,SAFE-ALPHA,0,0.3125,0.3125,5,690
1.25,0,20261105,inserted_20260730_block,1,Matched terminal weighted e-BH,0,0.3125,0.3125,5,1169
1.25,0,20261106,inserted_20260730_block,1,SAFE-ALPHA,0,0.6875,0.6875,11,679.181818182
1.25,0,20261106,inserted_20260730_block,1,Matched terminal weighted e-BH,0,0.4375,0.4375,7,1087.57142857
1.25,0,20261107,inserted_20260730_block,0.9375,SAFE-ALPHA,0,0.266666666667,0.25,4,744.75
1.25,0,20261107,inserted_20260730_block,0.9375,Matched terminal weighted e-BH,0,0.2,0.1875,3,1139
1.25,0,20261108,inserted_20260730_block,1,SAFE-ALPHA,0,0.25,0.25,4,1023.5
1.25,0,20261108,inserted_20260730_block,1,Matched terminal weighted e-BH,0,0.0625,0.0625,1,1229
1.25,0,20261109,inserted_20260730_block,1,SAFE-ALPHA,0,0.3125,0.3125,5,893
1.25,0,20261109,inserted_20260730_block,1,Matched terminal weighted e-BH,0,0.0625,0.0625,1,1154
1.25,0,20261110,inserted_20260730_block,1,SAFE-ALPHA,0,0.25,0.25,4,611
1.25,0,20261110,inserted_20260730_block,1,Matched terminal weighted e-BH,0,0.25,0.25,4,1214
1.25,0,20261111,inserted_20260730_block,1,SAFE-ALPHA,0,0.25,0.25,4,798.5
1.25,0,20261111,inserted_20260730_block,1,Matched terminal weighted e-BH,0,0.125,0.125,2,1251.5
1.25,0,20261112,inserted_20260730_block,1,SAFE-ALPHA,0,0.0625,0.0625,1,761
1.25,0,20261112,inserted_20260730_block,1,Matched terminal weighted e-BH,0,0,0,0,
1.25,0,20261113,inserted_20260730_block,1,SAFE-ALPHA,0,0.375,0.375,6,730.166666667
1.25,0,20261113,inserted_20260730_block,1,Matched terminal weighted e-BH,0,0.25,0.25,4,1120.25
1.25,0,20261114,inserted_20260730_block,1,SAFE-ALPHA,0,0.125,0.125,2,946
1.25,0,20261114,inserted_20260730_block,1,Matched terminal weighted e-BH,0,0.0625,0.0625,1,1244
1.25,0,20261115,inserted_20260730_block,1,SAFE-ALPHA,0,0.375,0.375,6,661
1.25,0,20261115,inserted_20260730_block,1,Matched terminal weighted e-BH,0,0.25,0.25,4,1172.75
1.25,0,20261116,inserted_20260730_block,1,SAFE-ALPHA,0,0.125,0.125,2,586
1.25,0,20261116,inserted_20260730_block,1,Matched terminal weighted e-BH,0,0.125,0.125,2,1236.5
1.25,0,20261117,inserted_20260730_block,1,SAFE-ALPHA,0,0.3125,0.3125,5,673
1.25,0,20261117,inserted_20260730_block,1,Matched terminal weighted e-BH,0,0.25,0.25,4,1195.25
1.25,0,20261118,inserted_20260730_block,1,SAFE-ALPHA,0,0.4375,0.4375,7,595.285714286
1.25,0,20261118,inserted_20260730_block,1,Matched terminal weighted e-BH,0,0.3125,0.3125,5,1187
1.25,0,20261119,inserted_20260730_block,1,SAFE-ALPHA,0,0.3125,0.3125,5,863
1.25,0,20261119,inserted_20260730_block,1,Matched terminal weighted e-BH,0,0.125,0.125,2,1124
1.25,0,20261120,inserted_20260730_block,0.9375,SAFE-ALPHA,0,0.266666666667,0.25,4,1033.5
1.25,0,20261120,inserted_20260730_block,0.9375,Matched terminal weighted e-BH,0,0.2,0.1875,3,1149
1.25,0,20261121,inserted_20260730_block,1,SAFE-ALPHA,0,0.3125,0.3125,5,790
1.25,0,20261121,inserted_20260730_block,1,Matched terminal weighted e-BH,0,0.3125,0.3125,5,1193
1.25,0,20261122,inserted_20260730_block,1,SAFE-ALPHA,0,0.375,0.375,6,583.5
1.25,0,20261122,inserted_20260730_block,1,Matched terminal weighted e-BH,0,0.25,0.25,4,1157.75
1.25,0,20261123,inserted_20260730_block,0.9375,SAFE-ALPHA,0,0.4,0.375,6,487.666666667
1.25,0,20261123,inserted_20260730_block,0.9375,Matched terminal weighted e-BH,0,0.4,0.375,6,1196.5
1.25,0,20261124,inserted_20260730_block,1,SAFE-ALPHA,0,0.4375,0.4375,7,913.142857143
1.25,0,20261124,inserted_20260730_block,1,Matched terminal weighted e-BH,0,0.25,0.25,4,1229
1.25,0,20261125,inserted_20260730_block,1,SAFE-ALPHA,0,0.3125,0.3125,5,640.6
1.25,0,20261125,inserted_20260730_block,1,Matched terminal weighted e-BH,0,0.3125,0.3125,5,1166
1.25,0,20261126,inserted_20260730_block,1,SAFE-ALPHA,0,0.5625,0.5625,9,716.555555556
1.25,0,20261126,inserted_20260730_block,1,Matched terminal weighted e-BH,0,0.3125,0.3125,5,1187
1.25,0,20261127,inserted_20260730_block,1,SAFE-ALPHA,0,0.4375,0.4375,7,769.571428571
1.25,0,20261127,inserted_20260730_block,1,Matched terminal weighted e-BH,0,0.3125,0.3125,5,1151
1.25,0,20261128,inserted_20260730_block,0.9375,SAFE-ALPHA,0,0.266666666667,0.25,4,972.25
1.25,0,20261128,inserted_20260730_block,0.9375,Matched terminal weighted e-BH,0,0.266666666667,0.25,4,1142.75
1.25,0,20261129,inserted_20260730_block,1,SAFE-ALPHA,0,0.4375,0.4375,7,586.714285714
1.25,0,20261129,inserted_20260730_block,1,Matched terminal weighted e-BH,0,0.375,0.375,6,1159
1.25,0,20261130,inserted_20260730_block,1,SAFE-ALPHA,0,0.25,0.25,4,803.5
1.25,0,20261130,inserted_20260730_block,1,Matched terminal weighted e-BH,0,0.125,0.125,2,1244
1.25,0,20261131,inserted_20260730_block,1,SAFE-ALPHA,0,0.3125,0.3125,5,922
1.25,0,20261131,inserted_20260730_block,1,Matched terminal weighted e-BH,0,0.125,0.125,2,1236.5
1.25,0,20261132,inserted_20260730_block,1,SAFE-ALPHA,0,0.375,0.375,6,884.333333333
1.25,0,20261132,inserted_20260730_block,1,Matched terminal weighted e-BH,0,0.375,0.375,6,1146.5
1.25,0,20261133,inserted_20260730_block,1,SAFE-ALPHA,0,0.25,0.25,4,628.5
1.25,0,20261133,inserted_20260730_block,1,Matched terminal weighted e-BH,0,0.125,0.125,2,1236.5
1.25,0,20261134,inserted_20260730_block,1,SAFE-ALPHA,0,0,0,0,
1.25,0,20261134,inserted_20260730_block,1,Matched terminal weighted e-BH,0,0,0,0,
1.25,0,20261135,inserted_20260730_block,0.9375,SAFE-ALPHA,0,0.2,0.1875,3,692.666666667
1.25,0,20261135,inserted_20260730_block,0.9375,Matched terminal weighted e-BH,0,0.133333333333,0.125,2,1161.5
1.25,0,20261136,inserted_20260730_block,0.9375,SAFE-ALPHA,0,0.133333333333,0.125,2,788.5
1.25,0,20261136,inserted_20260730_block,0.9375,Matched terminal weighted e-BH,0,0.133333333333,0.125,2,1221.5
1.25,0,20261137,inserted_20260730_block,1,SAFE-ALPHA,0,0.4375,0.4375,7,613.857142857
1.25,0,20261137,inserted_20260730_block,1,Matched terminal weighted e-BH,0,0.125,0.125,2,1206.5
1.25,0,20261138,inserted_20260730_block,1,SAFE-ALPHA,0,0.4375,0.4375,7,529.571428571
1.25,0,20261138,inserted_20260730_block,1,Matched terminal weighted e-BH,0,0.25,0.25,4,1217.75
1.25,0,20261139,inserted_20260730_block,1,SAFE-ALPHA,0,0.125,0.125,2,851
1.25,0,20261139,inserted_20260730_block,1,Matched terminal weighted e-BH,0,0.0625,0.0625,1,1184
1.25,0,20261140,inserted_20260730_block,0.9375,SAFE-ALPHA,0,0.333333333333,0.3125,5,431
1.25,0,20261140,inserted_20260730_block,0.9375,Matched terminal weighted e-BH,0,0.0666666666667,0.0625,1,1244
1.25,0,20261141,inserted_20260730_block,1,SAFE-ALPHA,0,0.3125,0.3125,5,601
1.25,0,20261141,inserted_20260730_block,1,Matched terminal weighted e-BH,0,0.1875,0.1875,3,1229
1.25,0,20261142,inserted_20260730_block,1,SAFE-ALPHA,0,0.375,0.375,6,671.833333333
1.25,0,20261142,inserted_20260730_block,1,Matched terminal weighted e-BH,0,0.125,0.125,2,1184
1.25,0,20261143,inserted_20260730_block,1,SAFE-ALPHA,0,0.125,0.125,2,781
1.25,0,20261143,inserted_20260730_block,1,Matched terminal weighted e-BH,0,0.0625,0.0625,1,1244
1.25,0,20261144,inserted_20260730_block,1,SAFE-ALPHA,0,0.4375,0.4375,7,917.428571429
1.25,0,20261144,inserted_20260730_block,1,Matched terminal weighted e-BH,0,0.3125,0.3125,5,1196
1.25,0,20261145,inserted_20260730_block,1,SAFE-ALPHA,0,0.125,0.125,2,801
1.25,0,20261145,inserted_20260730_block,1,Matched terminal weighted e-BH,0,0.0625,0.0625,1,1259
1.25,0,20261146,inserted_20260730_block,1,SAFE-ALPHA,0,0.25,0.25,4,539.75
1.25,0,20261146,inserted_20260730_block,1,Matched terminal weighted e-BH,0,0.25,0.25,4,1217.75
1.25,0,20261147,inserted_20260730_block,1,SAFE-ALPHA,0,0.5,0.5,8,936
1.25,0,20261147,inserted_20260730_block,1,Matched terminal weighted e-BH,0,0.1875,0.1875,3,1214
1.25,0,20261148,inserted_20260730_block,0.875,SAFE-ALPHA,0,0.285714285714,0.25,4,657.25
1.25,0,20261148,inserted_20260730_block,0.875,Matched terminal weighted e-BH,0,0.142857142857,0.125,2,1206.5
1.25,0,20261149,inserted_20260730_block,1,SAFE-ALPHA,0,0.4375,0.4375,7,696.714285714
1.25,0,20261149,inserted_20260730_block,1,Matched terminal weighted e-BH,0,0.1875,0.1875,3,1194
1.25,0,20261150,inserted_20260730_block,0.9375,SAFE-ALPHA,0,0.466666666667,0.4375,7,873.142857143
1.25,0,20261150,inserted_20260730_block,0.9375,Matched terminal weighted e-BH,0,0.266666666667,0.25,4,1165.25
1.25,0,20261151,inserted_20260730_block,1,SAFE-ALPHA,0,0.625,0.625,10,779.5
1.25,0,20261151,inserted_20260730_block,1,Matched terminal weighted e-BH,0,0.3125,0.3125,5,1193
1.25,0,20261152,inserted_20260730_block,1,SAFE-ALPHA,0,0.1875,0.1875,3,577.666666667
1.25,0,20261152,inserted_20260730_block,1,Matched terminal weighted e-BH,0,0.0625,0.0625,1,1184
1.25,0,20261153,inserted_20260730_block,1,SAFE-ALPHA,0,0.375,0.375,6,811.833333333
1.25,0,20261153,inserted_20260730_block,1,Matched terminal weighted e-BH,0,0.3125,0.3125,5,1151
1.25,0,20261154,inserted_20260730_block,0.875,SAFE-ALPHA,0,0.285714285714,0.25,4,828.5
1.25,0,20261154,inserted_20260730_block,0.875,Matched terminal weighted e-BH,0,0.142857142857,0.125,2,1221.5
1.25,0,20261155,inserted_20260730_block,1,SAFE-ALPHA,0,0.375,0.375,6,911
1.25,0,20261155,inserted_20260730_block,1,Matched terminal weighted e-BH,0,0.25,0.25,4,1214
1.25,0,20261156,inserted_20260730_block,1,SAFE-ALPHA,0,0,0,0,
1.25,0,20261156,inserted_20260730_block,1,Matched terminal weighted e-BH,0,0,0,0,
1.25,0,20261157,inserted_20260730_block,1,SAFE-ALPHA,0,0.375,0.375,6,867.666666667
1.25,0,20261157,inserted_20260730_block,1,Matched terminal weighted e-BH,0,0.0625,0.0625,1,1154
1.25,0,20261158,inserted_20260730_block,1,SAFE-ALPHA,0,0.375,0.375,6,928.5
1.25,0,20261158,inserted_20260730_block,1,Matched terminal weighted e-BH,0,0.3125,0.3125,5,1178
1.25,0,20261159,inserted_20260730_block,1,SAFE-ALPHA,0,0.5,0.5,8,596
1.25,0,20261159,inserted_20260730_block,1,Matched terminal weighted e-BH,0,0.375,0.375,6,1171.5
1.25,0,20261160,inserted_20260730_block,1,SAFE-ALPHA,0,0.0625,0.0625,1,831
1.25,0,20261160,inserted_20260730_block,1,Matched terminal weighted e-BH,0,0,0,0,
1.25,0,20261161,inserted_20260730_block,1,SAFE-ALPHA,0,0.5625,0.5625,9,714.333333333
1.25,0,20261161,inserted_20260730_block,1,Matched terminal weighted e-BH,0,0.25,0.25,4,1187.75
1.25,0,20261162,inserted_20260730_block,1,SAFE-ALPHA,0,0.375,0.375,6,901.833333333
1.25,0,20261162,inserted_20260730_block,1,Matched terminal weighted e-BH,0,0.3125,0.3125,5,1154
1.25,0,20261163,inserted_20260730_block,0.9375,SAFE-ALPHA,0,0.0666666666667,0.0625,1,611
1.25,0,20261163,inserted_20260730_block,0.9375,Matched terminal weighted e-BH,0,0.0666666666667,0.0625,1,1229
1.25,0,20261164,inserted_20260730_block,1,SAFE-ALPHA,0,0.4375,0.4375,7,678.142857143
1.25,0,20261164,inserted_20260730_block,1,Matched terminal weighted e-BH,0,0.125,0.125,2,1229
1.25,0,20261165,inserted_20260730_block,1,SAFE-ALPHA,0,0.125,0.125,2,628.5
1.25,0,20261165,inserted_20260730_block,1,Matched terminal weighted e-BH,0,0.125,0.125,2,1214
1.25,0,20261166,inserted_20260730_block,1,SAFE-ALPHA,0,0.1875,0.1875,3,734.333333333
1.25,0,20261166,inserted_20260730_block,1,Matched terminal weighted e-BH,0,0.0625,0.0625,1,1244
1.25,0,20261167,inserted_20260730_block,1,SAFE-ALPHA,0.2,0.25,0.25,5,706
1.25,0,20261167,inserted_20260730_block,1,Matched terminal weighted e-BH,0,0.0625,0.0625,1,1259
1.25,0,20261168,inserted_20260730_block,1,SAFE-ALPHA,0,0.125,0.125,2,756
1.25,0,20261168,inserted_20260730_block,1,Matched terminal weighted e-BH,0,0.0625,0.0625,1,1199
1.25,0,20261169,inserted_20260730_block,1,SAFE-ALPHA,0,0.4375,0.4375,7,793.142857143
1.25,0,20261169,inserted_20260730_block,1,Matched terminal weighted e-BH,0,0.375,0.375,6,1174
1.25,0,20261170,inserted_20260730_block,1,SAFE-ALPHA,0,0.4375,0.4375,7,572.428571429
1.25,0,20261170,inserted_20260730_block,1,Matched terminal weighted e-BH,0,0.25,0.25,4,1180.25
1.25,0,20261171,inserted_20260730_block,1,SAFE-ALPHA,0,0.1875,0.1875,3,581
1.25,0,20261171,inserted_20260730_block,1,Matched terminal weighted e-BH,0,0.0625,0.0625,1,1184
1.25,0,20261172,inserted_20260730_block,1,SAFE-ALPHA,0,0.25,0.25,4,728.5
1.25,0,20261172,inserted_20260730_block,1,Matched terminal weighted e-BH,0,0.25,0.25,4,1180.25
1.25,0,20261173,inserted_20260730_block,1,SAFE-ALPHA,0,0.25,0.25,4,518.5
1.25,0,20261173,inserted_20260730_block,1,Matched terminal weighted e-BH,0,0.25,0.25,4,1206.5
1.25,0,20261174,inserted_20260730_block,1,SAFE-ALPHA,0,0.375,0.375,6,771
1.25,0,20261174,inserted_20260730_block,1,Matched terminal weighted e-BH,0,0.3125,0.3125,5,1193
1.25,0,20261175,inserted_20260730_block,1,SAFE-ALPHA,0,0.4375,0.4375,7,761.714285714
1.25,0,20261175,inserted_20260730_block,1,Matched terminal weighted e-BH,0,0.375,0.375,6,1186.5
1.25,0,20261176,inserted_20260730_block,1,SAFE-ALPHA,0,0.0625,0.0625,1,311
1.25,0,20261176,inserted_20260730_block,1,Matched terminal weighted e-BH,0,0.0625,0.0625,1,1259
1.25,0,20261177,inserted_20260730_block,0.9375,SAFE-ALPHA,0,0.4,0.375,6,529.333333333
1.25,0,20261177,inserted_20260730_block,0.9375,Matched terminal weighted e-BH,0,0.2,0.1875,3,1169
1.25,0,20261178,inserted_20260730_block,0.9375,SAFE-ALPHA,0,0.6,0.5625,9,664.888888889
1.25,0,20261178,inserted_20260730_block,0.9375,Matched terminal weighted e-BH,0,0.466666666667,0.4375,7,1192.57142857
1.25,0,20261179,inserted_20260730_block,1,SAFE-ALPHA,0,0.375,0.375,6,755.166666667
1.25,0,20261179,inserted_20260730_block,1,Matched terminal weighted e-BH,0,0.1875,0.1875,3,1164
1.25,0,20261180,inserted_20260730_block,1,SAFE-ALPHA,0,0.0625,0.0625,1,711
1.25,0,20261180,inserted_20260730_block,1,Matched terminal weighted e-BH,0,0.0625,0.0625,1,1259
1.25,0,20261181,inserted_20260730_block,0.9375,SAFE-ALPHA,0,0.2,0.1875,3,744.333333333
1.25,0,20261181,inserted_20260730_block,0.9375,Matched terminal weighted e-BH,0,0.2,0.1875,3,1229
1.25,0,20261182,inserted_20260730_block,1,SAFE-ALPHA,0,0.25,0.25,4,879.75
1.25,0,20261182,inserted_20260730_block,1,Matched terminal weighted e-BH,0,0.25,0.25,4,1199
1.25,0,20261183,inserted_20260730_block,0.9375,SAFE-ALPHA,0,0.4,0.375,6,604.333333333
1.25,0,20261183,inserted_20260730_block,0.9375,Matched terminal weighted e-BH,0,0.2,0.1875,3,1214
1.25,0,20261184,inserted_20260730_block,1,SAFE-ALPHA,0,0.3125,0.3125,5,777
1.25,0,20261184,inserted_20260730_block,1,Matched terminal weighted e-BH,0,0.3125,0.3125,5,1211
1.25,0,20261185,inserted_20260730_block,1,SAFE-ALPHA,0,0.25,0.25,4,884.75
1.25,0,20261185,inserted_20260730_block,1,Matched terminal weighted e-BH,0,0.25,0.25,4,1101.5
1.25,0,20261186,inserted_20260730_block,1,SAFE-ALPHA,0,0.4375,0.4375,7,815.285714286
1.25,0,20261186,inserted_20260730_block,1,Matched terminal weighted e-BH,0,0.3125,0.3125,5,1160
1.25,0,20261187,inserted_20260730_block,1,SAFE-ALPHA,0,0.375,0.375,6,970.166666667
1.25,0,20261187,inserted_20260730_block,1,Matched terminal weighted e-BH,0,0.3125,0.3125,5,1175
1.25,0,20261188,inserted_20260730_block,1,SAFE-ALPHA,0,0.4375,0.4375,7,578.857142857
1.25,0,20261188,inserted_20260730_block,1,Matched terminal weighted e-BH,0,0.4375,0.4375,7,1196.85714286
1.25,0,20261189,inserted_20260730_block,0.9375,SAFE-ALPHA,0,0.133333333333,0.125,2,673.5
1.25,0,20261189,inserted_20260730_block,0.9375,Matched terminal weighted e-BH,0,0.0666666666667,0.0625,1,1259
1.25,0,20261190,inserted_20260730_block,1,SAFE-ALPHA,0,0.1875,0.1875,3,746
1.25,0,20261190,inserted_20260730_block,1,Matched terminal weighted e-BH,0,0.125,0.125,2,1191.5
1.25,0,20261191,inserted_20260730_block,1,SAFE-ALPHA,0,0,0,0,
1.25,0,20261191,inserted_20260730_block,1,Matched terminal weighted e-BH,0,0,0,0,
1.25,0,20261192,inserted_20260730_block,1,SAFE-ALPHA,0,0.1875,0.1875,3,636
1.25,0,20261192,inserted_20260730_block,1,Matched terminal weighted e-BH,0,0.0625,0.0625,1,1259
1.25,0,20261193,inserted_20260730_block,1,SAFE-ALPHA,0,0.4375,0.4375,7,783.142857143
1.25,0,20261193,inserted_20260730_block,1,Matched terminal weighted e-BH,0,0.25,0.25,4,1161.5
1.25,0,20261194,inserted_20260730_block,1,SAFE-ALPHA,0,0.3125,0.3125,5,693
1.25,0,20261194,inserted_20260730_block,1,Matched terminal weighted e-BH,0,0.125,0.125,2,1206.5
1.25,0,20261195,inserted_20260730_block,1,SAFE-ALPHA,0,0.25,0.25,4,658.5
1.25,0,20261195,inserted_20260730_block,1,Matched terminal weighted e-BH,0,0.125,0.125,2,1131.5
1.25,0,20261196,inserted_20260730_block,1,SAFE-ALPHA,0,0.25,0.25,4,587.25
1.25,0,20261196,inserted_20260730_block,1,Matched terminal weighted e-BH,0,0.25,0.25,4,1180.25
1.25,0,20261197,inserted_20260730_block,1,SAFE-ALPHA,0,0.4375,0.4375,7,744.571428571
1.25,0,20261197,inserted_20260730_block,1,Matched terminal weighted e-BH,0,0.4375,0.4375,7,1136.85714286
1.25,0,20261198,inserted_20260730_block,1,SAFE-ALPHA,0,0.25,0.25,4,626
1.25,0,20261198,inserted_20260730_block,1,Matched terminal weighted e-BH,0,0.25,0.25,4,1210.25
1.25,0,20261199,inserted_20260730_block,1,SAFE-ALPHA,0,0.125,0.125,2,1086
1.25,0,20261199,inserted_20260730_block,1,Matched terminal weighted e-BH,0,0.0625,0.0625,1,1229
1.25,0,20261200,inserted_20260730_block,1,SAFE-ALPHA,0,0.25,0.25,4,783.5
1.25,0,20261200,inserted_20260730_block,1,Matched terminal weighted e-BH,0,0.1875,0.1875,3,1154
1.25,0,20261201,inserted_20260730_block,1,SAFE-ALPHA,0,0.1875,0.1875,3,459.333333333
1.25,0,20261201,inserted_20260730_block,1,Matched terminal weighted e-BH,0,0.1875,0.1875,3,1209
1.25,0,20261202,inserted_20260730_block,1,SAFE-ALPHA,0,0.375,0.375,6,792.666666667
1.25,0,20261202,inserted_20260730_block,1,Matched terminal weighted e-BH,0,0.25,0.25,4,1079
1.25,0,20261203,inserted_20260730_block,1,SAFE-ALPHA,0,0.375,0.375,6,692.666666667
1.25,0,20261203,inserted_20260730_block,1,Matched terminal weighted e-BH,0,0.375,0.375,6,1194
1.25,0,20261204,inserted_20260730_block,1,SAFE-ALPHA,0,0.125,0.125,2,828.5
1.25,0,20261204,inserted_20260730_block,1,Matched terminal weighted e-BH,0,0.125,0.125,2,1191.5
1.25,0,20261205,inserted_20260730_block,1,SAFE-ALPHA,0,0.5625,0.5625,9,714.888888889
1.25,0,20261205,inserted_20260730_block,1,Matched terminal weighted e-BH,0,0.375,0.375,6,1196.5
1.25,0,20261206,inserted_20260730_block,1,SAFE-ALPHA,0,0.375,0.375,6,732.666666667
1.25,0,20261206,inserted_20260730_block,1,Matched terminal weighted e-BH,0,0.1875,0.1875,3,1239
1.25,0,20261207,inserted_20260730_block,1,SAFE-ALPHA,0,0.125,0.125,2,623.5
1.25,0,20261207,inserted_20260730_block,1,Matched terminal weighted e-BH,0,0.0625,0.0625,1,1229
1.25,0,20261208,inserted_20260730_block,0.9375,SAFE-ALPHA,0,0.133333333333,0.125,2,873.5
1.25,0,20261208,inserted_20260730_block,0.9375,Matched terminal weighted e-BH,0,0.0666666666667,0.0625,1,1244
1.25,0,20261209,inserted_20260730_block,1,SAFE-ALPHA,0,0.3125,0.3125,5,959
1.25,0,20261209,inserted_20260730_block,1,Matched terminal weighted e-BH,0,0.1875,0.1875,3,1189
1.25,0,20261210,inserted_20260730_block,0.9375,SAFE-ALPHA,0,0.533333333333,0.5,8,764.125
1.25,0,20261210,inserted_20260730_block,0.9375,Matched terminal weighted e-BH,0,0.533333333333,0.5,8,1184
1.25,0,20261211,inserted_20260730_block,1,SAFE-ALPHA,0,0.1875,0.1875,3,376
1.25,0,20261211,inserted_20260730_block,1,Matched terminal weighted e-BH,0,0.0625,0.0625,1,1244
1.25,0,20261212,inserted_20260730_block,1,SAFE-ALPHA,0,0.4375,0.4375,7,713.142857143
1.25,0,20261212,inserted_20260730_block,1,Matched terminal weighted e-BH,0,0.3125,0.3125,5,1160
1.25,0,20261213,inserted_20260730_block,1,SAFE-ALPHA,0,0.375,0.375,6,734.333333333
1.25,0,20261213,inserted_20260730_block,1,Matched terminal weighted e-BH,0,0.1875,0.1875,3,1204
1.25,0,20261214,inserted_20260730_block,0.9375,SAFE-ALPHA,0,0.2,0.1875,3,556
1.25,0,20261214,inserted_20260730_block,0.9375,Matched terminal weighted e-BH,0,0.133333333333,0.125,2,1146.5
1.25,0,20261215,inserted_20260730_block,1,SAFE-ALPHA,0,0.375,0.375,6,880.166666667
1.25,0,20261215,inserted_20260730_block,1,Matched terminal weighted e-BH,0,0.125,0.125,2,1116.5
1.25,0,20261216,inserted_20260730_block,1,SAFE-ALPHA,0,0.375,0.375,6,708.5
1.25,0,20261216,inserted_20260730_block,1,Matched terminal weighted e-BH,0,0.25,0.25,4,1071.5
1.25,0,20261217,inserted_20260730_block,1,SAFE-ALPHA,0,0.5,0.5,8,879.125
1.25,0,20261217,inserted_20260730_block,1,Matched terminal weighted e-BH,0,0.25,0.25,4,1154
1.25,0,20261218,inserted_20260730_block,1,SAFE-ALPHA,0,0.25,0.25,4,548.5
1.25,0,20261218,inserted_20260730_block,1,Matched terminal weighted e-BH,0,0.125,0.125,2,1251.5
1.25,0,20261219,inserted_20260730_block,1,SAFE-ALPHA,0,0.3125,0.3125,5,540
1.25,0,20261219,inserted_20260730_block,1,Matched terminal weighted e-BH,0,0.1875,0.1875,3,1224
1.25,0,20261220,inserted_20260730_block,1,SAFE-ALPHA,0,0.3125,0.3125,5,662
1.25,0,20261220,inserted_20260730_block,1,Matched terminal weighted e-BH,0,0.25,0.25,4,1165.25
1.25,0,20261221,inserted_20260730_block,1,SAFE-ALPHA,0,0.625,0.625,10,767.5
1.25,0,20261221,inserted_20260730_block,1,Matched terminal weighted e-BH,0,0.0625,0.0625,1,1229
1.25,0,20261222,inserted_20260730_block,1,SAFE-ALPHA,0,0.25,0.25,4,717.25
1.25,0,20261222,inserted_20260730_block,1,Matched terminal weighted e-BH,0,0.0625,0.0625,1,1259
1.25,0,20261223,inserted_20260730_block,1,SAFE-ALPHA,0,0.25,0.25,4,621
1.25,0,20261223,inserted_20260730_block,1,Matched terminal weighted e-BH,0,0.25,0.25,4,1187.75
1.25,0,20261224,inserted_20260730_block,1,SAFE-ALPHA,0,0.625,0.625,10,711.5
1.25,0,20261224,inserted_20260730_block,1,Matched terminal weighted e-BH,0,0.4375,0.4375,7,1194.71428571
1.25,0,20261225,inserted_20260730_block,1,SAFE-ALPHA,0,0.1875,0.1875,3,809.333333333
1.25,0,20261225,inserted_20260730_block,1,Matched terminal weighted e-BH,0,0.125,0.125,2,1176.5
1.25,0,20261226,inserted_20260730_block,0.9375,SAFE-ALPHA,0,0.533333333333,0.5,8,589.75
1.25,0,20261226,inserted_20260730_block,0.9375,Matched terminal weighted e-BH,0,0.533333333333,0.5,8,1152.125
1.25,0,20261227,inserted_20260730_block,1,SAFE-ALPHA,0,0.5625,0.5625,9,676
1.25,0,20261227,inserted_20260730_block,1,Matched terminal weighted e-BH,0,0.5,0.5,8,1202.75
1.25,0,20261228,inserted_20260730_block,0.9375,SAFE-ALPHA,0,0.333333333333,0.3125,5,755
1.25,0,20261228,inserted_20260730_block,0.9375,Matched terminal weighted e-BH,0,0.266666666667,0.25,4,1157.75
1.25,0,20261229,inserted_20260730_block,1,SAFE-ALPHA,0,0.1875,0.1875,3,606
1.25,0,20261229,inserted_20260730_block,1,Matched terminal weighted e-BH,0,0.125,0.125,2,1169
1.5,0,314659,archived_314159_anchor,1,SAFE-ALPHA,0,0.625,0.625,10,697.5
1.5,0,314659,archived_314159_anchor,1,Matched terminal weighted e-BH,0,0.5,0.5,8,1159.625
1.5,0,314660,archived_314159_anchor,1,SAFE-ALPHA,0,0.6875,0.6875,11,810.090909091
1.5,0,314660,archived_314159_anchor,1,Matched terminal weighted e-BH,0,0.625,0.625,10,1163
1.5,0,314661,archived_314159_anchor,1,SAFE-ALPHA,0,0.4375,0.4375,7,718.857142857
1.5,0,314661,archived_314159_anchor,1,Matched terminal weighted e-BH,0,0.375,0.375,6,1164
1.5,0,314662,archived_314159_anchor,1,SAFE-ALPHA,0,0.125,0.125,2,556
1.5,0,314662,archived_314159_anchor,1,Matched terminal weighted e-BH,0,0.125,0.125,2,1086.5
1.5,0,314663,archived_314159_anchor,1,SAFE-ALPHA,0,0.6875,0.6875,11,713.727272727
1.5,0,314663,archived_314159_anchor,1,Matched terminal weighted e-BH,0,0.5625,0.5625,9,1164
1.5,0,314664,archived_314159_anchor,1,SAFE-ALPHA,0,0.5625,0.5625,9,874.333333333
1.5,0,314664,archived_314159_anchor,1,Matched terminal weighted e-BH,0,0.375,0.375,6,1161.5
1.5,0,314665,archived_314159_anchor,1,SAFE-ALPHA,0,0.6875,0.6875,11,584.181818182
1.5,0,314665,archived_314159_anchor,1,Matched terminal weighted e-BH,0,0.5625,0.5625,9,1147.33333333
1.5,0,314666,archived_314159_anchor,1,SAFE-ALPHA,0,0.4375,0.4375,7,623.857142857
1.5,0,314666,archived_314159_anchor,1,Matched terminal weighted e-BH,0,0.25,0.25,4,1146.5
1.5,0,314667,archived_314159_anchor,0.9375,SAFE-ALPHA,0,0.466666666667,0.4375,7,540.285714286
1.5,0,314667,archived_314159_anchor,0.9375,Matched terminal weighted e-BH,0,0.266666666667,0.25,4,1180.25
1.5,0,314668,archived_314159_anchor,1,SAFE-ALPHA,0,0.5625,0.5625,9,569.888888889
1.5,0,314668,archived_314159_anchor,1,Matched terminal weighted e-BH,0,0.5625,0.5625,9,1180.66666667
1.5,0,314669,archived_314159_anchor,1,SAFE-ALPHA,0,0.5625,0.5625,9,552.666666667
1.5,0,314669,archived_314159_anchor,1,Matched terminal weighted e-BH,0,0.5625,0.5625,9,1157.33333333
1.5,0,314670,archived_314159_anchor,1,SAFE-ALPHA,0,0.4375,0.4375,7,681.714285714
1.5,0,314670,archived_314159_anchor,1,Matched terminal weighted e-BH,0,0.375,0.375,6,1159
1.5,0,314671,archived_314159_anchor,1,SAFE-ALPHA,0,0.5625,0.5625,9,660.444444444
1.5,0,314671,archived_314159_anchor,1,Matched terminal weighted e-BH,0,0.3125,0.3125,5,1178
1.5,0,314672,archived_314159_anchor,1,SAFE-ALPHA,0,0.3125,0.3125,5,730
1.5,0,314672,archived_314159_anchor,1,Matched terminal weighted e-BH,0,0.3125,0.3125,5,1208
1.5,0,314673,archived_314159_anchor,1,SAFE-ALPHA,0,0.5,0.5,8,589.75
1.5,0,314673,archived_314159_anchor,1,Matched terminal weighted e-BH,0,0.5,0.5,8,1178.375
1.5,0,314674,archived_314159_anchor,1,SAFE-ALPHA,0,0.4375,0.4375,7,581.714285714
1.5,0,314674,archived_314159_anchor,1,Matched terminal weighted e-BH,0,0.375,0.375,6,1154
1.5,0,314675,archived_314159_anchor,1,SAFE-ALPHA,0,0.5,0.5,8,834.75
1.5,0,314675,archived_314159_anchor,1,Matched terminal weighted e-BH,0,0.5,0.5,8,1172.75
1.5,0,314676,archived_314159_anchor,1,SAFE-ALPHA,0,0.5625,0.5625,9,771
1.5,0,314676,archived_314159_anchor,1,Matched terminal weighted e-BH,0,0.3125,0.3125,5,1196
1.5,0,314677,archived_314159_anchor,1,SAFE-ALPHA,0,0.5625,0.5625,9,766
1.5,0,314677,archived_314159_anchor,1,Matched terminal weighted e-BH,0,0.375,0.375,6,1111.5
1.5,0,314678,archived_314159_anchor,1,SAFE-ALPHA,0,0.5,0.5,8,621
1.5,0,314678,archived_314159_anchor,1,Matched terminal weighted e-BH,0,0.4375,0.4375,7,1158.28571429
1.5,0,314679,archived_314159_anchor,1,SAFE-ALPHA,0,0.8125,0.8125,13,706.384615385
1.5,0,314679,archived_314159_anchor,1,Matched terminal weighted e-BH,0,0.5625,0.5625,9,1167.33333333
1.5,0,314680,archived_314159_anchor,1,SAFE-ALPHA,0,0.5,0.5,8,559.125
1.5,0,314680,archived_314159_anchor,1,Matched terminal weighted e-BH,0,0.3125,0.3125,5,1205
1.5,0,314681,archived_314159_anchor,1,SAFE-ALPHA,0,0.625,0.625,10,582.5
1.5,0,314681,archived_314159_anchor,1,Matched terminal weighted e-BH,0,0.625,0.625,10,1178
1.5,0,314682,archived_314159_anchor,1,SAFE-ALPHA,0,0.375,0.375,6,643.5
1.5,0,314682,archived_314159_anchor,1,Matched terminal weighted e-BH,0,0.3125,0.3125,5,1130
1.5,0,314683,archived_314159_anchor,1,SAFE-ALPHA,0,0.5625,0.5625,9,587.666666667
1.5,0,314683,archived_314159_anchor,1,Matched terminal weighted e-BH,0,0.5,0.5,8,1172.75
1.5,0,314684,archived_314159_anchor,1,SAFE-ALPHA,0,0.375,0.375,6,684.333333333
1.5,0,314684,archived_314159_anchor,1,Matched terminal weighted e-BH,0,0.3125,0.3125,5,1205
1.5,0,314685,archived_314159_anchor,1,SAFE-ALPHA,0,0.875,0.875,14,667.428571429
1.5,0,314685,archived_314159_anchor,1,Matched terminal weighted e-BH,0,0.8125,0.8125,13,1134.38461538
1.5,0,314686,archived_314159_anchor,1,SAFE-ALPHA,0,0.75,0.75,12,653.083333333
1.5,0,314686,archived_314159_anchor,1,Matched terminal weighted e-BH,0,0.3125,0.3125,5,1169
1.5,0,314687,archived_314159_anchor,0.9375,SAFE-ALPHA,0,0.466666666667,0.4375,7,674.571428571
1.5,0,314687,archived_314159_anchor,0.9375,Matched terminal weighted e-BH,0,0.0666666666667,0.0625,1,1229
1.5,0,314688,archived_314159_anchor,1,SAFE-ALPHA,0,0.5,0.5,8,596.625
1.5,0,314688,archived_314159_anchor,1,Matched terminal weighted e-BH,0,0.375,0.375,6,1181.5
1.5,0,314689,archived_314159_anchor,1,SAFE-ALPHA,0,0.625,0.625,10,764.5
1.5,0,314689,archived_314159_anchor,1,Matched terminal weighted e-BH,0,0.5,0.5,8,1165.25
1.5,0,314690,archived_314159_anchor,1,SAFE-ALPHA,0,0.5,0.5,8,613.5
1.5,0,314690,archived_314159_anchor,1,Matched terminal weighted e-BH,0,0.4375,0.4375,7,1209.71428571
1.5,0,314691,archived_314159_anchor,1,SAFE-ALPHA,0,0.3125,0.3125,5,850
1.5,0,314691,archived_314159_anchor,1,Matched terminal weighted e-BH,0,0.3125,0.3125,5,1181
1.5,0,314692,archived_314159_anchor,1,SAFE-ALPHA,0,0.375,0.375,6,625.166666667
1.5,0,314692,archived_314159_anchor,1,Matched terminal weighted e-BH,0,0.3125,0.3125,5,1166
1.5,0,314693,archived_314159_anchor,1,SAFE-ALPHA,0,0.4375,0.4375,7,724.571428571
1.5,0,314693,archived_314159_anchor,1,Matched terminal weighted e-BH,0,0.125,0.125,2,1206.5
1.5,0,314694,archived_314159_anchor,1,SAFE-ALPHA,0,0.6875,0.6875,11,532.818181818
1.5,0,314694,archived_314159_anchor,1,Matched terminal weighted e-BH,0,0.5,0.5,8,1167.125
1.5,0,314695,archived_314159_anchor,1,SAFE-ALPHA,0,0.625,0.625,10,505
1.5,0,314695,archived_314159_anchor,1,Matched terminal weighted e-BH,0,0.5625,0.5625,9,1184
1.5,0,314696,archived_314159_anchor,1,SAFE-ALPHA,0.0909090909091,0.625,0.625,11,728
1.5,0,314696,archived_314159_anchor,1,Matched terminal weighted e-BH,0,0.5625,0.5625,9,1157.33333333
1.5,0,314697,archived_314159_anchor,1,SAFE-ALPHA,0,0.375,0.375,6,790.166666667
1.5,0,314697,archived_314159_anchor,1,Matched terminal weighted e-BH,0,0.25,0.25,4,1191.5
1.5,0,314698,archived_314159_anchor,1,SAFE-ALPHA,0,0.75,0.75,12,781.416666667
1.5,0,314698,archived_314159_anchor,1,Matched terminal weighted e-BH,0,0.6875,0.6875,11,1126.72727273
1.5,0,314699,archived_314159_anchor,1,SAFE-ALPHA,0,0.5,0.5,8,711.625
1.5,0,314699,archived_314159_anchor,1,Matched terminal weighted e-BH,0,0.5,0.5,8,1176.5
1.5,0,314700,archived_314159_anchor,1,SAFE-ALPHA,0,0.5625,0.5625,9,690.444444444
1.5,0,314700,archived_314159_anchor,1,Matched terminal weighted e-BH,0,0.4375,0.4375,7,1188.28571429
1.5,0,314701,archived_314159_anchor,1,SAFE-ALPHA,0,0.625,0.625,10,610.8
1.5,0,314701,archived_314159_anchor,1,Matched terminal weighted e-BH,0,0.5625,0.5625,9,1187.33333333
1.5,0,314702,archived_314159_anchor,1,SAFE-ALPHA,0,0.5625,0.5625,9,717.666666667
1.5,0,314702,archived_314159_anchor,1,Matched terminal weighted e-BH,0,0.5625,0.5625,9,1162.33333333
1.5,0,314703,archived_314159_anchor,1,SAFE-ALPHA,0,0.375,0.375,6,800.666666667
1.5,0,314703,archived_314159_anchor,1,Matched terminal weighted e-BH,0,0.25,0.25,4,1210.25
1.5,0,314704,archived_314159_anchor,1,SAFE-ALPHA,0,0.75,0.75,12,690.166666667
1.5,0,314704,archived_314159_anchor,1,Matched terminal weighted e-BH,0,0.625,0.625,10,1175
1.5,0,314705,archived_314159_anchor,0.9375,SAFE-ALPHA,0,0.533333333333,0.5,8,591.625
1.5,0,314705,archived_314159_anchor,0.9375,Matched terminal weighted e-BH,0,0.4,0.375,6,1201.5
1.5,0,314706,archived_314159_anchor,1,SAFE-ALPHA,0,0.5,0.5,8,737.25
1.5,0,314706,archived_314159_anchor,1,Matched terminal weighted e-BH,0,0.4375,0.4375,7,1147.57142857
1.5,0,314707,archived_314159_anchor,1,SAFE-ALPHA,0,0.5625,0.5625,9,724.888888889
1.5,0,314707,archived_314159_anchor,1,Matched terminal weighted e-BH,0,0.5,0.5,8,1161.5
1.5,0,314708,archived_314159_anchor,1,SAFE-ALPHA,0,0.5,0.5,8,869.75
1.5,0,314708,archived_314159_anchor,1,Matched terminal weighted e-BH,0,0.3125,0.3125,5,1166
1.5,0,314709,archived_314159_anchor,1,SAFE-ALPHA,0,0.6875,0.6875,11,533.727272727
1.5,0,314709,archived_314159_anchor,1,Matched terminal weighted e-BH,0,0.6875,0.6875,11,1160.81818182
1.5,0,314710,archived_314159_anchor,1,SAFE-ALPHA,0,0.375,0.375,6,538.5
1.5,0,314710,archived_314159_anchor,1,Matched terminal weighted e-BH,0,0.375,0.375,6,1174
1.5,0,314711,archived_314159_anchor,1,SAFE-ALPHA,0,0.5625,0.5625,9,565.444444444
1.5,0,314711,archived_314159_anchor,1,Matched terminal weighted e-BH,0,0.4375,0.4375,7,1190.42857143
1.5,0,314712,archived_314159_anchor,1,SAFE-ALPHA,0,0.75,0.75,12,835.166666667
1.5,0,314712,archived_314159_anchor,1,Matched terminal weighted e-BH,0,0.625,0.625,10,1137.5
1.5,0,314713,archived_314159_anchor,1,SAFE-ALPHA,0,0.625,0.625,10,779
1.5,0,314713,archived_314159_anchor,1,Matched terminal weighted e-BH,0,0.5625,0.5625,9,1164
1.5,0,314714,archived_314159_anchor,1,SAFE-ALPHA,0,0.625,0.625,10,678.5
1.5,0,314714,archived_314159_anchor,1,Matched terminal weighted e-BH,0,0.5,0.5,8,1165.25
1.5,0,314715,archived_314159_anchor,1,SAFE-ALPHA,0,0.75,0.75,12,871.833333333
1.5,0,314715,archived_314159_anchor,1,Matched terminal weighted e-BH,0,0.6875,0.6875,11,1158.09090909
1.5,0,314716,archived_314159_anchor,1,SAFE-ALPHA,0,0.5,0.5,8,497.25
1.5,0,314716,archived_314159_anchor,1,Matched terminal weighted e-BH,0,0.4375,0.4375,7,1175.42857143
1.5,0,314717,archived_314159_anchor,1,SAFE-ALPHA,0,0.4375,0.4375,7,611.714285714
1.5,0,314717,archived_314159_anchor,1,Matched terminal weighted e-BH,0,0.4375,0.4375,7,1181.85714286
1.5,0,314718,archived_314159_anchor,1,SAFE-ALPHA,0,0.625,0.625,10,638
1.5,0,314718,archived_314159_anchor,1,Matched terminal weighted e-BH,0,0.5,0.5,8,1114.625
1.5,0,314719,archived_314159_anchor,1,SAFE-ALPHA,0,0.5625,0.5625,9,562.111111111
1.5,0,314719,archived_314159_anchor,1,Matched terminal weighted e-BH,0,0.5,0.5,8,1185.875
1.5,0,314720,archived_314159_anchor,1,SAFE-ALPHA,0,0.5625,0.5625,9,552.111111111
1.5,0,314720,archived_314159_anchor,1,Matched terminal weighted e-BH,0,0.5,0.5,8,1114.625
1.5,0,314721,archived_314159_anchor,1,SAFE-ALPHA,0,0.5,0.5,8,725.375
1.5,0,314721,archived_314159_anchor,1,Matched terminal weighted e-BH,0,0.5,0.5,8,1150.25
1.5,0,314722,archived_314159_anchor,1,SAFE-ALPHA,0,0.6875,0.6875,11,696.909090909
1.5,0,314722,archived_314159_anchor,1,Matched terminal weighted e-BH,0,0.625,0.625,10,1146.5
1.5,0,314723,archived_314159_anchor,1,SAFE-ALPHA,0,0.4375,0.4375,7,937.428571429
1.5,0,314723,archived_314159_anchor,1,Matched terminal weighted e-BH,0,0.375,0.375,6,1169
1.5,0,314724,archived_314159_anchor,1,SAFE-ALPHA,0,0.5625,0.5625,9,623.222222222
1.5,0,314724,archived_314159_anchor,1,Matched terminal weighted e-BH,0,0.375,0.375,6,1199
1.5,0,314725,archived_314159_anchor,1,SAFE-ALPHA,0,0.5,0.5,8,640.375
1.5,0,314725,archived_314159_anchor,1,Matched terminal weighted e-BH,0,0.4375,0.4375,7,1132.57142857
1.5,0,314726,archived_314159_anchor,1,SAFE-ALPHA,0,0.5625,0.5625,9,674.333333333
1.5,0,314726,archived_314159_anchor,1,Matched terminal weighted e-BH,0,0.25,0.25,4,1191.5
1.5,0,314727,archived_314159_anchor,1,SAFE-ALPHA,0,0.625,0.625,10,700.5
1.5,0,314727,archived_314159_anchor,1,Matched terminal weighted e-BH,0,0.625,0.625,10,1160
1.5,0,314728,archived_314159_anchor,1,SAFE-ALPHA,0,0.5625,0.5625,9,633.222222222
1.5,0,314728,archived_314159_anchor,1,Matched terminal weighted e-BH,0,0.5625,0.5625,9,1140.66666667
1.5,0,314729,archived_314159_anchor,0.9375,SAFE-ALPHA,0,0.8,0.75,12,724.333333333
1.5,0,314729,archived_314159_anchor,0.9375,Matched terminal weighted e-BH,0,0.666666666667,0.625,10,1158.5
1.5,0,314730,archived_314159_anchor,1,SAFE-ALPHA,0,0.4375,0.4375,7,940.285714286
1.5,0,314730,archived_314159_anchor,1,Matched terminal weighted e-BH,0,0.375,0.375,6,1176.5
1.5,0,314731,archived_314159_anchor,1,SAFE-ALPHA,0,0.625,0.625,10,680
1.5,0,314731,archived_314159_anchor,1,Matched terminal weighted e-BH,0,0.5625,0.5625,9,1174
1.5,0,314732,archived_314159_anchor,1,SAFE-ALPHA,0,0.5,0.5,8,703.5
1.5,0,314732,archived_314159_anchor,1,Matched terminal weighted e-BH,0,0.375,0.375,6,1149
1.5,0,314733,archived_314159_anchor,1,SAFE-ALPHA,0,0.5625,0.5625,9,541.555555556
1.5,0,314733,archived_314159_anchor,1,Matched terminal weighted e-BH,0,0.5,0.5,8,1169
1.5,0,314734,archived_314159_anchor,1,SAFE-ALPHA,0,0.5,0.5,8,858.5
1.5,0,314734,archived_314159_anchor,1,Matched terminal weighted e-BH,0,0.375,0.375,6,1181.5
1.5,0,314735,archived_314159_anchor,1,SAFE-ALPHA,0,0.6875,0.6875,11,627.818181818
1.5,0,314735,archived_314159_anchor,1,Matched terminal weighted e-BH,0,0.625,0.625,10,1148
1.5,0,314736,archived_314159_anchor,1,SAFE-ALPHA,0,0.4375,0.4375,7,678.857142857
1.5,0,314736,archived_314159_anchor,1,Matched terminal weighted e-BH,0,0.25,0.25,4,1109
1.5,0,314737,archived_314159_anchor,1,SAFE-ALPHA,0,0.625,0.625,10,490.5
1.5,0,314737,archived_314159_anchor,1,Matched terminal weighted e-BH,0,0.5625,0.5625,9,1165.66666667
1.5,0,314738,archived_314159_anchor,1,SAFE-ALPHA,0,0.4375,0.4375,7,783.142857143
1.5,0,314738,archived_314159_anchor,1,Matched terminal weighted e-BH,0,0.4375,0.4375,7,1164.71428571
1.5,0,314739,archived_314159_anchor,1,SAFE-ALPHA,0,0.6875,0.6875,11,748.727272727
1.5,0,314739,archived_314159_anchor,1,Matched terminal weighted e-BH,0,0.6875,0.6875,11,1125.36363636
1.5,0,314740,archived_314159_anchor,1,SAFE-ALPHA,0,0.5625,0.5625,9,714.888888889
1.5,0,314740,archived_314159_anchor,1,Matched terminal weighted e-BH,0,0.375,0.375,6,1171.5
1.5,0,314741,archived_314159_anchor,1,SAFE-ALPHA,0,0.5625,0.5625,9,632.666666667
1.5,0,314741,archived_314159_anchor,1,Matched terminal weighted e-BH,0,0.5,0.5,8,1191.5
1.5,0,314742,archived_314159_anchor,1,SAFE-ALPHA,0,0.375,0.375,6,647.666666667
1.5,0,314742,archived_314159_anchor,1,Matched terminal weighted e-BH,0,0.0625,0.0625,1,1259
1.5,0,314743,archived_314159_anchor,1,SAFE-ALPHA,0,0.75,0.75,12,742.666666667
1.5,0,314743,archived_314159_anchor,1,Matched terminal weighted e-BH,0,0.6875,0.6875,11,1114.45454545
1.5,0,314744,archived_314159_anchor,1,SAFE-ALPHA,0,0.4375,0.4375,7,768.857142857
1.5,0,314744,archived_314159_anchor,1,Matched terminal weighted e-BH,0,0.4375,0.4375,7,1164.71428571
1.5,0,314745,archived_314159_anchor,1,SAFE-ALPHA,0,0.625,0.625,10,606
1.5,0,314745,archived_314159_anchor,1,Matched terminal weighted e-BH,0,0.625,0.625,10,1148
1.5,0,314746,archived_314159_anchor,1,SAFE-ALPHA,0,0.6875,0.6875,11,622.363636364
1.5,0,314746,archived_314159_anchor,1,Matched terminal weighted e-BH,0,0.5,0.5,8,1144.625
1.5,0,314747,archived_314159_anchor,1,SAFE-ALPHA,0,0.5625,0.5625,9,716
1.5,0,314747,archived_314159_anchor,1,Matched terminal weighted e-BH,0,0.4375,0.4375,7,1188.28571429
1.5,0,314748,archived_314159_anchor,1,SAFE-ALPHA,0,0.5625,0.5625,9,824.333333333
1.5,0,314748,archived_314159_anchor,1,Matched terminal weighted e-BH,0,0.3125,0.3125,5,1160
1.5,0,314749,archived_314159_anchor,1,SAFE-ALPHA,0,0.4375,0.4375,7,629.571428571
1.5,0,314749,archived_314159_anchor,1,Matched terminal weighted e-BH,0,0.375,0.375,6,1154
1.5,0,314750,archived_314159_anchor,1,SAFE-ALPHA,0,0.4375,0.4375,7,691
1.5,0,314750,archived_314159_anchor,1,Matched terminal weighted e-BH,0,0.4375,0.4375,7,1179.71428571
1.5,0,314751,archived_314159_anchor,1,SAFE-ALPHA,0,0.4375,0.4375,7,742.428571429
1.5,0,314751,archived_314159_anchor,1,Matched terminal weighted e-BH,0,0.3125,0.3125,5,1115
1.5,0,314752,archived_314159_anchor,1,SAFE-ALPHA,0,0.5625,0.5625,9,619.333333333
1.5,0,314752,archived_314159_anchor,1,Matched terminal weighted e-BH,0,0.3125,0.3125,5,1181
1.5,0,314753,archived_314159_anchor,1,SAFE-ALPHA,0,0.5,0.5,8,850.375
1.5,0,314753,archived_314159_anchor,1,Matched terminal weighted e-BH,0,0.25,0.25,4,1161.5
1.5,0,314754,archived_314159_anchor,1,SAFE-ALPHA,0,0.5625,0.5625,9,707.111111111
1.5,0,314754,archived_314159_anchor,1,Matched terminal weighted e-BH,0,0.5625,0.5625,9,1187.33333333
1.5,0,314755,archived_314159_anchor,1,SAFE-ALPHA,0,0.5625,0.5625,9,711
1.5,0,314755,archived_314159_anchor,1,Matched terminal weighted e-BH,0,0.5,0.5,8,1159.625
1.5,0,314756,archived_314159_anchor,1,SAFE-ALPHA,0,0.5625,0.5625,9,606
1.5,0,314756,archived_314159_anchor,1,Matched terminal weighted e-BH,0,0.4375,0.4375,7,1209.71428571
1.5,0,314757,archived_314159_anchor,1,SAFE-ALPHA,0,0.3125,0.3125,5,597
1.5,0,314757,archived_314159_anchor,1,Matched terminal weighted e-BH,0,0.1875,0.1875,3,1184
1.5,0,314758,archived_314159_anchor,1,SAFE-ALPHA,0,0.4375,0.4375,7,681.714285714
1.5,0,314758,archived_314159_anchor,1,Matched terminal weighted e-BH,0,0.3125,0.3125,5,1214
1.5,0,314759,archived_314159_anchor,1,SAFE-ALPHA,0,0.6875,0.6875,11,723.272727273
1.5,0,314759,archived_314159_anchor,1,Matched terminal weighted e-BH,0,0.625,0.625,10,1155.5
1.5,0,314760,archived_314159_anchor,1,SAFE-ALPHA,0,0.1875,0.1875,3,377.666666667
1.5,0,314760,archived_314159_anchor,1,Matched terminal weighted e-BH,0,0.1875,0.1875,3,1234
1.5,0,314761,archived_314159_anchor,1,SAFE-ALPHA,0,0.4375,0.4375,7,540.285714286
1.5,0,314761,archived_314159_anchor,1,Matched terminal weighted e-BH,0,0.4375,0.4375,7,1194.71428571
1.5,0,314762,archived_314159_anchor,0.9375,SAFE-ALPHA,0,0.6,0.5625,9,616.555555556
1.5,0,314762,archived_314159_anchor,0.9375,Matched terminal weighted e-BH,0,0.333333333333,0.3125,5,1190
1.5,0,314763,archived_314159_anchor,1,SAFE-ALPHA,0,0.5,0.5,8,796.625
1.5,0,314763,archived_314159_anchor,1,Matched terminal weighted e-BH,0,0.375,0.375,6,1184
1.5,0,314764,archived_314159_anchor,1,SAFE-ALPHA,0,0.625,0.625,10,687.5
1.5,0,314764,archived_314159_anchor,1,Matched terminal weighted e-BH,0,0.5625,0.5625,9,1165.66666667
1.5,0,314765,archived_314159_anchor,1,SAFE-ALPHA,0,0.4375,0.4375,7,804.571428571
1.5,0,314765,archived_314159_anchor,1,Matched terminal weighted e-BH,0,0.25,0.25,4,1169
1.5,0,314766,archived_314159_anchor,1,SAFE-ALPHA,0,0.6875,0.6875,11,606
1.5,0,314766,archived_314159_anchor,1,Matched terminal weighted e-BH,0,0.625,0.625,10,1173.5
1.5,0,314767,archived_314159_anchor,1,SAFE-ALPHA,0,0.5,0.5,8,876.625
1.5,0,314767,archived_314159_anchor,1,Matched terminal weighted e-BH,0,0.4375,0.4375,7,1173.28571429
1.5,0,314768,archived_314159_anchor,1,SAFE-ALPHA,0,0.5,0.5,8,786
1.5,0,314768,archived_314159_anchor,1,Matched terminal weighted e-BH,0,0.5,0.5,8,1150.25
1.5,0,314769,archived_314159_anchor,1,SAFE-ALPHA,0,0.5,0.5,8,511
1.5,0,314769,archived_314159_anchor,1,Matched terminal weighted e-BH,0,0.375,0.375,6,1204
1.5,0,314770,archived_314159_anchor,1,SAFE-ALPHA,0,0.6875,0.6875,11,601.454545455
1.5,0,314770,archived_314159_anchor,1,Matched terminal weighted e-BH,0,0.5625,0.5625,9,1140.66666667
1.5,0,314771,archived_314159_anchor,1,SAFE-ALPHA,0,0.4375,0.4375,7,581
1.5,0,314771,archived_314159_anchor,1,Matched terminal weighted e-BH,0,0.4375,0.4375,7,1162.57142857
1.5,0,314772,archived_314159_anchor,1,SAFE-ALPHA,0,0.4375,0.4375,7,696.714285714
1.5,0,314772,archived_314159_anchor,1,Matched terminal weighted e-BH,0,0.25,0.25,4,1229
1.5,0,314773,archived_314159_anchor,1,SAFE-ALPHA,0,0.6875,0.6875,11,726
1.5,0,314773,archived_314159_anchor,1,Matched terminal weighted e-BH,0,0.4375,0.4375,7,1190.42857143
1.5,0,314774,archived_314159_anchor,1,SAFE-ALPHA,0,0.75,0.75,12,516.833333333
1.5,0,314774,archived_314159_anchor,1,Matched terminal weighted e-BH,0,0.6875,0.6875,11,1134.90909091
1.5,0,314775,archived_314159_anchor,1,SAFE-ALPHA,0,0.25,0.25,4,719.75
1.5,0,314775,archived_314159_anchor,1,Matched terminal weighted e-BH,0,0.25,0.25,4,1206.5
1.5,0,314776,archived_314159_anchor,1,SAFE-ALPHA,0,0.4375,0.4375,7,691.714285714
1.5,0,314776,archived_314159_anchor,1,Matched terminal weighted e-BH,0,0.3125,0.3125,5,1217
1.5,0,314777,archived_314159_anchor,1,SAFE-ALPHA,0,0.25,0.25,4,457.25
1.5,0,314777,archived_314159_anchor,1,Matched terminal weighted e-BH,0,0.25,0.25,4,1232.75
1.5,0,314778,archived_314159_anchor,1,SAFE-ALPHA,0,0.625,0.625,10,528.5
1.5,0,314778,archived_314159_anchor,1,Matched terminal weighted e-BH,0,0.5,0.5,8,1176.5
1.5,0,314779,archived_314159_anchor,1,SAFE-ALPHA,0,0.8125,0.8125,13,691.769230769
1.5,0,314779,archived_314159_anchor,1,Matched terminal weighted e-BH,0,0.5,0.5,8,1118.375
1.5,0,314780,archived_314159_anchor,1,SAFE-ALPHA,0,0.5,0.5,8,451.625
1.5,0,314780,archived_314159_anchor,1,Matched terminal weighted e-BH,0,0.4375,0.4375,7,1186.14285714
1.5,0,314781,archived_314159_anchor,1,SAFE-ALPHA,0,0.375,0.375,6,703.5
1.5,0,314781,archived_314159_anchor,1,Matched terminal weighted e-BH,0,0.25,0.25,4,1142.75
1.5,0,314782,archived_314159_anchor,0.9375,SAFE-ALPHA,0,0.4,0.375,6,517.666666667
1.5,0,314782,archived_314159_anchor,0.9375,Matched terminal weighted e-BH,0,0.4,0.375,6,1146.5
1.5,0,314783,archived_314159_anchor,1,SAFE-ALPHA,0,0.5625,0.5625,9,515.444444444
1.5,0,314783,archived_314159_anchor,1,Matched terminal weighted e-BH,0,0.5625,0.5625,9,1182.33333333
1.5,0,314784,archived_314159_anchor,1,SAFE-ALPHA,0,0.75,0.75,12,617.25
1.5,0,314784,archived_314159_anchor,1,Matched terminal weighted e-BH,0,0.625,0.625,10,1161.5
1.5,0,314785,archived_314159_anchor,1,SAFE-ALPHA,0,0.5625,0.5625,9,840.444444444
1.5,0,314785,archived_314159_anchor,1,Matched terminal weighted e-BH,0,0.5625,0.5625,9,1134
1.5,0,314786,archived_314159_anchor,1,SAFE-ALPHA,0,0.4375,0.4375,7,399.571428571
1.5,0,314786,archived_314159_anchor,1,Matched terminal weighted e-BH,0,0.375,0.375,6,1114
1.5,0,314787,archived_314159_anchor,1,SAFE-ALPHA,0,0.5625,0.5625,9,818.777777778
1.5,0,314787,archived_314159_anchor,1,Matched terminal weighted e-BH,0,0.5625,0.5625,9,1164
1.5,0,314788,archived_314159_anchor,1,SAFE-ALPHA,0,0.625,0.625,10,696.5
1.5,0,314788,archived_314159_anchor,1,Matched terminal weighted e-BH,0,0.4375,0.4375,7,1151.85714286
1.5,0,314789,archived_314159_anchor,1,SAFE-ALPHA,0,0.5625,0.5625,9,848.777777778
1.5,0,314789,archived_314159_anchor,1,Matched terminal weighted e-BH,0,0.5,0.5,8,1185.875
1.5,0,314790,archived_314159_anchor,1,SAFE-ALPHA,0,0.625,0.625,10,630.5
1.5,0,314790,archived_314159_anchor,1,Matched terminal weighted e-BH,0,0.1875,0.1875,3,1204
1.5,0,314791,archived_314159_anchor,0.9375,SAFE-ALPHA,0,0.666666666667,0.625,10,437
1.5,0,314791,archived_314159_anchor,0.9375,Matched terminal weighted e-BH,0,0.533333333333,0.5,8,1174.625
1.5,0,314792,archived_314159_anchor,1,SAFE-ALPHA,0,0.5625,0.5625,9,687.111111111
1.5,0,314792,archived_314159_anchor,1,Matched terminal weighted e-BH,0,0.5,0.5,8,1154
1.5,0,314793,archived_314159_anchor,1,SAFE-ALPHA,0,0.5625,0.5625,9,658.777777778
1.5,0,314793,archived_314159_anchor,1,Matched terminal weighted e-BH,0,0.5625,0.5625,9,1179
1.5,0,314794,archived_314159_anchor,1,SAFE-ALPHA,0,0.1875,0.1875,3,902.666666667
1.5,0,314794,archived_314159_anchor,1,Matched terminal weighted e-BH,0,0.125,0.125,2,1199
1.5,0,314795,archived_314159_anchor,1,SAFE-ALPHA,0,0.5625,0.5625,9,764.333333333
1.5,0,314795,archived_314159_anchor,1,Matched terminal weighted e-BH,0,0.4375,0.4375,7,1166.85714286
1.5,0,314796,archived_314159_anchor,1,SAFE-ALPHA,0,0.5625,0.5625,9,623.222222222
1.5,0,314796,archived_314159_anchor,1,Matched terminal weighted e-BH,0,0.5625,0.5625,9,1142.33333333
1.5,0,314797,archived_314159_anchor,1,SAFE-ALPHA,0,0.5,0.5,8,644.75
1.5,0,314797,archived_314159_anchor,1,Matched terminal weighted e-BH,0,0.4375,0.4375,7,1186.14285714
1.5,0,314798,archived_314159_anchor,1,SAFE-ALPHA,0,0.3125,0.3125,5,609
1.5,0,314798,archived_314159_anchor,1,Matched terminal weighted e-BH,0,0.25,0.25,4,1169
1.5,0,314799,archived_314159_anchor,1,SAFE-ALPHA,0,0.625,0.625,10,637
1.5,0,314799,archived_314159_anchor,1,Matched terminal weighted e-BH,0,0.5,0.5,8,1155.875
1.5,0,314800,archived_314159_anchor,1,SAFE-ALPHA,0,0.625,0.625,10,677.5
1.5,0,314800,archived_314159_anchor,1,Matched terminal weighted e-BH,0,0.625,0.625,10,1172
1.5,0,314801,archived_314159_anchor,1,SAFE-ALPHA,0,0.625,0.625,10,771
1.5,0,314801,archived_314159_anchor,1,Matched terminal weighted e-BH,0,0.4375,0.4375,7,1188.28571429
1.5,0,314802,archived_314159_anchor,1,SAFE-ALPHA,0,0.4375,0.4375,7,580.285714286
1.5,0,314802,archived_314159_anchor,1,Matched terminal weighted e-BH,0,0.375,0.375,6,1201.5
1.5,0,314803,archived_314159_anchor,0.9375,SAFE-ALPHA,0,0.4,0.375,6,746
1.5,0,314803,archived_314159_anchor,0.9375,Matched terminal weighted e-BH,0,0.2,0.1875,3,1154
1.5,0,314804,archived_314159_anchor,0.9375,SAFE-ALPHA,0,0.4,0.375,6,644.333333333
1.5,0,314804,archived_314159_anchor,0.9375,Matched terminal weighted e-BH,0,0.4,0.375,6,1169
1.5,0,314805,archived_314159_anchor,1,SAFE-ALPHA,0,0.625,0.625,10,592.5
1.5,0,314805,archived_314159_anchor,1,Matched terminal weighted e-BH,0,0.5,0.5,8,1163.375
1.5,0,314806,archived_314159_anchor,1,SAFE-ALPHA,0,0.625,0.625,10,555.5
1.5,0,314806,archived_314159_anchor,1,Matched terminal weighted e-BH,0,0.5625,0.5625,9,1199
1.5,0,314807,archived_314159_anchor,1,SAFE-ALPHA,0,0.625,0.625,10,801.5
1.5,0,314807,archived_314159_anchor,1,Matched terminal weighted e-BH,0,0.5625,0.5625,9,1157.33333333
1.5,0,314808,archived_314159_anchor,1,SAFE-ALPHA,0,0.6875,0.6875,11,789.636363636
1.5,0,314808,archived_314159_anchor,1,Matched terminal weighted e-BH,0,0.5625,0.5625,9,1142.33333333
1.5,0,314809,archived_314159_anchor,1,SAFE-ALPHA,0,0.625,0.625,10,698.5
1.5,0,314809,archived_314159_anchor,1,Matched terminal weighted e-BH,0,0.5625,0.5625,9,1127.33333333
1.5,0,314810,archived_314159_anchor,1,SAFE-ALPHA,0,0.3125,0.3125,5,585
1.5,0,314810,archived_314159_anchor,1,Matched terminal weighted e-BH,0,0.3125,0.3125,5,1133
1.5,0,314811,archived_314159_anchor,1,SAFE-ALPHA,0,0.6875,0.6875,11,726.909090909
1.5,0,314811,archived_314159_anchor,1,Matched terminal weighted e-BH,0,0.625,0.625,10,1164.5
1.5,0,314812,archived_314159_anchor,1,SAFE-ALPHA,0,0.4375,0.4375,7,856
1.5,0,314812,archived_314159_anchor,1,Matched terminal weighted e-BH,0,0.3125,0.3125,5,1157
1.5,0,314813,archived_314159_anchor,0.9375,SAFE-ALPHA,0,0.866666666667,0.8125,13,693.692307692
1.5,0,314813,archived_314159_anchor,0.9375,Matched terminal weighted e-BH,0,0.733333333333,0.6875,11,1154
1.5,0,314814,archived_314159_anchor,1,SAFE-ALPHA,0,0.5,0.5,8,564.125
1.5,0,314814,archived_314159_anchor,1,Matched terminal weighted e-BH,0,0.5,0.5,8,1159.625
1.5,0,314815,archived_314159_anchor,1,SAFE-ALPHA,0,0.5,0.5,8,744.125
1.5,0,314815,archived_314159_anchor,1,Matched terminal weighted e-BH,0,0.4375,0.4375,7,1156.14285714
1.5,0,314816,archived_314159_anchor,1,SAFE-ALPHA,0,0.5625,0.5625,9,694.333333333
1.5,0,314816,archived_314159_anchor,1,Matched terminal weighted e-BH,0,0.25,0.25,4,1180.25
1.5,0,314817,archived_314159_anchor,1,SAFE-ALPHA,0,0.1875,0.1875,3,397.666666667
1.5,0,314817,archived_314159_anchor,1,Matched terminal weighted e-BH,0,0.1875,0.1875,3,1139
1.5,0,314818,archived_314159_anchor,1,SAFE-ALPHA,0,0.8125,0.8125,13,639.076923077
1.5,0,314818,archived_314159_anchor,1,Matched terminal weighted e-BH,0,0.6875,0.6875,11,1113.09090909
1.5,0,314819,archived_314159_anchor,1,SAFE-ALPHA,0,0.375,0.375,6,611
1.5,0,314819,archived_314159_anchor,1,Matched terminal weighted e-BH,0,0.375,0.375,6,1171.5
1.5,0,314820,archived_314159_anchor,1,SAFE-ALPHA,0,0.4375,0.4375,7,478.857142857
1.5,0,314820,archived_314159_anchor,1,Matched terminal weighted e-BH,0,0.4375,0.4375,7,1188.28571429
1.5,0,314821,archived_314159_anchor,1,SAFE-ALPHA,0,0.375,0.375,6,860.166666667
1.5,0,314821,archived_314159_anchor,1,Matched terminal weighted e-BH,0,0.1875,0.1875,3,1219
1.5,0,314822,archived_314159_anchor,1,SAFE-ALPHA,0,0.6875,0.6875,11,626.454545455
1.5,0,314822,archived_314159_anchor,1,Matched terminal weighted e-BH,0,0.5625,0.5625,9,1165.66666667
1.5,0,314823,archived_314159_anchor,1,SAFE-ALPHA,0,0.875,0.875,14,658.142857143
1.5,0,314823,archived_314159_anchor,1,Matched terminal weighted e-BH,0,0.8125,0.8125,13,1144.76923077
1.5,0,314824,archived_314159_anchor,1,SAFE-ALPHA,0,0.375,0.375,6,658.5
1.5,0,314824,archived_314159_anchor,1,Matched terminal weighted e-BH,0,0.1875,0.1875,3,1184
1.5,0,314825,archived_314159_anchor,1,SAFE-ALPHA,0,0.375,0.375,6,609.333333333
1.5,0,314825,archived_314159_anchor,1,Matched terminal weighted e-BH,0,0.375,0.375,6,1169
1.5,0,314826,archived_314159_anchor,1,SAFE-ALPHA,0,0.8125,0.8125,13,597.153846154
1.5,0,314826,archived_314159_anchor,1,Matched terminal weighted e-BH,0,0.625,0.625,10,1167.5
1.5,0,314827,archived_314159_anchor,1,SAFE-ALPHA,0,0.4375,0.4375,7,588.142857143
1.5,0,314827,archived_314159_anchor,1,Matched terminal weighted e-BH,0,0.3125,0.3125,5,1187
1.5,0,314828,archived_314159_anchor,1,SAFE-ALPHA,0,0.5,0.5,8,700.375
1.5,0,314828,archived_314159_anchor,1,Matched terminal weighted e-BH,0,0.25,0.25,4,1217.75
1.5,0,314829,archived_314159_anchor,1,SAFE-ALPHA,0,0.25,0.25,4,546
1.5,0,314829,archived_314159_anchor,1,Matched terminal weighted e-BH,0,0.1875,0.1875,3,1199
1.5,0,314830,archived_314159_anchor,1,SAFE-ALPHA,0,0.75,0.75,12,470.583333333
1.5,0,314830,archived_314159_anchor,1,Matched terminal weighted e-BH,0,0.75,0.75,12,1154
1.5,0,314831,archived_314159_anchor,0.9375,SAFE-ALPHA,0,0.6,0.5625,9,735.444444444
1.5,0,314831,archived_314159_anchor,0.9375,Matched terminal weighted e-BH,0,0.533333333333,0.5,8,1161.5
1.5,0,314832,archived_314159_anchor,1,SAFE-ALPHA,0,0.6875,0.6875,11,547.818181818
1.5,0,314832,archived_314159_anchor,1,Matched terminal weighted e-BH,0,0.5,0.5,8,1176.5
1.5,0,314833,archived_314159_anchor,1,SAFE-ALPHA,0,0.5,0.5,8,732.25
1.5,0,314833,archived_314159_anchor,1,Matched terminal weighted e-BH,0,0.5,0.5,8,1157.75
1.5,0,314834,archived_314159_anchor,1,SAFE-ALPHA,0,0.4375,0.4375,7,546.714285714
1.5,0,314834,archived_314159_anchor,1,Matched terminal weighted e-BH,0,0.375,0.375,6,1169
1.5,0,314835,archived_314159_anchor,1,SAFE-ALPHA,0,0.625,0.625,10,663
1.5,0,314835,archived_314159_anchor,1,Matched terminal weighted e-BH,0,0.5,0.5,8,1191.5
1.5,0,314836,archived_314159_anchor,1,SAFE-ALPHA,0,0.5625,0.5625,9,750.444444444
1.5,0,314836,archived_314159_anchor,1,Matched terminal weighted e-BH,0,0.375,0.375,6,1146.5
1.5,0,314837,archived_314159_anchor,1,SAFE-ALPHA,0,0.5625,0.5625,9,836
1.5,0,314837,archived_314159_anchor,1,Matched terminal weighted e-BH,0,0.5625,0.5625,9,1140.66666667
1.5,0,314838,archived_314159_anchor,1,SAFE-ALPHA,0,0.625,0.625,10,637.5
1.5,0,314838,archived_314159_anchor,1,Matched terminal weighted e-BH,0,0.5625,0.5625,9,1149
1.5,0,314839,archived_314159_anchor,1,SAFE-ALPHA,0,0.625,0.625,10,714.5
1.5,0,314839,archived_314159_anchor,1,Matched terminal weighted e-BH,0,0.5,0.5,8,1157.75
1.5,0,314840,archived_314159_anchor,1,SAFE-ALPHA,0,0.6875,0.6875,11,707.363636364
1.5,0,314840,archived_314159_anchor,1,Matched terminal weighted e-BH,0,0.625,0.625,10,1157
1.5,0,314841,archived_314159_anchor,1,SAFE-ALPHA,0,0.4375,0.4375,7,642.428571429
1.5,0,314841,archived_314159_anchor,1,Matched terminal weighted e-BH,0,0.4375,0.4375,7,1177.57142857
1.5,0,314842,archived_314159_anchor,1,SAFE-ALPHA,0,0.4375,0.4375,7,753.857142857
1.5,0,314842,archived_314159_anchor,1,Matched terminal weighted e-BH,0,0.375,0.375,6,1179
1.5,0,314843,archived_314159_anchor,0.9375,SAFE-ALPHA,0,0.733333333333,0.6875,11,736.454545455
1.5,0,314843,archived_314159_anchor,0.9375,Matched terminal weighted e-BH,0,0.466666666667,0.4375,7,1158.28571429
1.5,0,314844,archived_314159_anchor,0.9375,SAFE-ALPHA,0,0.8,0.75,12,648.5
1.5,0,314844,archived_314159_anchor,0.9375,Matched terminal weighted e-BH,0,0.733333333333,0.6875,11,1159.45454545
1.5,0,314845,archived_314159_anchor,1,SAFE-ALPHA,0,0.5,0.5,8,762
1.5,0,314845,archived_314159_anchor,1,Matched terminal weighted e-BH,0,0.3125,0.3125,5,1178
1.5,0,314846,archived_314159_anchor,1,SAFE-ALPHA,0,0.625,0.625,10,593.5
1.5,0,314846,archived_314159_anchor,1,Matched terminal weighted e-BH,0,0.5,0.5,8,1189.625
1.5,0,314847,archived_314159_anchor,1,SAFE-ALPHA,0,0.75,0.75,12,586.416666667
1.5,0,314847,archived_314159_anchor,1,Matched terminal weighted e-BH,0,0.5625,0.5625,9,1177.33333333
1.5,0,314848,archived_314159_anchor,1,SAFE-ALPHA,0.1,0.5625,0.5625,10,611
1.5,0,314848,archived_314159_anchor,1,Matched terminal weighted e-BH,0,0.3125,0.3125,5,1190
1.5,0,314849,archived_314159_anchor,1,SAFE-ALPHA,0,0.625,0.625,10,657.5
1.5,0,314849,archived_314159_anchor,1,Matched terminal weighted e-BH,0,0.5,0.5,8,1178.375
1.5,0,314850,archived_314159_anchor,1,SAFE-ALPHA,0,0.5625,0.5625,9,633.777777778
1.5,0,314850,archived_314159_anchor,1,Matched terminal weighted e-BH,0,0.5625,0.5625,9,1182.33333333
1.5,0,314851,archived_314159_anchor,1,SAFE-ALPHA,0,0.5,0.5,8,779.125
1.5,0,314851,archived_314159_anchor,1,Matched terminal weighted e-BH,0,0.375,0.375,6,1214
1.5,0,314852,archived_314159_anchor,1,SAFE-ALPHA,0,0.625,0.625,10,659.5
1.5,0,314852,archived_314159_anchor,1,Matched terminal weighted e-BH,0,0.625,0.625,10,1184
1.5,0,314853,archived_314159_anchor,1,SAFE-ALPHA,0,0.625,0.625,10,684.8
1.5,0,314853,archived_314159_anchor,1,Matched terminal weighted e-BH,0,0.375,0.375,6,1184
1.5,0,314854,archived_314159_anchor,0.9375,SAFE-ALPHA,0,0.533333333333,0.5,8,699.75
1.5,0,314854,archived_314159_anchor,0.9375,Matched terminal weighted e-BH,0,0.466666666667,0.4375,7,1154
1.5,0,314855,archived_314159_anchor,1,SAFE-ALPHA,0,0.625,0.625,10,577
1.5,0,314855,archived_314159_anchor,1,Matched terminal weighted e-BH,0,0.375,0.375,6,1176.5
1.5,0,314856,archived_314159_anchor,1,SAFE-ALPHA,0,0.6875,0.6875,11,717.363636364
1.5,0,314856,archived_314159_anchor,1,Matched terminal weighted e-BH,0,0.625,0.625,10,1154
1.5,0,314857,archived_314159_anchor,1,SAFE-ALPHA,0,0.5625,0.5625,9,818.777777778
1.5,0,314857,archived_314159_anchor,1,Matched terminal weighted e-BH,0,0.5625,0.5625,9,1172.33333333
1.5,0,314858,archived_314159_anchor,1,SAFE-ALPHA,0,0.5,0.5,8,565.375
1.5,0,314858,archived_314159_anchor,1,Matched terminal weighted e-BH,0,0.375,0.375,6,1154
1.5,0,314859,archived_314159_anchor,1,SAFE-ALPHA,0,0.4375,0.4375,7,654.571428571
1.5,0,314859,archived_314159_anchor,1,Matched terminal weighted e-BH,0,0.4375,0.4375,7,1188.28571429
1.5,0,314860,archived_314159_anchor,1,SAFE-ALPHA,0,0.625,0.625,10,696
1.5,0,314860,archived_314159_anchor,1,Matched terminal weighted e-BH,0,0.625,0.625,10,1149.5
1.5,0,314861,archived_314159_anchor,1,SAFE-ALPHA,0,0.5625,0.5625,9,770.444444444
1.5,0,314861,archived_314159_anchor,1,Matched terminal weighted e-BH,0,0.3125,0.3125,5,1163
1.5,0,314862,archived_314159_anchor,1,SAFE-ALPHA,0,0.625,0.625,10,754
1.5,0,314862,archived_314159_anchor,1,Matched terminal weighted e-BH,0,0.4375,0.4375,7,1151.85714286
1.5,0,314863,archived_314159_anchor,0.9375,SAFE-ALPHA,0,0.4,0.375,6,556.833333333
1.5,0,314863,archived_314159_anchor,0.9375,Matched terminal weighted e-BH,0,0.4,0.375,6,1194
1.5,0,314864,archived_314159_anchor,1,SAFE-ALPHA,0.0833333333333,0.6875,0.6875,12,699.181818182
1.5,0,314864,archived_314159_anchor,1,Matched terminal weighted e-BH,0.125,0.4375,0.4375,8,1132.57142857
1.5,0,314865,archived_314159_anchor,1,SAFE-ALPHA,0,0.5,0.5,8,615.375
1.5,0,314865,archived_314159_anchor,1,Matched terminal weighted e-BH,0,0.5,0.5,8,1191.5
1.5,0,314866,archived_314159_anchor,1,SAFE-ALPHA,0,0.5625,0.5625,9,806
1.5,0,314866,archived_314159_anchor,1,Matched terminal weighted e-BH,0,0.4375,0.4375,7,1184
1.5,0,314867,archived_314159_anchor,1,SAFE-ALPHA,0,0.4375,0.4375,7,882.428571429
1.5,0,314867,archived_314159_anchor,1,Matched terminal weighted e-BH,0,0.375,0.375,6,1129
1.5,0,314868,archived_314159_anchor,1,SAFE-ALPHA,0,0.625,0.625,10,752.5
1.5,0,314868,archived_314159_anchor,1,Matched terminal weighted e-BH,0,0.3125,0.3125,5,1193
1.5,0,314869,archived_314159_anchor,1,SAFE-ALPHA,0,0.625,0.625,10,588
1.5,0,314869,archived_314159_anchor,1,Matched terminal weighted e-BH,0,0.4375,0.4375,7,1184
1.5,0,314870,archived_314159_anchor,1,SAFE-ALPHA,0,0.5625,0.5625,9,743.777777778
1.5,0,314870,archived_314159_anchor,1,Matched terminal weighted e-BH,0,0.5,0.5,8,1178.375
1.5,0,314871,archived_314159_anchor,1,SAFE-ALPHA,0,0.5,0.5,8,738.5
1.5,0,314871,archived_314159_anchor,1,Matched terminal weighted e-BH,0,0.375,0.375,6,1116.5
1.5,0,314872,archived_314159_anchor,1,SAFE-ALPHA,0,0.625,0.625,10,569.5
1.5,0,314872,archived_314159_anchor,1,Matched terminal weighted e-BH,0,0.625,0.625,10,1185.5
1.5,0,314873,archived_314159_anchor,1,SAFE-ALPHA,0,0.625,0.625,10,765.5
1.5,0,314873,archived_314159_anchor,1,Matched terminal weighted e-BH,0,0.5,0.5,8,1157.75
1.5,0,314874,archived_314159_anchor,1,SAFE-ALPHA,0,0.5625,0.5625,9,557.111111111
1.5,0,314874,archived_314159_anchor,1,Matched terminal weighted e-BH,0,0.5,0.5,8,1180.25
1.5,0,314875,archived_314159_anchor,1,SAFE-ALPHA,0,0.4375,0.4375,7,695.285714286
1.5,0,314875,archived_314159_anchor,1,Matched terminal weighted e-BH,0,0.375,0.375,6,1206.5
1.5,0,314876,archived_314159_anchor,1,SAFE-ALPHA,0,0.375,0.375,6,760.166666667
1.5,0,314876,archived_314159_anchor,1,Matched terminal weighted e-BH,0,0.375,0.375,6,1149
1.5,0,314877,archived_314159_anchor,1,SAFE-ALPHA,0,0.625,0.625,10,542.5
1.5,0,314877,archived_314159_anchor,1,Matched terminal weighted e-BH,0,0.5625,0.5625,9,1162.33333333
1.5,0,314878,archived_314159_anchor,0.9375,SAFE-ALPHA,0,0.466666666667,0.4375,7,677.428571429
1.5,0,314878,archived_314159_anchor,0.9375,Matched terminal weighted e-BH,0,0.466666666667,0.4375,7,1134.71428571
1.5,0,314879,archived_314159_anchor,0.9375,SAFE-ALPHA,0,0.6,0.5625,9,899.333333333
1.5,0,314879,archived_314159_anchor,0.9375,Matched terminal weighted e-BH,0,0.466666666667,0.4375,7,1160.42857143
1.5,0,314880,archived_314159_anchor,1,SAFE-ALPHA,0,0.4375,0.4375,7,749.571428571
1.5,0,314880,archived_314159_anchor,1,Matched terminal weighted e-BH,0,0.4375,0.4375,7,1192.57142857
1.5,0,314881,archived_314159_anchor,1,SAFE-ALPHA,0.1,0.5625,0.5625,10,579.888888889
1.5,0,314881,archived_314159_anchor,1,Matched terminal weighted e-BH,0.111111111111,0.5,0.5,9,1165.25
1.5,0,314882,archived_314159_anchor,0.9375,SAFE-ALPHA,0,0.4,0.375,6,954.333333333
1.5,0,314882,archived_314159_anchor,0.9375,Matched terminal weighted e-BH,0,0.333333333333,0.3125,5,1175
1.5,0,314883,archived_314159_anchor,1,SAFE-ALPHA,0,0.75,0.75,12,888.5
1.5,0,314883,archived_314159_anchor,1,Matched terminal weighted e-BH,0,0.4375,0.4375,7,1143.28571429
1.5,0,314884,archived_314159_anchor,1,SAFE-ALPHA,0,0.375,0.375,6,858.5
1.5,0,314884,archived_314159_anchor,1,Matched terminal weighted e-BH,0,0.0625,0.0625,1,1199
1.5,0,314885,archived_314159_anchor,1,SAFE-ALPHA,0,0.4375,0.4375,7,433.142857143
1.5,0,314885,archived_314159_anchor,1,Matched terminal weighted e-BH,0,0.375,0.375,6,1191.5
1.5,0,314886,archived_314159_anchor,1,SAFE-ALPHA,0,0.625,0.625,10,782.5
1.5,0,314886,archived_314159_anchor,1,Matched terminal weighted e-BH,0,0.5625,0.5625,9,1149
1.5,0,314887,archived_314159_anchor,1,SAFE-ALPHA,0,0.5,0.5,8,478.5
1.5,0,314887,archived_314159_anchor,1,Matched terminal weighted e-BH,0,0.4375,0.4375,7,1199
1.5,0,314888,archived_314159_anchor,1,SAFE-ALPHA,0,0.5,0.5,8,667.875
1.5,0,314888,archived_314159_anchor,1,Matched terminal weighted e-BH,0,0.3125,0.3125,5,1133
1.5,0,314889,archived_314159_anchor,1,SAFE-ALPHA,0,0.5,0.5,8,679.125
1.5,0,314889,archived_314159_anchor,1,Matched terminal weighted e-BH,0,0.375,0.375,6,1181.5
1.5,0,314890,archived_314159_anchor,1,SAFE-ALPHA,0,0.4375,0.4375,7,829.571428571
1.5,0,314890,archived_314159_anchor,1,Matched terminal weighted e-BH,0,0.25,0.25,4,1195.25
1.5,0,314891,archived_314159_anchor,1,SAFE-ALPHA,0,0.5,0.5,8,751
1.5,0,314891,archived_314159_anchor,1,Matched terminal weighted e-BH,0,0.5,0.5,8,1135.25
1.5,0,314892,archived_314159_anchor,1,SAFE-ALPHA,0,0.625,0.625,10,647
1.5,0,314892,archived_314159_anchor,1,Matched terminal weighted e-BH,0,0.5,0.5,8,1178.375
1.5,0,314893,archived_314159_anchor,1,SAFE-ALPHA,0,0.4375,0.4375,7,574.571428571
1.5,0,314893,archived_314159_anchor,1,Matched terminal weighted e-BH,0,0.25,0.25,4,1172.75
1.5,0,314894,archived_314159_anchor,1,SAFE-ALPHA,0,0.4375,0.4375,7,831.714285714
1.5,0,314894,archived_314159_anchor,1,Matched terminal weighted e-BH,0,0.4375,0.4375,7,1162.57142857
1.5,0,314895,archived_314159_anchor,1,SAFE-ALPHA,0,0.375,0.375,6,656.833333333
1.5,0,314895,archived_314159_anchor,1,Matched terminal weighted e-BH,0,0.1875,0.1875,3,1209
1.5,0,314896,archived_314159_anchor,1,SAFE-ALPHA,0,0.375,0.375,6,763.5
1.5,0,314896,archived_314159_anchor,1,Matched terminal weighted e-BH,0,0.375,0.375,6,1206.5
1.5,0,314897,archived_314159_anchor,0.9375,SAFE-ALPHA,0,0.266666666667,0.25,4,774.75
1.5,0,314897,archived_314159_anchor,0.9375,Matched terminal weighted e-BH,0,0.266666666667,0.25,4,1214
1.5,0,314898,archived_314159_anchor,1,SAFE-ALPHA,0,0.5625,0.5625,9,889.333333333
1.5,0,314898,archived_314159_anchor,1,Matched terminal weighted e-BH,0,0.3125,0.3125,5,1172
1.5,0,314899,archived_314159_anchor,1,SAFE-ALPHA,0,0.5625,0.5625,9,689.888888889
1.5,0,314899,archived_314159_anchor,1,Matched terminal weighted e-BH,0,0.4375,0.4375,7,1164.71428571
1.5,0,314900,archived_314159_anchor,1,SAFE-ALPHA,0,0.4375,0.4375,7,663.857142857
1.5,0,314900,archived_314159_anchor,1,Matched terminal weighted e-BH,0,0.3125,0.3125,5,1193
1.5,0,314901,archived_314159_anchor,1,SAFE-ALPHA,0,0.5,0.5,8,689.75
1.5,0,314901,archived_314159_anchor,1,Matched terminal weighted e-BH,0,0.4375,0.4375,7,1179.71428571
1.5,0,314902,archived_314159_anchor,1,SAFE-ALPHA,0,0.375,0.375,6,364.333333333
1.5,0,314902,archived_314159_anchor,1,Matched terminal weighted e-BH,0,0.375,0.375,6,1214
1.5,0,314903,archived_314159_anchor,1,SAFE-ALPHA,0,0.375,0.375,6,779.333333333
1.5,0,314903,archived_314159_anchor,1,Matched terminal weighted e-BH,0,0.3125,0.3125,5,1208
1.5,0,314904,archived_314159_anchor,0.9375,SAFE-ALPHA,0,0.6,0.5625,9,851
1.5,0,314904,archived_314159_anchor,0.9375,Matched terminal weighted e-BH,0,0.6,0.5625,9,1172.33333333
1.5,0,314905,archived_314159_anchor,1,SAFE-ALPHA,0,0.5,0.5,8,594.75
1.5,0,314905,archived_314159_anchor,1,Matched terminal weighted e-BH,0,0.5,0.5,8,1129.625
1.5,0,314906,archived_314159_anchor,1,SAFE-ALPHA,0,0.5,0.5,8,649.125
1.5,0,314906,archived_314159_anchor,1,Matched terminal weighted e-BH,0,0.3125,0.3125,5,1199
1.5,0,314907,archived_314159_anchor,1,SAFE-ALPHA,0,0.375,0.375,6,608.5
1.5,0,314907,archived_314159_anchor,1,Matched terminal weighted e-BH,0,0.3125,0.3125,5,1181
1.5,0,314908,archived_314159_anchor,1,SAFE-ALPHA,0,0.625,0.625,10,713
1.5,0,314908,archived_314159_anchor,1,Matched terminal weighted e-BH,0,0.5,0.5,8,1176.5
1.75,0,20261230,inserted_20260730_block,1,SAFE-ALPHA,0,0.5625,0.5625,9,665.444444444
1.75,0,20261230,inserted_20260730_block,1,Matched terminal weighted e-BH,0,0.5625,0.5625,9,1170.66666667
1.75,0,20261231,inserted_20260730_block,1,SAFE-ALPHA,0,0.625,0.625,10,718
1.75,0,20261231,inserted_20260730_block,1,Matched terminal weighted e-BH,0,0.5625,0.5625,9,1152.33333333
1.75,0,20261232,inserted_20260730_block,1,SAFE-ALPHA,0,0.5,0.5,8,768.5
1.75,0,20261232,inserted_20260730_block,1,Matched terminal weighted e-BH,0,0.4375,0.4375,7,1184
1.75,0,20261233,inserted_20260730_block,1,SAFE-ALPHA,0,0.875,0.875,14,623.857142857
1.75,0,20261233,inserted_20260730_block,1,Matched terminal weighted e-BH,0,0.75,0.75,12,1131.5
1.75,0,20261234,inserted_20260730_block,1,SAFE-ALPHA,0,0.9375,0.9375,15,676.333333333
1.75,0,20261234,inserted_20260730_block,1,Matched terminal weighted e-BH,0,0.875,0.875,14,1110.07142857
1.75,0,20261235,inserted_20260730_block,1,SAFE-ALPHA,0.0769230769231,0.75,0.75,13,687.916666667
1.75,0,20261235,inserted_20260730_block,1,Matched terminal weighted e-BH,0,0.75,0.75,12,1165.25
1.75,0,20261236,inserted_20260730_block,1,SAFE-ALPHA,0,0.75,0.75,12,532.666666667
1.75,0,20261236,inserted_20260730_block,1,Matched terminal weighted e-BH,0,0.75,0.75,12,1162.75
1.75,0,20261237,inserted_20260730_block,1,SAFE-ALPHA,0,0.9375,0.9375,15,686.666666667
1.75,0,20261237,inserted_20260730_block,1,Matched terminal weighted e-BH,0,0.875,0.875,14,1131.5
1.75,0,20261238,inserted_20260730_block,1,SAFE-ALPHA,0,0.6875,0.6875,11,651
1.75,0,20261238,inserted_20260730_block,1,Matched terminal weighted e-BH,0,0.625,0.625,10,1157
1.75,0,20261239,inserted_20260730_block,1,SAFE-ALPHA,0,0.4375,0.4375,7,631.714285714
1.75,0,20261239,inserted_20260730_block,1,Matched terminal weighted e-BH,0,0.4375,0.4375,7,1175.42857143
1.75,0,20261240,inserted_20260730_block,1,SAFE-ALPHA,0,0.6875,0.6875,11,622.363636364
1.75,0,20261240,inserted_20260730_block,1,Matched terminal weighted e-BH,0,0.625,0.625,10,1167.5
1.75,0,20261241,inserted_20260730_block,1,SAFE-ALPHA,0,0.75,0.75,12,648.083333333
1.75,0,20261241,inserted_20260730_block,1,Matched terminal weighted e-BH,0,0.625,0.625,10,1137.5
1.75,0,20261242,inserted_20260730_block,1,SAFE-ALPHA,0,0.625,0.625,10,438
1.75,0,20261242,inserted_20260730_block,1,Matched terminal weighted e-BH,0,0.625,0.625,10,1161.5
1.75,0,20261243,inserted_20260730_block,1,SAFE-ALPHA,0,0.875,0.875,14,557.785714286
1.75,0,20261243,inserted_20260730_block,1,Matched terminal weighted e-BH,0,0.75,0.75,12,1134
1.75,0,20261244,inserted_20260730_block,1,SAFE-ALPHA,0,0.625,0.625,10,483.5
1.75,0,20261244,inserted_20260730_block,1,Matched terminal weighted e-BH,0,0.625,0.625,10,1155.5
1.75,0,20261245,inserted_20260730_block,1,SAFE-ALPHA,0,0.6875,0.6875,11,685.090909091
1.75,0,20261245,inserted_20260730_block,1,Matched terminal weighted e-BH,0,0.625,0.625,10,1178
1.75,0,20261246,inserted_20260730_block,1,SAFE-ALPHA,0,1,1,16,602.875
1.75,0,20261246,inserted_20260730_block,1,Matched terminal weighted e-BH,0,1,1,16,1142.75
1.75,0,20261247,inserted_20260730_block,1,SAFE-ALPHA,0,0.625,0.625,10,569
1.75,0,20261247,inserted_20260730_block,1,Matched terminal weighted e-BH,0,0.5625,0.5625,9,1170.66666667
1.75,0,20261248,inserted_20260730_block,1,SAFE-ALPHA,0,0.6875,0.6875,11,456
1.75,0,20261248,inserted_20260730_block,1,Matched terminal weighted e-BH,0,0.625,0.625,10,1158.5
1.75,0,20261249,inserted_20260730_block,1,SAFE-ALPHA,0,0.75,0.75,12,600.166666667
1.75,0,20261249,inserted_20260730_block,1,Matched terminal weighted e-BH,0,0.75,0.75,12,1154
1.75,0,20261250,inserted_20260730_block,1,SAFE-ALPHA,0,0.6875,0.6875,11,676
1.75,0,20261250,inserted_20260730_block,1,Matched terminal weighted e-BH,0,0.3125,0.3125,5,1085
1.75,0,20261251,inserted_20260730_block,1,SAFE-ALPHA,0,0.8125,0.8125,13,562.153846154
1.75,0,20261251,inserted_20260730_block,1,Matched terminal weighted e-BH,0,0.6875,0.6875,11,1174.45454545
1.75,0,20261252,inserted_20260730_block,1,SAFE-ALPHA,0,0.5,0.5,8,467.25
1.75,0,20261252,inserted_20260730_block,1,Matched terminal weighted e-BH,0,0.5,0.5,8,1180.25
1.75,0,20261253,inserted_20260730_block,1,SAFE-ALPHA,0,0.4375,0.4375,7,648.142857143
1.75,0,20261253,inserted_20260730_block,1,Matched terminal weighted e-BH,0,0.4375,0.4375,7,1154
1.75,0,20261254,inserted_20260730_block,1,SAFE-ALPHA,0,0.6875,0.6875,11,457.363636364
1.75,0,20261254,inserted_20260730_block,1,Matched terminal weighted e-BH,0,0.625,0.625,10,1163
1.75,0,20261255,inserted_20260730_block,1,SAFE-ALPHA,0,0.8125,0.8125,13,524.076923077
1.75,0,20261255,inserted_20260730_block,1,Matched terminal weighted e-BH,0,0.6875,0.6875,11,1129.45454545
1.75,0,20261256,inserted_20260730_block,1,SAFE-ALPHA,0,0.9375,0.9375,15,728.333333333
1.75,0,20261256,inserted_20260730_block,1,Matched terminal weighted e-BH,0,0.75,0.75,12,1129
1.75,0,20261257,inserted_20260730_block,1,SAFE-ALPHA,0,0.625,0.625,10,777
1.75,0,20261257,inserted_20260730_block,1,Matched terminal weighted e-BH,0,0.4375,0.4375,7,1143.28571429
1.75,0,20261258,inserted_20260730_block,1,SAFE-ALPHA,0,0.5,0.5,8,707.875
1.75,0,20261258,inserted_20260730_block,1,Matched terminal weighted e-BH,0,0.4375,0.4375,7,1169
1.75,0,20261259,inserted_20260730_block,1,SAFE-ALPHA,0,0.75,0.75,12,737.666666667
1.75,0,20261259,inserted_20260730_block,1,Matched terminal weighted e-BH,0,0.5,0.5,8,1169
1.75,0,20261260,inserted_20260730_block,1,SAFE-ALPHA,0,0.6875,0.6875,11,539.636363636
1.75,0,20261260,inserted_20260730_block,1,Matched terminal weighted e-BH,0,0.625,0.625,10,1176.5
1.75,0,20261261,inserted_20260730_block,1,SAFE-ALPHA,0,0.8125,0.8125,13,557.538461538
1.75,0,20261261,inserted_20260730_block,1,Matched terminal weighted e-BH,0,0.75,0.75,12,1172.75
1.75,0,20261262,inserted_20260730_block,1,SAFE-ALPHA,0,0.8125,0.8125,13,724.076923077
1.75,0,20261262,inserted_20260730_block,1,Matched terminal weighted e-BH,0,0.75,0.75,12,1151.5
1.75,0,20261263,inserted_20260730_block,1,SAFE-ALPHA,0,0.8125,0.8125,13,570.615384615
1.75,0,20261263,inserted_20260730_block,1,Matched terminal weighted e-BH,0,0.6875,0.6875,11,1162.18181818
1.75,0,20261264,inserted_20260730_block,1,SAFE-ALPHA,0,0.875,0.875,14,475.642857143
1.75,0,20261264,inserted_20260730_block,1,Matched terminal weighted e-BH,0,0.875,0.875,14,1128.28571429
1.75,0,20261265,inserted_20260730_block,1,SAFE-ALPHA,0,0.6875,0.6875,11,508.272727273
1.75,0,20261265,inserted_20260730_block,1,Matched terminal weighted e-BH,0,0.625,0.625,10,1142
1.75,0,20261266,inserted_20260730_block,1,SAFE-ALPHA,0,0.6875,0.6875,11,710.545454545
1.75,0,20261266,inserted_20260730_block,1,Matched terminal weighted e-BH,0,0.375,0.375,6,1136.5
1.75,0,20261267,inserted_20260730_block,1,SAFE-ALPHA,0,0.5625,0.5625,9,422.666666667
1.75,0,20261267,inserted_20260730_block,1,Matched terminal weighted e-BH,0,0.5625,0.5625,9,1184
1.75,0,20261268,inserted_20260730_block,1,SAFE-ALPHA,0,0.75,0.75,12,638.916666667
1.75,0,20261268,inserted_20260730_block,1,Matched terminal weighted e-BH,0,0.5,0.5,8,1146.5
1.75,0,20261269,inserted_20260730_block,1,SAFE-ALPHA,0,0.6875,0.6875,11,589.636363636
1.75,0,20261269,inserted_20260730_block,1,Matched terminal weighted e-BH,0,0.6875,0.6875,11,1155.36363636
1.75,0,20261270,inserted_20260730_block,1,SAFE-ALPHA,0,0.6875,0.6875,11,589.181818182
1.75,0,20261270,inserted_20260730_block,1,Matched terminal weighted e-BH,0,0.6875,0.6875,11,1166.27272727
1.75,0,20261271,inserted_20260730_block,1,SAFE-ALPHA,0,0.9375,0.9375,15,760.333333333
1.75,0,20261271,inserted_20260730_block,1,Matched terminal weighted e-BH,0,0.875,0.875,14,1135.78571429
1.75,0,20261272,inserted_20260730_block,1,SAFE-ALPHA,0,0.75,0.75,12,503.083333333
1.75,0,20261272,inserted_20260730_block,1,Matched terminal weighted e-BH,0,0.5,0.5,8,1144.625
1.75,0,20261273,inserted_20260730_block,1,SAFE-ALPHA,0,0.875,0.875,14,578.5
1.75,0,20261273,inserted_20260730_block,1,Matched terminal weighted e-BH,0,0.8125,0.8125,13,1155.15384615
1.75,0,20261274,inserted_20260730_block,1,SAFE-ALPHA,0,0.6875,0.6875,11,506.454545455
1.75,0,20261274,inserted_20260730_block,1,Matched terminal weighted e-BH,0,0.6875,0.6875,11,1170.36363636
1.75,0,20261275,inserted_20260730_block,1,SAFE-ALPHA,0,0.75,0.75,12,564.75
1.75,0,20261275,inserted_20260730_block,1,Matched terminal weighted e-BH,0,0.5625,0.5625,9,1169
1.75,0,20261276,inserted_20260730_block,1,SAFE-ALPHA,0,0.875,0.875,14,519.214285714
1.75,0,20261276,inserted_20260730_block,1,Matched terminal weighted e-BH,0,0.8125,0.8125,13,1152.84615385
1.75,0,20261277,inserted_20260730_block,1,SAFE-ALPHA,0,0.75,0.75,12,544.75
1.75,0,20261277,inserted_20260730_block,1,Matched terminal weighted e-BH,0,0.5,0.5,8,1165.25
1.75,0,20261278,inserted_20260730_block,1,SAFE-ALPHA,0,0.75,0.75,12,546.833333333
1.75,0,20261278,inserted_20260730_block,1,Matched terminal weighted e-BH,0,0.6875,0.6875,11,1162.18181818
1.75,0,20261279,inserted_20260730_block,1,SAFE-ALPHA,0,0.75,0.75,12,647.25
1.75,0,20261279,inserted_20260730_block,1,Matched terminal weighted e-BH,0,0.75,0.75,12,1129
1.75,0,20261280,inserted_20260730_block,1,SAFE-ALPHA,0,0.6875,0.6875,11,807.636363636
1.75,0,20261280,inserted_20260730_block,1,Matched terminal weighted e-BH,0,0.6875,0.6875,11,1149.90909091
1.75,0,20261281,inserted_20260730_block,1,SAFE-ALPHA,0,0.75,0.75,12,559.333333333
1.75,0,20261281,inserted_20260730_block,1,Matched terminal weighted e-BH,0,0.5625,0.5625,9,1162.33333333
1.75,0,20261282,inserted_20260730_block,1,SAFE-ALPHA,0,1,1,16,686
1.75,0,20261282,inserted_20260730_block,1,Matched terminal weighted e-BH,0,1,1,16,1135.25
1.75,0,20261283,inserted_20260730_block,1,SAFE-ALPHA,0,0.875,0.875,14,638.857142857
1.75,0,20261283,inserted_20260730_block,1,Matched terminal weighted e-BH,0,0.75,0.75,12,1144
1.75,0,20261284,inserted_20260730_block,1,SAFE-ALPHA,0,0.6875,0.6875,11,589.181818182
1.75,0,20261284,inserted_20260730_block,1,Matched terminal weighted e-BH,0,0.625,0.625,10,1143.5
1.75,0,20261285,inserted_20260730_block,1,SAFE-ALPHA,0,0.6875,0.6875,11,698.727272727
1.75,0,20261285,inserted_20260730_block,1,Matched terminal weighted e-BH,0,0.625,0.625,10,1145
1.75,0,20261286,inserted_20260730_block,1,SAFE-ALPHA,0,0.8125,0.8125,13,583.307692308
1.75,0,20261286,inserted_20260730_block,1,Matched terminal weighted e-BH,0,0.75,0.75,12,1151.5
1.75,0,20261287,inserted_20260730_block,1,SAFE-ALPHA,0,0.75,0.75,12,742.25
1.75,0,20261287,inserted_20260730_block,1,Matched terminal weighted e-BH,0,0.5,0.5,8,1172.75
1.75,0,20261288,inserted_20260730_block,1,SAFE-ALPHA,0,0.875,0.875,14,577.071428571
1.75,0,20261288,inserted_20260730_block,1,Matched terminal weighted e-BH,0,0.75,0.75,12,1120.25
1.75,0,20261289,inserted_20260730_block,1,SAFE-ALPHA,0,0.625,0.625,10,582
1.75,0,20261289,inserted_20260730_block,1,Matched terminal weighted e-BH,0,0.5625,0.5625,9,1165.66666667
1.75,0,20261290,inserted_20260730_block,1,SAFE-ALPHA,0,0.75,0.75,12,526
1.75,0,20261290,inserted_20260730_block,1,Matched terminal weighted e-BH,0,0.625,0.625,10,1109
1.75,0,20261291,inserted_20260730_block,1,SAFE-ALPHA,0,1,1,16,591.625
1.75,0,20261291,inserted_20260730_block,1,Matched terminal weighted e-BH,0,1,1,16,1124.9375
1.75,0,20261292,inserted_20260730_block,1,SAFE-ALPHA,0,0.8125,0.8125,13,591.384615385
1.75,0,20261292,inserted_20260730_block,1,Matched terminal weighted e-BH,0,0.8125,0.8125,13,1137.84615385
1.75,0,20261293,inserted_20260730_block,1,SAFE-ALPHA,0,0.75,0.75,12,631.833333333
1.75,0,20261293,inserted_20260730_block,1,Matched terminal weighted e-BH,0,0.75,0.75,12,1161.5
1.75,0,20261294,inserted_20260730_block,1,SAFE-ALPHA,0,0.8125,0.8125,13,612.923076923
1.75,0,20261294,inserted_20260730_block,1,Matched terminal weighted e-BH,0,0.75,0.75,12,1147.75
1.75,0,20261295,inserted_20260730_block,1,SAFE-ALPHA,0,0.75,0.75,12,605.166666667
1.75,0,20261295,inserted_20260730_block,1,Matched terminal weighted e-BH,0,0.625,0.625,10,1191.5
1.75,0,20261296,inserted_20260730_block,1,SAFE-ALPHA,0,0.8125,0.8125,13,471.769230769
1.75,0,20261296,inserted_20260730_block,1,Matched terminal weighted e-BH,0,0.6875,0.6875,11,1162.18181818
1.75,0,20261297,inserted_20260730_block,1,SAFE-ALPHA,0,0.6875,0.6875,11,629.181818182
1.75,0,20261297,inserted_20260730_block,1,Matched terminal weighted e-BH,0,0.6875,0.6875,11,1122.63636364
1.75,0,20261298,inserted_20260730_block,1,SAFE-ALPHA,0,0.6875,0.6875,11,710.545454545
1.75,0,20261298,inserted_20260730_block,1,Matched terminal weighted e-BH,0,0.6875,0.6875,11,1174.45454545
1.75,0,20261299,inserted_20260730_block,1,SAFE-ALPHA,0,0.75,0.75,12,694.333333333
1.75,0,20261299,inserted_20260730_block,1,Matched terminal weighted e-BH,0,0.625,0.625,10,1161.5
1.75,0,20261300,inserted_20260730_block,1,SAFE-ALPHA,0,0.625,0.625,10,545
1.75,0,20261300,inserted_20260730_block,1,Matched terminal weighted e-BH,0,0.625,0.625,10,1175
1.75,0,20261301,inserted_20260730_block,1,SAFE-ALPHA,0,0.75,0.75,12,640.166666667
1.75,0,20261301,inserted_20260730_block,1,Matched terminal weighted e-BH,0,0.5625,0.5625,9,1152.33333333
1.75,0,20261302,inserted_20260730_block,1,SAFE-ALPHA,0,0.9375,0.9375,15,592.333333333
1.75,0,20261302,inserted_20260730_block,1,Matched terminal weighted e-BH,0,0.875,0.875,14,1132.57142857
1.75,0,20261303,inserted_20260730_block,1,SAFE-ALPHA,0,0.75,0.75,12,576.416666667
1.75,0,20261303,inserted_20260730_block,1,Matched terminal weighted e-BH,0,0.6875,0.6875,11,1163.54545455
1.75,0,20261304,inserted_20260730_block,1,SAFE-ALPHA,0,0.625,0.625,10,505
1.75,0,20261304,inserted_20260730_block,1,Matched terminal weighted e-BH,0,0.625,0.625,10,1160
1.75,0,20261305,inserted_20260730_block,1,SAFE-ALPHA,0,0.8125,0.8125,13,580.230769231
1.75,0,20261305,inserted_20260730_block,1,Matched terminal weighted e-BH,0,0.8125,0.8125,13,1120.53846154
1.75,0,20261306,inserted_20260730_block,1,SAFE-ALPHA,0,0.75,0.75,12,563.916666667
1.75,0,20261306,inserted_20260730_block,1,Matched terminal weighted e-BH,0,0.5625,0.5625,9,1127.33333333
1.75,0,20261307,inserted_20260730_block,1,SAFE-ALPHA,0,0.8125,0.8125,13,596.384615385
1.75,0,20261307,inserted_20260730_block,1,Matched terminal weighted e-BH,0,0.75,0.75,12,1150.25
1.75,0,20261308,inserted_20260730_block,1,SAFE-ALPHA,0,0.6875,0.6875,11,599.181818182
1.75,0,20261308,inserted_20260730_block,1,Matched terminal weighted e-BH,0,0.5625,0.5625,9,1160.66666667
1.75,0,20261309,inserted_20260730_block,0.9375,SAFE-ALPHA,0,0.866666666667,0.8125,13,551.769230769
1.75,0,20261309,inserted_20260730_block,0.9375,Matched terminal weighted e-BH,0,0.8,0.75,12,1152.75
1.75,0,20261310,inserted_20260730_block,1,SAFE-ALPHA,0,0.875,0.875,14,758.5
1.75,0,20261310,inserted_20260730_block,1,Matched terminal weighted e-BH,0,0.8125,0.8125,13,1152.84615385
1.75,0,20261311,inserted_20260730_block,1,SAFE-ALPHA,0,0.5625,0.5625,9,811
1.75,0,20261311,inserted_20260730_block,1,Matched terminal weighted e-BH,0,0.4375,0.4375,7,1194.71428571
1.75,0,20261312,inserted_20260730_block,1,SAFE-ALPHA,0,0.8125,0.8125,13,729.461538462
1.75,0,20261312,inserted_20260730_block,1,Matched terminal weighted e-BH,0,0.8125,0.8125,13,1140.15384615
1.75,0,20261313,inserted_20260730_block,1,SAFE-ALPHA,0,0.6875,0.6875,11,579.636363636
1.75,0,20261313,inserted_20260730_block,1,Matched terminal weighted e-BH,0,0.5625,0.5625,9,1160.66666667
1.75,0,20261314,inserted_20260730_block,1,SAFE-ALPHA,0,0.875,0.875,14,706
1.75,0,20261314,inserted_20260730_block,1,Matched terminal weighted e-BH,0,0.8125,0.8125,13,1139
1.75,0,20261315,inserted_20260730_block,1,SAFE-ALPHA,0,0.8125,0.8125,13,684.461538462
1.75,0,20261315,inserted_20260730_block,1,Matched terminal weighted e-BH,0,0.8125,0.8125,13,1145.92307692
1.75,0,20261316,inserted_20260730_block,1,SAFE-ALPHA,0,0.75,0.75,12,578.083333333
1.75,0,20261316,inserted_20260730_block,1,Matched terminal weighted e-BH,0,0.625,0.625,10,1163
1.75,0,20261317,inserted_20260730_block,1,SAFE-ALPHA,0,0.75,0.75,12,626.416666667
1.75,0,20261317,inserted_20260730_block,1,Matched terminal weighted e-BH,0,0.6875,0.6875,11,1143.09090909
1.75,0,20261318,inserted_20260730_block,1,SAFE-ALPHA,0,0.5625,0.5625,9,672.666666667
1.75,0,20261318,inserted_20260730_block,1,Matched terminal weighted e-BH,0,0.4375,0.4375,7,1207.57142857
1.75,0,20261319,inserted_20260730_block,1,SAFE-ALPHA,0,0.75,0.75,12,566.416666667
1.75,0,20261319,inserted_20260730_block,1,Matched terminal weighted e-BH,0,0.625,0.625,10,1143.5
1.75,0,20261320,inserted_20260730_block,1,SAFE-ALPHA,0,0.6875,0.6875,11,525.545454545
1.75,0,20261320,inserted_20260730_block,1,Matched terminal weighted e-BH,0,0.6875,0.6875,11,1140.36363636
1.75,0,20261321,inserted_20260730_block,1,SAFE-ALPHA,0,0.75,0.75,12,602.25
1.75,0,20261321,inserted_20260730_block,1,Matched terminal weighted e-BH,0,0.75,0.75,12,1150.25
1.75,0,20261322,inserted_20260730_block,1,SAFE-ALPHA,0,0.75,0.75,12,546.833333333
1.75,0,20261322,inserted_20260730_block,1,Matched terminal weighted e-BH,0,0.625,0.625,10,1160
1.75,0,20261323,inserted_20260730_block,0.9375,SAFE-ALPHA,0.0769230769231,0.8,0.75,13,642.25
1.75,0,20261323,inserted_20260730_block,0.9375,Matched terminal weighted e-BH,0,0.8,0.75,12,1144
1.75,0,20261324,inserted_20260730_block,1,SAFE-ALPHA,0,0.8125,0.8125,13,540.230769231
1.75,0,20261324,inserted_20260730_block,1,Matched terminal weighted e-BH,0,0.625,0.625,10,1143.5
1.75,0,20261325,inserted_20260730_block,1,SAFE-ALPHA,0,0.8125,0.8125,13,681.384615385
1.75,0,20261325,inserted_20260730_block,1,Matched terminal weighted e-BH,0,0.625,0.625,10,1169
1.75,0,20261326,inserted_20260730_block,1,SAFE-ALPHA,0,0.875,0.875,14,576
1.75,0,20261326,inserted_20260730_block,1,Matched terminal weighted e-BH,0,0.75,0.75,12,1156.5
1.75,0,20261327,inserted_20260730_block,1,SAFE-ALPHA,0,0.8125,0.8125,13,689.076923077
1.75,0,20261327,inserted_20260730_block,1,Matched terminal weighted e-BH,0,0.6875,0.6875,11,1154
1.75,0,20261328,inserted_20260730_block,1,SAFE-ALPHA,0,0.8125,0.8125,13,596
1.75,0,20261328,inserted_20260730_block,1,Matched terminal weighted e-BH,0,0.5625,0.5625,9,1179
1.75,0,20261329,inserted_20260730_block,1,SAFE-ALPHA,0,0.625,0.625,10,677
1.75,0,20261329,inserted_20260730_block,1,Matched terminal weighted e-BH,0,0.375,0.375,6,1151.5
1.75,0,20261330,inserted_20260730_block,1,SAFE-ALPHA,0,0.4375,0.4375,7,577.428571429
1.75,0,20261330,inserted_20260730_block,1,Matched terminal weighted e-BH,0,0.375,0.375,6,1156.5
1.75,0,20261331,inserted_20260730_block,1,SAFE-ALPHA,0,0.875,0.875,14,704.571428571
1.75,0,20261331,inserted_20260730_block,1,Matched terminal weighted e-BH,0,0.875,0.875,14,1151.85714286
1.75,0,20261332,inserted_20260730_block,1,SAFE-ALPHA,0,0.625,0.625,10,664
1.75,0,20261332,inserted_20260730_block,1,Matched terminal weighted e-BH,0,0.625,0.625,10,1178
1.75,0,20261333,inserted_20260730_block,1,SAFE-ALPHA,0,0.625,0.625,10,475.5
1.75,0,20261333,inserted_20260730_block,1,Matched terminal weighted e-BH,0,0.5625,0.5625,9,1162.33333333
1.75,0,20261334,inserted_20260730_block,1,SAFE-ALPHA,0,0.6875,0.6875,11,741.909090909
1.75,0,20261334,inserted_20260730_block,1,Matched terminal weighted e-BH,0,0.5,0.5,8,1187.75
1.75,0,20261335,inserted_20260730_block,1,SAFE-ALPHA,0,0.6875,0.6875,11,580.090909091
1.75,0,20261335,inserted_20260730_block,1,Matched terminal weighted e-BH,0,0.6875,0.6875,11,1143.09090909
1.75,0,20261336,inserted_20260730_block,1,SAFE-ALPHA,0,0.8125,0.8125,13,549.846153846
1.75,0,20261336,inserted_20260730_block,1,Matched terminal weighted e-BH,0,0.6875,0.6875,11,1163.54545455
1.75,0,20261337,inserted_20260730_block,1,SAFE-ALPHA,0,0.625,0.625,10,403
1.75,0,20261337,inserted_20260730_block,1,Matched terminal weighted e-BH,0,0.5625,0.5625,9,1187.33333333
1.75,0,20261338,inserted_20260730_block,1,SAFE-ALPHA,0,0.6875,0.6875,11,556
1.75,0,20261338,inserted_20260730_block,1,Matched terminal weighted e-BH,0,0.6875,0.6875,11,1163.54545455
1.75,0,20261339,inserted_20260730_block,1,SAFE-ALPHA,0,0.4375,0.4375,7,573.857142857
1.75,0,20261339,inserted_20260730_block,1,Matched terminal weighted e-BH,0,0.4375,0.4375,7,1179.71428571
1.75,0,20261340,inserted_20260730_block,1,SAFE-ALPHA,0,0.8125,0.8125,13,469.461538462
1.75,0,20261340,inserted_20260730_block,1,Matched terminal weighted e-BH,0,0.75,0.75,12,1152.75
1.75,0,20261341,inserted_20260730_block,1,SAFE-ALPHA,0,0.875,0.875,14,747.785714286
1.75,0,20261341,inserted_20260730_block,1,Matched terminal weighted e-BH,0,0.875,0.875,14,1149.71428571
1.75,0,20261342,inserted_20260730_block,1,SAFE-ALPHA,0,0.5625,0.5625,9,662.111111111
1.75,0,20261342,inserted_20260730_block,1,Matched terminal weighted e-BH,0,0.5,0.5,8,1185.875
1.75,0,20261343,inserted_20260730_block,1,SAFE-ALPHA,0,0.75,0.75,12,483.5
1.75,0,20261343,inserted_20260730_block,1,Matched terminal weighted e-BH,0,0.5625,0.5625,9,1162.33333333
1.75,0,20261344,inserted_20260730_block,1,SAFE-ALPHA,0,0.75,0.75,12,672.25
1.75,0,20261344,inserted_20260730_block,1,Matched terminal weighted e-BH,0,0.6875,0.6875,11,1130.81818182
1.75,0,20261345,inserted_20260730_block,1,SAFE-ALPHA,0,0.5625,0.5625,9,623.777777778
1.75,0,20261345,inserted_20260730_block,1,Matched terminal weighted e-BH,0,0.4375,0.4375,7,1192.57142857
1.75,0,20261346,inserted_20260730_block,0.9375,SAFE-ALPHA,0,0.8,0.75,12,500.166666667
1.75,0,20261346,inserted_20260730_block,0.9375,Matched terminal weighted e-BH,0,0.8,0.75,12,1176.5
1.75,0,20261347,inserted_20260730_block,1,SAFE-ALPHA,0,0.75,0.75,12,590.166666667
1.75,0,20261347,inserted_20260730_block,1,Matched terminal weighted e-BH,0,0.75,0.75,12,1156.5
1.75,0,20261348,inserted_20260730_block,1,SAFE-ALPHA,0,0.875,0.875,14,451
1.75,0,20261348,inserted_20260730_block,1,Matched terminal weighted e-BH,0,0.75,0.75,12,1130.25
1.75,0,20261349,inserted_20260730_block,1,SAFE-ALPHA,0,0.625,0.625,10,742
1.75,0,20261349,inserted_20260730_block,1,Matched terminal weighted e-BH,0,0.625,0.625,10,1176.5
1.75,0,20261350,inserted_20260730_block,1,SAFE-ALPHA,0,0.75,0.75,12,521.833333333
1.75,0,20261350,inserted_20260730_block,1,Matched terminal weighted e-BH,0,0.625,0.625,10,1152.5
1.75,0,20261351,inserted_20260730_block,1,SAFE-ALPHA,0,0.6875,0.6875,11,492.363636364
1.75,0,20261351,inserted_20260730_block,1,Matched terminal weighted e-BH,0,0.5625,0.5625,9,1125.66666667
1.75,0,20261352,inserted_20260730_block,1,SAFE-ALPHA,0,0.625,0.625,10,608.5
1.75,0,20261352,inserted_20260730_block,1,Matched terminal weighted e-BH,0,0.3125,0.3125,5,1139
1.75,0,20261353,inserted_20260730_block,1,SAFE-ALPHA,0,0.8125,0.8125,13,582.538461538
1.75,0,20261353,inserted_20260730_block,1,Matched terminal weighted e-BH,0,0.5625,0.5625,9,1167.33333333
1.75,0,20261354,inserted_20260730_block,1,SAFE-ALPHA,0,0.875,0.875,14,637.785714286
1.75,0,20261354,inserted_20260730_block,1,Matched terminal weighted e-BH,0,0.75,0.75,12,1155.25
1.75,0,20261355,inserted_20260730_block,1,SAFE-ALPHA,0,0.9375,0.9375,15,594.333333333
1.75,0,20261355,inserted_20260730_block,1,Matched terminal weighted e-BH,0,0.8125,0.8125,13,1143.61538462
1.75,0,20261356,inserted_20260730_block,1,SAFE-ALPHA,0,0.625,0.625,10,593
1.75,0,20261356,inserted_20260730_block,1,Matched terminal weighted e-BH,0,0.4375,0.4375,7,1175.42857143
1.75,0,20261357,inserted_20260730_block,1,SAFE-ALPHA,0,0.8125,0.8125,13,553.692307692
1.75,0,20261357,inserted_20260730_block,1,Matched terminal weighted e-BH,0,0.8125,0.8125,13,1150.53846154
1.75,0,20261358,inserted_20260730_block,1,SAFE-ALPHA,0,0.5625,0.5625,9,694.888888889
1.75,0,20261358,inserted_20260730_block,1,Matched terminal weighted e-BH,0,0.5625,0.5625,9,1172.33333333
1.75,0,20261359,inserted_20260730_block,1,SAFE-ALPHA,0,0.9375,0.9375,15,478
1.75,0,20261359,inserted_20260730_block,1,Matched terminal weighted e-BH,0,0.9375,0.9375,15,1149
1.75,0,20261360,inserted_20260730_block,1,SAFE-ALPHA,0,0.8125,0.8125,13,532.538461538
1.75,0,20261360,inserted_20260730_block,1,Matched terminal weighted e-BH,0,0.8125,0.8125,13,1154
1.75,0,20261361,inserted_20260730_block,1,SAFE-ALPHA,0,0.5625,0.5625,9,651.555555556
1.75,0,20261361,inserted_20260730_block,1,Matched terminal weighted e-BH,0,0.5,0.5,8,1124
1.75,0,20261362,inserted_20260730_block,1,SAFE-ALPHA,0,0.75,0.75,12,655.166666667
1.75,0,20261362,inserted_20260730_block,1,Matched terminal weighted e-BH,0,0.6875,0.6875,11,1169
1.75,0,20261363,inserted_20260730_block,1,SAFE-ALPHA,0,0.6875,0.6875,11,519.181818182
1.75,0,20261363,inserted_20260730_block,1,Matched terminal weighted e-BH,0,0.4375,0.4375,7,1158.28571429
1.75,0,20261364,inserted_20260730_block,1,SAFE-ALPHA,0,0.75,0.75,12,547.25
1.75,0,20261364,inserted_20260730_block,1,Matched terminal weighted e-BH,0,0.4375,0.4375,7,1186.14285714
1.75,0,20261365,inserted_20260730_block,1,SAFE-ALPHA,0,0.5625,0.5625,9,390.444444444
1.75,0,20261365,inserted_20260730_block,1,Matched terminal weighted e-BH,0,0.5625,0.5625,9,1184
1.75,0,20261366,inserted_20260730_block,1,SAFE-ALPHA,0,0.8125,0.8125,13,603.307692308
1.75,0,20261366,inserted_20260730_block,1,Matched terminal weighted e-BH,0,0.6875,0.6875,11,1175.81818182
1.75,0,20261367,inserted_20260730_block,1,SAFE-ALPHA,0,0.8125,0.8125,13,677.153846154
1.75,0,20261367,inserted_20260730_block,1,Matched terminal weighted e-BH,0,0.6875,0.6875,11,1154
1.75,0,20261368,inserted_20260730_block,1,SAFE-ALPHA,0,0.8125,0.8125,13,699.846153846
1.75,0,20261368,inserted_20260730_block,1,Matched terminal weighted e-BH,0,0.75,0.75,12,1130.25
1.75,0,20261369,inserted_20260730_block,1,SAFE-ALPHA,0,0.625,0.625,10,575
1.75,0,20261369,inserted_20260730_block,1,Matched terminal weighted e-BH,0,0.5625,0.5625,9,1164
1.75,0,20261370,inserted_20260730_block,1,SAFE-ALPHA,0,0.8125,0.8125,13,760.615384615
1.75,0,20261370,inserted_20260730_block,1,Matched terminal weighted e-BH,0,0.6875,0.6875,11,1139
1.75,0,20261371,inserted_20260730_block,1,SAFE-ALPHA,0,0.8125,0.8125,13,701.769230769
1.75,0,20261371,inserted_20260730_block,1,Matched terminal weighted e-BH,0,0.75,0.75,12,1157.75
1.75,0,20261372,inserted_20260730_block,1,SAFE-ALPHA,0,0.625,0.625,10,411.5
1.75,0,20261372,inserted_20260730_block,1,Matched terminal weighted e-BH,0,0.625,0.625,10,1170.5
1.75,0,20261373,inserted_20260730_block,1,SAFE-ALPHA,0,0.875,0.875,14,665.285714286
1.75,0,20261373,inserted_20260730_block,1,Matched terminal weighted e-BH,0,0.8125,0.8125,13,1137.84615385
1.75,0,20261374,inserted_20260730_block,1,SAFE-ALPHA,0,0.8125,0.8125,13,516
1.75,0,20261374,inserted_20260730_block,1,Matched terminal weighted e-BH,0,0.625,0.625,10,1169
1.75,0,20261375,inserted_20260730_block,1,SAFE-ALPHA,0,0.875,0.875,14,748.5
1.75,0,20261375,inserted_20260730_block,1,Matched terminal weighted e-BH,0,0.875,0.875,14,1133.64285714
1.75,0,20261376,inserted_20260730_block,1,SAFE-ALPHA,0,0.75,0.75,12,619.333333333
1.75,0,20261376,inserted_20260730_block,1,Matched terminal weighted e-BH,0,0.6875,0.6875,11,1163.54545455
1.75,0,20261377,inserted_20260730_block,1,SAFE-ALPHA,0,0.6875,0.6875,11,606.909090909
1.75,0,20261377,inserted_20260730_block,1,Matched terminal weighted e-BH,0,0.5625,0.5625,9,1185.66666667
1.75,0,20261378,inserted_20260730_block,1,SAFE-ALPHA,0,0.6875,0.6875,11,637.363636364
1.75,0,20261378,inserted_20260730_block,1,Matched terminal weighted e-BH,0,0.5625,0.5625,9,1155.66666667
1.75,0,20261379,inserted_20260730_block,1,SAFE-ALPHA,0,0.8125,0.8125,13,698.307692308
1.75,0,20261379,inserted_20260730_block,1,Matched terminal weighted e-BH,0,0.75,0.75,12,1155.25
1.75,0,20261380,inserted_20260730_block,1,SAFE-ALPHA,0,0.8125,0.8125,13,606.384615385
1.75,0,20261380,inserted_20260730_block,1,Matched terminal weighted e-BH,0,0.6875,0.6875,11,1175.81818182
1.75,0,20261381,inserted_20260730_block,1,SAFE-ALPHA,0,0.625,0.625,10,634.5
1.75,0,20261381,inserted_20260730_block,1,Matched terminal weighted e-BH,0,0.625,0.625,10,1127
1.75,0,20261382,inserted_20260730_block,1,SAFE-ALPHA,0,0.9375,0.9375,15,518.333333333
1.75,0,20261382,inserted_20260730_block,1,Matched terminal weighted e-BH,0,0.875,0.875,14,1125.07142857
1.75,0,20261383,inserted_20260730_block,1,SAFE-ALPHA,0,0.6875,0.6875,11,657.363636364
1.75,0,20261383,inserted_20260730_block,1,Matched terminal weighted e-BH,0,0.6875,0.6875,11,1164.90909091
1.75,0,20261384,inserted_20260730_block,1,SAFE-ALPHA,0,0.6875,0.6875,11,554.181818182
1.75,0,20261384,inserted_20260730_block,1,Matched terminal weighted e-BH,0,0.625,0.625,10,1172
1.75,0,20261385,inserted_20260730_block,1,SAFE-ALPHA,0,0.75,0.75,12,640.583333333
1.75,0,20261385,inserted_20260730_block,1,Matched terminal weighted e-BH,0,0.75,0.75,12,1145.25
1.75,0,20261386,inserted_20260730_block,1,SAFE-ALPHA,0,0.8125,0.8125,13,633.692307692
1.75,0,20261386,inserted_20260730_block,1,Matched terminal weighted e-BH,0,0.625,0.625,10,1125.5
1.75,0,20261387,inserted_20260730_block,1,SAFE-ALPHA,0,0.5,0.5,8,456.625
1.75,0,20261387,inserted_20260730_block,1,Matched terminal weighted e-BH,0,0.5,0.5,8,1169
1.75,0,20261388,inserted_20260730_block,1,SAFE-ALPHA,0,0.75,0.75,12,618.5
1.75,0,20261388,inserted_20260730_block,1,Matched terminal weighted e-BH,0,0.6875,0.6875,11,1166.27272727
1.75,0,20261389,inserted_20260730_block,1,SAFE-ALPHA,0,0.75,0.75,12,628.083333333
1.75,0,20261389,inserted_20260730_block,1,Matched terminal weighted e-BH,0,0.625,0.625,10,1163
1.75,0,20261390,inserted_20260730_block,1,SAFE-ALPHA,0,0.9375,0.9375,15,641.666666667
1.75,0,20261390,inserted_20260730_block,1,Matched terminal weighted e-BH,0,0.8125,0.8125,13,1155.15384615
1.75,0,20261391,inserted_20260730_block,1,SAFE-ALPHA,0,0.8125,0.8125,13,573.692307692
1.75,0,20261391,inserted_20260730_block,1,Matched terminal weighted e-BH,0,0.8125,0.8125,13,1143.61538462
1.75,0,20261392,inserted_20260730_block,1,SAFE-ALPHA,0,0.8125,0.8125,13,479.461538462
1.75,0,20261392,inserted_20260730_block,1,Matched terminal weighted e-BH,0,0.625,0.625,10,1140.5
1.75,0,20261393,inserted_20260730_block,1,SAFE-ALPHA,0,0.75,0.75,12,652.25
1.75,0,20261393,inserted_20260730_block,1,Matched terminal weighted e-BH,0,0.5,0.5,8,1159.625
1.75,0,20261394,inserted_20260730_block,1,SAFE-ALPHA,0,0.75,0.75,12,518.5
1.75,0,20261394,inserted_20260730_block,1,Matched terminal weighted e-BH,0,0.75,0.75,12,1151.5
1.75,0,20261395,inserted_20260730_block,1,SAFE-ALPHA,0,0.6875,0.6875,11,467.818181818
1.75,0,20261395,inserted_20260730_block,1,Matched terminal weighted e-BH,0,0.6875,0.6875,11,1159.45454545
1.75,0,20261396,inserted_20260730_block,1,SAFE-ALPHA,0,0.625,0.625,10,563
1.75,0,20261396,inserted_20260730_block,1,Matched terminal weighted e-BH,0,0.625,0.625,10,1169
1.75,0,20261397,inserted_20260730_block,1,SAFE-ALPHA,0,0.875,0.875,14,479.928571429
1.75,0,20261397,inserted_20260730_block,1,Matched terminal weighted e-BH,0,0.6875,0.6875,11,1163.54545455
1.75,0,20261398,inserted_20260730_block,1,SAFE-ALPHA,0,0.75,0.75,12,578.5
1.75,0,20261398,inserted_20260730_block,1,Matched terminal weighted e-BH,0,0.6875,0.6875,11,1154
1.75,0,20261399,inserted_20260730_block,1,SAFE-ALPHA,0,0.8125,0.8125,13,619.076923077
1.75,0,20261399,inserted_20260730_block,1,Matched terminal weighted e-BH,0,0.6875,0.6875,11,1159.45454545
1.75,0,20261400,inserted_20260730_block,1,SAFE-ALPHA,0,0.625,0.625,10,438
1.75,0,20261400,inserted_20260730_block,1,Matched terminal weighted e-BH,0,0.5625,0.5625,9,1140.66666667
1.75,0,20261401,inserted_20260730_block,0.9375,SAFE-ALPHA,0,0.6,0.5625,9,603.222222222
1.75,0,20261401,inserted_20260730_block,0.9375,Matched terminal weighted e-BH,0,0.4,0.375,6,1164
1.75,0,20261402,inserted_20260730_block,1,SAFE-ALPHA,0,0.625,0.625,10,827
1.75,0,20261402,inserted_20260730_block,1,Matched terminal weighted e-BH,0,0.5625,0.5625,9,1159
1.75,0,20261403,inserted_20260730_block,1,SAFE-ALPHA,0,0.8125,0.8125,13,503.692307692
1.75,0,20261403,inserted_20260730_block,1,Matched terminal weighted e-BH,0,0.8125,0.8125,13,1152.84615385
1.75,0,20261404,inserted_20260730_block,1,SAFE-ALPHA,0,0.8125,0.8125,13,620.230769231
1.75,0,20261404,inserted_20260730_block,1,Matched terminal weighted e-BH,0,0.75,0.75,12,1161.5
1.75,0,20261405,inserted_20260730_block,1,SAFE-ALPHA,0,0.625,0.625,10,543.5
1.75,0,20261405,inserted_20260730_block,1,Matched terminal weighted e-BH,0,0.5625,0.5625,9,1147.33333333
1.75,0,20261406,inserted_20260730_block,1,SAFE-ALPHA,0,0.75,0.75,12,532.25
1.75,0,20261406,inserted_20260730_block,1,Matched terminal weighted e-BH,0,0.75,0.75,12,1156.5
1.75,0,20261407,inserted_20260730_block,1,SAFE-ALPHA,0,0.8125,0.8125,13,525.615384615
1.75,0,20261407,inserted_20260730_block,1,Matched terminal weighted e-BH,0,0.625,0.625,10,1155.5
1.75,0,20261408,inserted_20260730_block,1,SAFE-ALPHA,0,0.625,0.625,10,602.5
1.75,0,20261408,inserted_20260730_block,1,Matched terminal weighted e-BH,0,0.4375,0.4375,7,1201.14285714
1.75,0,20261409,inserted_20260730_block,1,SAFE-ALPHA,0,0.75,0.75,12,506.833333333
1.75,0,20261409,inserted_20260730_block,1,Matched terminal weighted e-BH,0,0.75,0.75,12,1167.75
1.75,0,20261410,inserted_20260730_block,1,SAFE-ALPHA,0,0.5625,0.5625,9,482.666666667
1.75,0,20261410,inserted_20260730_block,1,Matched terminal weighted e-BH,0,0.5,0.5,8,1172.75
1.75,0,20261411,inserted_20260730_block,1,SAFE-ALPHA,0.0833333333333,0.6875,0.6875,12,783.727272727
1.75,0,20261411,inserted_20260730_block,1,Matched terminal weighted e-BH,0,0.5625,0.5625,9,1105.66666667
1.75,0,20261412,inserted_20260730_block,1,SAFE-ALPHA,0,0.9375,0.9375,15,599.333333333
1.75,0,20261412,inserted_20260730_block,1,Matched terminal weighted e-BH,0,0.8125,0.8125,13,1126.30769231
1.75,0,20261413,inserted_20260730_block,1,SAFE-ALPHA,0.1,0.5625,0.5625,10,722.111111111
1.75,0,20261413,inserted_20260730_block,1,Matched terminal weighted e-BH,0,0.4375,0.4375,7,1139
1.75,0,20261414,inserted_20260730_block,1,SAFE-ALPHA,0,0.5625,0.5625,9,535.444444444
1.75,0,20261414,inserted_20260730_block,1,Matched terminal weighted e-BH,0,0.5625,0.5625,9,1170.66666667
1.75,0,20261415,inserted_20260730_block,1,SAFE-ALPHA,0,0.9375,0.9375,15,506.666666667
1.75,0,20261415,inserted_20260730_block,1,Matched terminal weighted e-BH,0,0.9375,0.9375,15,1123
1.75,0,20261416,inserted_20260730_block,1,SAFE-ALPHA,0,0.9375,0.9375,15,524
1.75,0,20261416,inserted_20260730_block,1,Matched terminal weighted e-BH,0,0.8125,0.8125,13,1120.53846154
1.75,0,20261417,inserted_20260730_block,1,SAFE-ALPHA,0,0.6875,0.6875,11,519.181818182
1.75,0,20261417,inserted_20260730_block,1,Matched terminal weighted e-BH,0,0.625,0.625,10,1178
1.75,0,20261418,inserted_20260730_block,1,SAFE-ALPHA,0,0.75,0.75,12,650.583333333
1.75,0,20261418,inserted_20260730_block,1,Matched terminal weighted e-BH,0,0.5,0.5,8,1187.75
1.75,0,20261419,inserted_20260730_block,1,SAFE-ALPHA,0,0.75,0.75,12,698.916666667
1.75,0,20261419,inserted_20260730_block,1,Matched terminal weighted e-BH,0,0.625,0.625,10,1127
1.75,0,20261420,inserted_20260730_block,1,SAFE-ALPHA,0,0.875,0.875,14,655.285714286
1.75,0,20261420,inserted_20260730_block,1,Matched terminal weighted e-BH,0,0.6875,0.6875,11,1155.36363636
1.75,0,20261421,inserted_20260730_block,1,SAFE-ALPHA,0,0.9375,0.9375,15,689.866666667
1.75,0,20261421,inserted_20260730_block,1,Matched terminal weighted e-BH,0,0.75,0.75,12,1156.5
1.75,0,20261422,inserted_20260730_block,1,SAFE-ALPHA,0,0.75,0.75,12,570.166666667
1.75,0,20261422,inserted_20260730_block,1,Matched terminal weighted e-BH,0,0.5625,0.5625,9,1125.66666667
1.75,0,20261423,inserted_20260730_block,1,SAFE-ALPHA,0,0.8125,0.8125,13,657.153846154
1.75,0,20261423,inserted_20260730_block,1,Matched terminal weighted e-BH,0,0.625,0.625,10,1145
1.75,0,20261424,inserted_20260730_block,1,SAFE-ALPHA,0,0.875,0.875,14,621.357142857
1.75,0,20261424,inserted_20260730_block,1,Matched terminal weighted e-BH,0,0.8125,0.8125,13,1135.53846154
1.75,0,20261425,inserted_20260730_block,1,SAFE-ALPHA,0,0.6875,0.6875,11,580.090909091
1.75,0,20261425,inserted_20260730_block,1,Matched terminal weighted e-BH,0,0.5625,0.5625,9,1152.33333333
1.75,0,20261426,inserted_20260730_block,1,SAFE-ALPHA,0,0.75,0.75,12,641.833333333
1.75,0,20261426,inserted_20260730_block,1,Matched terminal weighted e-BH,0,0.5625,0.5625,9,1169
1.75,0,20261427,inserted_20260730_block,1,SAFE-ALPHA,0,0.8125,0.8125,13,504.076923077
1.75,0,20261427,inserted_20260730_block,1,Matched terminal weighted e-BH,0,0.75,0.75,12,1154
1.75,0,20261428,inserted_20260730_block,1,SAFE-ALPHA,0,0.75,0.75,12,514.333333333
1.75,0,20261428,inserted_20260730_block,1,Matched terminal weighted e-BH,0,0.75,0.75,12,1139
1.75,0,20261429,inserted_20260730_block,1,SAFE-ALPHA,0,0.75,0.75,12,656
1.75,0,20261429,inserted_20260730_block,1,Matched terminal weighted e-BH,0,0.625,0.625,10,1158.5
1.75,0,20261430,inserted_20260730_block,1,SAFE-ALPHA,0,0.875,0.875,14,763.142857143
1.75,0,20261430,inserted_20260730_block,1,Matched terminal weighted e-BH,0,0.5625,0.5625,9,1157.33333333
1.75,0,20261431,inserted_20260730_block,1,SAFE-ALPHA,0,0.625,0.625,10,612.5
1.75,0,20261431,inserted_20260730_block,1,Matched terminal weighted e-BH,0,0.5625,0.5625,9,1145.66666667
1.75,0,20261432,inserted_20260730_block,1,SAFE-ALPHA,0,0.875,0.875,14,587.071428571
1.75,0,20261432,inserted_20260730_block,1,Matched terminal weighted e-BH,0,0.875,0.875,14,1130.42857143
1.75,0,20261433,inserted_20260730_block,1,SAFE-ALPHA,0,0.6875,0.6875,11,631.909090909
1.75,0,20261433,inserted_20260730_block,1,Matched terminal weighted e-BH,0,0.625,0.625,10,1154
1.75,0,20261434,inserted_20260730_block,1,SAFE-ALPHA,0,0.875,0.875,14,606.357142857
1.75,0,20261434,inserted_20260730_block,1,Matched terminal weighted e-BH,0,0.875,0.875,14,1161.5
1.75,0,20261435,inserted_20260730_block,1,SAFE-ALPHA,0,0.75,0.75,12,697.666666667
1.75,0,20261435,inserted_20260730_block,1,Matched terminal weighted e-BH,0,0.6875,0.6875,11,1171.72727273
1.75,0,20261436,inserted_20260730_block,1,SAFE-ALPHA,0,0.75,0.75,12,586.833333333
1.75,0,20261436,inserted_20260730_block,1,Matched terminal weighted e-BH,0,0.6875,0.6875,11,1175.81818182
1.75,0,20261437,inserted_20260730_block,1,SAFE-ALPHA,0,0.75,0.75,12,676.416666667
1.75,0,20261437,inserted_20260730_block,1,Matched terminal weighted e-BH,0,0.75,0.75,12,1169
1.75,0,20261438,inserted_20260730_block,1,SAFE-ALPHA,0,0.75,0.75,12,564.333333333
1.75,0,20261438,inserted_20260730_block,1,Matched terminal weighted e-BH,0,0.5,0.5,8,1154
1.75,0,20261439,inserted_20260730_block,1,SAFE-ALPHA,0,0.9375,0.9375,15,677
1.75,0,20261439,inserted_20260730_block,1,Matched terminal weighted e-BH,0,0.8125,0.8125,13,1134.38461538
1.75,0,20261440,inserted_20260730_block,1,SAFE-ALPHA,0,0.5625,0.5625,9,480.444444444
1.75,0,20261440,inserted_20260730_block,1,Matched terminal weighted e-BH,0,0.5625,0.5625,9,1182.33333333
1.75,0,20261441,inserted_20260730_block,1,SAFE-ALPHA,0,0.75,0.75,12,637.666666667
1.75,0,20261441,inserted_20260730_block,1,Matched terminal weighted e-BH,0,0.75,0.75,12,1132.75
1.75,0,20261442,inserted_20260730_block,1,SAFE-ALPHA,0,0.8125,0.8125,13,644.461538462
1.75,0,20261442,inserted_20260730_block,1,Matched terminal weighted e-BH,0,0.625,0.625,10,1185.5
1.75,0,20261443,inserted_20260730_block,1,SAFE-ALPHA,0,0.6875,0.6875,11,556
1.75,0,20261443,inserted_20260730_block,1,Matched terminal weighted e-BH,0,0.625,0.625,10,1178
1.75,0,20261444,inserted_20260730_block,1,SAFE-ALPHA,0,0.8125,0.8125,13,567.923076923
1.75,0,20261444,inserted_20260730_block,1,Matched terminal weighted e-BH,0,0.625,0.625,10,1136
1.75,0,20261445,inserted_20260730_block,1,SAFE-ALPHA,0,0.75,0.75,12,455.166666667
1.75,0,20261445,inserted_20260730_block,1,Matched terminal weighted e-BH,0,0.75,0.75,12,1125.25
1.75,0,20261446,inserted_20260730_block,1,SAFE-ALPHA,0,0.875,0.875,14,547.785714286
1.75,0,20261446,inserted_20260730_block,1,Matched terminal weighted e-BH,0,0.8125,0.8125,13,1126.30769231
1.75,0,20261447,inserted_20260730_block,1,SAFE-ALPHA,0,0.8125,0.8125,13,632.538461538
1.75,0,20261447,inserted_20260730_block,1,Matched terminal weighted e-BH,0,0.5625,0.5625,9,1185.66666667
1.75,0,20261448,inserted_20260730_block,1,SAFE-ALPHA,0,0.75,0.75,12,586
1.75,0,20261448,inserted_20260730_block,1,Matched terminal weighted e-BH,0,0.75,0.75,12,1142.75
1.75,0,20261449,inserted_20260730_block,1,SAFE-ALPHA,0,0.5625,0.5625,9,723.222222222
1.75,0,20261449,inserted_20260730_block,1,Matched terminal weighted e-BH,0,0.5,0.5,8,1176.5
1.75,0,20261450,inserted_20260730_block,1,SAFE-ALPHA,0,0.5625,0.5625,9,573.777777778
1.75,0,20261450,inserted_20260730_block,1,Matched terminal weighted e-BH,0,0.5625,0.5625,9,1165.66666667
1.75,0,20261451,inserted_20260730_block,1,SAFE-ALPHA,0,0.75,0.75,12,577.25
1.75,0,20261451,inserted_20260730_block,1,Matched terminal weighted e-BH,0,0.625,0.625,10,1140.5
1.75,0,20261452,inserted_20260730_block,1,SAFE-ALPHA,0,0.875,0.875,14,551
1.75,0,20261452,inserted_20260730_block,1,Matched terminal weighted e-BH,0,0.8125,0.8125,13,1100.92307692
1.75,0,20261453,inserted_20260730_block,1,SAFE-ALPHA,0,0.6875,0.6875,11,626.909090909
1.75,0,20261453,inserted_20260730_block,1,Matched terminal weighted e-BH,0,0.625,0.625,10,1169
1.75,0,20261454,inserted_20260730_block,1,SAFE-ALPHA,0,0.75,0.75,12,590.166666667
1.75,0,20261454,inserted_20260730_block,1,Matched terminal weighted e-BH,0,0.625,0.625,10,1181
1.75,0,20261455,inserted_20260730_block,1,SAFE-ALPHA,0,0.75,0.75,12,610.583333333
1.75,0,20261455,inserted_20260730_block,1,Matched terminal weighted e-BH,0,0.75,0.75,12,1154
1.75,0,20261456,inserted_20260730_block,1,SAFE-ALPHA,0,0.8125,0.8125,13,638.692307692
1.75,0,20261456,inserted_20260730_block,1,Matched terminal weighted e-BH,0,0.75,0.75,12,1150.25
1.75,0,20261457,inserted_20260730_block,1,SAFE-ALPHA,0,0.625,0.625,10,639
1.75,0,20261457,inserted_20260730_block,1,Matched terminal weighted e-BH,0,0.625,0.625,10,1136
1.75,0,20261458,inserted_20260730_block,1,SAFE-ALPHA,0,0.75,0.75,12,608.5
1.75,0,20261458,inserted_20260730_block,1,Matched terminal weighted e-BH,0,0.625,0.625,10,1149.5
1.75,0,20261459,inserted_20260730_block,1,SAFE-ALPHA,0,0.625,0.625,10,738
1.75,0,20261459,inserted_20260730_block,1,Matched terminal weighted e-BH,0,0.5,0.5,8,1129.625
1.75,0,20261460,inserted_20260730_block,0.9375,SAFE-ALPHA,0,0.733333333333,0.6875,11,488.272727273
1.75,0,20261460,inserted_20260730_block,0.9375,Matched terminal weighted e-BH,0,0.666666666667,0.625,10,1163
1.75,0,20261461,inserted_20260730_block,1,SAFE-ALPHA,0,0.6875,0.6875,11,564.181818182
1.75,0,20261461,inserted_20260730_block,1,Matched terminal weighted e-BH,0,0.625,0.625,10,1172
1.75,0,20261462,inserted_20260730_block,1,SAFE-ALPHA,0,0.8125,0.8125,13,664.846153846
1.75,0,20261462,inserted_20260730_block,1,Matched terminal weighted e-BH,0,0.6875,0.6875,11,1107.63636364
1.75,0,20261463,inserted_20260730_block,1,SAFE-ALPHA,0,0.8125,0.8125,13,685.230769231
1.75,0,20261463,inserted_20260730_block,1,Matched terminal weighted e-BH,0,0.75,0.75,12,1161.5
1.75,0,20261464,inserted_20260730_block,1,SAFE-ALPHA,0,0.6875,0.6875,11,407.363636364
1.75,0,20261464,inserted_20260730_block,1,Matched terminal weighted e-BH,0,0.6875,0.6875,11,1166.27272727
1.75,0,20261465,inserted_20260730_block,1,SAFE-ALPHA,0,0.875,0.875,14,569.928571429
1.75,0,20261465,inserted_20260730_block,1,Matched terminal weighted e-BH,0,0.75,0.75,12,1147.75
1.75,0,20261466,inserted_20260730_block,1,SAFE-ALPHA,0,0.5625,0.5625,9,621.333333333
1.75,0,20261466,inserted_20260730_block,1,Matched terminal weighted e-BH,0,0.5625,0.5625,9,1154
1.75,0,20261467,inserted_20260730_block,1,SAFE-ALPHA,0,0.8125,0.8125,13,652.153846154
1.75,0,20261467,inserted_20260730_block,1,Matched terminal weighted e-BH,0,0.6875,0.6875,11,1154
1.75,0,20261468,inserted_20260730_block,1,SAFE-ALPHA,0,0.8125,0.8125,13,518.307692308
1.75,0,20261468,inserted_20260730_block,1,Matched terminal weighted e-BH,0,0.625,0.625,10,1164.5
1.75,0,20261469,inserted_20260730_block,1,SAFE-ALPHA,0,0.9375,0.9375,15,557.666666667
1.75,0,20261469,inserted_20260730_block,1,Matched terminal weighted e-BH,0,0.875,0.875,14,1127.21428571
1.75,0,20261470,inserted_20260730_block,1,SAFE-ALPHA,0,0.875,0.875,14,542.785714286
1.75,0,20261470,inserted_20260730_block,1,Matched terminal weighted e-BH,0,0.875,0.875,14,1140.07142857
1.75,0,20261471,inserted_20260730_block,1,SAFE-ALPHA,0,0.875,0.875,14,642.785714286
1.75,0,20261471,inserted_20260730_block,1,Matched terminal weighted e-BH,0,0.75,0.75,12,1151.5
1.75,0,20261472,inserted_20260730_block,1,SAFE-ALPHA,0,0.8125,0.8125,13,639.461538462
1.75,0,20261472,inserted_20260730_block,1,Matched terminal weighted e-BH,0,0.6875,0.6875,11,1155.36363636
1.75,0,20261473,inserted_20260730_block,1,SAFE-ALPHA,0,0.6875,0.6875,11,623.727272727
1.75,0,20261473,inserted_20260730_block,1,Matched terminal weighted e-BH,0,0.625,0.625,10,1154
1.75,0,20261474,inserted_20260730_block,1,SAFE-ALPHA,0,0.75,0.75,12,738.083333333
1.75,0,20261474,inserted_20260730_block,1,Matched terminal weighted e-BH,0,0.6875,0.6875,11,1137.63636364
1.75,0,20261475,inserted_20260730_block,1,SAFE-ALPHA,0,0.625,0.625,10,633
1.75,0,20261475,inserted_20260730_block,1,Matched terminal weighted e-BH,0,0.4375,0.4375,7,1151.85714286
1.75,0,20261476,inserted_20260730_block,1,SAFE-ALPHA,0,0.5,0.5,8,779.75
1.75,0,20261476,inserted_20260730_block,1,Matched terminal weighted e-BH,0,0.5,0.5,8,1180.25
1.75,0,20261477,inserted_20260730_block,1,SAFE-ALPHA,0,0.9375,0.9375,15,494.333333333
1.75,0,20261477,inserted_20260730_block,1,Matched terminal weighted e-BH,0,0.6875,0.6875,11,1144.45454545
1.75,0,20261478,inserted_20260730_block,1,SAFE-ALPHA,0,0.8125,0.8125,13,588.692307692
1.75,0,20261478,inserted_20260730_block,1,Matched terminal weighted e-BH,0,0.8125,0.8125,13,1155.15384615
1.75,0,20261479,inserted_20260730_block,1,SAFE-ALPHA,0,0.75,0.75,12,585.583333333
1.75,0,20261479,inserted_20260730_block,1,Matched terminal weighted e-BH,0,0.75,0.75,12,1141.5
2,0,314909,archived_314159_anchor,1,SAFE-ALPHA,0,0.5625,0.5625,9,717.111111111
2,0,314909,archived_314159_anchor,1,Matched terminal weighted e-BH,0,0.5625,0.5625,9,1140.66666667
2,0,314910,archived_314159_anchor,1,SAFE-ALPHA,0,0.8125,0.8125,13,479.846153846
2,0,314910,archived_314159_anchor,1,Matched terminal weighted e-BH,0,0.8125,0.8125,13,1160.92307692
2,0,314911,archived_314159_anchor,1,SAFE-ALPHA,0,0.8125,0.8125,13,606
2,0,314911,archived_314159_anchor,1,Matched terminal weighted e-BH,0,0.8125,0.8125,13,1154
2,0,314912,archived_314159_anchor,1,SAFE-ALPHA,0,1,1,16,537.25
2,0,314912,archived_314159_anchor,1,Matched terminal weighted e-BH,0,0.9375,0.9375,15,1139
2,0,314913,archived_314159_anchor,1,SAFE-ALPHA,0,1,1,16,432.5625
2,0,314913,archived_314159_anchor,1,Matched terminal weighted e-BH,0,0.9375,0.9375,15,1137
2,0,314914,archived_314159_anchor,1,SAFE-ALPHA,0,0.8125,0.8125,13,628.538461538
2,0,314914,archived_314159_anchor,1,Matched terminal weighted e-BH,0,0.625,0.625,10,1154
2,0,314915,archived_314159_anchor,1,SAFE-ALPHA,0,0.875,0.875,14,538.5
2,0,314915,archived_314159_anchor,1,Matched terminal weighted e-BH,0,0.8125,0.8125,13,1166.69230769
2,0,314916,archived_314159_anchor,1,SAFE-ALPHA,0,0.875,0.875,14,520.285714286
2,0,314916,archived_314159_anchor,1,Matched terminal weighted e-BH,0,0.875,0.875,14,1141.14285714
2,0,314917,archived_314159_anchor,1,SAFE-ALPHA,0,0.875,0.875,14,439.571428571
2,0,314917,archived_314159_anchor,1,Matched terminal weighted e-BH,0,0.875,0.875,14,1147.57142857
2,0,314918,archived_314159_anchor,1,SAFE-ALPHA,0,0.9375,0.9375,15,433.666666667
2,0,314918,archived_314159_anchor,1,Matched terminal weighted e-BH,0,0.9375,0.9375,15,1147
2,0,314919,archived_314159_anchor,1,SAFE-ALPHA,0,0.875,0.875,14,519.214285714
2,0,314919,archived_314159_anchor,1,Matched terminal weighted e-BH,0,0.875,0.875,14,1140.07142857
2,0,314920,archived_314159_anchor,1,SAFE-ALPHA,0,0.9375,0.9375,15,514.333333333
2,0,314920,archived_314159_anchor,1,Matched terminal weighted e-BH,0,0.875,0.875,14,1144.35714286
2,0,314921,archived_314159_anchor,1,SAFE-ALPHA,0,1,1,16,606
2,0,314921,archived_314159_anchor,1,Matched terminal weighted e-BH,0,0.8125,0.8125,13,1137.84615385
2,0,314922,archived_314159_anchor,1,SAFE-ALPHA,0,0.875,0.875,14,493.142857143
2,0,314922,archived_314159_anchor,1,Matched terminal weighted e-BH,0,0.875,0.875,14,1130.42857143
2,0,314923,archived_314159_anchor,1,SAFE-ALPHA,0,0.8125,0.8125,13,501
2,0,314923,archived_314159_anchor,1,Matched terminal weighted e-BH,0,0.8125,0.8125,13,1141.30769231
2,0,314924,archived_314159_anchor,1,SAFE-ALPHA,0,0.875,0.875,14,434.214285714
2,0,314924,archived_314159_anchor,1,Matched terminal weighted e-BH,0,0.875,0.875,14,1157.21428571
2,0,314925,archived_314159_anchor,1,SAFE-ALPHA,0,0.9375,0.9375,15,452.333333333
2,0,314925,archived_314159_anchor,1,Matched terminal weighted e-BH,0,0.9375,0.9375,15,1144
2,0,314926,archived_314159_anchor,1,SAFE-ALPHA,0,0.9375,0.9375,15,406
2,0,314926,archived_314159_anchor,1,Matched terminal weighted e-BH,0,0.9375,0.9375,15,1149
2,0,314927,archived_314159_anchor,1,SAFE-ALPHA,0,1,1,16,511
2,0,314927,archived_314159_anchor,1,Matched terminal weighted e-BH,0,1,1,16,1136.1875
2,0,314928,archived_314159_anchor,1,SAFE-ALPHA,0,0.8125,0.8125,13,514.076923077
2,0,314928,archived_314159_anchor,1,Matched terminal weighted e-BH,0,0.75,0.75,12,1170.25
2,0,314929,archived_314159_anchor,1,SAFE-ALPHA,0,0.875,0.875,14,498.857142857
2,0,314929,archived_314159_anchor,1,Matched terminal weighted e-BH,0,0.875,0.875,14,1160.42857143
2,0,314930,archived_314159_anchor,1,SAFE-ALPHA,0,1,1,16,682.25
2,0,314930,archived_314159_anchor,1,Matched terminal weighted e-BH,0,0.9375,0.9375,15,1135
2,0,314931,archived_314159_anchor,1,SAFE-ALPHA,0,0.9375,0.9375,15,507.333333333
2,0,314931,archived_314159_anchor,1,Matched terminal weighted e-BH,0,0.9375,0.9375,15,1154
2,0,314932,archived_314159_anchor,1,SAFE-ALPHA,0,0.9375,0.9375,15,513
2,0,314932,archived_314159_anchor,1,Matched terminal weighted e-BH,0,0.875,0.875,14,1158.28571429
2,0,314933,archived_314159_anchor,1,SAFE-ALPHA,0,1,1,16,578.1875
2,0,314933,archived_314159_anchor,1,Matched terminal weighted e-BH,0,0.875,0.875,14,1133.64285714
2,0,314934,archived_314159_anchor,1,SAFE-ALPHA,0,0.9375,0.9375,15,494.333333333
2,0,314934,archived_314159_anchor,1,Matched terminal weighted e-BH,0,0.9375,0.9375,15,1139
2,0,314935,archived_314159_anchor,1,SAFE-ALPHA,0,0.875,0.875,14,478.857142857
2,0,314935,archived_314159_anchor,1,Matched terminal weighted e-BH,0,0.8125,0.8125,13,1148.23076923
2,0,314936,archived_314159_anchor,1,SAFE-ALPHA,0,0.75,0.75,12,686.833333333
2,0,314936,archived_314159_anchor,1,Matched terminal weighted e-BH,0,0.6875,0.6875,11,1147.18181818
2,0,314937,archived_314159_anchor,1,SAFE-ALPHA,0,0.875,0.875,14,473.142857143
2,0,314937,archived_314159_anchor,1,Matched terminal weighted e-BH,0,0.8125,0.8125,13,1160.92307692
2,0,314938,archived_314159_anchor,1,SAFE-ALPHA,0,0.75,0.75,12,541.416666667
2,0,314938,archived_314159_anchor,1,Matched terminal weighted e-BH,0,0.75,0.75,12,1164
2,0,314939,archived_314159_anchor,1,SAFE-ALPHA,0,0.75,0.75,12,509.75
2,0,314939,archived_314159_anchor,1,Matched terminal weighted e-BH,0,0.75,0.75,12,1162.75
2,0,314940,archived_314159_anchor,1,SAFE-ALPHA,0,0.875,0.875,14,452.785714286
2,0,314940,archived_314159_anchor,1,Matched terminal weighted e-BH,0,0.875,0.875,14,1157.21428571
2,0,314941,archived_314159_anchor,1,SAFE-ALPHA,0,1,1,16,530.375
2,0,314941,archived_314159_anchor,1,Matched terminal weighted e-BH,0,1,1,16,1140.875
2,0,314942,archived_314159_anchor,1,SAFE-ALPHA,0,0.9375,0.9375,15,588
2,0,314942,archived_314159_anchor,1,Matched terminal weighted e-BH,0,0.875,0.875,14,1141.14285714
2,0,314943,archived_314159_anchor,1,SAFE-ALPHA,0,0.875,0.875,14,501.357142857
2,0,314943,archived_314159_anchor,1,Matched terminal weighted e-BH,0,0.875,0.875,14,1144.35714286
2,0,314944,archived_314159_anchor,1,SAFE-ALPHA,0,1,1,16,487.25
2,0,314944,archived_314159_anchor,1,Matched terminal weighted e-BH,0,1,1,16,1144.625
2,0,314945,archived_314159_anchor,1,SAFE-ALPHA,0,0.875,0.875,14,621.357142857
2,0,314945,archived_314159_anchor,1,Matched terminal weighted e-BH,0,0.8125,0.8125,13,1107.84615385
2,0,314946,archived_314159_anchor,1,SAFE-ALPHA,0,0.875,0.875,14,517.071428571
2,0,314946,archived_314159_anchor,1,Matched terminal weighted e-BH,0,0.875,0.875,14,1148.64285714
2,0,314947,archived_314159_anchor,1,SAFE-ALPHA,0,1,1,16,417.875
2,0,314947,archived_314159_anchor,1,Matched terminal weighted e-BH,0,0.9375,0.9375,15,1154
2,0,314948,archived_314159_anchor,1,SAFE-ALPHA,0,0.9375,0.9375,15,657.666666667
2,0,314948,archived_314159_anchor,1,Matched terminal weighted e-BH,0,0.875,0.875,14,1157.21428571
2,0,314949,archived_314159_anchor,1,SAFE-ALPHA,0,0.875,0.875,14,539.928571429
2,0,314949,archived_314159_anchor,1,Matched terminal weighted e-BH,0,0.875,0.875,14,1147.57142857
2,0,314950,archived_314159_anchor,1,SAFE-ALPHA,0,0.9375,0.9375,15,553.666666667
2,0,314950,archived_314159_anchor,1,Matched terminal weighted e-BH,0,0.875,0.875,14,1139
2,0,314951,archived_314159_anchor,1,SAFE-ALPHA,0,0.875,0.875,14,517.785714286
2,0,314951,archived_314159_anchor,1,Matched terminal weighted e-BH,0,0.8125,0.8125,13,1167.84615385
2,0,314952,archived_314159_anchor,1,SAFE-ALPHA,0,0.9375,0.9375,15,555
2,0,314952,archived_314159_anchor,1,Matched terminal weighted e-BH,0,0.8125,0.8125,13,1145.92307692
2,0,314953,archived_314159_anchor,1,SAFE-ALPHA,0,0.9375,0.9375,15,495.666666667
2,0,314953,archived_314159_anchor,1,Matched terminal weighted e-BH,0,0.875,0.875,14,1152.92857143
2,0,314954,archived_314159_anchor,1,SAFE-ALPHA,0,0.875,0.875,14,466.714285714
2,0,314954,archived_314159_anchor,1,Matched terminal weighted e-BH,0,0.8125,0.8125,13,1162.07692308
2,0,314955,archived_314159_anchor,1,SAFE-ALPHA,0,0.6875,0.6875,11,549.181818182
2,0,314955,archived_314159_anchor,1,Matched terminal weighted e-BH,0,0.6875,0.6875,11,1149.90909091
2,0,314956,archived_314159_anchor,1,SAFE-ALPHA,0,0.9375,0.9375,15,445.666666667
2,0,314956,archived_314159_anchor,1,Matched terminal weighted e-BH,0,0.75,0.75,12,1139
2,0,314957,archived_314159_anchor,1,SAFE-ALPHA,0,0.9375,0.9375,15,496.666666667
2,0,314957,archived_314159_anchor,1,Matched terminal weighted e-BH,0,0.875,0.875,14,1147.57142857
2,0,314958,archived_314159_anchor,1,SAFE-ALPHA,0,0.9375,0.9375,15,588.333333333
2,0,314958,archived_314159_anchor,1,Matched terminal weighted e-BH,0,0.9375,0.9375,15,1141
2,0,314959,archived_314159_anchor,1,SAFE-ALPHA,0,0.9375,0.9375,15,663.666666667
2,0,314959,archived_314159_anchor,1,Matched terminal weighted e-BH,0,0.875,0.875,14,1119.71428571
2,0,314960,archived_314159_anchor,1,SAFE-ALPHA,0,0.6875,0.6875,11,435.090909091
2,0,314960,archived_314159_anchor,1,Matched terminal weighted e-BH,0,0.6875,0.6875,11,1163.54545455
2,0,314961,archived_314159_anchor,1,SAFE-ALPHA,0,0.8125,0.8125,13,515.230769231
2,0,314961,archived_314159_anchor,1,Matched terminal weighted e-BH,0,0.75,0.75,12,1157.75
2,0,314962,archived_314159_anchor,1,SAFE-ALPHA,0,1,1,16,508.1875
2,0,314962,archived_314159_anchor,1,Matched terminal weighted e-BH,0,1,1,16,1139
2,0,314963,archived_314159_anchor,1,SAFE-ALPHA,0,0.8125,0.8125,13,587.538461538
2,0,314963,archived_314159_anchor,1,Matched terminal weighted e-BH,0,0.75,0.75,12,1169
2,0,314964,archived_314159_anchor,1,SAFE-ALPHA,0,1,1,16,521.625
2,0,314964,archived_314159_anchor,1,Matched terminal weighted e-BH,0,0.9375,0.9375,15,1131
2,0,314965,archived_314159_anchor,1,SAFE-ALPHA,0,0.875,0.875,14,637.428571429
2,0,314965,archived_314159_anchor,1,Matched terminal weighted e-BH,0,0.75,0.75,12,1137.75
2,0,314966,archived_314159_anchor,1,SAFE-ALPHA,0,0.9375,0.9375,15,630.333333333
2,0,314966,archived_314159_anchor,1,Matched terminal weighted e-BH,0,0.9375,0.9375,15,1147
2,0,314967,archived_314159_anchor,1,SAFE-ALPHA,0,0.8125,0.8125,13,598.692307692
2,0,314967,archived_314159_anchor,1,Matched terminal weighted e-BH,0,0.8125,0.8125,13,1132.07692308
2,0,314968,archived_314159_anchor,1,SAFE-ALPHA,0,0.6875,0.6875,11,535.090909091
2,0,314968,archived_314159_anchor,1,Matched terminal weighted e-BH,0,0.6875,0.6875,11,1159.45454545
2,0,314969,archived_314159_anchor,1,SAFE-ALPHA,0,0.875,0.875,14,428.857142857
2,0,314969,archived_314159_anchor,1,Matched terminal weighted e-BH,0,0.875,0.875,14,1152.92857143
2,0,314970,archived_314159_anchor,1,SAFE-ALPHA,0,0.9375,0.9375,15,477.666666667
2,0,314970,archived_314159_anchor,1,Matched terminal weighted e-BH,0,0.875,0.875,14,1133.64285714
2,0,314971,archived_314159_anchor,1,SAFE-ALPHA,0,0.875,0.875,14,612.428571429
2,0,314971,archived_314159_anchor,1,Matched terminal weighted e-BH,0,0.8125,0.8125,13,1144.76923077
2,0,314972,archived_314159_anchor,1,SAFE-ALPHA,0,0.9375,0.9375,15,541
2,0,314972,archived_314159_anchor,1,Matched terminal weighted e-BH,0,0.9375,0.9375,15,1145
2,0,314973,archived_314159_anchor,1,SAFE-ALPHA,0,0.8125,0.8125,13,444.461538462
2,0,314973,archived_314159_anchor,1,Matched terminal weighted e-BH,0,0.75,0.75,12,1137.75
2,0,314974,archived_314159_anchor,1,SAFE-ALPHA,0,0.75,0.75,12,441.833333333
2,0,314974,archived_314159_anchor,1,Matched terminal weighted e-BH,0,0.75,0.75,12,1154
2,0,314975,archived_314159_anchor,1,SAFE-ALPHA,0,0.9375,0.9375,15,531.666666667
2,0,314975,archived_314159_anchor,1,Matched terminal weighted e-BH,0,0.9375,0.9375,15,1145
2,0,314976,archived_314159_anchor,1,SAFE-ALPHA,0,0.9375,0.9375,15,520
2,0,314976,archived_314159_anchor,1,Matched terminal weighted e-BH,0,0.875,0.875,14,1143.28571429
2,0,314977,archived_314159_anchor,1,SAFE-ALPHA,0,1,1,16,568.1875
2,0,314977,archived_314159_anchor,1,Matched terminal weighted e-BH,0,0.9375,0.9375,15,1138
2,0,314978,archived_314159_anchor,1,SAFE-ALPHA,0,0.9375,0.9375,15,512.666666667
2,0,314978,archived_314159_anchor,1,Matched terminal weighted e-BH,0,0.8125,0.8125,13,1148.23076923
2,0,314979,archived_314159_anchor,1,SAFE-ALPHA,0,0.875,0.875,14,516.714285714
2,0,314979,archived_314159_anchor,1,Matched terminal weighted e-BH,0,0.875,0.875,14,1144.35714286
2,0,314980,archived_314159_anchor,1,SAFE-ALPHA,0,0.8125,0.8125,13,431
2,0,314980,archived_314159_anchor,1,Matched terminal weighted e-BH,0,0.8125,0.8125,13,1159.76923077
2,0,314981,archived_314159_anchor,1,SAFE-ALPHA,0,0.8125,0.8125,13,648.307692308
2,0,314981,archived_314159_anchor,1,Matched terminal weighted e-BH,0,0.75,0.75,12,1139
2,0,314982,archived_314159_anchor,1,SAFE-ALPHA,0,0.75,0.75,12,543.916666667
2,0,314982,archived_314159_anchor,1,Matched terminal weighted e-BH,0,0.75,0.75,12,1162.75
2,0,314983,archived_314159_anchor,1,SAFE-ALPHA,0,0.875,0.875,14,483.5
2,0,314983,archived_314159_anchor,1,Matched terminal weighted e-BH,0,0.8125,0.8125,13,1126.30769231
2,0,314984,archived_314159_anchor,1,SAFE-ALPHA,0,0.875,0.875,14,573.142857143
2,0,314984,archived_314159_anchor,1,Matched terminal weighted e-BH,0,0.75,0.75,12,1150.25
2,0,314985,archived_314159_anchor,1,SAFE-ALPHA,0,0.8125,0.8125,13,506.769230769
2,0,314985,archived_314159_anchor,1,Matched terminal weighted e-BH,0,0.75,0.75,12,1144
2,0,314986,archived_314159_anchor,1,SAFE-ALPHA,0,1,1,16,534.75
2,0,314986,archived_314159_anchor,1,Matched terminal weighted e-BH,0,0.9375,0.9375,15,1142
2,0,314987,archived_314159_anchor,1,SAFE-ALPHA,0,0.9375,0.9375,15,512.666666667
2,0,314987,archived_314159_anchor,1,Matched terminal weighted e-BH,0,0.9375,0.9375,15,1138
2,0,314988,archived_314159_anchor,1,SAFE-ALPHA,0,0.8125,0.8125,13,611
2,0,314988,archived_314159_anchor,1,Matched terminal weighted e-BH,0,0.6875,0.6875,11,1177.18181818
2,0,314989,archived_314159_anchor,1,SAFE-ALPHA,0,1,1,16,435.375
2,0,314989,archived_314159_anchor,1,Matched terminal weighted e-BH,0,1,1,16,1145.5625
2,0,314990,archived_314159_anchor,1,SAFE-ALPHA,0,0.875,0.875,14,572.785714286
2,0,314990,archived_314159_anchor,1,Matched terminal weighted e-BH,0,0.875,0.875,14,1132.57142857
2,0,314991,archived_314159_anchor,1,SAFE-ALPHA,0,0.9375,0.9375,15,482
2,0,314991,archived_314159_anchor,1,Matched terminal weighted e-BH,0,0.875,0.875,14,1148.64285714
2,0,314992,archived_314159_anchor,1,SAFE-ALPHA,0,1,1,16,542.25
2,0,314992,archived_314159_anchor,1,Matched terminal weighted e-BH,0,1,1,16,1139
2,0,314993,archived_314159_anchor,1,SAFE-ALPHA,0,0.9375,0.9375,15,610
2,0,314993,archived_314159_anchor,1,Matched terminal weighted e-BH,0,0.9375,0.9375,15,1153
2,0,314994,archived_314159_anchor,1,SAFE-ALPHA,0,0.8125,0.8125,13,369.461538462
2,0,314994,archived_314159_anchor,1,Matched terminal weighted e-BH,0,0.8125,0.8125,13,1158.61538462
2,0,314995,archived_314159_anchor,1,SAFE-ALPHA,0,0.9375,0.9375,15,562.333333333
2,0,314995,archived_314159_anchor,1,Matched terminal weighted e-BH,0,0.9375,0.9375,15,1149
2,0,314996,archived_314159_anchor,1,SAFE-ALPHA,0,0.875,0.875,14,521.357142857
2,0,314996,archived_314159_anchor,1,Matched terminal weighted e-BH,0,0.875,0.875,14,1139
2,0,314997,archived_314159_anchor,1,SAFE-ALPHA,0,0.9375,0.9375,15,393.666666667
2,0,314997,archived_314159_anchor,1,Matched terminal weighted e-BH,0,0.9375,0.9375,15,1145
2,0,314998,archived_314159_anchor,1,SAFE-ALPHA,0,0.9375,0.9375,15,635.666666667
2,0,314998,archived_314159_anchor,1,Matched terminal weighted e-BH,0,0.875,0.875,14,1135.78571429
2,0,314999,archived_314159_anchor,1,SAFE-ALPHA,0,1,1,16,421.9375
2,0,314999,archived_314159_anchor,1,Matched terminal weighted e-BH,0,1,1,16,1144.625
2,0,315000,archived_314159_anchor,1,SAFE-ALPHA,0,0.8125,0.8125,13,439.076923077
2,0,315000,archived_314159_anchor,1,Matched terminal weighted e-BH,0,0.8125,0.8125,13,1156.30769231
2,0,315001,archived_314159_anchor,1,SAFE-ALPHA,0,0.875,0.875,14,548.857142857
2,0,315001,archived_314159_anchor,1,Matched terminal weighted e-BH,0,0.75,0.75,12,1174
2,0,315002,archived_314159_anchor,1,SAFE-ALPHA,0,0.9375,0.9375,15,528
2,0,315002,archived_314159_anchor,1,Matched terminal weighted e-BH,0,0.875,0.875,14,1149.71428571
2,0,315003,archived_314159_anchor,1,SAFE-ALPHA,0,0.9375,0.9375,15,550
2,0,315003,archived_314159_anchor,1,Matched terminal weighted e-BH,0,0.9375,0.9375,15,1150
2,0,315004,archived_314159_anchor,1,SAFE-ALPHA,0,0.9375,0.9375,15,478.333333333
2,0,315004,archived_314159_anchor,1,Matched terminal weighted e-BH,0,0.9375,0.9375,15,1140
2,0,315005,archived_314159_anchor,1,SAFE-ALPHA,0,1,1,16,420.6875
2,0,315005,archived_314159_anchor,1,Matched terminal weighted e-BH,0,0.9375,0.9375,15,1137
2,0,315006,archived_314159_anchor,1,SAFE-ALPHA,0,0.75,0.75,12,579.333333333
2,0,315006,archived_314159_anchor,1,Matched terminal weighted e-BH,0,0.625,0.625,10,1163
2,0,315007,archived_314159_anchor,1,SAFE-ALPHA,0,0.9375,0.9375,15,402.333333333
2,0,315007,archived_314159_anchor,1,Matched terminal weighted e-BH,0,0.875,0.875,14,1141.14285714
2,0,315008,archived_314159_anchor,1,SAFE-ALPHA,0,0.75,0.75,12,516
2,0,315008,archived_314159_anchor,1,Matched terminal weighted e-BH,0,0.6875,0.6875,11,1171.72727273
2,0,315009,archived_314159_anchor,1,SAFE-ALPHA,0,0.9375,0.9375,15,473.333333333
2,0,315009,archived_314159_anchor,1,Matched terminal weighted e-BH,0,0.9375,0.9375,15,1154
2,0,315010,archived_314159_anchor,1,SAFE-ALPHA,0,0.875,0.875,14,494.571428571
2,0,315010,archived_314159_anchor,1,Matched terminal weighted e-BH,0,0.875,0.875,14,1156.14285714
2,0,315011,archived_314159_anchor,1,SAFE-ALPHA,0,0.9375,0.9375,15,663.666666667
2,0,315011,archived_314159_anchor,1,Matched terminal weighted e-BH,0,0.9375,0.9375,15,1136
2,0,315012,archived_314159_anchor,1,SAFE-ALPHA,0,1,1,16,536.3125
2,0,315012,archived_314159_anchor,1,Matched terminal weighted e-BH,0,1,1,16,1136.1875
2,0,315013,archived_314159_anchor,1,SAFE-ALPHA,0,0.9375,0.9375,15,502.333333333
2,0,315013,archived_314159_anchor,1,Matched terminal weighted e-BH,0,0.9375,0.9375,15,1123
2,0,315014,archived_314159_anchor,1,SAFE-ALPHA,0,0.875,0.875,14,463.142857143
2,0,315014,archived_314159_anchor,1,Matched terminal weighted e-BH,0,0.875,0.875,14,1159.35714286
2,0,315015,archived_314159_anchor,1,SAFE-ALPHA,0,0.875,0.875,14,435.642857143
2,0,315015,archived_314159_anchor,1,Matched terminal weighted e-BH,0,0.8125,0.8125,13,1152.84615385
2,0,315016,archived_314159_anchor,1,SAFE-ALPHA,0,1,1,16,455.0625
2,0,315016,archived_314159_anchor,1,Matched terminal weighted e-BH,0,1,1,16,1141.8125
2,0,315017,archived_314159_anchor,1,SAFE-ALPHA,0,0.875,0.875,14,532.785714286
2,0,315017,archived_314159_anchor,1,Matched terminal weighted e-BH,0,0.875,0.875,14,1147.57142857
2,0,315018,archived_314159_anchor,1,SAFE-ALPHA,0,0.75,0.75,12,648.75
2,0,315018,archived_314159_anchor,1,Matched terminal weighted e-BH,0,0.75,0.75,12,1147.75
2,0,315019,archived_314159_anchor,1,SAFE-ALPHA,0,0.875,0.875,14,631
2,0,315019,archived_314159_anchor,1,Matched terminal weighted e-BH,0,0.75,0.75,12,1129
2,0,315020,archived_314159_anchor,1,SAFE-ALPHA,0,1,1,16,484.4375
2,0,315020,archived_314159_anchor,1,Matched terminal weighted e-BH,0,0.875,0.875,14,1143.28571429
2,0,315021,archived_314159_anchor,1,SAFE-ALPHA,0,0.875,0.875,14,487.071428571
2,0,315021,archived_314159_anchor,1,Matched terminal weighted e-BH,0,0.875,0.875,14,1145.42857143
2,0,315022,archived_314159_anchor,1,SAFE-ALPHA,0,0.75,0.75,12,600.583333333
2,0,315022,archived_314159_anchor,1,Matched terminal weighted e-BH,0,0.75,0.75,12,1152.75
2,0,315023,archived_314159_anchor,1,SAFE-ALPHA,0,0.75,0.75,12,559.75
2,0,315023,archived_314159_anchor,1,Matched terminal weighted e-BH,0,0.75,0.75,12,1149
2,0,315024,archived_314159_anchor,1,SAFE-ALPHA,0,0.875,0.875,14,568.142857143
2,0,315024,archived_314159_anchor,1,Matched terminal weighted e-BH,0,0.875,0.875,14,1154
2,0,315025,archived_314159_anchor,1,SAFE-ALPHA,0,1,1,16,469.75
2,0,315025,archived_314159_anchor,1,Matched terminal weighted e-BH,0,0.9375,0.9375,15,1125
2,0,315026,archived_314159_anchor,1,SAFE-ALPHA,0,0.875,0.875,14,566
2,0,315026,archived_314159_anchor,1,Matched terminal weighted e-BH,0,0.875,0.875,14,1146.5
2,0,315027,archived_314159_anchor,1,SAFE-ALPHA,0,0.875,0.875,14,567.071428571
2,0,315027,archived_314159_anchor,1,Matched terminal weighted e-BH,0,0.875,0.875,14,1133.64285714
2,0,315028,archived_314159_anchor,1,SAFE-ALPHA,0,0.875,0.875,14,549.571428571
2,0,315028,archived_314159_anchor,1,Matched terminal weighted e-BH,0,0.75,0.75,12,1145.25
2,0,315029,archived_314159_anchor,1,SAFE-ALPHA,0,0.875,0.875,14,538.857142857
2,0,315029,archived_314159_anchor,1,Matched terminal weighted e-BH,0,0.875,0.875,14,1143.28571429
2,0,315030,archived_314159_anchor,1,SAFE-ALPHA,0,0.9375,0.9375,15,567.666666667
2,0,315030,archived_314159_anchor,1,Matched terminal weighted e-BH,0,0.875,0.875,14,1141.14285714
2,0,315031,archived_314159_anchor,1,SAFE-ALPHA,0,0.9375,0.9375,15,599.666666667
2,0,315031,archived_314159_anchor,1,Matched terminal weighted e-BH,0,0.9375,0.9375,15,1136
2,0,315032,archived_314159_anchor,1,SAFE-ALPHA,0,0.875,0.875,14,627.071428571
2,0,315032,archived_314159_anchor,1,Matched terminal weighted e-BH,0,0.875,0.875,14,1158.28571429
2,0,315033,archived_314159_anchor,1,SAFE-ALPHA,0,0.75,0.75,12,532.25
2,0,315033,archived_314159_anchor,1,Matched terminal weighted e-BH,0,0.75,0.75,12,1150.25
2,0,315034,archived_314159_anchor,1,SAFE-ALPHA,0,0.8125,0.8125,13,630.230769231
2,0,315034,archived_314159_anchor,1,Matched terminal weighted e-BH,0,0.75,0.75,12,1160.25
2,0,315035,archived_314159_anchor,1,SAFE-ALPHA,0,0.8125,0.8125,13,454.076923077
2,0,315035,archived_314159_anchor,1,Matched terminal weighted e-BH,0,0.75,0.75,12,1161.5
2,0,315036,archived_314159_anchor,1,SAFE-ALPHA,0,0.875,0.875,14,431
2,0,315036,archived_314159_anchor,1,Matched terminal weighted e-BH,0,0.8125,0.8125,13,1155.15384615
2,0,315037,archived_314159_anchor,1,SAFE-ALPHA,0,0.9375,0.9375,15,389.333333333
2,0,315037,archived_314159_anchor,1,Matched terminal weighted e-BH,0,0.9375,0.9375,15,1135
2,0,315038,archived_314159_anchor,1,SAFE-ALPHA,0,0.875,0.875,14,566.357142857
2,0,315038,archived_314159_anchor,1,Matched terminal weighted e-BH,0,0.875,0.875,14,1161.5
2,0,315039,archived_314159_anchor,1,SAFE-ALPHA,0,1,1,16,550.0625
2,0,315039,archived_314159_anchor,1,Matched terminal weighted e-BH,0,1,1,16,1123.0625
2,0,315040,archived_314159_anchor,1,SAFE-ALPHA,0,0.75,0.75,12,547.25
2,0,315040,archived_314159_anchor,1,Matched terminal weighted e-BH,0,0.75,0.75,12,1150.25
2,0,315041,archived_314159_anchor,1,SAFE-ALPHA,0,0.8125,0.8125,13,432.923076923
2,0,315041,archived_314159_anchor,1,Matched terminal weighted e-BH,0,0.8125,0.8125,13,1156.30769231
2,0,315042,archived_314159_anchor,1,SAFE-ALPHA,0,0.8125,0.8125,13,534.846153846
2,0,315042,archived_314159_anchor,1,Matched terminal weighted e-BH,0,0.8125,0.8125,13,1162.07692308
2,0,315043,archived_314159_anchor,1,SAFE-ALPHA,0,0.9375,0.9375,15,557.666666667
2,0,315043,archived_314159_anchor,1,Matched terminal weighted e-BH,0,0.8125,0.8125,13,1143.61538462
2,0,315044,archived_314159_anchor,1,SAFE-ALPHA,0,0.75,0.75,12,491.833333333
2,0,315044,archived_314159_anchor,1,Matched terminal weighted e-BH,0,0.6875,0.6875,11,1154
2,0,315045,archived_314159_anchor,1,SAFE-ALPHA,0,0.8125,0.8125,13,469.076923077
2,0,315045,archived_314159_anchor,1,Matched terminal weighted e-BH,0,0.75,0.75,12,1165.25
2,0,315046,archived_314159_anchor,1,SAFE-ALPHA,0,0.9375,0.9375,15,562.666666667
2,0,315046,archived_314159_anchor,1,Matched terminal weighted e-BH,0,0.8125,0.8125,13,1158.61538462
2,0,315047,archived_314159_anchor,1,SAFE-ALPHA,0,0.875,0.875,14,545.285714286
2,0,315047,archived_314159_anchor,1,Matched terminal weighted e-BH,0,0.75,0.75,12,1115.25
2,0,315048,archived_314159_anchor,1,SAFE-ALPHA,0,0.8125,0.8125,13,589.461538462
2,0,315048,archived_314159_anchor,1,Matched terminal weighted e-BH,0,0.8125,0.8125,13,1165.53846154
2,0,315049,archived_314159_anchor,1,SAFE-ALPHA,0,0.875,0.875,14,449.214285714
2,0,315049,archived_314159_anchor,1,Matched terminal weighted e-BH,0,0.8125,0.8125,13,1162.07692308
2,0,315050,archived_314159_anchor,0.9375,SAFE-ALPHA,0,1,0.9375,15,515
2,0,315050,archived_314159_anchor,0.9375,Matched terminal weighted e-BH,0,0.933333333333,0.875,14,1142.21428571
2,0,315051,archived_314159_anchor,1,SAFE-ALPHA,0,0.875,0.875,14,511.357142857
2,0,315051,archived_314159_anchor,1,Matched terminal weighted e-BH,0,0.8125,0.8125,13,1142.46153846
2,0,315052,archived_314159_anchor,1,SAFE-ALPHA,0,0.875,0.875,14,442.071428571
2,0,315052,archived_314159_anchor,1,Matched terminal weighted e-BH,0,0.875,0.875,14,1148.64285714
2,0,315053,archived_314159_anchor,1,SAFE-ALPHA,0,0.875,0.875,14,629.928571429
2,0,315053,archived_314159_anchor,1,Matched terminal weighted e-BH,0,0.8125,0.8125,13,1128.61538462
2,0,315054,archived_314159_anchor,1,SAFE-ALPHA,0,0.875,0.875,14,461.357142857
2,0,315054,archived_314159_anchor,1,Matched terminal weighted e-BH,0,0.8125,0.8125,13,1143.61538462
2,0,315055,archived_314159_anchor,1,SAFE-ALPHA,0,0.875,0.875,14,598.857142857
2,0,315055,archived_314159_anchor,1,Matched terminal weighted e-BH,0,0.8125,0.8125,13,1149.38461538
2,0,315056,archived_314159_anchor,1,SAFE-ALPHA,0,0.6875,0.6875,11,518.272727273
2,0,315056,archived_314159_anchor,1,Matched terminal weighted e-BH,0,0.625,0.625,10,1178
2,0,315057,archived_314159_anchor,1,SAFE-ALPHA,0,1,1,16,596
2,0,315057,archived_314159_anchor,1,Matched terminal weighted e-BH,0,0.875,0.875,14,1149.71428571
2,0,315058,archived_314159_anchor,1,SAFE-ALPHA,0,1,1,16,542.875
2,0,315058,archived_314159_anchor,1,Matched terminal weighted e-BH,0,1,1,16,1127.75
2,0,315059,archived_314159_anchor,1,SAFE-ALPHA,0,0.8125,0.8125,13,511.769230769
2,0,315059,archived_314159_anchor,1,Matched terminal weighted e-BH,0,0.8125,0.8125,13,1157.46153846
2,0,315060,archived_314159_anchor,1,SAFE-ALPHA,0.0588235294118,1,1,17,573.1875
2,0,315060,archived_314159_anchor,1,Matched terminal weighted e-BH,0,0.9375,0.9375,15,1119
2,0,315061,archived_314159_anchor,1,SAFE-ALPHA,0,1,1,16,557.5625
2,0,315061,archived_314159_anchor,1,Matched terminal weighted e-BH,0,0.9375,0.9375,15,1139
2,0,315062,archived_314159_anchor,1,SAFE-ALPHA,0,0.8125,0.8125,13,625.615384615
2,0,315062,archived_314159_anchor,1,Matched terminal weighted e-BH,0,0.625,0.625,10,1137.5
2,0,315063,archived_314159_anchor,1,SAFE-ALPHA,0,0.875,0.875,14,473.857142857
2,0,315063,archived_314159_anchor,1,Matched terminal weighted e-BH,0,0.75,0.75,12,1165.25
2,0,315064,archived_314159_anchor,1,SAFE-ALPHA,0,0.9375,0.9375,15,494
2,0,315064,archived_314159_anchor,1,Matched terminal weighted e-BH,0,0.8125,0.8125,13,1139
2,0,315065,archived_314159_anchor,1,SAFE-ALPHA,0,0.6875,0.6875,11,729.181818182
2,0,315065,archived_314159_anchor,1,Matched terminal weighted e-BH,0,0.6875,0.6875,11,1163.54545455
2,0,315066,archived_314159_anchor,1,SAFE-ALPHA,0,0.9375,0.9375,15,423
2,0,315066,archived_314159_anchor,1,Matched terminal weighted e-BH,0,0.9375,0.9375,15,1154
2,0,315067,archived_314159_anchor,1,SAFE-ALPHA,0,1,1,16,565.375
2,0,315067,archived_314159_anchor,1,Matched terminal weighted e-BH,0,0.8125,0.8125,13,1152.84615385
2,0,315068,archived_314159_anchor,1,SAFE-ALPHA,0,0.8125,0.8125,13,429.846153846
2,0,315068,archived_314159_anchor,1,Matched terminal weighted e-BH,0,0.8125,0.8125,13,1160.92307692
2,0,315069,archived_314159_anchor,1,SAFE-ALPHA,0,0.875,0.875,14,472.785714286
2,0,315069,archived_314159_anchor,1,Matched terminal weighted e-BH,0,0.8125,0.8125,13,1149.38461538
2,0,315070,archived_314159_anchor,1,SAFE-ALPHA,0,1,1,16,627.25
2,0,315070,archived_314159_anchor,1,Matched terminal weighted e-BH,0,0.9375,0.9375,15,1142
2,0,315071,archived_314159_anchor,1,SAFE-ALPHA,0,1,1,16,561.3125
2,0,315071,archived_314159_anchor,1,Matched terminal weighted e-BH,0,0.9375,0.9375,15,1148
2,0,315072,archived_314159_anchor,1,SAFE-ALPHA,0,0.875,0.875,14,526
2,0,315072,archived_314159_anchor,1,Matched terminal weighted e-BH,0,0.75,0.75,12,1160.25
2,0,315073,archived_314159_anchor,1,SAFE-ALPHA,0,0.8125,0.8125,13,556.384615385
2,0,315073,archived_314159_anchor,1,Matched terminal weighted e-BH,0,0.75,0.75,12,1147.75
2,0,315074,archived_314159_anchor,1,SAFE-ALPHA,0,0.9375,0.9375,15,505.666666667
2,0,315074,archived_314159_anchor,1,Matched terminal weighted e-BH,0,0.9375,0.9375,15,1143
2,0,315075,archived_314159_anchor,1,SAFE-ALPHA,0,0.9375,0.9375,15,498.333333333
2,0,315075,archived_314159_anchor,1,Matched terminal weighted e-BH,0,0.9375,0.9375,15,1152
2,0,315076,archived_314159_anchor,1,SAFE-ALPHA,0,0.875,0.875,14,565.642857143
2,0,315076,archived_314159_anchor,1,Matched terminal weighted e-BH,0,0.875,0.875,14,1159.35714286
2,0,315077,archived_314159_anchor,1,SAFE-ALPHA,0.0625,0.9375,0.9375,16,612
2,0,315077,archived_314159_anchor,1,Matched terminal weighted e-BH,0,0.9375,0.9375,15,1136
2,0,315078,archived_314159_anchor,1,SAFE-ALPHA,0,0.9375,0.9375,15,554.333333333
2,0,315078,archived_314159_anchor,1,Matched terminal weighted e-BH,0,0.9375,0.9375,15,1130
2,0,315079,archived_314159_anchor,1,SAFE-ALPHA,0,0.875,0.875,14,612.785714286
2,0,315079,archived_314159_anchor,1,Matched terminal weighted e-BH,0,0.8125,0.8125,13,1143.61538462
2,0,315080,archived_314159_anchor,1,SAFE-ALPHA,0,0.9375,0.9375,15,438.666666667
2,0,315080,archived_314159_anchor,1,Matched terminal weighted e-BH,0,0.8125,0.8125,13,1145.92307692
2,0,315081,archived_314159_anchor,1,SAFE-ALPHA,0,1,1,16,469.4375
2,0,315081,archived_314159_anchor,1,Matched terminal weighted e-BH,0,1,1,16,1133.375
2,0,315082,archived_314159_anchor,1,SAFE-ALPHA,0,0.875,0.875,14,463.142857143
2,0,315082,archived_314159_anchor,1,Matched terminal weighted e-BH,0,0.8125,0.8125,13,1156.30769231
2,0,315083,archived_314159_anchor,1,SAFE-ALPHA,0,0.75,0.75,12,401.833333333
2,0,315083,archived_314159_anchor,1,Matched terminal weighted e-BH,0,0.75,0.75,12,1175.25
2,0,315084,archived_314159_anchor,1,SAFE-ALPHA,0,0.9375,0.9375,15,370.333333333
2,0,315084,archived_314159_anchor,1,Matched terminal weighted e-BH,0,0.9375,0.9375,15,1146
2,0,315085,archived_314159_anchor,1,SAFE-ALPHA,0,0.9375,0.9375,15,430.666666667
2,0,315085,archived_314159_anchor,1,Matched terminal weighted e-BH,0,0.875,0.875,14,1141.14285714
2,0,315086,archived_314159_anchor,1,SAFE-ALPHA,0,0.875,0.875,14,460.285714286
2,0,315086,archived_314159_anchor,1,Matched terminal weighted e-BH,0,0.75,0.75,12,1167.75
2,0,315087,archived_314159_anchor,1,SAFE-ALPHA,0,0.9375,0.9375,15,537.333333333
2,0,315087,archived_314159_anchor,1,Matched terminal weighted e-BH,0,0.875,0.875,14,1144.35714286
2,0,315088,archived_314159_anchor,1,SAFE-ALPHA,0,0.75,0.75,12,696.416666667
2,0,315088,archived_314159_anchor,1,Matched terminal weighted e-BH,0,0.625,0.625,10,1148
2,0,315089,archived_314159_anchor,1,SAFE-ALPHA,0,1,1,16,511.625
2,0,315089,archived_314159_anchor,1,Matched terminal weighted e-BH,0,0.9375,0.9375,15,1145
2,0,315090,archived_314159_anchor,1,SAFE-ALPHA,0,0.8125,0.8125,13,513.307692308
2,0,315090,archived_314159_anchor,1,Matched terminal weighted e-BH,0,0.6875,0.6875,11,1154
2,0,315091,archived_314159_anchor,1,SAFE-ALPHA,0,0.875,0.875,14,607.785714286
2,0,315091,archived_314159_anchor,1,Matched terminal weighted e-BH,0,0.875,0.875,14,1151.85714286
2,0,315092,archived_314159_anchor,1,SAFE-ALPHA,0,0.9375,0.9375,15,580
2,0,315092,archived_314159_anchor,1,Matched terminal weighted e-BH,0,0.875,0.875,14,1154
2,0,315093,archived_314159_anchor,1,SAFE-ALPHA,0,0.8125,0.8125,13,526.384615385
2,0,315093,archived_314159_anchor,1,Matched terminal weighted e-BH,0,0.8125,0.8125,13,1156.30769231
2,0,315094,archived_314159_anchor,1,SAFE-ALPHA,0,0.8125,0.8125,13,455.615384615
2,0,315094,archived_314159_anchor,1,Matched terminal weighted e-BH,0,0.8125,0.8125,13,1127.46153846
2,0,315095,archived_314159_anchor,1,SAFE-ALPHA,0,0.875,0.875,14,586.357142857
2,0,315095,archived_314159_anchor,1,Matched terminal weighted e-BH,0,0.75,0.75,12,1142.75
2,0,315096,archived_314159_anchor,1,SAFE-ALPHA,0,0.9375,0.9375,15,596
2,0,315096,archived_314159_anchor,1,Matched terminal weighted e-BH,0,0.9375,0.9375,15,1137
2,0,315097,archived_314159_anchor,1,SAFE-ALPHA,0,0.6875,0.6875,11,546.909090909
2,0,315097,archived_314159_anchor,1,Matched terminal weighted e-BH,0,0.6875,0.6875,11,1164.90909091
2,0,315098,archived_314159_anchor,1,SAFE-ALPHA,0,0.9375,0.9375,15,474.333333333
2,0,315098,archived_314159_anchor,1,Matched terminal weighted e-BH,0,0.875,0.875,14,1136.85714286
2,0,315099,archived_314159_anchor,1,SAFE-ALPHA,0,1,1,16,510.6875
2,0,315099,archived_314159_anchor,1,Matched terminal weighted e-BH,0,1,1,16,1133.375
2,0,315100,archived_314159_anchor,1,SAFE-ALPHA,0,0.75,0.75,12,489.333333333
2,0,315100,archived_314159_anchor,1,Matched terminal weighted e-BH,0,0.75,0.75,12,1170.25
2,0,315101,archived_314159_anchor,1,SAFE-ALPHA,0,0.9375,0.9375,15,563.666666667
2,0,315101,archived_314159_anchor,1,Matched terminal weighted e-BH,0,0.9375,0.9375,15,1151
2,0,315102,archived_314159_anchor,1,SAFE-ALPHA,0,0.8125,0.8125,13,580.230769231
2,0,315102,archived_314159_anchor,1,Matched terminal weighted e-BH,0,0.8125,0.8125,13,1163.23076923
2,0,315103,archived_314159_anchor,1,SAFE-ALPHA,0,0.875,0.875,14,435.285714286
2,0,315103,archived_314159_anchor,1,Matched terminal weighted e-BH,0,0.875,0.875,14,1161.5
2,0,315104,archived_314159_anchor,1,SAFE-ALPHA,0,0.9375,0.9375,15,395.666666667
2,0,315104,archived_314159_anchor,1,Matched terminal weighted e-BH,0,0.9375,0.9375,15,1146
2,0,315105,archived_314159_anchor,1,SAFE-ALPHA,0,0.9375,0.9375,15,487
2,0,315105,archived_314159_anchor,1,Matched terminal weighted e-BH,0,0.9375,0.9375,15,1143
2,0,315106,archived_314159_anchor,1,SAFE-ALPHA,0,0.8125,0.8125,13,584.846153846
2,0,315106,archived_314159_anchor,1,Matched terminal weighted e-BH,0,0.75,0.75,12,1157.75
2,0,315107,archived_314159_anchor,1,SAFE-ALPHA,0,0.875,0.875,14,502.428571429
2,0,315107,archived_314159_anchor,1,Matched terminal weighted e-BH,0,0.75,0.75,12,1162.75
2,0,315108,archived_314159_anchor,1,SAFE-ALPHA,0,0.75,0.75,12,426.833333333
2,0,315108,archived_314159_anchor,1,Matched terminal weighted e-BH,0,0.75,0.75,12,1139
2,0,315109,archived_314159_anchor,1,SAFE-ALPHA,0,0.9375,0.9375,15,514
2,0,315109,archived_314159_anchor,1,Matched terminal weighted e-BH,0,0.9375,0.9375,15,1150
2,0,315110,archived_314159_anchor,1,SAFE-ALPHA,0,0.875,0.875,14,458.857142857
2,0,315110,archived_314159_anchor,1,Matched terminal weighted e-BH,0,0.875,0.875,14,1157.21428571
2,0,315111,archived_314159_anchor,1,SAFE-ALPHA,0,0.8125,0.8125,13,689.076923077
2,0,315111,archived_314159_anchor,1,Matched terminal weighted e-BH,0,0.8125,0.8125,13,1157.46153846
2,0,315112,archived_314159_anchor,1,SAFE-ALPHA,0,0.875,0.875,14,536.357142857
2,0,315112,archived_314159_anchor,1,Matched terminal weighted e-BH,0,0.875,0.875,14,1139
2,0,315113,archived_314159_anchor,1,SAFE-ALPHA,0,1,1,16,500.375
2,0,315113,archived_314159_anchor,1,Matched terminal weighted e-BH,0,0.9375,0.9375,15,1128
2,0,315114,archived_314159_anchor,1,SAFE-ALPHA,0,0.75,0.75,12,572.666666667
2,0,315114,archived_314159_anchor,1,Matched terminal weighted e-BH,0,0.75,0.75,12,1142.75
2,0,315115,archived_314159_anchor,1,SAFE-ALPHA,0,0.9375,0.9375,15,608.666666667
2,0,315115,archived_314159_anchor,1,Matched terminal weighted e-BH,0,0.9375,0.9375,15,1129
2,0,315116,archived_314159_anchor,1,SAFE-ALPHA,0,0.875,0.875,14,521.714285714
2,0,315116,archived_314159_anchor,1,Matched terminal weighted e-BH,0,0.875,0.875,14,1144.35714286
2,0,315117,archived_314159_anchor,1,SAFE-ALPHA,0,0.9375,0.9375,15,442.333333333
2,0,315117,archived_314159_anchor,1,Matched terminal weighted e-BH,0,0.875,0.875,14,1132.57142857
2,0,315118,archived_314159_anchor,1,SAFE-ALPHA,0,0.75,0.75,12,441
2,0,315118,archived_314159_anchor,1,Matched terminal weighted e-BH,0,0.75,0.75,12,1164
2,0,315119,archived_314159_anchor,1,SAFE-ALPHA,0,0.875,0.875,14,637.285714286
2,0,315119,archived_314159_anchor,1,Matched terminal weighted e-BH,0,0.875,0.875,14,1134.71428571
2,0,315120,archived_314159_anchor,1,SAFE-ALPHA,0,0.875,0.875,14,434.571428571
2,0,315120,archived_314159_anchor,1,Matched terminal weighted e-BH,0,0.8125,0.8125,13,1144.76923077
2,0,315121,archived_314159_anchor,1,SAFE-ALPHA,0,0.875,0.875,14,475.642857143
2,0,315121,archived_314159_anchor,1,Matched terminal weighted e-BH,0,0.875,0.875,14,1160.42857143
2,0,315122,archived_314159_anchor,1,SAFE-ALPHA,0,0.875,0.875,14,361
2,0,315122,archived_314159_anchor,1,Matched terminal weighted e-BH,0,0.875,0.875,14,1160.42857143
2,0,315123,archived_314159_anchor,1,SAFE-ALPHA,0,0.875,0.875,14,518.142857143
2,0,315123,archived_314159_anchor,1,Matched terminal weighted e-BH,0,0.875,0.875,14,1144.35714286
2,0,315124,archived_314159_anchor,1,SAFE-ALPHA,0,0.875,0.875,14,599.928571429
2,0,315124,archived_314159_anchor,1,Matched terminal weighted e-BH,0,0.8125,0.8125,13,1129.76923077
2,0,315125,archived_314159_anchor,1,SAFE-ALPHA,0,0.9375,0.9375,15,467.333333333
2,0,315125,archived_314159_anchor,1,Matched terminal weighted e-BH,0,0.9375,0.9375,15,1141
2,0,315126,archived_314159_anchor,1,SAFE-ALPHA,0,0.75,0.75,12,509.333333333
2,0,315126,archived_314159_anchor,1,Matched terminal weighted e-BH,0,0.5625,0.5625,9,1172.33333333
2,0,315127,archived_314159_anchor,1,SAFE-ALPHA,0,0.75,0.75,12,453.5
2,0,315127,archived_314159_anchor,1,Matched terminal weighted e-BH,0,0.5625,0.5625,9,1160.66666667
2,0,315128,archived_314159_anchor,1,SAFE-ALPHA,0,0.875,0.875,14,574.214285714
2,0,315128,archived_314159_anchor,1,Matched terminal weighted e-BH,0,0.875,0.875,14,1143.28571429
2,0,315129,archived_314159_anchor,1,SAFE-ALPHA,0,0.875,0.875,14,307.785714286
2,0,315129,archived_314159_anchor,1,Matched terminal weighted e-BH,0,0.875,0.875,14,1161.5
2,0,315130,archived_314159_anchor,1,SAFE-ALPHA,0,0.875,0.875,14,616.714285714
2,0,315130,archived_314159_anchor,1,Matched terminal weighted e-BH,0,0.875,0.875,14,1119.71428571
2,0,315131,archived_314159_anchor,1,SAFE-ALPHA,0,0.8125,0.8125,13,624.846153846
2,0,315131,archived_314159_anchor,1,Matched terminal weighted e-BH,0,0.8125,0.8125,13,1151.69230769
2,0,315132,archived_314159_anchor,1,SAFE-ALPHA,0,0.875,0.875,14,616.714285714
2,0,315132,archived_314159_anchor,1,Matched terminal weighted e-BH,0,0.75,0.75,12,1122.75
2,0,315133,archived_314159_anchor,1,SAFE-ALPHA,0,0.9375,0.9375,15,613
2,0,315133,archived_314159_anchor,1,Matched terminal weighted e-BH,0,0.9375,0.9375,15,1129
2,0,315134,archived_314159_anchor,1,SAFE-ALPHA,0,0.875,0.875,14,567.071428571
2,0,315134,archived_314159_anchor,1,Matched terminal weighted e-BH,0,0.75,0.75,12,1154
2,0,315135,archived_314159_anchor,1,SAFE-ALPHA,0,0.875,0.875,14,571
2,0,315135,archived_314159_anchor,1,Matched terminal weighted e-BH,0,0.875,0.875,14,1142.21428571
2,0,315136,archived_314159_anchor,1,SAFE-ALPHA,0,0.9375,0.9375,15,467
2,0,315136,archived_314159_anchor,1,Matched terminal weighted e-BH,0,0.875,0.875,14,1143.28571429
2,0,315137,archived_314159_anchor,1,SAFE-ALPHA,0,0.625,0.625,10,669
2,0,315137,archived_314159_anchor,1,Matched terminal weighted e-BH,0,0.625,0.625,10,1176.5
2,0,315138,archived_314159_anchor,1,SAFE-ALPHA,0,0.875,0.875,14,549.214285714
2,0,315138,archived_314159_anchor,1,Matched terminal weighted e-BH,0,0.6875,0.6875,11,1149.90909091
2,0,315139,archived_314159_anchor,1,SAFE-ALPHA,0,0.875,0.875,14,509.571428571
2,0,315139,archived_314159_anchor,1,Matched terminal weighted e-BH,0,0.75,0.75,12,1155.25
2,0,315140,archived_314159_anchor,1,SAFE-ALPHA,0,0.875,0.875,14,707.785714286
2,0,315140,archived_314159_anchor,1,Matched terminal weighted e-BH,0,0.8125,0.8125,13,1164.38461538
2,0,315141,archived_314159_anchor,1,SAFE-ALPHA,0,1,1,16,494.125
2,0,315141,archived_314159_anchor,1,Matched terminal weighted e-BH,0,1,1,16,1144.625
2,0,315142,archived_314159_anchor,1,SAFE-ALPHA,0,1,1,16,516
2,0,315142,archived_314159_anchor,1,Matched terminal weighted e-BH,0,1,1,16,1124
2,0,315143,archived_314159_anchor,1,SAFE-ALPHA,0,0.75,0.75,12,498.083333333
2,0,315143,archived_314159_anchor,1,Matched terminal weighted e-BH,0,0.625,0.625,10,1154
2,0,315144,archived_314159_anchor,1,SAFE-ALPHA,0,0.875,0.875,14,559.571428571
2,0,315144,archived_314159_anchor,1,Matched terminal weighted e-BH,0,0.8125,0.8125,13,1143.61538462
2,0,315145,archived_314159_anchor,1,SAFE-ALPHA,0,0.875,0.875,14,666.357142857
2,0,315145,archived_314159_anchor,1,Matched terminal weighted e-BH,0,0.625,0.625,10,1169
2,0,315146,archived_314159_anchor,1,SAFE-ALPHA,0,0.9375,0.9375,15,607
2,0,315146,archived_314159_anchor,1,Matched terminal weighted e-BH,0,0.875,0.875,14,1116.5
2,0,315147,archived_314159_anchor,1,SAFE-ALPHA,0,0.875,0.875,14,548.142857143
2,0,315147,archived_314159_anchor,1,Matched terminal weighted e-BH,0,0.875,0.875,14,1137.92857143
2,0,315148,archived_314159_anchor,1,SAFE-ALPHA,0,0.75,0.75,12,642.25
2,0,315148,archived_314159_anchor,1,Matched terminal weighted e-BH,0,0.6875,0.6875,11,1155.36363636
2,0,315149,archived_314159_anchor,1,SAFE-ALPHA,0,0.875,0.875,14,549.214285714
2,0,315149,archived_314159_anchor,1,Matched terminal weighted e-BH,0,0.8125,0.8125,13,1145.92307692
2,0,315150,archived_314159_anchor,1,SAFE-ALPHA,0,0.9375,0.9375,15,520.333333333
2,0,315150,archived_314159_anchor,1,Matched terminal weighted e-BH,0,0.9375,0.9375,15,1145
2,0,315151,archived_314159_anchor,1,SAFE-ALPHA,0,0.875,0.875,14,536
2,0,315151,archived_314159_anchor,1,Matched terminal weighted e-BH,0,0.75,0.75,12,1136.5
2,0,315152,archived_314159_anchor,1,SAFE-ALPHA,0,0.8125,0.8125,13,521
2,0,315152,archived_314159_anchor,1,Matched terminal weighted e-BH,0,0.75,0.75,12,1152.75
2,0,315153,archived_314159_anchor,1,SAFE-ALPHA,0,0.9375,0.9375,15,636.666666667
2,0,315153,archived_314159_anchor,1,Matched terminal weighted e-BH,0,0.875,0.875,14,1148.64285714
2,0,315154,archived_314159_anchor,1,SAFE-ALPHA,0,1,1,16,484.75
2,0,315154,archived_314159_anchor,1,Matched terminal weighted e-BH,0,0.9375,0.9375,15,1146
2,0,315155,archived_314159_anchor,1,SAFE-ALPHA,0,0.875,0.875,14,533.142857143
2,0,315155,archived_314159_anchor,1,Matched terminal weighted e-BH,0,0.8125,0.8125,13,1141.30769231
2,0,315156,archived_314159_anchor,1,SAFE-ALPHA,0,0.875,0.875,14,588.5
2,0,315156,archived_314159_anchor,1,Matched terminal weighted e-BH,0,0.875,0.875,14,1134.71428571
2,0,315157,archived_314159_anchor,1,SAFE-ALPHA,0,0.9375,0.9375,15,510
2,0,315157,archived_314159_anchor,1,Matched terminal weighted e-BH,0,0.875,0.875,14,1145.42857143
2,0,315158,archived_314159_anchor,1,SAFE-ALPHA,0,0.8125,0.8125,13,579.846153846
2,0,315158,archived_314159_anchor,1,Matched terminal weighted e-BH,0,0.8125,0.8125,13,1157.46153846
2.25,0,20261480,inserted_20260730_block,1,SAFE-ALPHA,0,0.9375,0.9375,15,507.666666667
2.25,0,20261480,inserted_20260730_block,1,Matched terminal weighted e-BH,0,0.9375,0.9375,15,1142
2.25,0,20261481,inserted_20260730_block,1,SAFE-ALPHA,0,0.875,0.875,14,509.214285714
2.25,0,20261481,inserted_20260730_block,1,Matched terminal weighted e-BH,0,0.8125,0.8125,13,1150.53846154
2.25,0,20261482,inserted_20260730_block,1,SAFE-ALPHA,0,1,1,16,477.5625
2.25,0,20261482,inserted_20260730_block,1,Matched terminal weighted e-BH,0,0.9375,0.9375,15,1139
2.25,0,20261483,inserted_20260730_block,1,SAFE-ALPHA,0,0.9375,0.9375,15,415
2.25,0,20261483,inserted_20260730_block,1,Matched terminal weighted e-BH,0,0.9375,0.9375,15,1153
2.25,0,20261484,inserted_20260730_block,1,SAFE-ALPHA,0,0.9375,0.9375,15,422.333333333
2.25,0,20261484,inserted_20260730_block,1,Matched terminal weighted e-BH,0,0.9375,0.9375,15,1152
2.25,0,20261485,inserted_20260730_block,1,SAFE-ALPHA,0,0.9375,0.9375,15,411.666666667
2.25,0,20261485,inserted_20260730_block,1,Matched terminal weighted e-BH,0,0.9375,0.9375,15,1153
2.25,0,20261486,inserted_20260730_block,1,SAFE-ALPHA,0,1,1,16,484.125
2.25,0,20261486,inserted_20260730_block,1,Matched terminal weighted e-BH,0,0.9375,0.9375,15,1148
2.25,0,20261487,inserted_20260730_block,1,SAFE-ALPHA,0,1,1,16,388.1875
2.25,0,20261487,inserted_20260730_block,1,Matched terminal weighted e-BH,0,1,1,16,1136.1875
2.25,0,20261488,inserted_20260730_block,1,SAFE-ALPHA,0,1,1,16,434.4375
2.25,0,20261488,inserted_20260730_block,1,Matched terminal weighted e-BH,0,0.9375,0.9375,15,1139
2.25,0,20261489,inserted_20260730_block,1,SAFE-ALPHA,0,1,1,16,483.8125
2.25,0,20261489,inserted_20260730_block,1,Matched terminal weighted e-BH,0,1,1,16,1136.1875
2.25,0,20261490,inserted_20260730_block,1,SAFE-ALPHA,0,1,1,16,426.3125
2.25,0,20261490,inserted_20260730_block,1,Matched terminal weighted e-BH,0,1,1,16,1145.5625
2.25,0,20261491,inserted_20260730_block,1,SAFE-ALPHA,0,0.9375,0.9375,15,459.333333333
2.25,0,20261491,inserted_20260730_block,1,Matched terminal weighted e-BH,0,0.9375,0.9375,15,1153
2.25,0,20261492,inserted_20260730_block,1,SAFE-ALPHA,0,1,1,16,441.3125
2.25,0,20261492,inserted_20260730_block,1,Matched terminal weighted e-BH,0,1,1,16,1128.6875
2.25,0,20261493,inserted_20260730_block,1,SAFE-ALPHA,0,0.9375,0.9375,15,496
2.25,0,20261493,inserted_20260730_block,1,Matched terminal weighted e-BH,0,0.875,0.875,14,1152.92857143
2.25,0,20261494,inserted_20260730_block,1,SAFE-ALPHA,0,0.9375,0.9375,15,455
2.25,0,20261494,inserted_20260730_block,1,Matched terminal weighted e-BH,0,0.9375,0.9375,15,1148
2.25,0,20261495,inserted_20260730_block,1,SAFE-ALPHA,0,0.9375,0.9375,15,488
2.25,0,20261495,inserted_20260730_block,1,Matched terminal weighted e-BH,0,0.875,0.875,14,1148.64285714
2.25,0,20261496,inserted_20260730_block,1,SAFE-ALPHA,0,0.875,0.875,14,471.357142857
2.25,0,20261496,inserted_20260730_block,1,Matched terminal weighted e-BH,0,0.875,0.875,14,1134.71428571
2.25,0,20261497,inserted_20260730_block,1,SAFE-ALPHA,0,1,1,16,579.75
2.25,0,20261497,inserted_20260730_block,1,Matched terminal weighted e-BH,0,0.9375,0.9375,15,1099
2.25,0,20261498,inserted_20260730_block,1,SAFE-ALPHA,0,1,1,16,566.625
2.25,0,20261498,inserted_20260730_block,1,Matched terminal weighted e-BH,0,1,1,16,1139.9375
2.25,0,20261499,inserted_20260730_block,1,SAFE-ALPHA,0,0.9375,0.9375,15,488
2.25,0,20261499,inserted_20260730_block,1,Matched terminal weighted e-BH,0,0.9375,0.9375,15,1151
2.25,0,20261500,inserted_20260730_block,1,SAFE-ALPHA,0,0.8125,0.8125,13,401.769230769
2.25,0,20261500,inserted_20260730_block,1,Matched terminal weighted e-BH,0,0.8125,0.8125,13,1142.46153846
2.25,0,20261501,inserted_20260730_block,1,SAFE-ALPHA,0,0.9375,0.9375,15,484
2.25,0,20261501,inserted_20260730_block,1,Matched terminal weighted e-BH,0,0.875,0.875,14,1136.85714286
2.25,0,20261502,inserted_20260730_block,1,SAFE-ALPHA,0,0.9375,0.9375,15,435
2.25,0,20261502,inserted_20260730_block,1,Matched terminal weighted e-BH,0,0.9375,0.9375,15,1151
2.25,0,20261503,inserted_20260730_block,1,SAFE-ALPHA,0,0.875,0.875,14,419.928571429
2.25,0,20261503,inserted_20260730_block,1,Matched terminal weighted e-BH,0,0.875,0.875,14,1156.14285714
2.25,0,20261504,inserted_20260730_block,1,SAFE-ALPHA,0,0.9375,0.9375,15,521.666666667
2.25,0,20261504,inserted_20260730_block,1,Matched terminal weighted e-BH,0,0.9375,0.9375,15,1143
2.25,0,20261505,inserted_20260730_block,1,SAFE-ALPHA,0,0.9375,0.9375,15,400.666666667
2.25,0,20261505,inserted_20260730_block,1,Matched terminal weighted e-BH,0,0.9375,0.9375,15,1143
2.25,0,20261506,inserted_20260730_block,1,SAFE-ALPHA,0,1,1,16,476.3125
2.25,0,20261506,inserted_20260730_block,1,Matched terminal weighted e-BH,0,1,1,16,1137.125
2.25,0,20261507,inserted_20260730_block,1,SAFE-ALPHA,0,1,1,16,546
2.25,0,20261507,inserted_20260730_block,1,Matched terminal weighted e-BH,0,1,1,16,1145.5625
2.25,0,20261508,inserted_20260730_block,1,SAFE-ALPHA,0,0.9375,0.9375,15,442.333333333
2.25,0,20261508,inserted_20260730_block,1,Matched terminal weighted e-BH,0,0.9375,0.9375,15,1154
2.25,0,20261509,inserted_20260730_block,1,SAFE-ALPHA,0,1,1,16,421.3125
2.25,0,20261509,inserted_20260730_block,1,Matched terminal weighted e-BH,0,0.9375,0.9375,15,1144
2.25,0,20261510,inserted_20260730_block,1,SAFE-ALPHA,0,0.875,0.875,14,421
2.25,0,20261510,inserted_20260730_block,1,Matched terminal weighted e-BH,0,0.75,0.75,12,1164
2.25,0,20261511,inserted_20260730_block,1,SAFE-ALPHA,0,0.9375,0.9375,15,451.333333333
2.25,0,20261511,inserted_20260730_block,1,Matched terminal weighted e-BH,0,0.9375,0.9375,15,1147
2.25,0,20261512,inserted_20260730_block,1,SAFE-ALPHA,0,1,1,16,593.8125
2.25,0,20261512,inserted_20260730_block,1,Matched terminal weighted e-BH,0,0.9375,0.9375,15,1128
2.25,0,20261513,inserted_20260730_block,1,SAFE-ALPHA,0,1,1,16,450.375
2.25,0,20261513,inserted_20260730_block,1,Matched terminal weighted e-BH,0,1,1,16,1143.6875
2.25,0,20261514,inserted_20260730_block,1,SAFE-ALPHA,0,1,1,16,401.3125
2.25,0,20261514,inserted_20260730_block,1,Matched terminal weighted e-BH,0,0.9375,0.9375,15,1150
2.25,0,20261515,inserted_20260730_block,1,SAFE-ALPHA,0.0588235294118,1,1,17,513.8125
2.25,0,20261515,inserted_20260730_block,1,Matched terminal weighted e-BH,0.0588235294118,1,1,17,1144.625
2.25,0,20261516,inserted_20260730_block,1,SAFE-ALPHA,0,1,1,16,585.375
2.25,0,20261516,inserted_20260730_block,1,Matched terminal weighted e-BH,0,1,1,16,1138.0625
2.25,0,20261517,inserted_20260730_block,1,SAFE-ALPHA,0,1,1,16,429.125
2.25,0,20261517,inserted_20260730_block,1,Matched terminal weighted e-BH,0,1,1,16,1146.5
2.25,0,20261518,inserted_20260730_block,1,SAFE-ALPHA,0,1,1,16,364.125
2.25,0,20261518,inserted_20260730_block,1,Matched terminal weighted e-BH,0,1,1,16,1145.5625
2.25,0,20261519,inserted_20260730_block,1,SAFE-ALPHA,0,1,1,16,391.625
2.25,0,20261519,inserted_20260730_block,1,Matched terminal weighted e-BH,0,1,1,16,1132.4375
2.25,0,20261520,inserted_20260730_block,1,SAFE-ALPHA,0,0.875,0.875,14,489.214285714
2.25,0,20261520,inserted_20260730_block,1,Matched terminal weighted e-BH,0,0.875,0.875,14,1133.64285714
2.25,0,20261521,inserted_20260730_block,1,SAFE-ALPHA,0,0.8125,0.8125,13,469.076923077
2.25,0,20261521,inserted_20260730_block,1,Matched terminal weighted e-BH,0,0.75,0.75,12,1154
2.25,0,20261522,inserted_20260730_block,1,SAFE-ALPHA,0,0.9375,0.9375,15,495.666666667
2.25,0,20261522,inserted_20260730_block,1,Matched terminal weighted e-BH,0,0.9375,0.9375,15,1141
2.25,0,20261523,inserted_20260730_block,1,SAFE-ALPHA,0.0588235294118,1,1,17,479.4375
2.25,0,20261523,inserted_20260730_block,1,Matched terminal weighted e-BH,0,1,1,16,1144.625
2.25,0,20261524,inserted_20260730_block,1,SAFE-ALPHA,0,1,1,16,521.9375
2.25,0,20261524,inserted_20260730_block,1,Matched terminal weighted e-BH,0,0.9375,0.9375,15,1134
2.25,0,20261525,inserted_20260730_block,1,SAFE-ALPHA,0,1,1,16,439.125
2.25,0,20261525,inserted_20260730_block,1,Matched terminal weighted e-BH,0,1,1,16,1141.8125
2.25,0,20261526,inserted_20260730_block,1,SAFE-ALPHA,0,0.875,0.875,14,406.357142857
2.25,0,20261526,inserted_20260730_block,1,Matched terminal weighted e-BH,0,0.875,0.875,14,1139
2.25,0,20261527,inserted_20260730_block,1,SAFE-ALPHA,0,0.9375,0.9375,15,483.666666667
2.25,0,20261527,inserted_20260730_block,1,Matched terminal weighted e-BH,0,0.9375,0.9375,15,1133
2.25,0,20261528,inserted_20260730_block,1,SAFE-ALPHA,0,1,1,16,442.875
2.25,0,20261528,inserted_20260730_block,1,Matched terminal weighted e-BH,0,0.9375,0.9375,15,1132
2.25,0,20261529,inserted_20260730_block,1,SAFE-ALPHA,0,1,1,16,478.5
2.25,0,20261529,inserted_20260730_block,1,Matched terminal weighted e-BH,0,1,1,16,1140.875
2.25,0,20261530,inserted_20260730_block,1,SAFE-ALPHA,0,0.9375,0.9375,15,472.333333333
2.25,0,20261530,inserted_20260730_block,1,Matched terminal weighted e-BH,0,0.875,0.875,14,1156.14285714
2.25,0,20261531,inserted_20260730_block,1,SAFE-ALPHA,0,0.9375,0.9375,15,489.333333333
2.25,0,20261531,inserted_20260730_block,1,Matched terminal weighted e-BH,0,0.9375,0.9375,15,1146
2.25,0,20261532,inserted_20260730_block,1,SAFE-ALPHA,0,1,1,16,497.25
2.25,0,20261532,inserted_20260730_block,1,Matched terminal weighted e-BH,0,1,1,16,1140.875
2.25,0,20261533,inserted_20260730_block,1,SAFE-ALPHA,0,0.9375,0.9375,15,437
2.25,0,20261533,inserted_20260730_block,1,Matched terminal weighted e-BH,0,0.875,0.875,14,1155.07142857
2.25,0,20261534,inserted_20260730_block,1,SAFE-ALPHA,0,0.9375,0.9375,15,461.333333333
2.25,0,20261534,inserted_20260730_block,1,Matched terminal weighted e-BH,0,0.9375,0.9375,15,1133
2.25,0,20261535,inserted_20260730_block,1,SAFE-ALPHA,0,0.875,0.875,14,448.857142857
2.25,0,20261535,inserted_20260730_block,1,Matched terminal weighted e-BH,0,0.8125,0.8125,13,1139
2.25,0,20261536,inserted_20260730_block,1,SAFE-ALPHA,0,0.9375,0.9375,15,379.333333333
2.25,0,20261536,inserted_20260730_block,1,Matched terminal weighted e-BH,0,0.9375,0.9375,15,1143
2.25,0,20261537,inserted_20260730_block,1,SAFE-ALPHA,0,0.9375,0.9375,15,539
2.25,0,20261537,inserted_20260730_block,1,Matched terminal weighted e-BH,0,0.9375,0.9375,15,1150
2.25,0,20261538,inserted_20260730_block,1,SAFE-ALPHA,0,1,1,16,441.3125
2.25,0,20261538,inserted_20260730_block,1,Matched terminal weighted e-BH,0,1,1,16,1139
2.25,0,20261539,inserted_20260730_block,1,SAFE-ALPHA,0,0.9375,0.9375,15,411.333333333
2.25,0,20261539,inserted_20260730_block,1,Matched terminal weighted e-BH,0,0.875,0.875,14,1151.85714286
2.25,0,20261540,inserted_20260730_block,1,SAFE-ALPHA,0,1,1,16,475.375
2.25,0,20261540,inserted_20260730_block,1,Matched terminal weighted e-BH,0,0.9375,0.9375,15,1138
2.25,0,20261541,inserted_20260730_block,1,SAFE-ALPHA,0,1,1,16,338.1875
2.25,0,20261541,inserted_20260730_block,1,Matched terminal weighted e-BH,0,0.9375,0.9375,15,1136
2.25,0,20261542,inserted_20260730_block,1,SAFE-ALPHA,0,0.8125,0.8125,13,467.923076923
2.25,0,20261542,inserted_20260730_block,1,Matched terminal weighted e-BH,0,0.75,0.75,12,1154
2.25,0,20261543,inserted_20260730_block,1,SAFE-ALPHA,0,1,1,16,416.3125
2.25,0,20261543,inserted_20260730_block,1,Matched terminal weighted e-BH,0,1,1,16,1141.8125
2.25,0,20261544,inserted_20260730_block,1,SAFE-ALPHA,0,1,1,16,481.9375
2.25,0,20261544,inserted_20260730_block,1,Matched terminal weighted e-BH,0,0.9375,0.9375,15,1154
2.25,0,20261545,inserted_20260730_block,1,SAFE-ALPHA,0,1,1,16,455.6875
2.25,0,20261545,inserted_20260730_block,1,Matched terminal weighted e-BH,0,0.9375,0.9375,15,1151
2.25,0,20261546,inserted_20260730_block,1,SAFE-ALPHA,0,0.9375,0.9375,15,426.666666667
2.25,0,20261546,inserted_20260730_block,1,Matched terminal weighted e-BH,0,0.9375,0.9375,15,1142
2.25,0,20261547,inserted_20260730_block,1,SAFE-ALPHA,0,0.9375,0.9375,15,421.666666667
2.25,0,20261547,inserted_20260730_block,1,Matched terminal weighted e-BH,0,0.9375,0.9375,15,1148
2.25,0,20261548,inserted_20260730_block,1,SAFE-ALPHA,0,1,1,16,412.25
2.25,0,20261548,inserted_20260730_block,1,Matched terminal weighted e-BH,0,1,1,16,1139
2.25,0,20261549,inserted_20260730_block,1,SAFE-ALPHA,0,1,1,16,412.875
2.25,0,20261549,inserted_20260730_block,1,Matched terminal weighted e-BH,0,0.9375,0.9375,15,1146
2.25,0,20261550,inserted_20260730_block,1,SAFE-ALPHA,0,1,1,16,420.375
2.25,0,20261550,inserted_20260730_block,1,Matched terminal weighted e-BH,0,0.9375,0.9375,15,1142
2.25,0,20261551,inserted_20260730_block,1,SAFE-ALPHA,0,1,1,16,497.875
2.25,0,20261551,inserted_20260730_block,1,Matched terminal weighted e-BH,0,1,1,16,1140.875
2.25,0,20261552,inserted_20260730_block,1,SAFE-ALPHA,0,0.9375,0.9375,15,430.333333333
2.25,0,20261552,inserted_20260730_block,1,Matched terminal weighted e-BH,0,0.9375,0.9375,15,1131
2.25,0,20261553,inserted_20260730_block,1,SAFE-ALPHA,0,0.9375,0.9375,15,463.666666667
2.25,0,20261553,inserted_20260730_block,1,Matched terminal weighted e-BH,0,0.9375,0.9375,15,1149
2.25,0,20261554,inserted_20260730_block,1,SAFE-ALPHA,0,0.9375,0.9375,15,378
2.25,0,20261554,inserted_20260730_block,1,Matched terminal weighted e-BH,0,0.9375,0.9375,15,1151
2.25,0,20261555,inserted_20260730_block,1,SAFE-ALPHA,0,1,1,16,477.25
2.25,0,20261555,inserted_20260730_block,1,Matched terminal weighted e-BH,0,1,1,16,1146.5
2.25,0,20261556,inserted_20260730_block,1,SAFE-ALPHA,0,1,1,16,476.625
2.25,0,20261556,inserted_20260730_block,1,Matched terminal weighted e-BH,0,1,1,16,1139
2.25,0,20261557,inserted_20260730_block,1,SAFE-ALPHA,0,0.9375,0.9375,15,465.666666667
2.25,0,20261557,inserted_20260730_block,1,Matched terminal weighted e-BH,0,0.875,0.875,14,1131.5
2.25,0,20261558,inserted_20260730_block,1,SAFE-ALPHA,0,0.9375,0.9375,15,505.333333333
2.25,0,20261558,inserted_20260730_block,1,Matched terminal weighted e-BH,0,0.8125,0.8125,13,1145.92307692
2.25,0,20261559,inserted_20260730_block,1,SAFE-ALPHA,0,0.9375,0.9375,15,373.333333333
2.25,0,20261559,inserted_20260730_block,1,Matched terminal weighted e-BH,0,0.9375,0.9375,15,1139
2.25,0,20261560,inserted_20260730_block,1,SAFE-ALPHA,0,0.9375,0.9375,15,467.666666667
2.25,0,20261560,inserted_20260730_block,1,Matched terminal weighted e-BH,0,0.9375,0.9375,15,1147
2.25,0,20261561,inserted_20260730_block,1,SAFE-ALPHA,0,1,1,16,469.4375
2.25,0,20261561,inserted_20260730_block,1,Matched terminal weighted e-BH,0,0.875,0.875,14,1154
2.25,0,20261562,inserted_20260730_block,1,SAFE-ALPHA,0,0.9375,0.9375,15,579.333333333
2.25,0,20261562,inserted_20260730_block,1,Matched terminal weighted e-BH,0,0.9375,0.9375,15,1151
2.25,0,20261563,inserted_20260730_block,1,SAFE-ALPHA,0,1,1,16,563.8125
2.25,0,20261563,inserted_20260730_block,1,Matched terminal weighted e-BH,0,1,1,16,1145.5625
2.25,0,20261564,inserted_20260730_block,1,SAFE-ALPHA,0,0.875,0.875,14,306.357142857
2.25,0,20261564,inserted_20260730_block,1,Matched terminal weighted e-BH,0,0.875,0.875,14,1140.07142857
2.25,0,20261565,inserted_20260730_block,1,SAFE-ALPHA,0,1,1,16,383.5
2.25,0,20261565,inserted_20260730_block,1,Matched terminal weighted e-BH,0,1,1,16,1146.5
2.25,0,20261566,inserted_20260730_block,1,SAFE-ALPHA,0,1,1,16,409.4375
2.25,0,20261566,inserted_20260730_block,1,Matched terminal weighted e-BH,0,1,1,16,1144.625
2.25,0,20261567,inserted_20260730_block,1,SAFE-ALPHA,0,1,1,16,485.6875
2.25,0,20261567,inserted_20260730_block,1,Matched terminal weighted e-BH,0,1,1,16,1134.3125
2.25,0,20261568,inserted_20260730_block,1,SAFE-ALPHA,0,0.9375,0.9375,15,433
2.25,0,20261568,inserted_20260730_block,1,Matched terminal weighted e-BH,0,0.9375,0.9375,15,1137
2.25,0,20261569,inserted_20260730_block,1,SAFE-ALPHA,0,0.9375,0.9375,15,411
2.25,0,20261569,inserted_20260730_block,1,Matched terminal weighted e-BH,0,0.9375,0.9375,15,1151
2.25,0,20261570,inserted_20260730_block,1,SAFE-ALPHA,0,1,1,16,462.25
2.25,0,20261570,inserted_20260730_block,1,Matched terminal weighted e-BH,0,1,1,16,1138.0625
2.25,0,20261571,inserted_20260730_block,1,SAFE-ALPHA,0,1,1,16,544.125
2.25,0,20261571,inserted_20260730_block,1,Matched terminal weighted e-BH,0,1,1,16,1142.75
2.25,0,20261572,inserted_20260730_block,1,SAFE-ALPHA,0,1,1,16,442.875
2.25,0,20261572,inserted_20260730_block,1,Matched terminal weighted e-BH,0,1,1,16,1126.8125
2.25,0,20261573,inserted_20260730_block,1,SAFE-ALPHA,0.0625,0.9375,0.9375,16,379.666666667
2.25,0,20261573,inserted_20260730_block,1,Matched terminal weighted e-BH,0,0.875,0.875,14,1150.78571429
2.25,0,20261574,inserted_20260730_block,1,SAFE-ALPHA,0,0.9375,0.9375,15,481
2.25,0,20261574,inserted_20260730_block,1,Matched terminal weighted e-BH,0,0.9375,0.9375,15,1148
2.25,0,20261575,inserted_20260730_block,1,SAFE-ALPHA,0,1,1,16,434.125
2.25,0,20261575,inserted_20260730_block,1,Matched terminal weighted e-BH,0,1,1,16,1142.75
2.25,0,20261576,inserted_20260730_block,1,SAFE-ALPHA,0,0.9375,0.9375,15,452
2.25,0,20261576,inserted_20260730_block,1,Matched terminal weighted e-BH,0,0.9375,0.9375,15,1136
2.25,0,20261577,inserted_20260730_block,1,SAFE-ALPHA,0,0.9375,0.9375,15,451
2.25,0,20261577,inserted_20260730_block,1,Matched terminal weighted e-BH,0,0.9375,0.9375,15,1148
2.25,0,20261578,inserted_20260730_block,1,SAFE-ALPHA,0,1,1,16,516
2.25,0,20261578,inserted_20260730_block,1,Matched terminal weighted e-BH,0,1,1,16,1136.1875
2.25,0,20261579,inserted_20260730_block,1,SAFE-ALPHA,0,0.9375,0.9375,15,491
2.25,0,20261579,inserted_20260730_block,1,Matched terminal weighted e-BH,0,0.875,0.875,14,1146.5
2.25,0,20261580,inserted_20260730_block,1,SAFE-ALPHA,0,1,1,16,510.375
2.25,0,20261580,inserted_20260730_block,1,Matched terminal weighted e-BH,0,1,1,16,1146.5
2.25,0,20261581,inserted_20260730_block,1,SAFE-ALPHA,0,0.9375,0.9375,15,376.333333333
2.25,0,20261581,inserted_20260730_block,1,Matched terminal weighted e-BH,0,0.875,0.875,14,1139
2.25,0,20261582,inserted_20260730_block,1,SAFE-ALPHA,0,1,1,16,439.125
2.25,0,20261582,inserted_20260730_block,1,Matched terminal weighted e-BH,0,1,1,16,1140.875
2.25,0,20261583,inserted_20260730_block,1,SAFE-ALPHA,0,0.9375,0.9375,15,542.333333333
2.25,0,20261583,inserted_20260730_block,1,Matched terminal weighted e-BH,0,0.9375,0.9375,15,1127
2.25,0,20261584,inserted_20260730_block,1,SAFE-ALPHA,0,1,1,16,426.625
2.25,0,20261584,inserted_20260730_block,1,Matched terminal weighted e-BH,0,0.9375,0.9375,15,1143
2.25,0,20261585,inserted_20260730_block,1,SAFE-ALPHA,0,1,1,16,420.6875
2.25,0,20261585,inserted_20260730_block,1,Matched terminal weighted e-BH,0,1,1,16,1133.375
2.25,0,20261586,inserted_20260730_block,1,SAFE-ALPHA,0,1,1,16,425.375
2.25,0,20261586,inserted_20260730_block,1,Matched terminal weighted e-BH,0,1,1,16,1121.1875
2.25,0,20261587,inserted_20260730_block,1,SAFE-ALPHA,0,0.9375,0.9375,15,467.333333333
2.25,0,20261587,inserted_20260730_block,1,Matched terminal weighted e-BH,0,0.9375,0.9375,15,1138
2.25,0,20261588,inserted_20260730_block,1,SAFE-ALPHA,0,1,1,16,369.125
2.25,0,20261588,inserted_20260730_block,1,Matched terminal weighted e-BH,0,1,1,16,1146.5
2.25,0,20261589,inserted_20260730_block,1,SAFE-ALPHA,0,1,1,16,474.125
2.25,0,20261589,inserted_20260730_block,1,Matched terminal weighted e-BH,0,1,1,16,1133.375
2.25,0,20261590,inserted_20260730_block,1,SAFE-ALPHA,0,1,1,16,401
2.25,0,20261590,inserted_20260730_block,1,Matched terminal weighted e-BH,0,1,1,16,1142.75
2.25,0,20261591,inserted_20260730_block,1,SAFE-ALPHA,0,1,1,16,491
2.25,0,20261591,inserted_20260730_block,1,Matched terminal weighted e-BH,0,0.9375,0.9375,15,1142
2.25,0,20261592,inserted_20260730_block,1,SAFE-ALPHA,0,0.9375,0.9375,15,362.333333333
2.25,0,20261592,inserted_20260730_block,1,Matched terminal weighted e-BH,0,0.9375,0.9375,15,1143
2.25,0,20261593,inserted_20260730_block,1,SAFE-ALPHA,0,0.9375,0.9375,15,463.333333333
2.25,0,20261593,inserted_20260730_block,1,Matched terminal weighted e-BH,0,0.9375,0.9375,15,1154
2.25,0,20261594,inserted_20260730_block,1,SAFE-ALPHA,0,1,1,16,366
2.25,0,20261594,inserted_20260730_block,1,Matched terminal weighted e-BH,0,1,1,16,1146.5
2.25,0,20261595,inserted_20260730_block,1,SAFE-ALPHA,0,0.9375,0.9375,15,402.333333333
2.25,0,20261595,inserted_20260730_block,1,Matched terminal weighted e-BH,0,0.875,0.875,14,1141.14285714
2.25,0,20261596,inserted_20260730_block,1,SAFE-ALPHA,0,0.875,0.875,14,479.571428571
2.25,0,20261596,inserted_20260730_block,1,Matched terminal weighted e-BH,0,0.875,0.875,14,1144.35714286
2.25,0,20261597,inserted_20260730_block,1,SAFE-ALPHA,0,0.875,0.875,14,554.928571429
2.25,0,20261597,inserted_20260730_block,1,Matched terminal weighted e-BH,0,0.875,0.875,14,1143.28571429
2.25,0,20261598,inserted_20260730_block,1,SAFE-ALPHA,0,0.875,0.875,14,401
2.25,0,20261598,inserted_20260730_block,1,Matched terminal weighted e-BH,0,0.875,0.875,14,1145.42857143
2.25,0,20261599,inserted_20260730_block,1,SAFE-ALPHA,0,1,1,16,411.3125
2.25,0,20261599,inserted_20260730_block,1,Matched terminal weighted e-BH,0,0.9375,0.9375,15,1149
2.25,0,20261600,inserted_20260730_block,1,SAFE-ALPHA,0,0.875,0.875,14,425.642857143
2.25,0,20261600,inserted_20260730_block,1,Matched terminal weighted e-BH,0,0.8125,0.8125,13,1159.76923077
2.25,0,20261601,inserted_20260730_block,1,SAFE-ALPHA,0,0.9375,0.9375,15,453.666666667
2.25,0,20261601,inserted_20260730_block,1,Matched terminal weighted e-BH,0,0.9375,0.9375,15,1144
2.25,0,20261602,inserted_20260730_block,1,SAFE-ALPHA,0,1,1,16,554.75
2.25,0,20261602,inserted_20260730_block,1,Matched terminal weighted e-BH,0,1,1,16,1143.6875
2.25,0,20261603,inserted_20260730_block,1,SAFE-ALPHA,0,1,1,16,440.0625
2.25,0,20261603,inserted_20260730_block,1,Matched terminal weighted e-BH,0,1,1,16,1139
2.25,0,20261604,inserted_20260730_block,1,SAFE-ALPHA,0,0.9375,0.9375,15,500.333333333
2.25,0,20261604,inserted_20260730_block,1,Matched terminal weighted e-BH,0,0.875,0.875,14,1158.28571429
2.25,0,20261605,inserted_20260730_block,1,SAFE-ALPHA,0,0.9375,0.9375,15,548.333333333
2.25,0,20261605,inserted_20260730_block,1,Matched terminal weighted e-BH,0,0.9375,0.9375,15,1152
2.25,0,20261606,inserted_20260730_block,1,SAFE-ALPHA,0,0.9375,0.9375,15,536.333333333
2.25,0,20261606,inserted_20260730_block,1,Matched terminal weighted e-BH,0,0.9375,0.9375,15,1131
2.25,0,20261607,inserted_20260730_block,1,SAFE-ALPHA,0,1,1,16,401.625
2.25,0,20261607,inserted_20260730_block,1,Matched terminal weighted e-BH,0,0.9375,0.9375,15,1132
2.25,0,20261608,inserted_20260730_block,1,SAFE-ALPHA,0,1,1,16,472.5625
2.25,0,20261608,inserted_20260730_block,1,Matched terminal weighted e-BH,0,1,1,16,1143.6875
2.25,0,20261609,inserted_20260730_block,1,SAFE-ALPHA,0,0.9375,0.9375,15,581.666666667
2.25,0,20261609,inserted_20260730_block,1,Matched terminal weighted e-BH,0,0.8125,0.8125,13,1147.07692308
2.25,0,20261610,inserted_20260730_block,1,SAFE-ALPHA,0,1,1,16,598.8125
2.25,0,20261610,inserted_20260730_block,1,Matched terminal weighted e-BH,0,1,1,16,1143.6875
2.25,0,20261611,inserted_20260730_block,1,SAFE-ALPHA,0.0625,0.9375,0.9375,16,445.666666667
2.25,0,20261611,inserted_20260730_block,1,Matched terminal weighted e-BH,0,0.9375,0.9375,15,1144
2.25,0,20261612,inserted_20260730_block,1,SAFE-ALPHA,0,1,1,16,525.6875
2.25,0,20261612,inserted_20260730_block,1,Matched terminal weighted e-BH,0,1,1,16,1138.0625
2.25,0,20261613,inserted_20260730_block,1,SAFE-ALPHA,0,1,1,16,428.5
2.25,0,20261613,inserted_20260730_block,1,Matched terminal weighted e-BH,0,1,1,16,1139.9375
2.25,0,20261614,inserted_20260730_block,1,SAFE-ALPHA,0,0.9375,0.9375,15,416.666666667
2.25,0,20261614,inserted_20260730_block,1,Matched terminal weighted e-BH,0,0.9375,0.9375,15,1142
2.25,0,20261615,inserted_20260730_block,1,SAFE-ALPHA,0,0.9375,0.9375,15,494.666666667
2.25,0,20261615,inserted_20260730_block,1,Matched terminal weighted e-BH,0,0.9375,0.9375,15,1128
2.25,0,20261616,inserted_20260730_block,1,SAFE-ALPHA,0,1,1,16,381
2.25,0,20261616,inserted_20260730_block,1,Matched terminal weighted e-BH,0,1,1,16,1146.5
2.25,0,20261617,inserted_20260730_block,1,SAFE-ALPHA,0,0.9375,0.9375,15,488.333333333
2.25,0,20261617,inserted_20260730_block,1,Matched terminal weighted e-BH,0,0.8125,0.8125,13,1149.38461538
2.25,0,20261618,inserted_20260730_block,1,SAFE-ALPHA,0,1,1,16,544.4375
2.25,0,20261618,inserted_20260730_block,1,Matched terminal weighted e-BH,0,0.9375,0.9375,15,1150
2.25,0,20261619,inserted_20260730_block,1,SAFE-ALPHA,0,1,1,16,424.125
2.25,0,20261619,inserted_20260730_block,1,Matched terminal weighted e-BH,0,1,1,16,1144.625
2.25,0,20261620,inserted_20260730_block,1,SAFE-ALPHA,0,1,1,16,538.8125
2.25,0,20261620,inserted_20260730_block,1,Matched terminal weighted e-BH,0,1,1,16,1137.125
2.25,0,20261621,inserted_20260730_block,1,SAFE-ALPHA,0,1,1,16,445.6875
2.25,0,20261621,inserted_20260730_block,1,Matched terminal weighted e-BH,0,1,1,16,1145.5625
2.25,0,20261622,inserted_20260730_block,1,SAFE-ALPHA,0,0.9375,0.9375,15,420.333333333
2.25,0,20261622,inserted_20260730_block,1,Matched terminal weighted e-BH,0,0.9375,0.9375,15,1139
2.25,0,20261623,inserted_20260730_block,1,SAFE-ALPHA,0,0.9375,0.9375,15,522.333333333
2.25,0,20261623,inserted_20260730_block,1,Matched terminal weighted e-BH,0,0.9375,0.9375,15,1145
2.25,0,20261624,inserted_20260730_block,1,SAFE-ALPHA,0,1,1,16,440.6875
2.25,0,20261624,inserted_20260730_block,1,Matched terminal weighted e-BH,0,1,1,16,1136.1875
2.25,0,20261625,inserted_20260730_block,1,SAFE-ALPHA,0,0.9375,0.9375,15,465.666666667
2.25,0,20261625,inserted_20260730_block,1,Matched terminal weighted e-BH,0,0.9375,0.9375,15,1139
2.25,0,20261626,inserted_20260730_block,1,SAFE-ALPHA,0,0.9375,0.9375,15,395.666666667
2.25,0,20261626,inserted_20260730_block,1,Matched terminal weighted e-BH,0,0.9375,0.9375,15,1150
2.25,0,20261627,inserted_20260730_block,1,SAFE-ALPHA,0,0.9375,0.9375,15,503.333333333
2.25,0,20261627,inserted_20260730_block,1,Matched terminal weighted e-BH,0,0.9375,0.9375,15,1150
2.25,0,20261628,inserted_20260730_block,1,SAFE-ALPHA,0,0.9375,0.9375,15,412
2.25,0,20261628,inserted_20260730_block,1,Matched terminal weighted e-BH,0,0.9375,0.9375,15,1138
2.25,0,20261629,inserted_20260730_block,1,SAFE-ALPHA,0,0.9375,0.9375,15,456.666666667
2.25,0,20261629,inserted_20260730_block,1,Matched terminal weighted e-BH,0,0.875,0.875,14,1150.78571429
2.25,0,20261630,inserted_20260730_block,1,SAFE-ALPHA,0,1,1,16,462.25
2.25,0,20261630,inserted_20260730_block,1,Matched terminal weighted e-BH,0,0.9375,0.9375,15,1141
2.25,0,20261631,inserted_20260730_block,1,SAFE-ALPHA,0,0.9375,0.9375,15,438
2.25,0,20261631,inserted_20260730_block,1,Matched terminal weighted e-BH,0,0.9375,0.9375,15,1154
2.25,0,20261632,inserted_20260730_block,1,SAFE-ALPHA,0,1,1,16,505.6875
2.25,0,20261632,inserted_20260730_block,1,Matched terminal weighted e-BH,0,1,1,16,1136.1875
2.25,0,20261633,inserted_20260730_block,1,SAFE-ALPHA,0,1,1,16,561.625
2.25,0,20261633,inserted_20260730_block,1,Matched terminal weighted e-BH,0,1,1,16,1146.5
2.25,0,20261634,inserted_20260730_block,1,SAFE-ALPHA,0,1,1,16,609.75
2.25,0,20261634,inserted_20260730_block,1,Matched terminal weighted e-BH,0,1,1,16,1136.1875
2.25,0,20261635,inserted_20260730_block,1,SAFE-ALPHA,0,0.9375,0.9375,15,407.333333333
2.25,0,20261635,inserted_20260730_block,1,Matched terminal weighted e-BH,0,0.9375,0.9375,15,1153
2.25,0,20261636,inserted_20260730_block,1,SAFE-ALPHA,0,1,1,16,442.25
2.25,0,20261636,inserted_20260730_block,1,Matched terminal weighted e-BH,0,1,1,16,1124
2.25,0,20261637,inserted_20260730_block,1,SAFE-ALPHA,0,0.9375,0.9375,15,418.666666667
2.25,0,20261637,inserted_20260730_block,1,Matched terminal weighted e-BH,0,0.9375,0.9375,15,1140
2.25,0,20261638,inserted_20260730_block,1,SAFE-ALPHA,0,1,1,16,432.5625
2.25,0,20261638,inserted_20260730_block,1,Matched terminal weighted e-BH,0,1,1,16,1145.5625
2.25,0,20261639,inserted_20260730_block,1,SAFE-ALPHA,0,1,1,16,536.9375
2.25,0,20261639,inserted_20260730_block,1,Matched terminal weighted e-BH,0,0.9375,0.9375,15,1145
2.25,0,20261640,inserted_20260730_block,1,SAFE-ALPHA,0,0.9375,0.9375,15,425.666666667
2.25,0,20261640,inserted_20260730_block,1,Matched terminal weighted e-BH,0,0.9375,0.9375,15,1153
2.25,0,20261641,inserted_20260730_block,1,SAFE-ALPHA,0,0.9375,0.9375,15,438.333333333
2.25,0,20261641,inserted_20260730_block,1,Matched terminal weighted e-BH,0,0.9375,0.9375,15,1144
2.25,0,20261642,inserted_20260730_block,1,SAFE-ALPHA,0,1,1,16,480.6875
2.25,0,20261642,inserted_20260730_block,1,Matched terminal weighted e-BH,0,1,1,16,1137.125
2.25,0,20261643,inserted_20260730_block,1,SAFE-ALPHA,0,1,1,16,490.6875
2.25,0,20261643,inserted_20260730_block,1,Matched terminal weighted e-BH,0,0.9375,0.9375,15,1136
2.25,0,20261644,inserted_20260730_block,1,SAFE-ALPHA,0,1,1,16,491.3125
2.25,0,20261644,inserted_20260730_block,1,Matched terminal weighted e-BH,0,0.9375,0.9375,15,1134
2.25,0,20261645,inserted_20260730_block,1,SAFE-ALPHA,0,1,1,16,404.125
2.25,0,20261645,inserted_20260730_block,1,Matched terminal weighted e-BH,0,1,1,16,1146.5
2.25,0,20261646,inserted_20260730_block,1,SAFE-ALPHA,0,0.9375,0.9375,15,460.666666667
2.25,0,20261646,inserted_20260730_block,1,Matched terminal weighted e-BH,0,0.9375,0.9375,15,1149
2.25,0,20261647,inserted_20260730_block,1,SAFE-ALPHA,0,1,1,16,484.75
2.25,0,20261647,inserted_20260730_block,1,Matched terminal weighted e-BH,0,0.9375,0.9375,15,1147
2.25,0,20261648,inserted_20260730_block,1,SAFE-ALPHA,0,1,1,16,457.25
2.25,0,20261648,inserted_20260730_block,1,Matched terminal weighted e-BH,0,1,1,16,1143.6875
2.25,0,20261649,inserted_20260730_block,1,SAFE-ALPHA,0,1,1,16,376.9375
2.25,0,20261649,inserted_20260730_block,1,Matched terminal weighted e-BH,0,1,1,16,1144.625
2.25,0,20261650,inserted_20260730_block,1,SAFE-ALPHA,0,0.9375,0.9375,15,421
2.25,0,20261650,inserted_20260730_block,1,Matched terminal weighted e-BH,0,0.875,0.875,14,1141.14285714
2.25,0,20261651,inserted_20260730_block,1,SAFE-ALPHA,0,0.9375,0.9375,15,404
2.25,0,20261651,inserted_20260730_block,1,Matched terminal weighted e-BH,0,0.9375,0.9375,15,1143
2.25,0,20261652,inserted_20260730_block,1,SAFE-ALPHA,0,0.9375,0.9375,15,371.666666667
2.25,0,20261652,inserted_20260730_block,1,Matched terminal weighted e-BH,0,0.9375,0.9375,15,1150
2.25,0,20261653,inserted_20260730_block,1,SAFE-ALPHA,0,1,1,16,574.75
2.25,0,20261653,inserted_20260730_block,1,Matched terminal weighted e-BH,0,0.9375,0.9375,15,1125
2.25,0,20261654,inserted_20260730_block,1,SAFE-ALPHA,0,0.875,0.875,14,437.428571429
2.25,0,20261654,inserted_20260730_block,1,Matched terminal weighted e-BH,0,0.875,0.875,14,1154
2.25,0,20261655,inserted_20260730_block,1,SAFE-ALPHA,0,1,1,16,494.4375
2.25,0,20261655,inserted_20260730_block,1,Matched terminal weighted e-BH,0,1,1,16,1140.875
2.25,0,20261656,inserted_20260730_block,1,SAFE-ALPHA,0,0.9375,0.9375,15,474.666666667
2.25,0,20261656,inserted_20260730_block,1,Matched terminal weighted e-BH,0,0.9375,0.9375,15,1146
2.25,0,20261657,inserted_20260730_block,1,SAFE-ALPHA,0,1,1,16,416.9375
2.25,0,20261657,inserted_20260730_block,1,Matched terminal weighted e-BH,0,1,1,16,1134.3125
2.25,0,20261658,inserted_20260730_block,1,SAFE-ALPHA,0,1,1,16,538.1875
2.25,0,20261658,inserted_20260730_block,1,Matched terminal weighted e-BH,0,1,1,16,1145.5625
2.25,0,20261659,inserted_20260730_block,1,SAFE-ALPHA,0,0.9375,0.9375,15,399
2.25,0,20261659,inserted_20260730_block,1,Matched terminal weighted e-BH,0,0.9375,0.9375,15,1150
2.25,0,20261660,inserted_20260730_block,1,SAFE-ALPHA,0,0.9375,0.9375,15,530
2.25,0,20261660,inserted_20260730_block,1,Matched terminal weighted e-BH,0,0.9375,0.9375,15,1152
2.25,0,20261661,inserted_20260730_block,1,SAFE-ALPHA,0,0.9375,0.9375,15,497.666666667
2.25,0,20261661,inserted_20260730_block,1,Matched terminal weighted e-BH,0,0.9375,0.9375,15,1151
2.25,0,20261662,inserted_20260730_block,1,SAFE-ALPHA,0,1,1,16,534.125
2.25,0,20261662,inserted_20260730_block,1,Matched terminal weighted e-BH,0,0.9375,0.9375,15,1138
2.25,0,20261663,inserted_20260730_block,1,SAFE-ALPHA,0,1,1,16,346.3125
2.25,0,20261663,inserted_20260730_block,1,Matched terminal weighted e-BH,0,1,1,16,1131.5
2.25,0,20261664,inserted_20260730_block,1,SAFE-ALPHA,0,0.875,0.875,14,483.5
2.25,0,20261664,inserted_20260730_block,1,Matched terminal weighted e-BH,0,0.875,0.875,14,1158.28571429
2.25,0,20261665,inserted_20260730_block,1,SAFE-ALPHA,0,1,1,16,463.5
2.25,0,20261665,inserted_20260730_block,1,Matched terminal weighted e-BH,0,1,1,16,1134.3125
2.25,0,20261666,inserted_20260730_block,1,SAFE-ALPHA,0,0.9375,0.9375,15,564.333333333
2.25,0,20261666,inserted_20260730_block,1,Matched terminal weighted e-BH,0,0.9375,0.9375,15,1141
2.25,0,20261667,inserted_20260730_block,1,SAFE-ALPHA,0,0.9375,0.9375,15,421
2.25,0,20261667,inserted_20260730_block,1,Matched terminal weighted e-BH,0,0.9375,0.9375,15,1150
2.25,0,20261668,inserted_20260730_block,1,SAFE-ALPHA,0,0.9375,0.9375,15,414.333333333
2.25,0,20261668,inserted_20260730_block,1,Matched terminal weighted e-BH,0,0.9375,0.9375,15,1153
2.25,0,20261669,inserted_20260730_block,1,SAFE-ALPHA,0,0.9375,0.9375,15,423.333333333
2.25,0,20261669,inserted_20260730_block,1,Matched terminal weighted e-BH,0,0.9375,0.9375,15,1147
2.25,0,20261670,inserted_20260730_block,1,SAFE-ALPHA,0,0.9375,0.9375,15,354.333333333
2.25,0,20261670,inserted_20260730_block,1,Matched terminal weighted e-BH,0,0.9375,0.9375,15,1139
2.25,0,20261671,inserted_20260730_block,1,SAFE-ALPHA,0,1,1,16,515.375
2.25,0,20261671,inserted_20260730_block,1,Matched terminal weighted e-BH,0,1,1,16,1146.5
2.25,0,20261672,inserted_20260730_block,1,SAFE-ALPHA,0,1,1,16,474.125
2.25,0,20261672,inserted_20260730_block,1,Matched terminal weighted e-BH,0,1,1,16,1145.5625
2.25,0,20261673,inserted_20260730_block,1,SAFE-ALPHA,0,0.9375,0.9375,15,422
2.25,0,20261673,inserted_20260730_block,1,Matched terminal weighted e-BH,0,0.9375,0.9375,15,1149
2.25,0,20261674,inserted_20260730_block,1,SAFE-ALPHA,0,0.9375,0.9375,15,466.333333333
2.25,0,20261674,inserted_20260730_block,1,Matched terminal weighted e-BH,0,0.875,0.875,14,1120.78571429
2.25,0,20261675,inserted_20260730_block,1,SAFE-ALPHA,0,0.75,0.75,12,617.666666667
2.25,0,20261675,inserted_20260730_block,1,Matched terminal weighted e-BH,0,0.6875,0.6875,11,1139
2.25,0,20261676,inserted_20260730_block,1,SAFE-ALPHA,0,0.875,0.875,14,470.642857143
2.25,0,20261676,inserted_20260730_block,1,Matched terminal weighted e-BH,0,0.875,0.875,14,1150.78571429
2.25,0,20261677,inserted_20260730_block,1,SAFE-ALPHA,0,0.9375,0.9375,15,412
2.25,0,20261677,inserted_20260730_block,1,Matched terminal weighted e-BH,0,0.9375,0.9375,15,1154
2.25,0,20261678,inserted_20260730_block,1,SAFE-ALPHA,0,0.9375,0.9375,15,415
2.25,0,20261678,inserted_20260730_block,1,Matched terminal weighted e-BH,0,0.875,0.875,14,1140.07142857
2.25,0,20261679,inserted_20260730_block,1,SAFE-ALPHA,0,1,1,16,523.5
2.25,0,20261679,inserted_20260730_block,1,Matched terminal weighted e-BH,0,1,1,16,1146.5
2.25,0,20261680,inserted_20260730_block,1,SAFE-ALPHA,0,0.9375,0.9375,15,490
2.25,0,20261680,inserted_20260730_block,1,Matched terminal weighted e-BH,0,0.875,0.875,14,1150.78571429
2.25,0,20261681,inserted_20260730_block,1,SAFE-ALPHA,0,1,1,16,429.4375
2.25,0,20261681,inserted_20260730_block,1,Matched terminal weighted e-BH,0,0.9375,0.9375,15,1136
2.25,0,20261682,inserted_20260730_block,1,SAFE-ALPHA,0,0.875,0.875,14,374.928571429
2.25,0,20261682,inserted_20260730_block,1,Matched terminal weighted e-BH,0,0.875,0.875,14,1160.42857143
2.25,0,20261683,inserted_20260730_block,1,SAFE-ALPHA,0,0.9375,0.9375,15,513.666666667
2.25,0,20261683,inserted_20260730_block,1,Matched terminal weighted e-BH,0,0.9375,0.9375,15,1127
2.25,0,20261684,inserted_20260730_block,1,SAFE-ALPHA,0,1,1,16,563.5
2.25,0,20261684,inserted_20260730_block,1,Matched terminal weighted e-BH,0,0.875,0.875,14,1156.14285714
2.25,0,20261685,inserted_20260730_block,1,SAFE-ALPHA,0,1,1,16,482.875
2.25,0,20261685,inserted_20260730_block,1,Matched terminal weighted e-BH,0,1,1,16,1146.5
2.25,0,20261686,inserted_20260730_block,1,SAFE-ALPHA,0,1,1,16,374.125
2.25,0,20261686,inserted_20260730_block,1,Matched terminal weighted e-BH,0,1,1,16,1146.5
2.25,0,20261687,inserted_20260730_block,1,SAFE-ALPHA,0,0.9375,0.9375,15,511
2.25,0,20261687,inserted_20260730_block,1,Matched terminal weighted e-BH,0,0.9375,0.9375,15,1135
2.25,0,20261688,inserted_20260730_block,1,SAFE-ALPHA,0,1,1,16,460.375
2.25,0,20261688,inserted_20260730_block,1,Matched terminal weighted e-BH,0,1,1,16,1126.8125
2.25,0,20261689,inserted_20260730_block,1,SAFE-ALPHA,0,1,1,16,459.75
2.25,0,20261689,inserted_20260730_block,1,Matched terminal weighted e-BH,0,1,1,16,1142.75
2.25,0,20261690,inserted_20260730_block,1,SAFE-ALPHA,0,1,1,16,491
2.25,0,20261690,inserted_20260730_block,1,Matched terminal weighted e-BH,0,1,1,16,1140.875
2.25,0,20261691,inserted_20260730_block,1,SAFE-ALPHA,0,0.875,0.875,14,441.714285714
2.25,0,20261691,inserted_20260730_block,1,Matched terminal weighted e-BH,0,0.875,0.875,14,1148.64285714
2.25,0,20261692,inserted_20260730_block,1,SAFE-ALPHA,0,1,1,16,470.6875
2.25,0,20261692,inserted_20260730_block,1,Matched terminal weighted e-BH,0,1,1,16,1146.5
2.25,0,20261693,inserted_20260730_block,1,SAFE-ALPHA,0,0.9375,0.9375,15,502
2.25,0,20261693,inserted_20260730_block,1,Matched terminal weighted e-BH,0,0.9375,0.9375,15,1136
2.25,0,20261694,inserted_20260730_block,1,SAFE-ALPHA,0.0588235294118,1,1,17,489.4375
2.25,0,20261694,inserted_20260730_block,1,Matched terminal weighted e-BH,0,1,1,16,1142.75
2.25,0,20261695,inserted_20260730_block,1,SAFE-ALPHA,0,0.9375,0.9375,15,435.333333333
2.25,0,20261695,inserted_20260730_block,1,Matched terminal weighted e-BH,0,0.9375,0.9375,15,1149
2.25,0,20261696,inserted_20260730_block,1,SAFE-ALPHA,0,1,1,16,435.0625
2.25,0,20261696,inserted_20260730_block,1,Matched terminal weighted e-BH,0,1,1,16,1144.625
2.25,0,20261697,inserted_20260730_block,1,SAFE-ALPHA,0,1,1,16,413.8125
2.25,0,20261697,inserted_20260730_block,1,Matched terminal weighted e-BH,0,1,1,16,1138.0625
2.25,0,20261698,inserted_20260730_block,1,SAFE-ALPHA,0,1,1,16,519.75
2.25,0,20261698,inserted_20260730_block,1,Matched terminal weighted e-BH,0,1,1,16,1132.4375
2.25,0,20261699,inserted_20260730_block,1,SAFE-ALPHA,0,1,1,16,484.125
2.25,0,20261699,inserted_20260730_block,1,Matched terminal weighted e-BH,0,0.9375,0.9375,15,1150
2.25,0,20261700,inserted_20260730_block,1,SAFE-ALPHA,0,1,1,16,451.625
2.25,0,20261700,inserted_20260730_block,1,Matched terminal weighted e-BH,0,1,1,16,1144.625
2.25,0,20261701,inserted_20260730_block,1,SAFE-ALPHA,0,1,1,16,445.375
2.25,0,20261701,inserted_20260730_block,1,Matched terminal weighted e-BH,0,0.9375,0.9375,15,1135
2.25,0,20261702,inserted_20260730_block,1,SAFE-ALPHA,0,0.9375,0.9375,15,511
2.25,0,20261702,inserted_20260730_block,1,Matched terminal weighted e-BH,0,0.875,0.875,14,1155.07142857
2.25,0,20261703,inserted_20260730_block,1,SAFE-ALPHA,0,0.9375,0.9375,15,481.333333333
2.25,0,20261703,inserted_20260730_block,1,Matched terminal weighted e-BH,0,0.9375,0.9375,15,1150
2.25,0,20261704,inserted_20260730_block,1,SAFE-ALPHA,0,0.9375,0.9375,15,428.666666667
2.25,0,20261704,inserted_20260730_block,1,Matched terminal weighted e-BH,0,0.9375,0.9375,15,1149
2.25,0,20261705,inserted_20260730_block,1,SAFE-ALPHA,0,1,1,16,438.8125
2.25,0,20261705,inserted_20260730_block,1,Matched terminal weighted e-BH,0,1,1,16,1142.75
2.25,0,20261706,inserted_20260730_block,1,SAFE-ALPHA,0,1,1,16,361.3125
2.25,0,20261706,inserted_20260730_block,1,Matched terminal weighted e-BH,0,1,1,16,1144.625
2.25,0,20261707,inserted_20260730_block,1,SAFE-ALPHA,0,0.9375,0.9375,15,401.666666667
2.25,0,20261707,inserted_20260730_block,1,Matched terminal weighted e-BH,0,0.9375,0.9375,15,1141
2.25,0,20261708,inserted_20260730_block,1,SAFE-ALPHA,0,1,1,16,550.0625
2.25,0,20261708,inserted_20260730_block,1,Matched terminal weighted e-BH,0,1,1,16,1144.625
2.25,0,20261709,inserted_20260730_block,1,SAFE-ALPHA,0,1,1,16,457.25
2.25,0,20261709,inserted_20260730_block,1,Matched terminal weighted e-BH,0,1,1,16,1137.125
2.25,0,20261710,inserted_20260730_block,1,SAFE-ALPHA,0,0.9375,0.9375,15,413.666666667
2.25,0,20261710,inserted_20260730_block,1,Matched terminal weighted e-BH,0,0.9375,0.9375,15,1143
2.25,0,20261711,inserted_20260730_block,1,SAFE-ALPHA,0,1,1,16,449.4375
2.25,0,20261711,inserted_20260730_block,1,Matched terminal weighted e-BH,0,1,1,16,1142.75
2.25,0,20261712,inserted_20260730_block,1,SAFE-ALPHA,0,0.9375,0.9375,15,444.333333333
2.25,0,20261712,inserted_20260730_block,1,Matched terminal weighted e-BH,0,0.9375,0.9375,15,1146
2.25,0,20261713,inserted_20260730_block,1,SAFE-ALPHA,0,0.9375,0.9375,15,438.666666667
2.25,0,20261713,inserted_20260730_block,1,Matched terminal weighted e-BH,0,0.9375,0.9375,15,1146
2.25,0,20261714,inserted_20260730_block,1,SAFE-ALPHA,0,0.9375,0.9375,15,381
2.25,0,20261714,inserted_20260730_block,1,Matched terminal weighted e-BH,0,0.9375,0.9375,15,1154
2.25,0,20261715,inserted_20260730_block,1,SAFE-ALPHA,0,1,1,16,398.5
2.25,0,20261715,inserted_20260730_block,1,Matched terminal weighted e-BH,0,1,1,16,1142.75
2.25,0,20261716,inserted_20260730_block,1,SAFE-ALPHA,0,1,1,16,391
2.25,0,20261716,inserted_20260730_block,1,Matched terminal weighted e-BH,0,1,1,16,1142.75
2.25,0,20261717,inserted_20260730_block,1,SAFE-ALPHA,0,1,1,16,478.1875
2.25,0,20261717,inserted_20260730_block,1,Matched terminal weighted e-BH,0,1,1,16,1134.3125
2.25,0,20261718,inserted_20260730_block,1,SAFE-ALPHA,0,1,1,16,427.25
2.25,0,20261718,inserted_20260730_block,1,Matched terminal weighted e-BH,0,0.9375,0.9375,15,1146
2.25,0,20261719,inserted_20260730_block,1,SAFE-ALPHA,0,0.9375,0.9375,15,417.333333333
2.25,0,20261719,inserted_20260730_block,1,Matched terminal weighted e-BH,0,0.9375,0.9375,15,1139
2.25,0,20261720,inserted_20260730_block,1,SAFE-ALPHA,0,0.9375,0.9375,15,414.333333333
2.25,0,20261720,inserted_20260730_block,1,Matched terminal weighted e-BH,0,0.9375,0.9375,15,1139
2.25,0,20261721,inserted_20260730_block,1,SAFE-ALPHA,0,1,1,16,463.1875
2.25,0,20261721,inserted_20260730_block,1,Matched terminal weighted e-BH,0,1,1,16,1146.5
2.25,0,20261722,inserted_20260730_block,1,SAFE-ALPHA,0,0.875,0.875,14,501.714285714
2.25,0,20261722,inserted_20260730_block,1,Matched terminal weighted e-BH,0,0.8125,0.8125,13,1157.46153846
2.25,0,20261723,inserted_20260730_block,1,SAFE-ALPHA,0,0.9375,0.9375,15,508.333333333
2.25,0,20261723,inserted_20260730_block,1,Matched terminal weighted e-BH,0,0.875,0.875,14,1139
2.25,0,20261724,inserted_20260730_block,1,SAFE-ALPHA,0,1,1,16,505.0625
2.25,0,20261724,inserted_20260730_block,1,Matched terminal weighted e-BH,0,0.9375,0.9375,15,1142
2.25,0,20261725,inserted_20260730_block,1,SAFE-ALPHA,0,1,1,16,349.75
2.25,0,20261725,inserted_20260730_block,1,Matched terminal weighted e-BH,0,1,1,16,1144.625
2.25,0,20261726,inserted_20260730_block,1,SAFE-ALPHA,0,1,1,16,471.3125
2.25,0,20261726,inserted_20260730_block,1,Matched terminal weighted e-BH,0,0.9375,0.9375,15,1143
2.25,0,20261727,inserted_20260730_block,1,SAFE-ALPHA,0,1,1,16,536.9375
2.25,0,20261727,inserted_20260730_block,1,Matched terminal weighted e-BH,0,1,1,16,1146.5
2.25,0,20261728,inserted_20260730_block,1,SAFE-ALPHA,0,1,1,16,476.9375
2.25,0,20261728,inserted_20260730_block,1,Matched terminal weighted e-BH,0,0.9375,0.9375,15,1134
2.25,0,20261729,inserted_20260730_block,1,SAFE-ALPHA,0,0.9375,0.9375,15,459.333333333
2.25,0,20261729,inserted_20260730_block,1,Matched terminal weighted e-BH,0,0.9375,0.9375,15,1139
2.5,0,20261730,inserted_20260730_block,1,SAFE-ALPHA,0,1,1,16,400.0625
2.5,0,20261730,inserted_20260730_block,1,Matched terminal weighted e-BH,0,1,1,16,1145.5625
2.5,0,20261731,inserted_20260730_block,1,SAFE-ALPHA,0,1,1,16,461.3125
2.5,0,20261731,inserted_20260730_block,1,Matched terminal weighted e-BH,0,1,1,16,1145.5625
2.5,0,20261732,inserted_20260730_block,1,SAFE-ALPHA,0,1,1,16,411
2.5,0,20261732,inserted_20260730_block,1,Matched terminal weighted e-BH,0,1,1,16,1138.0625
2.5,0,20261733,inserted_20260730_block,1,SAFE-ALPHA,0,1,1,16,402.875
2.5,0,20261733,inserted_20260730_block,1,Matched terminal weighted e-BH,0,1,1,16,1143.6875
2.5,0,20261734,inserted_20260730_block,1,SAFE-ALPHA,0,1,1,16,312.5625
2.5,0,20261734,inserted_20260730_block,1,Matched terminal weighted e-BH,0,1,1,16,1143.6875
2.5,0,20261735,inserted_20260730_block,1,SAFE-ALPHA,0,1,1,16,367.5625
2.5,0,20261735,inserted_20260730_block,1,Matched terminal weighted e-BH,0,1,1,16,1140.875
2.5,0,20261736,inserted_20260730_block,1,SAFE-ALPHA,0,1,1,16,352.5625
2.5,0,20261736,inserted_20260730_block,1,Matched terminal weighted e-BH,0,1,1,16,1139.9375
2.5,0,20261737,inserted_20260730_block,1,SAFE-ALPHA,0,0.9375,0.9375,15,425
2.5,0,20261737,inserted_20260730_block,1,Matched terminal weighted e-BH,0,0.9375,0.9375,15,1145
2.5,0,20261738,inserted_20260730_block,1,SAFE-ALPHA,0,1,1,16,480.375
2.5,0,20261738,inserted_20260730_block,1,Matched terminal weighted e-BH,0,0.9375,0.9375,15,1153
2.5,0,20261739,inserted_20260730_block,1,SAFE-ALPHA,0,1,1,16,359.75
2.5,0,20261739,inserted_20260730_block,1,Matched terminal weighted e-BH,0,1,1,16,1134.3125
2.5,0,20261740,inserted_20260730_block,1,SAFE-ALPHA,0,1,1,16,403.1875
2.5,0,20261740,inserted_20260730_block,1,Matched terminal weighted e-BH,0,0.9375,0.9375,15,1135
2.5,0,20261741,inserted_20260730_block,1,SAFE-ALPHA,0,1,1,16,442.25
2.5,0,20261741,inserted_20260730_block,1,Matched terminal weighted e-BH,0,1,1,16,1136.1875
2.5,0,20261742,inserted_20260730_block,1,SAFE-ALPHA,0,0.9375,0.9375,15,308
2.5,0,20261742,inserted_20260730_block,1,Matched terminal weighted e-BH,0,0.9375,0.9375,15,1153
2.5,0,20261743,inserted_20260730_block,1,SAFE-ALPHA,0,1,1,16,348.5
2.5,0,20261743,inserted_20260730_block,1,Matched terminal weighted e-BH,0,1,1,16,1146.5
2.5,0,20261744,inserted_20260730_block,1,SAFE-ALPHA,0,1,1,16,281.9375
2.5,0,20261744,inserted_20260730_block,1,Matched terminal weighted e-BH,0,1,1,16,1144.625
2.5,0,20261745,inserted_20260730_block,1,SAFE-ALPHA,0,1,1,16,366.3125
2.5,0,20261745,inserted_20260730_block,1,Matched terminal weighted e-BH,0,1,1,16,1146.5
2.5,0,20261746,inserted_20260730_block,1,SAFE-ALPHA,0,1,1,16,391.9375
2.5,0,20261746,inserted_20260730_block,1,Matched terminal weighted e-BH,0,1,1,16,1139.9375
2.5,0,20261747,inserted_20260730_block,1,SAFE-ALPHA,0,1,1,16,397.5625
2.5,0,20261747,inserted_20260730_block,1,Matched terminal weighted e-BH,0,1,1,16,1143.6875
2.5,0,20261748,inserted_20260730_block,1,SAFE-ALPHA,0,1,1,16,403.5
2.5,0,20261748,inserted_20260730_block,1,Matched terminal weighted e-BH,0,1,1,16,1140.875
2.5,0,20261749,inserted_20260730_block,1,SAFE-ALPHA,0,1,1,16,307.875
2.5,0,20261749,inserted_20260730_block,1,Matched terminal weighted e-BH,0,1,1,16,1139.9375
2.5,0,20261750,inserted_20260730_block,1,SAFE-ALPHA,0,1,1,16,480.0625
2.5,0,20261750,inserted_20260730_block,1,Matched terminal weighted e-BH,0,1,1,16,1143.6875
2.5,0,20261751,inserted_20260730_block,1,SAFE-ALPHA,0,1,1,16,427.25
2.5,0,20261751,inserted_20260730_block,1,Matched terminal weighted e-BH,0,1,1,16,1144.625
2.5,0,20261752,inserted_20260730_block,1,SAFE-ALPHA,0,1,1,16,341.3125
2.5,0,20261752,inserted_20260730_block,1,Matched terminal weighted e-BH,0,1,1,16,1146.5
2.5,0,20261753,inserted_20260730_block,1,SAFE-ALPHA,0,1,1,16,333.5
2.5,0,20261753,inserted_20260730_block,1,Matched terminal weighted e-BH,0,1,1,16,1135.25
2.5,0,20261754,inserted_20260730_block,1,SAFE-ALPHA,0,1,1,16,391.625
2.5,0,20261754,inserted_20260730_block,1,Matched terminal weighted e-BH,0,1,1,16,1146.5
2.5,0,20261755,inserted_20260730_block,1,SAFE-ALPHA,0,1,1,16,540.6875
2.5,0,20261755,inserted_20260730_block,1,Matched terminal weighted e-BH,0,1,1,16,1139.9375
2.5,0,20261756,inserted_20260730_block,1,SAFE-ALPHA,0,1,1,16,393.8125
2.5,0,20261756,inserted_20260730_block,1,Matched terminal weighted e-BH,0,1,1,16,1143.6875
2.5,0,20261757,inserted_20260730_block,1,SAFE-ALPHA,0,1,1,16,316.9375
2.5,0,20261757,inserted_20260730_block,1,Matched terminal weighted e-BH,0,1,1,16,1142.75
2.5,0,20261758,inserted_20260730_block,1,SAFE-ALPHA,0,1,1,16,400.0625
2.5,0,20261758,inserted_20260730_block,1,Matched terminal weighted e-BH,0,1,1,16,1144.625
2.5,0,20261759,inserted_20260730_block,1,SAFE-ALPHA,0,1,1,16,441.8125
2.5,0,20261759,inserted_20260730_block,1,Matched terminal weighted e-BH,0,1,1,16,1139.9375
2.5,0,20261760,inserted_20260730_block,1,SAFE-ALPHA,0,1,1,16,431.9375
2.5,0,20261760,inserted_20260730_block,1,Matched terminal weighted e-BH,0,1,1,16,1146.5
2.5,0,20261761,inserted_20260730_block,1,SAFE-ALPHA,0,1,1,16,333.5
2.5,0,20261761,inserted_20260730_block,1,Matched terminal weighted e-BH,0,0.9375,0.9375,15,1149
2.5,0,20261762,inserted_20260730_block,1,SAFE-ALPHA,0,1,1,16,362.875
2.5,0,20261762,inserted_20260730_block,1,Matched terminal weighted e-BH,0,1,1,16,1132.4375
2.5,0,20261763,inserted_20260730_block,1,SAFE-ALPHA,0,0.9375,0.9375,15,346.666666667
2.5,0,20261763,inserted_20260730_block,1,Matched terminal weighted e-BH,0,0.9375,0.9375,15,1150
2.5,0,20261764,inserted_20260730_block,1,SAFE-ALPHA,0,1,1,16,432.25
2.5,0,20261764,inserted_20260730_block,1,Matched terminal weighted e-BH,0,0.9375,0.9375,15,1151
2.5,0,20261765,inserted_20260730_block,1,SAFE-ALPHA,0,1,1,16,440.6875
2.5,0,20261765,inserted_20260730_block,1,Matched terminal weighted e-BH,0,1,1,16,1146.5
2.5,0,20261766,inserted_20260730_block,1,SAFE-ALPHA,0,1,1,16,373.1875
2.5,0,20261766,inserted_20260730_block,1,Matched terminal weighted e-BH,0,1,1,16,1142.75
2.5,0,20261767,inserted_20260730_block,1,SAFE-ALPHA,0,1,1,16,472.875
2.5,0,20261767,inserted_20260730_block,1,Matched terminal weighted e-BH,0,0.9375,0.9375,15,1149
2.5,0,20261768,inserted_20260730_block,1,SAFE-ALPHA,0,1,1,16,458.8125
2.5,0,20261768,inserted_20260730_block,1,Matched terminal weighted e-BH,0,1,1,16,1144.625
2.5,0,20261769,inserted_20260730_block,1,SAFE-ALPHA,0,1,1,16,381.3125
2.5,0,20261769,inserted_20260730_block,1,Matched terminal weighted e-BH,0,1,1,16,1138.0625
2.5,0,20261770,inserted_20260730_block,1,SAFE-ALPHA,0,1,1,16,521.3125
2.5,0,20261770,inserted_20260730_block,1,Matched terminal weighted e-BH,0,0.9375,0.9375,15,1130
2.5,0,20261771,inserted_20260730_block,1,SAFE-ALPHA,0,0.875,0.875,14,378.142857143
2.5,0,20261771,inserted_20260730_block,1,Matched terminal weighted e-BH,0,0.875,0.875,14,1155.07142857
2.5,0,20261772,inserted_20260730_block,1,SAFE-ALPHA,0,1,1,16,434.75
2.5,0,20261772,inserted_20260730_block,1,Matched terminal weighted e-BH,0,0.9375,0.9375,15,1154
2.5,0,20261773,inserted_20260730_block,1,SAFE-ALPHA,0,1,1,16,379.75
2.5,0,20261773,inserted_20260730_block,1,Matched terminal weighted e-BH,0,1,1,16,1139.9375
2.5,0,20261774,inserted_20260730_block,1,SAFE-ALPHA,0,1,1,16,457.5625
2.5,0,20261774,inserted_20260730_block,1,Matched terminal weighted e-BH,0,1,1,16,1145.5625
2.5,0,20261775,inserted_20260730_block,1,SAFE-ALPHA,0,0.9375,0.9375,15,348
2.5,0,20261775,inserted_20260730_block,1,Matched terminal weighted e-BH,0,0.9375,0.9375,15,1142
2.5,0,20261776,inserted_20260730_block,1,SAFE-ALPHA,0,1,1,16,373.8125
2.5,0,20261776,inserted_20260730_block,1,Matched terminal weighted e-BH,0,1,1,16,1146.5
2.5,0,20261777,inserted_20260730_block,1,SAFE-ALPHA,0,1,1,16,393.5
2.5,0,20261777,inserted_20260730_block,1,Matched terminal weighted e-BH,0,1,1,16,1142.75
2.5,0,20261778,inserted_20260730_block,1,SAFE-ALPHA,0,1,1,16,428.5
2.5,0,20261778,inserted_20260730_block,1,Matched terminal weighted e-BH,0,1,1,16,1140.875
2.5,0,20261779,inserted_20260730_block,1,SAFE-ALPHA,0,1,1,16,514.75
2.5,0,20261779,inserted_20260730_block,1,Matched terminal weighted e-BH,0,0.875,0.875,14,1149.71428571
2.5,0,20261780,inserted_20260730_block,1,SAFE-ALPHA,0,1,1,16,393.5
2.5,0,20261780,inserted_20260730_block,1,Matched terminal weighted e-BH,0,1,1,16,1146.5
2.5,0,20261781,inserted_20260730_block,1,SAFE-ALPHA,0,1,1,16,423.1875
2.5,0,20261781,inserted_20260730_block,1,Matched terminal weighted e-BH,0,1,1,16,1132.4375
2.5,0,20261782,inserted_20260730_block,1,SAFE-ALPHA,0,1,1,16,374.4375
2.5,0,20261782,inserted_20260730_block,1,Matched terminal weighted e-BH,0,1,1,16,1143.6875
2.5,0,20261783,inserted_20260730_block,1,SAFE-ALPHA,0,1,1,16,420.6875
2.5,0,20261783,inserted_20260730_block,1,Matched terminal weighted e-BH,0,1,1,16,1140.875
2.5,0,20261784,inserted_20260730_block,1,SAFE-ALPHA,0,1,1,16,423.5
2.5,0,20261784,inserted_20260730_block,1,Matched terminal weighted e-BH,0,1,1,16,1142.75
2.5,0,20261785,inserted_20260730_block,1,SAFE-ALPHA,0,1,1,16,384.125
2.5,0,20261785,inserted_20260730_block,1,Matched terminal weighted e-BH,0,1,1,16,1133.375
2.5,0,20261786,inserted_20260730_block,1,SAFE-ALPHA,0,1,1,16,412.5625
2.5,0,20261786,inserted_20260730_block,1,Matched terminal weighted e-BH,0,0.9375,0.9375,15,1142
2.5,0,20261787,inserted_20260730_block,1,SAFE-ALPHA,0,1,1,16,332.875
2.5,0,20261787,inserted_20260730_block,1,Matched terminal weighted e-BH,0,1,1,16,1139.9375
2.5,0,20261788,inserted_20260730_block,1,SAFE-ALPHA,0,1,1,16,351
2.5,0,20261788,inserted_20260730_block,1,Matched terminal weighted e-BH,0,1,1,16,1143.6875
2.5,0,20261789,inserted_20260730_block,1,SAFE-ALPHA,0,1,1,16,400.375
2.5,0,20261789,inserted_20260730_block,1,Matched terminal weighted e-BH,0,1,1,16,1145.5625
2.5,0,20261790,inserted_20260730_block,1,SAFE-ALPHA,0,1,1,16,384.4375
2.5,0,20261790,inserted_20260730_block,1,Matched terminal weighted e-BH,0,1,1,16,1142.75
2.5,0,20261791,inserted_20260730_block,1,SAFE-ALPHA,0,1,1,16,494.75
2.5,0,20261791,inserted_20260730_block,1,Matched terminal weighted e-BH,0,1,1,16,1142.75
2.5,0,20261792,inserted_20260730_block,1,SAFE-ALPHA,0,1,1,16,383.5
2.5,0,20261792,inserted_20260730_block,1,Matched terminal weighted e-BH,0,1,1,16,1142.75
2.5,0,20261793,inserted_20260730_block,1,SAFE-ALPHA,0,1,1,16,399.125
2.5,0,20261793,inserted_20260730_block,1,Matched terminal weighted e-BH,0,1,1,16,1146.5
2.5,0,20261794,inserted_20260730_block,1,SAFE-ALPHA,0,1,1,16,352.5625
2.5,0,20261794,inserted_20260730_block,1,Matched terminal weighted e-BH,0,1,1,16,1134.3125
2.5,0,20261795,inserted_20260730_block,1,SAFE-ALPHA,0,1,1,16,383.5
2.5,0,20261795,inserted_20260730_block,1,Matched terminal weighted e-BH,0,0.9375,0.9375,15,1154
2.5,0,20261796,inserted_20260730_block,1,SAFE-ALPHA,0,1,1,16,401.625
2.5,0,20261796,inserted_20260730_block,1,Matched terminal weighted e-BH,0,1,1,16,1145.5625
2.5,0,20261797,inserted_20260730_block,1,SAFE-ALPHA,0,0.9375,0.9375,15,362.333333333
2.5,0,20261797,inserted_20260730_block,1,Matched terminal weighted e-BH,0,0.9375,0.9375,15,1151
2.5,0,20261798,inserted_20260730_block,1,SAFE-ALPHA,0,1,1,16,316
2.5,0,20261798,inserted_20260730_block,1,Matched terminal weighted e-BH,0,1,1,16,1139.9375
2.5,0,20261799,inserted_20260730_block,1,SAFE-ALPHA,0,1,1,16,407.25
2.5,0,20261799,inserted_20260730_block,1,Matched terminal weighted e-BH,0,1,1,16,1142.75
2.5,0,20261800,inserted_20260730_block,1,SAFE-ALPHA,0,1,1,16,371.3125
2.5,0,20261800,inserted_20260730_block,1,Matched terminal weighted e-BH,0,1,1,16,1136.1875
2.5,0,20261801,inserted_20260730_block,1,SAFE-ALPHA,0,1,1,16,471
2.5,0,20261801,inserted_20260730_block,1,Matched terminal weighted e-BH,0,1,1,16,1133.375
2.5,0,20261802,inserted_20260730_block,1,SAFE-ALPHA,0,1,1,16,449.75
2.5,0,20261802,inserted_20260730_block,1,Matched terminal weighted e-BH,0,1,1,16,1146.5
2.5,0,20261803,inserted_20260730_block,1,SAFE-ALPHA,0,1,1,16,376.625
2.5,0,20261803,inserted_20260730_block,1,Matched terminal weighted e-BH,0,1,1,16,1144.625
2.5,0,20261804,inserted_20260730_block,1,SAFE-ALPHA,0,1,1,16,346.625
2.5,0,20261804,inserted_20260730_block,1,Matched terminal weighted e-BH,0,0.9375,0.9375,15,1149
2.5,0,20261805,inserted_20260730_block,1,SAFE-ALPHA,0,1,1,16,359.125
2.5,0,20261805,inserted_20260730_block,1,Matched terminal weighted e-BH,0,0.9375,0.9375,15,1144
2.5,0,20261806,inserted_20260730_block,1,SAFE-ALPHA,0,1,1,16,389.75
2.5,0,20261806,inserted_20260730_block,1,Matched terminal weighted e-BH,0,1,1,16,1142.75
2.5,0,20261807,inserted_20260730_block,1,SAFE-ALPHA,0,1,1,16,429.4375
2.5,0,20261807,inserted_20260730_block,1,Matched terminal weighted e-BH,0,1,1,16,1146.5
2.5,0,20261808,inserted_20260730_block,1,SAFE-ALPHA,0,1,1,16,445.375
2.5,0,20261808,inserted_20260730_block,1,Matched terminal weighted e-BH,0,1,1,16,1139
2.5,0,20261809,inserted_20260730_block,1,SAFE-ALPHA,0,1,1,16,439.625
2.5,0,20261809,inserted_20260730_block,1,Matched terminal weighted e-BH,0,1,1,16,1146.5
2.5,0,20261810,inserted_20260730_block,1,SAFE-ALPHA,0,1,1,16,419.75
2.5,0,20261810,inserted_20260730_block,1,Matched terminal weighted e-BH,0,1,1,16,1139.9375
2.5,0,20261811,inserted_20260730_block,1,SAFE-ALPHA,0,1,1,16,416
2.5,0,20261811,inserted_20260730_block,1,Matched terminal weighted e-BH,0,1,1,16,1136.1875
2.5,0,20261812,inserted_20260730_block,1,SAFE-ALPHA,0,1,1,16,324.4375
2.5,0,20261812,inserted_20260730_block,1,Matched terminal weighted e-BH,0,1,1,16,1138.0625
2.5,0,20261813,inserted_20260730_block,1,SAFE-ALPHA,0,1,1,16,498.1875
2.5,0,20261813,inserted_20260730_block,1,Matched terminal weighted e-BH,0,1,1,16,1145.5625
2.5,0,20261814,inserted_20260730_block,1,SAFE-ALPHA,0,0.9375,0.9375,15,383
2.5,0,20261814,inserted_20260730_block,1,Matched terminal weighted e-BH,0,0.9375,0.9375,15,1145
2.5,0,20261815,inserted_20260730_block,1,SAFE-ALPHA,0,1,1,16,460.0625
2.5,0,20261815,inserted_20260730_block,1,Matched terminal weighted e-BH,0,1,1,16,1142.75
2.5,0,20261816,inserted_20260730_block,1,SAFE-ALPHA,0,1,1,16,373.5
2.5,0,20261816,inserted_20260730_block,1,Matched terminal weighted e-BH,0,1,1,16,1145.5625
2.5,0,20261817,inserted_20260730_block,1,SAFE-ALPHA,0,1,1,16,442.5625
2.5,0,20261817,inserted_20260730_block,1,Matched terminal weighted e-BH,0,1,1,16,1144.625
2.5,0,20261818,inserted_20260730_block,1,SAFE-ALPHA,0,1,1,16,396.625
2.5,0,20261818,inserted_20260730_block,1,Matched terminal weighted e-BH,0,0.9375,0.9375,15,1139
2.5,0,20261819,inserted_20260730_block,1,SAFE-ALPHA,0,1,1,16,399.125
2.5,0,20261819,inserted_20260730_block,1,Matched terminal weighted e-BH,0,1,1,16,1145.5625
2.5,0,20261820,inserted_20260730_block,1,SAFE-ALPHA,0,1,1,16,408.8125
2.5,0,20261820,inserted_20260730_block,1,Matched terminal weighted e-BH,0,1,1,16,1146.5
2.5,0,20261821,inserted_20260730_block,1,SAFE-ALPHA,0,1,1,16,399.125
2.5,0,20261821,inserted_20260730_block,1,Matched terminal weighted e-BH,0,1,1,16,1142.75
2.5,0,20261822,inserted_20260730_block,1,SAFE-ALPHA,0,1,1,16,424.75
2.5,0,20261822,inserted_20260730_block,1,Matched terminal weighted e-BH,0,0.9375,0.9375,15,1140
2.5,0,20261823,inserted_20260730_block,1,SAFE-ALPHA,0,0.9375,0.9375,15,358.666666667
2.5,0,20261823,inserted_20260730_block,1,Matched terminal weighted e-BH,0,0.9375,0.9375,15,1149
2.5,0,20261824,inserted_20260730_block,1,SAFE-ALPHA,0,1,1,16,325.0625
2.5,0,20261824,inserted_20260730_block,1,Matched terminal weighted e-BH,0,1,1,16,1142.75
2.5,0,20261825,inserted_20260730_block,1,SAFE-ALPHA,0,1,1,16,318.1875
2.5,0,20261825,inserted_20260730_block,1,Matched terminal weighted e-BH,0,1,1,16,1146.5
2.5,0,20261826,inserted_20260730_block,1,SAFE-ALPHA,0,1,1,16,378.1875
2.5,0,20261826,inserted_20260730_block,1,Matched terminal weighted e-BH,0,1,1,16,1145.5625
2.5,0,20261827,inserted_20260730_block,1,SAFE-ALPHA,0,1,1,16,338.1875
2.5,0,20261827,inserted_20260730_block,1,Matched terminal weighted e-BH,0,0.9375,0.9375,15,1151
2.5,0,20261828,inserted_20260730_block,1,SAFE-ALPHA,0,1,1,16,351
2.5,0,20261828,inserted_20260730_block,1,Matched terminal weighted e-BH,0,1,1,16,1123.0625
2.5,0,20261829,inserted_20260730_block,1,SAFE-ALPHA,0,1,1,16,433.5
2.5,0,20261829,inserted_20260730_block,1,Matched terminal weighted e-BH,0,1,1,16,1124.9375
2.5,0,20261830,inserted_20260730_block,1,SAFE-ALPHA,0,1,1,16,362.875
2.5,0,20261830,inserted_20260730_block,1,Matched terminal weighted e-BH,0,1,1,16,1139
2.5,0,20261831,inserted_20260730_block,1,SAFE-ALPHA,0,1,1,16,388.5
2.5,0,20261831,inserted_20260730_block,1,Matched terminal weighted e-BH,0,0.9375,0.9375,15,1154
2.5,0,20261832,inserted_20260730_block,1,SAFE-ALPHA,0,1,1,16,401.9375
2.5,0,20261832,inserted_20260730_block,1,Matched terminal weighted e-BH,0,1,1,16,1143.6875
2.5,0,20261833,inserted_20260730_block,1,SAFE-ALPHA,0,1,1,16,417.25
2.5,0,20261833,inserted_20260730_block,1,Matched terminal weighted e-BH,0,1,1,16,1140.875
2.5,0,20261834,inserted_20260730_block,1,SAFE-ALPHA,0,1,1,16,467.5625
2.5,0,20261834,inserted_20260730_block,1,Matched terminal weighted e-BH,0,0.9375,0.9375,15,1154
2.5,0,20261835,inserted_20260730_block,1,SAFE-ALPHA,0,1,1,16,426.3125
2.5,0,20261835,inserted_20260730_block,1,Matched terminal weighted e-BH,0,1,1,16,1143.6875
2.5,0,20261836,inserted_20260730_block,1,SAFE-ALPHA,0,1,1,16,380.6875
2.5,0,20261836,inserted_20260730_block,1,Matched terminal weighted e-BH,0,1,1,16,1134.3125
2.5,0,20261837,inserted_20260730_block,1,SAFE-ALPHA,0,1,1,16,346
2.5,0,20261837,inserted_20260730_block,1,Matched terminal weighted e-BH,0,1,1,16,1146.5
2.5,0,20261838,inserted_20260730_block,1,SAFE-ALPHA,0,1,1,16,391
2.5,0,20261838,inserted_20260730_block,1,Matched terminal weighted e-BH,0,1,1,16,1143.6875
2.5,0,20261839,inserted_20260730_block,1,SAFE-ALPHA,0,0.9375,0.9375,15,475.333333333
2.5,0,20261839,inserted_20260730_block,1,Matched terminal weighted e-BH,0,0.9375,0.9375,15,1153
2.5,0,20261840,inserted_20260730_block,1,SAFE-ALPHA,0,1,1,16,378.1875
2.5,0,20261840,inserted_20260730_block,1,Matched terminal weighted e-BH,0,0.9375,0.9375,15,1143
2.5,0,20261841,inserted_20260730_block,1,SAFE-ALPHA,0,1,1,16,403.1875
2.5,0,20261841,inserted_20260730_block,1,Matched terminal weighted e-BH,0,1,1,16,1144.625
2.5,0,20261842,inserted_20260730_block,1,SAFE-ALPHA,0,1,1,16,396.625
2.5,0,20261842,inserted_20260730_block,1,Matched terminal weighted e-BH,0,1,1,16,1141.8125
2.5,0,20261843,inserted_20260730_block,1,SAFE-ALPHA,0,1,1,16,469.125
2.5,0,20261843,inserted_20260730_block,1,Matched terminal weighted e-BH,0,1,1,16,1143.6875
2.5,0,20261844,inserted_20260730_block,1,SAFE-ALPHA,0,1,1,16,392.875
2.5,0,20261844,inserted_20260730_block,1,Matched terminal weighted e-BH,0,1,1,16,1146.5
2.5,0,20261845,inserted_20260730_block,1,SAFE-ALPHA,0,1,1,16,369.125
2.5,0,20261845,inserted_20260730_block,1,Matched terminal weighted e-BH,0,1,1,16,1143.6875
2.5,0,20261846,inserted_20260730_block,1,SAFE-ALPHA,0,1,1,16,481.3125
2.5,0,20261846,inserted_20260730_block,1,Matched terminal weighted e-BH,0,1,1,16,1143.6875
2.5,0,20261847,inserted_20260730_block,1,SAFE-ALPHA,0,1,1,16,414.75
2.5,0,20261847,inserted_20260730_block,1,Matched terminal weighted e-BH,0,1,1,16,1139.9375
2.5,0,20261848,inserted_20260730_block,1,SAFE-ALPHA,0,1,1,16,421
2.5,0,20261848,inserted_20260730_block,1,Matched terminal weighted e-BH,0,0.9375,0.9375,15,1134
2.5,0,20261849,inserted_20260730_block,1,SAFE-ALPHA,0,1,1,16,395.375
2.5,0,20261849,inserted_20260730_block,1,Matched terminal weighted e-BH,0,1,1,16,1140.875
2.5,0,20261850,inserted_20260730_block,1,SAFE-ALPHA,0,1,1,16,398.1875
2.5,0,20261850,inserted_20260730_block,1,Matched terminal weighted e-BH,0,1,1,16,1124
2.5,0,20261851,inserted_20260730_block,1,SAFE-ALPHA,0,1,1,16,410.375
2.5,0,20261851,inserted_20260730_block,1,Matched terminal weighted e-BH,0,1,1,16,1146.5
2.5,0,20261852,inserted_20260730_block,1,SAFE-ALPHA,0,1,1,16,428.1875
2.5,0,20261852,inserted_20260730_block,1,Matched terminal weighted e-BH,0,1,1,16,1140.875
2.5,0,20261853,inserted_20260730_block,1,SAFE-ALPHA,0,1,1,16,541.9375
2.5,0,20261853,inserted_20260730_block,1,Matched terminal weighted e-BH,0,0.9375,0.9375,15,1154
2.5,0,20261854,inserted_20260730_block,1,SAFE-ALPHA,0,1,1,16,342.875
2.5,0,20261854,inserted_20260730_block,1,Matched terminal weighted e-BH,0,1,1,16,1146.5
2.5,0,20261855,inserted_20260730_block,1,SAFE-ALPHA,0,1,1,16,328.1875
2.5,0,20261855,inserted_20260730_block,1,Matched terminal weighted e-BH,0,1,1,16,1143.6875
2.5,0,20261856,inserted_20260730_block,1,SAFE-ALPHA,0,1,1,16,414.125
2.5,0,20261856,inserted_20260730_block,1,Matched terminal weighted e-BH,0,1,1,16,1146.5
2.5,0,20261857,inserted_20260730_block,1,SAFE-ALPHA,0,1,1,16,389.75
2.5,0,20261857,inserted_20260730_block,1,Matched terminal weighted e-BH,0,1,1,16,1146.5
2.5,0,20261858,inserted_20260730_block,1,SAFE-ALPHA,0,1,1,16,368.1875
2.5,0,20261858,inserted_20260730_block,1,Matched terminal weighted e-BH,0,1,1,16,1136.1875
2.5,0,20261859,inserted_20260730_block,1,SAFE-ALPHA,0,0.9375,0.9375,15,418.666666667
2.5,0,20261859,inserted_20260730_block,1,Matched terminal weighted e-BH,0,0.9375,0.9375,15,1133
2.5,0,20261860,inserted_20260730_block,1,SAFE-ALPHA,0,0.9375,0.9375,15,402.666666667
2.5,0,20261860,inserted_20260730_block,1,Matched terminal weighted e-BH,0,0.9375,0.9375,15,1151
2.5,0,20261861,inserted_20260730_block,1,SAFE-ALPHA,0,0.9375,0.9375,15,421.666666667
2.5,0,20261861,inserted_20260730_block,1,Matched terminal weighted e-BH,0,0.9375,0.9375,15,1140
2.5,0,20261862,inserted_20260730_block,1,SAFE-ALPHA,0,1,1,16,316.9375
2.5,0,20261862,inserted_20260730_block,1,Matched terminal weighted e-BH,0,1,1,16,1146.5
2.5,0,20261863,inserted_20260730_block,1,SAFE-ALPHA,0,1,1,16,299.125
2.5,0,20261863,inserted_20260730_block,1,Matched terminal weighted e-BH,0,1,1,16,1136.1875
2.5,0,20261864,inserted_20260730_block,1,SAFE-ALPHA,0,1,1,16,358.8125
2.5,0,20261864,inserted_20260730_block,1,Matched terminal weighted e-BH,0,1,1,16,1138.0625
2.5,0,20261865,inserted_20260730_block,1,SAFE-ALPHA,0,0.9375,0.9375,15,409.333333333
2.5,0,20261865,inserted_20260730_block,1,Matched terminal weighted e-BH,0,0.9375,0.9375,15,1152
2.5,0,20261866,inserted_20260730_block,1,SAFE-ALPHA,0,1,1,16,405.6875
2.5,0,20261866,inserted_20260730_block,1,Matched terminal weighted e-BH,0,1,1,16,1133.375
2.5,0,20261867,inserted_20260730_block,1,SAFE-ALPHA,0,1,1,16,384.4375
2.5,0,20261867,inserted_20260730_block,1,Matched terminal weighted e-BH,0,1,1,16,1138.0625
2.5,0,20261868,inserted_20260730_block,1,SAFE-ALPHA,0,1,1,16,377.25
2.5,0,20261868,inserted_20260730_block,1,Matched terminal weighted e-BH,0,1,1,16,1146.5
2.5,0,20261869,inserted_20260730_block,1,SAFE-ALPHA,0,1,1,16,342.5625
2.5,0,20261869,inserted_20260730_block,1,Matched terminal weighted e-BH,0,1,1,16,1139
2.5,0,20261870,inserted_20260730_block,1,SAFE-ALPHA,0,1,1,16,367.5625
2.5,0,20261870,inserted_20260730_block,1,Matched terminal weighted e-BH,0,1,1,16,1143.6875
2.5,0,20261871,inserted_20260730_block,1,SAFE-ALPHA,0,0.875,0.875,14,418.142857143
2.5,0,20261871,inserted_20260730_block,1,Matched terminal weighted e-BH,0,0.875,0.875,14,1140.07142857
2.5,0,20261872,inserted_20260730_block,1,SAFE-ALPHA,0,0.9375,0.9375,15,325
2.5,0,20261872,inserted_20260730_block,1,Matched terminal weighted e-BH,0,0.9375,0.9375,15,1147
2.5,0,20261873,inserted_20260730_block,1,SAFE-ALPHA,0,1,1,16,286.3125
2.5,0,20261873,inserted_20260730_block,1,Matched terminal weighted e-BH,0,1,1,16,1145.5625
2.5,0,20261874,inserted_20260730_block,1,SAFE-ALPHA,0,1,1,16,417.875
2.5,0,20261874,inserted_20260730_block,1,Matched terminal weighted e-BH,0,1,1,16,1145.5625
2.5,0,20261875,inserted_20260730_block,1,SAFE-ALPHA,0,1,1,16,339.4375
2.5,0,20261875,inserted_20260730_block,1,Matched terminal weighted e-BH,0,1,1,16,1141.8125
2.5,0,20261876,inserted_20260730_block,1,SAFE-ALPHA,0,1,1,16,410.0625
2.5,0,20261876,inserted_20260730_block,1,Matched terminal weighted e-BH,0,1,1,16,1133.375
2.5,0,20261877,inserted_20260730_block,1,SAFE-ALPHA,0,1,1,16,330.6875
2.5,0,20261877,inserted_20260730_block,1,Matched terminal weighted e-BH,0,1,1,16,1144.625
2.5,0,20261878,inserted_20260730_block,1,SAFE-ALPHA,0,1,1,16,395.0625
2.5,0,20261878,inserted_20260730_block,1,Matched terminal weighted e-BH,0,1,1,16,1127.75
2.5,0,20261879,inserted_20260730_block,1,SAFE-ALPHA,0,1,1,16,375.375
2.5,0,20261879,inserted_20260730_block,1,Matched terminal weighted e-BH,0,1,1,16,1130.5625
2.5,0,20261880,inserted_20260730_block,1,SAFE-ALPHA,0,1,1,16,397.875
2.5,0,20261880,inserted_20260730_block,1,Matched terminal weighted e-BH,0,1,1,16,1143.6875
2.5,0,20261881,inserted_20260730_block,1,SAFE-ALPHA,0,1,1,16,359.125
2.5,0,20261881,inserted_20260730_block,1,Matched terminal weighted e-BH,0,1,1,16,1139
2.5,0,20261882,inserted_20260730_block,1,SAFE-ALPHA,0,1,1,16,304.4375
2.5,0,20261882,inserted_20260730_block,1,Matched terminal weighted e-BH,0,1,1,16,1139.9375
2.5,0,20261883,inserted_20260730_block,1,SAFE-ALPHA,0,1,1,16,386.9375
2.5,0,20261883,inserted_20260730_block,1,Matched terminal weighted e-BH,0,1,1,16,1139.9375
2.5,0,20261884,inserted_20260730_block,1,SAFE-ALPHA,0,1,1,16,412.875
2.5,0,20261884,inserted_20260730_block,1,Matched terminal weighted e-BH,0,1,1,16,1146.5
2.5,0,20261885,inserted_20260730_block,1,SAFE-ALPHA,0,1,1,16,388.1875
2.5,0,20261885,inserted_20260730_block,1,Matched terminal weighted e-BH,0,1,1,16,1139.9375
2.5,0,20261886,inserted_20260730_block,1,SAFE-ALPHA,0,1,1,16,413.5
2.5,0,20261886,inserted_20260730_block,1,Matched terminal weighted e-BH,0,1,1,16,1139.9375
2.5,0,20261887,inserted_20260730_block,1,SAFE-ALPHA,0,1,1,16,338.5
2.5,0,20261887,inserted_20260730_block,1,Matched terminal weighted e-BH,0,1,1,16,1140.875
2.5,0,20261888,inserted_20260730_block,1,SAFE-ALPHA,0,1,1,16,368.1875
2.5,0,20261888,inserted_20260730_block,1,Matched terminal weighted e-BH,0,1,1,16,1131.5
2.5,0,20261889,inserted_20260730_block,1,SAFE-ALPHA,0,1,1,16,392.875
2.5,0,20261889,inserted_20260730_block,1,Matched terminal weighted e-BH,0,1,1,16,1137.125
2.5,0,20261890,inserted_20260730_block,1,SAFE-ALPHA,0,1,1,16,361.625
2.5,0,20261890,inserted_20260730_block,1,Matched terminal weighted e-BH,0,1,1,16,1144.625
2.5,0,20261891,inserted_20260730_block,1,SAFE-ALPHA,0,1,1,16,366
2.5,0,20261891,inserted_20260730_block,1,Matched terminal weighted e-BH,0,1,1,16,1144.625
2.5,0,20261892,inserted_20260730_block,1,SAFE-ALPHA,0,1,1,16,472.5625
2.5,0,20261892,inserted_20260730_block,1,Matched terminal weighted e-BH,0,1,1,16,1136.1875
2.5,0,20261893,inserted_20260730_block,1,SAFE-ALPHA,0,1,1,16,365.0625
2.5,0,20261893,inserted_20260730_block,1,Matched terminal weighted e-BH,0,1,1,16,1136.1875
2.5,0,20261894,inserted_20260730_block,1,SAFE-ALPHA,0,0.9375,0.9375,15,424
2.5,0,20261894,inserted_20260730_block,1,Matched terminal weighted e-BH,0,0.9375,0.9375,15,1144
2.5,0,20261895,inserted_20260730_block,1,SAFE-ALPHA,0,1,1,16,422.875
2.5,0,20261895,inserted_20260730_block,1,Matched terminal weighted e-BH,0,1,1,16,1146.5
2.5,0,20261896,inserted_20260730_block,1,SAFE-ALPHA,0,1,1,16,415.375
2.5,0,20261896,inserted_20260730_block,1,Matched terminal weighted e-BH,0,1,1,16,1146.5
2.5,0,20261897,inserted_20260730_block,1,SAFE-ALPHA,0,1,1,16,390.6875
2.5,0,20261897,inserted_20260730_block,1,Matched terminal weighted e-BH,0,1,1,16,1141.8125
2.5,0,20261898,inserted_20260730_block,1,SAFE-ALPHA,0,0.875,0.875,14,333.5
2.5,0,20261898,inserted_20260730_block,1,Matched terminal weighted e-BH,0,0.875,0.875,14,1147.57142857
2.5,0,20261899,inserted_20260730_block,1,SAFE-ALPHA,0,1,1,16,383.1875
2.5,0,20261899,inserted_20260730_block,1,Matched terminal weighted e-BH,0,1,1,16,1141.8125
2.5,0,20261900,inserted_20260730_block,1,SAFE-ALPHA,0,1,1,16,513.1875
2.5,0,20261900,inserted_20260730_block,1,Matched terminal weighted e-BH,0,1,1,16,1143.6875
2.5,0,20261901,inserted_20260730_block,1,SAFE-ALPHA,0,1,1,16,320.0625
2.5,0,20261901,inserted_20260730_block,1,Matched terminal weighted e-BH,0,1,1,16,1146.5
2.5,0,20261902,inserted_20260730_block,1,SAFE-ALPHA,0,0.9375,0.9375,15,403
2.5,0,20261902,inserted_20260730_block,1,Matched terminal weighted e-BH,0,0.9375,0.9375,15,1143
2.5,0,20261903,inserted_20260730_block,1,SAFE-ALPHA,0,1,1,16,449.4375
2.5,0,20261903,inserted_20260730_block,1,Matched terminal weighted e-BH,0,1,1,16,1146.5
2.5,0,20261904,inserted_20260730_block,1,SAFE-ALPHA,0,1,1,16,315.0625
2.5,0,20261904,inserted_20260730_block,1,Matched terminal weighted e-BH,0,1,1,16,1144.625
2.5,0,20261905,inserted_20260730_block,1,SAFE-ALPHA,0,0.9375,0.9375,15,343.666666667
2.5,0,20261905,inserted_20260730_block,1,Matched terminal weighted e-BH,0,0.9375,0.9375,15,1153
2.5,0,20261906,inserted_20260730_block,1,SAFE-ALPHA,0,1,1,16,351.9375
2.5,0,20261906,inserted_20260730_block,1,Matched terminal weighted e-BH,0,1,1,16,1145.5625
2.5,0,20261907,inserted_20260730_block,1,SAFE-ALPHA,0,0.9375,0.9375,15,379.333333333
2.5,0,20261907,inserted_20260730_block,1,Matched terminal weighted e-BH,0,0.875,0.875,14,1159.35714286
2.5,0,20261908,inserted_20260730_block,1,SAFE-ALPHA,0,1,1,16,415.0625
2.5,0,20261908,inserted_20260730_block,1,Matched terminal weighted e-BH,0,0.9375,0.9375,15,1138
2.5,0,20261909,inserted_20260730_block,1,SAFE-ALPHA,0,1,1,16,351.3125
2.5,0,20261909,inserted_20260730_block,1,Matched terminal weighted e-BH,0,1,1,16,1146.5
2.5,0,20261910,inserted_20260730_block,1,SAFE-ALPHA,0,1,1,16,384.125
2.5,0,20261910,inserted_20260730_block,1,Matched terminal weighted e-BH,0,1,1,16,1145.5625
2.5,0,20261911,inserted_20260730_block,1,SAFE-ALPHA,0,0.9375,0.9375,15,483.666666667
2.5,0,20261911,inserted_20260730_block,1,Matched terminal weighted e-BH,0,0.875,0.875,14,1149.71428571
2.5,0,20261912,inserted_20260730_block,1,SAFE-ALPHA,0,1,1,16,382.5625
2.5,0,20261912,inserted_20260730_block,1,Matched terminal weighted e-BH,0,0.9375,0.9375,15,1150
2.5,0,20261913,inserted_20260730_block,1,SAFE-ALPHA,0,1,1,16,452.875
2.5,0,20261913,inserted_20260730_block,1,Matched terminal weighted e-BH,0,1,1,16,1141.8125
2.5,0,20261914,inserted_20260730_block,1,SAFE-ALPHA,0,1,1,16,448.5
2.5,0,20261914,inserted_20260730_block,1,Matched terminal weighted e-BH,0,0.9375,0.9375,15,1136
2.5,0,20261915,inserted_20260730_block,1,SAFE-ALPHA,0,1,1,16,442.875
2.5,0,20261915,inserted_20260730_block,1,Matched terminal weighted e-BH,0,1,1,16,1138.0625
2.5,0,20261916,inserted_20260730_block,1,SAFE-ALPHA,0,0.9375,0.9375,15,447
2.5,0,20261916,inserted_20260730_block,1,Matched terminal weighted e-BH,0,0.9375,0.9375,15,1146
2.5,0,20261917,inserted_20260730_block,1,SAFE-ALPHA,0,1,1,16,401.3125
2.5,0,20261917,inserted_20260730_block,1,Matched terminal weighted e-BH,0,1,1,16,1144.625
2.5,0,20261918,inserted_20260730_block,1,SAFE-ALPHA,0,1,1,16,366.625
2.5,0,20261918,inserted_20260730_block,1,Matched terminal weighted e-BH,0,1,1,16,1144.625
2.5,0,20261919,inserted_20260730_block,1,SAFE-ALPHA,0,1,1,16,465.0625
2.5,0,20261919,inserted_20260730_block,1,Matched terminal weighted e-BH,0,1,1,16,1127.75
2.5,0,20261920,inserted_20260730_block,1,SAFE-ALPHA,0,0.9375,0.9375,15,375.333333333
2.5,0,20261920,inserted_20260730_block,1,Matched terminal weighted e-BH,0,0.9375,0.9375,15,1145
2.5,0,20261921,inserted_20260730_block,1,SAFE-ALPHA,0,1,1,16,465.375
2.5,0,20261921,inserted_20260730_block,1,Matched terminal weighted e-BH,0,1,1,16,1139.9375
2.5,0,20261922,inserted_20260730_block,1,SAFE-ALPHA,0,1,1,16,433.1875
2.5,0,20261922,inserted_20260730_block,1,Matched terminal weighted e-BH,0,0.9375,0.9375,15,1151
2.5,0,20261923,inserted_20260730_block,1,SAFE-ALPHA,0,1,1,16,376.9375
2.5,0,20261923,inserted_20260730_block,1,Matched terminal weighted e-BH,0,1,1,16,1134.3125
2.5,0,20261924,inserted_20260730_block,1,SAFE-ALPHA,0,0.9375,0.9375,15,422.666666667
2.5,0,20261924,inserted_20260730_block,1,Matched terminal weighted e-BH,0,0.9375,0.9375,15,1154
2.5,0,20261925,inserted_20260730_block,1,SAFE-ALPHA,0,0.9375,0.9375,15,482.666666667
2.5,0,20261925,inserted_20260730_block,1,Matched terminal weighted e-BH,0,0.875,0.875,14,1144.35714286
2.5,0,20261926,inserted_20260730_block,1,SAFE-ALPHA,0,1,1,16,427.25
2.5,0,20261926,inserted_20260730_block,1,Matched terminal weighted e-BH,0,0.9375,0.9375,15,1150
2.5,0,20261927,inserted_20260730_block,1,SAFE-ALPHA,0,1,1,16,429.125
2.5,0,20261927,inserted_20260730_block,1,Matched terminal weighted e-BH,0,1,1,16,1140.875
2.5,0,20261928,inserted_20260730_block,1,SAFE-ALPHA,0,1,1,16,454.125
2.5,0,20261928,inserted_20260730_block,1,Matched terminal weighted e-BH,0,0.9375,0.9375,15,1154
2.5,0,20261929,inserted_20260730_block,1,SAFE-ALPHA,0,1,1,16,380.6875
2.5,0,20261929,inserted_20260730_block,1,Matched terminal weighted e-BH,0,1,1,16,1146.5
2.5,0,20261930,inserted_20260730_block,1,SAFE-ALPHA,0,1,1,16,302.875
2.5,0,20261930,inserted_20260730_block,1,Matched terminal weighted e-BH,0,0.9375,0.9375,15,1152
2.5,0,20261931,inserted_20260730_block,1,SAFE-ALPHA,0,1,1,16,394.125
2.5,0,20261931,inserted_20260730_block,1,Matched terminal weighted e-BH,0,1,1,16,1143.6875
2.5,0,20261932,inserted_20260730_block,1,SAFE-ALPHA,0,1,1,16,397.25
2.5,0,20261932,inserted_20260730_block,1,Matched terminal weighted e-BH,0,1,1,16,1145.5625
2.5,0,20261933,inserted_20260730_block,1,SAFE-ALPHA,0,1,1,16,412.875
2.5,0,20261933,inserted_20260730_block,1,Matched terminal weighted e-BH,0,1,1,16,1142.75
2.5,0,20261934,inserted_20260730_block,1,SAFE-ALPHA,0,1,1,16,313.1875
2.5,0,20261934,inserted_20260730_block,1,Matched terminal weighted e-BH,0,0.9375,0.9375,15,1152
2.5,0,20261935,inserted_20260730_block,1,SAFE-ALPHA,0,1,1,16,351.3125
2.5,0,20261935,inserted_20260730_block,1,Matched terminal weighted e-BH,0,1,1,16,1144.625
2.5,0,20261936,inserted_20260730_block,1,SAFE-ALPHA,0,1,1,16,409.125
2.5,0,20261936,inserted_20260730_block,1,Matched terminal weighted e-BH,0,1,1,16,1139
2.5,0,20261937,inserted_20260730_block,1,SAFE-ALPHA,0,1,1,16,311.9375
2.5,0,20261937,inserted_20260730_block,1,Matched terminal weighted e-BH,0,1,1,16,1146.5
2.5,0,20261938,inserted_20260730_block,1,SAFE-ALPHA,0,1,1,16,383.8125
2.5,0,20261938,inserted_20260730_block,1,Matched terminal weighted e-BH,0,1,1,16,1145.5625
2.5,0,20261939,inserted_20260730_block,1,SAFE-ALPHA,0,1,1,16,375.0625
2.5,0,20261939,inserted_20260730_block,1,Matched terminal weighted e-BH,0,1,1,16,1146.5
2.5,0,20261940,inserted_20260730_block,1,SAFE-ALPHA,0,1,1,16,422.875
2.5,0,20261940,inserted_20260730_block,1,Matched terminal weighted e-BH,0,1,1,16,1138.0625
2.5,0,20261941,inserted_20260730_block,1,SAFE-ALPHA,0,0.9375,0.9375,15,321
2.5,0,20261941,inserted_20260730_block,1,Matched terminal weighted e-BH,0,0.9375,0.9375,15,1153
2.5,0,20261942,inserted_20260730_block,1,SAFE-ALPHA,0,0.9375,0.9375,15,290.666666667
2.5,0,20261942,inserted_20260730_block,1,Matched terminal weighted e-BH,0,0.9375,0.9375,15,1151
2.5,0,20261943,inserted_20260730_block,1,SAFE-ALPHA,0,1,1,16,352.5625
2.5,0,20261943,inserted_20260730_block,1,Matched terminal weighted e-BH,0,1,1,16,1138.0625
2.5,0,20261944,inserted_20260730_block,1,SAFE-ALPHA,0,0.9375,0.9375,15,432.666666667
2.5,0,20261944,inserted_20260730_block,1,Matched terminal weighted e-BH,0,0.9375,0.9375,15,1139
2.5,0,20261945,inserted_20260730_block,1,SAFE-ALPHA,0,1,1,16,357.25
2.5,0,20261945,inserted_20260730_block,1,Matched terminal weighted e-BH,0,1,1,16,1146.5
2.5,0,20261946,inserted_20260730_block,1,SAFE-ALPHA,0,1,1,16,417.5625
2.5,0,20261946,inserted_20260730_block,1,Matched terminal weighted e-BH,0,1,1,16,1146.5
2.5,0,20261947,inserted_20260730_block,1,SAFE-ALPHA,0,1,1,16,341
2.5,0,20261947,inserted_20260730_block,1,Matched terminal weighted e-BH,0,1,1,16,1135.25
2.5,0,20261948,inserted_20260730_block,1,SAFE-ALPHA,0,1,1,16,350.6875
2.5,0,20261948,inserted_20260730_block,1,Matched terminal weighted e-BH,0,1,1,16,1136.1875
2.5,0,20261949,inserted_20260730_block,1,SAFE-ALPHA,0,1,1,16,361.3125
2.5,0,20261949,inserted_20260730_block,1,Matched terminal weighted e-BH,0,0.9375,0.9375,15,1154
2.5,0,20261950,inserted_20260730_block,1,SAFE-ALPHA,0,1,1,16,382.25
2.5,0,20261950,inserted_20260730_block,1,Matched terminal weighted e-BH,0,1,1,16,1136.1875
2.5,0,20261951,inserted_20260730_block,1,SAFE-ALPHA,0,0.9375,0.9375,15,522
2.5,0,20261951,inserted_20260730_block,1,Matched terminal weighted e-BH,0,0.9375,0.9375,15,1135
2.5,0,20261952,inserted_20260730_block,1,SAFE-ALPHA,0,1,1,16,381
2.5,0,20261952,inserted_20260730_block,1,Matched terminal weighted e-BH,0,1,1,16,1137.125
2.5,0,20261953,inserted_20260730_block,1,SAFE-ALPHA,0,1,1,16,427.25
2.5,0,20261953,inserted_20260730_block,1,Matched terminal weighted e-BH,0,1,1,16,1144.625
2.5,0,20261954,inserted_20260730_block,1,SAFE-ALPHA,0,1,1,16,462.25
2.5,0,20261954,inserted_20260730_block,1,Matched terminal weighted e-BH,0,1,1,16,1146.5
2.5,0,20261955,inserted_20260730_block,1,SAFE-ALPHA,0,1,1,16,355.6875
2.5,0,20261955,inserted_20260730_block,1,Matched terminal weighted e-BH,0,1,1,16,1139.9375
2.5,0,20261956,inserted_20260730_block,1,SAFE-ALPHA,0,1,1,16,361.625
2.5,0,20261956,inserted_20260730_block,1,Matched terminal weighted e-BH,0,1,1,16,1139
2.5,0,20261957,inserted_20260730_block,1,SAFE-ALPHA,0,1,1,16,346.9375
2.5,0,20261957,inserted_20260730_block,1,Matched terminal weighted e-BH,0,1,1,16,1146.5
2.5,0,20261958,inserted_20260730_block,1,SAFE-ALPHA,0,1,1,16,437.5625
2.5,0,20261958,inserted_20260730_block,1,Matched terminal weighted e-BH,0,0.9375,0.9375,15,1150
2.5,0,20261959,inserted_20260730_block,1,SAFE-ALPHA,0,0.9375,0.9375,15,458.666666667
2.5,0,20261959,inserted_20260730_block,1,Matched terminal weighted e-BH,0,0.9375,0.9375,15,1146
2.5,0,20261960,inserted_20260730_block,1,SAFE-ALPHA,0,1,1,16,386.3125
2.5,0,20261960,inserted_20260730_block,1,Matched terminal weighted e-BH,0,1,1,16,1144.625
2.5,0,20261961,inserted_20260730_block,1,SAFE-ALPHA,0,0.9375,0.9375,15,492
2.5,0,20261961,inserted_20260730_block,1,Matched terminal weighted e-BH,0,0.9375,0.9375,15,1142
2.5,0,20261962,inserted_20260730_block,1,SAFE-ALPHA,0,1,1,16,376
2.5,0,20261962,inserted_20260730_block,1,Matched terminal weighted e-BH,0,1,1,16,1142.75
2.5,0,20261963,inserted_20260730_block,1,SAFE-ALPHA,0,1,1,16,343.1875
2.5,0,20261963,inserted_20260730_block,1,Matched terminal weighted e-BH,0,1,1,16,1135.25
2.5,0,20261964,inserted_20260730_block,1,SAFE-ALPHA,0,1,1,16,436.9375
2.5,0,20261964,inserted_20260730_block,1,Matched terminal weighted e-BH,0,1,1,16,1137.125
2.5,0,20261965,inserted_20260730_block,1,SAFE-ALPHA,0,1,1,16,395.375
2.5,0,20261965,inserted_20260730_block,1,Matched terminal weighted e-BH,0,1,1,16,1146.5
2.5,0,20261966,inserted_20260730_block,1,SAFE-ALPHA,0,1,1,16,288.1875
2.5,0,20261966,inserted_20260730_block,1,Matched terminal weighted e-BH,0,1,1,16,1141.8125
2.5,0,20261967,inserted_20260730_block,1,SAFE-ALPHA,0,1,1,16,393.8125
2.5,0,20261967,inserted_20260730_block,1,Matched terminal weighted e-BH,0,1,1,16,1139.9375
2.5,0,20261968,inserted_20260730_block,1,SAFE-ALPHA,0,1,1,16,360.375
2.5,0,20261968,inserted_20260730_block,1,Matched terminal weighted e-BH,0,1,1,16,1145.5625
2.5,0,20261969,inserted_20260730_block,1,SAFE-ALPHA,0,0.9375,0.9375,15,396
2.5,0,20261969,inserted_20260730_block,1,Matched terminal weighted e-BH,0,0.9375,0.9375,15,1145
2.5,0,20261970,inserted_20260730_block,1,SAFE-ALPHA,0,1,1,16,430.0625
2.5,0,20261970,inserted_20260730_block,1,Matched terminal weighted e-BH,0,1,1,16,1139
2.5,0,20261971,inserted_20260730_block,1,SAFE-ALPHA,0,1,1,16,338.8125
2.5,0,20261971,inserted_20260730_block,1,Matched terminal weighted e-BH,0,1,1,16,1141.8125
2.5,0,20261972,inserted_20260730_block,1,SAFE-ALPHA,0,0.9375,0.9375,15,416.666666667
2.5,0,20261972,inserted_20260730_block,1,Matched terminal weighted e-BH,0,0.9375,0.9375,15,1146
2.5,0,20261973,inserted_20260730_block,1,SAFE-ALPHA,0,1,1,16,435.375
2.5,0,20261973,inserted_20260730_block,1,Matched terminal weighted e-BH,0,0.9375,0.9375,15,1153
2.5,0,20261974,inserted_20260730_block,1,SAFE-ALPHA,0,1,1,16,524.75
2.5,0,20261974,inserted_20260730_block,1,Matched terminal weighted e-BH,0,1,1,16,1144.625
2.5,0,20261975,inserted_20260730_block,1,SAFE-ALPHA,0,1,1,16,422.25
2.5,0,20261975,inserted_20260730_block,1,Matched terminal weighted e-BH,0,1,1,16,1146.5
2.5,0,20261976,inserted_20260730_block,1,SAFE-ALPHA,0,1,1,16,466
2.5,0,20261976,inserted_20260730_block,1,Matched terminal weighted e-BH,0,1,1,16,1142.75
2.5,0,20261977,inserted_20260730_block,1,SAFE-ALPHA,0,1,1,16,366
2.5,0,20261977,inserted_20260730_block,1,Matched terminal weighted e-BH,0,1,1,16,1143.6875
2.5,0,20261978,inserted_20260730_block,1,SAFE-ALPHA,0,1,1,16,406.3125
2.5,0,20261978,inserted_20260730_block,1,Matched terminal weighted e-BH,0,1,1,16,1142.75
2.5,0,20261979,inserted_20260730_block,1,SAFE-ALPHA,0,1,1,16,331.9375
2.5,0,20261979,inserted_20260730_block,1,Matched terminal weighted e-BH,0,1,1,16,1143.6875
2.75,0,20261980,inserted_20260730_block,1,SAFE-ALPHA,0,0.9375,0.9375,15,330
2.75,0,20261980,inserted_20260730_block,1,Matched terminal weighted e-BH,0,0.9375,0.9375,15,1147
2.75,0,20261981,inserted_20260730_block,1,SAFE-ALPHA,0,1,1,16,331.625
2.75,0,20261981,inserted_20260730_block,1,Matched terminal weighted e-BH,0,1,1,16,1144.625
2.75,0,20261982,inserted_20260730_block,1,SAFE-ALPHA,0,0.9375,0.9375,15,307.666666667
2.75,0,20261982,inserted_20260730_block,1,Matched terminal weighted e-BH,0,0.9375,0.9375,15,1140
2.75,0,20261983,inserted_20260730_block,1,SAFE-ALPHA,0,1,1,16,328.5
2.75,0,20261983,inserted_20260730_block,1,Matched terminal weighted e-BH,0,1,1,16,1146.5
2.75,0,20261984,inserted_20260730_block,1,SAFE-ALPHA,0,1,1,16,304.75
2.75,0,20261984,inserted_20260730_block,1,Matched terminal weighted e-BH,0,1,1,16,1144.625
2.75,0,20261985,inserted_20260730_block,1,SAFE-ALPHA,0,0.9375,0.9375,15,349
2.75,0,20261985,inserted_20260730_block,1,Matched terminal weighted e-BH,0,0.9375,0.9375,15,1150
2.75,0,20261986,inserted_20260730_block,1,SAFE-ALPHA,0,1,1,16,340.0625
2.75,0,20261986,inserted_20260730_block,1,Matched terminal weighted e-BH,0,1,1,16,1129.625
2.75,0,20261987,inserted_20260730_block,1,SAFE-ALPHA,0,1,1,16,348.8125
2.75,0,20261987,inserted_20260730_block,1,Matched terminal weighted e-BH,0,1,1,16,1145.5625
2.75,0,20261988,inserted_20260730_block,1,SAFE-ALPHA,0,1,1,16,327.25
2.75,0,20261988,inserted_20260730_block,1,Matched terminal weighted e-BH,0,1,1,16,1144.625
2.75,0,20261989,inserted_20260730_block,1,SAFE-ALPHA,0,1,1,16,270.0625
2.75,0,20261989,inserted_20260730_block,1,Matched terminal weighted e-BH,0,1,1,16,1144.625
2.75,0,20261990,inserted_20260730_block,1,SAFE-ALPHA,0,1,1,16,319.4375
2.75,0,20261990,inserted_20260730_block,1,Matched terminal weighted e-BH,0,1,1,16,1146.5
2.75,0,20261991,inserted_20260730_block,1,SAFE-ALPHA,0,1,1,16,328.1875
2.75,0,20261991,inserted_20260730_block,1,Matched terminal weighted e-BH,0,1,1,16,1146.5
2.75,0,20261992,inserted_20260730_block,1,SAFE-ALPHA,0,1,1,16,286.9375
2.75,0,20261992,inserted_20260730_block,1,Matched terminal weighted e-BH,0,1,1,16,1139.9375
2.75,0,20261993,inserted_20260730_block,1,SAFE-ALPHA,0,1,1,16,386
2.75,0,20261993,inserted_20260730_block,1,Matched terminal weighted e-BH,0,1,1,16,1146.5
2.75,0,20261994,inserted_20260730_block,1,SAFE-ALPHA,0,1,1,16,352.875
2.75,0,20261994,inserted_20260730_block,1,Matched terminal weighted e-BH,0,1,1,16,1144.625
2.75,0,20261995,inserted_20260730_block,1,SAFE-ALPHA,0,1,1,16,317.5625
2.75,0,20261995,inserted_20260730_block,1,Matched terminal weighted e-BH,0,1,1,16,1146.5
2.75,0,20261996,inserted_20260730_block,1,SAFE-ALPHA,0,1,1,16,384.125
2.75,0,20261996,inserted_20260730_block,1,Matched terminal weighted e-BH,0,1,1,16,1140.875
2.75,0,20261997,inserted_20260730_block,1,SAFE-ALPHA,0,1,1,16,388.1875
2.75,0,20261997,inserted_20260730_block,1,Matched terminal weighted e-BH,0,1,1,16,1146.5
2.75,0,20261998,inserted_20260730_block,1,SAFE-ALPHA,0,1,1,16,413.1875
2.75,0,20261998,inserted_20260730_block,1,Matched terminal weighted e-BH,0,1,1,16,1141.8125
2.75,0,20261999,inserted_20260730_block,1,SAFE-ALPHA,0,1,1,16,335.6875
2.75,0,20261999,inserted_20260730_block,1,Matched terminal weighted e-BH,0,1,1,16,1146.5
2.75,0,20262000,inserted_20260730_block,1,SAFE-ALPHA,0,1,1,16,397.25
2.75,0,20262000,inserted_20260730_block,1,Matched terminal weighted e-BH,0,1,1,16,1138.0625
2.75,0,20262001,inserted_20260730_block,1,SAFE-ALPHA,0,1,1,16,271
2.75,0,20262001,inserted_20260730_block,1,Matched terminal weighted e-BH,0,1,1,16,1146.5
2.75,0,20262002,inserted_20260730_block,1,SAFE-ALPHA,0,0.9375,0.9375,15,317.333333333
2.75,0,20262002,inserted_20260730_block,1,Matched terminal weighted e-BH,0,0.9375,0.9375,15,1151
2.75,0,20262003,inserted_20260730_block,1,SAFE-ALPHA,0,1,1,16,379.4375
2.75,0,20262003,inserted_20260730_block,1,Matched terminal weighted e-BH,0,1,1,16,1137.125
2.75,0,20262004,inserted_20260730_block,1,SAFE-ALPHA,0,1,1,16,312.25
2.75,0,20262004,inserted_20260730_block,1,Matched terminal weighted e-BH,0,1,1,16,1145.5625
2.75,0,20262005,inserted_20260730_block,1,SAFE-ALPHA,0,0.9375,0.9375,15,319.666666667
2.75,0,20262005,inserted_20260730_block,1,Matched terminal weighted e-BH,0,0.9375,0.9375,15,1150
2.75,0,20262006,inserted_20260730_block,1,SAFE-ALPHA,0,0.9375,0.9375,15,367
2.75,0,20262006,inserted_20260730_block,1,Matched terminal weighted e-BH,0,0.9375,0.9375,15,1154
2.75,0,20262007,inserted_20260730_block,1,SAFE-ALPHA,0,1,1,16,336.3125
2.75,0,20262007,inserted_20260730_block,1,Matched terminal weighted e-BH,0,1,1,16,1146.5
2.75,0,20262008,inserted_20260730_block,1,SAFE-ALPHA,0,1,1,16,321.625
2.75,0,20262008,inserted_20260730_block,1,Matched terminal weighted e-BH,0,1,1,16,1132.4375
2.75,0,20262009,inserted_20260730_block,1,SAFE-ALPHA,0,1,1,16,280.375
2.75,0,20262009,inserted_20260730_block,1,Matched terminal weighted e-BH,0,1,1,16,1146.5
2.75,0,20262010,inserted_20260730_block,1,SAFE-ALPHA,0,1,1,16,288.8125
2.75,0,20262010,inserted_20260730_block,1,Matched terminal weighted e-BH,0,1,1,16,1146.5
2.75,0,20262011,inserted_20260730_block,1,SAFE-ALPHA,0,0.9375,0.9375,15,353
2.75,0,20262011,inserted_20260730_block,1,Matched terminal weighted e-BH,0,0.9375,0.9375,15,1152
2.75,0,20262012,inserted_20260730_block,1,SAFE-ALPHA,0,1,1,16,351.9375
2.75,0,20262012,inserted_20260730_block,1,Matched terminal weighted e-BH,0,1,1,16,1144.625
2.75,0,20262013,inserted_20260730_block,1,SAFE-ALPHA,0,1,1,16,397.875
2.75,0,20262013,inserted_20260730_block,1,Matched terminal weighted e-BH,0,1,1,16,1143.6875
2.75,0,20262014,inserted_20260730_block,1,SAFE-ALPHA,0,1,1,16,331
2.75,0,20262014,inserted_20260730_block,1,Matched terminal weighted e-BH,0,1,1,16,1143.6875
2.75,0,20262015,inserted_20260730_block,1,SAFE-ALPHA,0,1,1,16,335.6875
2.75,0,20262015,inserted_20260730_block,1,Matched terminal weighted e-BH,0,1,1,16,1135.25
2.75,0,20262016,inserted_20260730_block,1,SAFE-ALPHA,0,1,1,16,292.5625
2.75,0,20262016,inserted_20260730_block,1,Matched terminal weighted e-BH,0,1,1,16,1146.5
2.75,0,20262017,inserted_20260730_block,1,SAFE-ALPHA,0,1,1,16,363.5
2.75,0,20262017,inserted_20260730_block,1,Matched terminal weighted e-BH,0,1,1,16,1145.5625
2.75,0,20262018,inserted_20260730_block,1,SAFE-ALPHA,0.0588235294118,1,1,17,240.6875
2.75,0,20262018,inserted_20260730_block,1,Matched terminal weighted e-BH,0,1,1,16,1146.5
2.75,0,20262019,inserted_20260730_block,1,SAFE-ALPHA,0,1,1,16,308.8125
2.75,0,20262019,inserted_20260730_block,1,Matched terminal weighted e-BH,0,1,1,16,1146.5
2.75,0,20262020,inserted_20260730_block,1,SAFE-ALPHA,0,1,1,16,294.75
2.75,0,20262020,inserted_20260730_block,1,Matched terminal weighted e-BH,0,1,1,16,1146.5
2.75,0,20262021,inserted_20260730_block,1,SAFE-ALPHA,0,1,1,16,404.125
2.75,0,20262021,inserted_20260730_block,1,Matched terminal weighted e-BH,0,1,1,16,1144.625
2.75,0,20262022,inserted_20260730_block,1,SAFE-ALPHA,0,1,1,16,362.875
2.75,0,20262022,inserted_20260730_block,1,Matched terminal weighted e-BH,0,1,1,16,1142.75
2.75,0,20262023,inserted_20260730_block,1,SAFE-ALPHA,0,1,1,16,382.25
2.75,0,20262023,inserted_20260730_block,1,Matched terminal weighted e-BH,0,1,1,16,1146.5
2.75,0,20262024,inserted_20260730_block,1,SAFE-ALPHA,0,1,1,16,276
2.75,0,20262024,inserted_20260730_block,1,Matched terminal weighted e-BH,0,1,1,16,1146.5
2.75,0,20262025,inserted_20260730_block,1,SAFE-ALPHA,0,1,1,16,294.75
2.75,0,20262025,inserted_20260730_block,1,Matched terminal weighted e-BH,0,1,1,16,1139
2.75,0,20262026,inserted_20260730_block,1,SAFE-ALPHA,0,1,1,16,321.9375
2.75,0,20262026,inserted_20260730_block,1,Matched terminal weighted e-BH,0,1,1,16,1146.5
2.75,0,20262027,inserted_20260730_block,1,SAFE-ALPHA,0,1,1,16,293.5
2.75,0,20262027,inserted_20260730_block,1,Matched terminal weighted e-BH,0,1,1,16,1145.5625
2.75,0,20262028,inserted_20260730_block,1,SAFE-ALPHA,0,1,1,16,351
2.75,0,20262028,inserted_20260730_block,1,Matched terminal weighted e-BH,0,1,1,16,1146.5
2.75,0,20262029,inserted_20260730_block,1,SAFE-ALPHA,0,1,1,16,324.75
2.75,0,20262029,inserted_20260730_block,1,Matched terminal weighted e-BH,0,1,1,16,1139.9375
2.75,0,20262030,inserted_20260730_block,1,SAFE-ALPHA,0,1,1,16,314.75
2.75,0,20262030,inserted_20260730_block,1,Matched terminal weighted e-BH,0,1,1,16,1146.5
2.75,0,20262031,inserted_20260730_block,1,SAFE-ALPHA,0,1,1,16,364.75
2.75,0,20262031,inserted_20260730_block,1,Matched terminal weighted e-BH,0,1,1,16,1145.5625
2.75,0,20262032,inserted_20260730_block,1,SAFE-ALPHA,0,1,1,16,361.3125
2.75,0,20262032,inserted_20260730_block,1,Matched terminal weighted e-BH,0,1,1,16,1145.5625
2.75,0,20262033,inserted_20260730_block,1,SAFE-ALPHA,0,1,1,16,278.1875
2.75,0,20262033,inserted_20260730_block,1,Matched terminal weighted e-BH,0,1,1,16,1146.5
2.75,0,20262034,inserted_20260730_block,1,SAFE-ALPHA,0,1,1,16,349.4375
2.75,0,20262034,inserted_20260730_block,1,Matched terminal weighted e-BH,0,1,1,16,1141.8125
2.75,0,20262035,inserted_20260730_block,1,SAFE-ALPHA,0,1,1,16,418.5
2.75,0,20262035,inserted_20260730_block,1,Matched terminal weighted e-BH,0,1,1,16,1144.625
2.75,0,20262036,inserted_20260730_block,1,SAFE-ALPHA,0,1,1,16,269.125
2.75,0,20262036,inserted_20260730_block,1,Matched terminal weighted e-BH,0,1,1,16,1133.375
2.75,0,20262037,inserted_20260730_block,1,SAFE-ALPHA,0,1,1,16,349.125
2.75,0,20262037,inserted_20260730_block,1,Matched terminal weighted e-BH,0,1,1,16,1144.625
2.75,0,20262038,inserted_20260730_block,1,SAFE-ALPHA,0,1,1,16,275.375
2.75,0,20262038,inserted_20260730_block,1,Matched terminal weighted e-BH,0,1,1,16,1145.5625
2.75,0,20262039,inserted_20260730_block,1,SAFE-ALPHA,0,1,1,16,315.375
2.75,0,20262039,inserted_20260730_block,1,Matched terminal weighted e-BH,0,1,1,16,1146.5
2.75,0,20262040,inserted_20260730_block,1,SAFE-ALPHA,0,1,1,16,337.25
2.75,0,20262040,inserted_20260730_block,1,Matched terminal weighted e-BH,0,1,1,16,1143.6875
2.75,0,20262041,inserted_20260730_block,1,SAFE-ALPHA,0,1,1,16,410.6875
2.75,0,20262041,inserted_20260730_block,1,Matched terminal weighted e-BH,0,1,1,16,1145.5625
2.75,0,20262042,inserted_20260730_block,1,SAFE-ALPHA,0,1,1,16,336.3125
2.75,0,20262042,inserted_20260730_block,1,Matched terminal weighted e-BH,0,1,1,16,1146.5
2.75,0,20262043,inserted_20260730_block,1,SAFE-ALPHA,0,1,1,16,294.4375
2.75,0,20262043,inserted_20260730_block,1,Matched terminal weighted e-BH,0,1,1,16,1137.125
2.75,0,20262044,inserted_20260730_block,1,SAFE-ALPHA,0,1,1,16,336
2.75,0,20262044,inserted_20260730_block,1,Matched terminal weighted e-BH,0,1,1,16,1146.5
2.75,0,20262045,inserted_20260730_block,1,SAFE-ALPHA,0,1,1,16,428.8125
2.75,0,20262045,inserted_20260730_block,1,Matched terminal weighted e-BH,0,1,1,16,1140.875
2.75,0,20262046,inserted_20260730_block,1,SAFE-ALPHA,0,1,1,16,330.6875
2.75,0,20262046,inserted_20260730_block,1,Matched terminal weighted e-BH,0,1,1,16,1146.5
2.75,0,20262047,inserted_20260730_block,1,SAFE-ALPHA,0,1,1,16,267.25
2.75,0,20262047,inserted_20260730_block,1,Matched terminal weighted e-BH,0,1,1,16,1142.75
2.75,0,20262048,inserted_20260730_block,1,SAFE-ALPHA,0,1,1,16,298.5
2.75,0,20262048,inserted_20260730_block,1,Matched terminal weighted e-BH,0,1,1,16,1146.5
2.75,0,20262049,inserted_20260730_block,1,SAFE-ALPHA,0,1,1,16,289.75
2.75,0,20262049,inserted_20260730_block,1,Matched terminal weighted e-BH,0,1,1,16,1146.5
2.75,0,20262050,inserted_20260730_block,1,SAFE-ALPHA,0,1,1,16,341.9375
2.75,0,20262050,inserted_20260730_block,1,Matched terminal weighted e-BH,0,1,1,16,1143.6875
2.75,0,20262051,inserted_20260730_block,1,SAFE-ALPHA,0,1,1,16,317.5625
2.75,0,20262051,inserted_20260730_block,1,Matched terminal weighted e-BH,0,1,1,16,1146.5
2.75,0,20262052,inserted_20260730_block,1,SAFE-ALPHA,0,1,1,16,367.25
2.75,0,20262052,inserted_20260730_block,1,Matched terminal weighted e-BH,0,1,1,16,1144.625
2.75,0,20262053,inserted_20260730_block,1,SAFE-ALPHA,0,0.9375,0.9375,15,280
2.75,0,20262053,inserted_20260730_block,1,Matched terminal weighted e-BH,0,0.9375,0.9375,15,1147
2.75,0,20262054,inserted_20260730_block,1,SAFE-ALPHA,0,1,1,16,337.5625
2.75,0,20262054,inserted_20260730_block,1,Matched terminal weighted e-BH,0,1,1,16,1146.5
2.75,0,20262055,inserted_20260730_block,1,SAFE-ALPHA,0,1,1,16,279.4375
2.75,0,20262055,inserted_20260730_block,1,Matched terminal weighted e-BH,0,1,1,16,1145.5625
2.75,0,20262056,inserted_20260730_block,1,SAFE-ALPHA,0,1,1,16,348.8125
2.75,0,20262056,inserted_20260730_block,1,Matched terminal weighted e-BH,0,1,1,16,1141.8125
2.75,0,20262057,inserted_20260730_block,1,SAFE-ALPHA,0,1,1,16,249.125
2.75,0,20262057,inserted_20260730_block,1,Matched terminal weighted e-BH,0,1,1,16,1146.5
2.75,0,20262058,inserted_20260730_block,1,SAFE-ALPHA,0,1,1,16,363.1875
2.75,0,20262058,inserted_20260730_block,1,Matched terminal weighted e-BH,0,1,1,16,1146.5
2.75,0,20262059,inserted_20260730_block,1,SAFE-ALPHA,0,1,1,16,354.75
2.75,0,20262059,inserted_20260730_block,1,Matched terminal weighted e-BH,0,1,1,16,1146.5
2.75,0,20262060,inserted_20260730_block,1,SAFE-ALPHA,0,1,1,16,336.3125
2.75,0,20262060,inserted_20260730_block,1,Matched terminal weighted e-BH,0,1,1,16,1139.9375
2.75,0,20262061,inserted_20260730_block,1,SAFE-ALPHA,0,1,1,16,432.5625
2.75,0,20262061,inserted_20260730_block,1,Matched terminal weighted e-BH,0,1,1,16,1146.5
2.75,0,20262062,inserted_20260730_block,1,SAFE-ALPHA,0,1,1,16,380.375
2.75,0,20262062,inserted_20260730_block,1,Matched terminal weighted e-BH,0,1,1,16,1138.0625
2.75,0,20262063,inserted_20260730_block,1,SAFE-ALPHA,0,1,1,16,305.375
2.75,0,20262063,inserted_20260730_block,1,Matched terminal weighted e-BH,0,1,1,16,1144.625
2.75,0,20262064,inserted_20260730_block,1,SAFE-ALPHA,0,1,1,16,399.75
2.75,0,20262064,inserted_20260730_block,1,Matched terminal weighted e-BH,0,1,1,16,1146.5
2.75,0,20262065,inserted_20260730_block,1,SAFE-ALPHA,0,1,1,16,371.3125
2.75,0,20262065,inserted_20260730_block,1,Matched terminal weighted e-BH,0,1,1,16,1143.6875
2.75,0,20262066,inserted_20260730_block,1,SAFE-ALPHA,0,1,1,16,275.375
2.75,0,20262066,inserted_20260730_block,1,Matched terminal weighted e-BH,0,1,1,16,1145.5625
2.75,0,20262067,inserted_20260730_block,1,SAFE-ALPHA,0,1,1,16,327.875
2.75,0,20262067,inserted_20260730_block,1,Matched terminal weighted e-BH,0,1,1,16,1142.75
2.75,0,20262068,inserted_20260730_block,1,SAFE-ALPHA,0,1,1,16,303.8125
2.75,0,20262068,inserted_20260730_block,1,Matched terminal weighted e-BH,0,1,1,16,1142.75
2.75,0,20262069,inserted_20260730_block,1,SAFE-ALPHA,0,1,1,16,325.6875
2.75,0,20262069,inserted_20260730_block,1,Matched terminal weighted e-BH,0,1,1,16,1140.875
2.75,0,20262070,inserted_20260730_block,1,SAFE-ALPHA,0,1,1,16,338.1875
2.75,0,20262070,inserted_20260730_block,1,Matched terminal weighted e-BH,0,1,1,16,1139
2.75,0,20262071,inserted_20260730_block,1,SAFE-ALPHA,0,1,1,16,354.4375
2.75,0,20262071,inserted_20260730_block,1,Matched terminal weighted e-BH,0,1,1,16,1146.5
2.75,0,20262072,inserted_20260730_block,1,SAFE-ALPHA,0,1,1,16,319.4375
2.75,0,20262072,inserted_20260730_block,1,Matched terminal weighted e-BH,0,1,1,16,1146.5
2.75,0,20262073,inserted_20260730_block,1,SAFE-ALPHA,0,1,1,16,416.9375
2.75,0,20262073,inserted_20260730_block,1,Matched terminal weighted e-BH,0,1,1,16,1146.5
2.75,0,20262074,inserted_20260730_block,1,SAFE-ALPHA,0,1,1,16,363.8125
2.75,0,20262074,inserted_20260730_block,1,Matched terminal weighted e-BH,0,1,1,16,1146.5
2.75,0,20262075,inserted_20260730_block,1,SAFE-ALPHA,0,1,1,16,321.9375
2.75,0,20262075,inserted_20260730_block,1,Matched terminal weighted e-BH,0,1,1,16,1146.5
2.75,0,20262076,inserted_20260730_block,1,SAFE-ALPHA,0,1,1,16,410.6875
2.75,0,20262076,inserted_20260730_block,1,Matched terminal weighted e-BH,0,1,1,16,1142.75
2.75,0,20262077,inserted_20260730_block,1,SAFE-ALPHA,0,1,1,16,308.1875
2.75,0,20262077,inserted_20260730_block,1,Matched terminal weighted e-BH,0,1,1,16,1146.5
2.75,0,20262078,inserted_20260730_block,1,SAFE-ALPHA,0,1,1,16,393.8125
2.75,0,20262078,inserted_20260730_block,1,Matched terminal weighted e-BH,0,1,1,16,1146.5
2.75,0,20262079,inserted_20260730_block,1,SAFE-ALPHA,0,1,1,16,331.9375
2.75,0,20262079,inserted_20260730_block,1,Matched terminal weighted e-BH,0,1,1,16,1144.625
2.75,0,20262080,inserted_20260730_block,1,SAFE-ALPHA,0,1,1,16,258.5
2.75,0,20262080,inserted_20260730_block,1,Matched terminal weighted e-BH,0,1,1,16,1146.5
2.75,0,20262081,inserted_20260730_block,1,SAFE-ALPHA,0,1,1,16,289.4375
2.75,0,20262081,inserted_20260730_block,1,Matched terminal weighted e-BH,0,1,1,16,1144.625
2.75,0,20262082,inserted_20260730_block,1,SAFE-ALPHA,0,1,1,16,311.3125
2.75,0,20262082,inserted_20260730_block,1,Matched terminal weighted e-BH,0,1,1,16,1146.5
2.75,0,20262083,inserted_20260730_block,1,SAFE-ALPHA,0,1,1,16,314.125
2.75,0,20262083,inserted_20260730_block,1,Matched terminal weighted e-BH,0,1,1,16,1139.9375
2.75,0,20262084,inserted_20260730_block,1,SAFE-ALPHA,0,1,1,16,316.625
2.75,0,20262084,inserted_20260730_block,1,Matched terminal weighted e-BH,0,1,1,16,1146.5
2.75,0,20262085,inserted_20260730_block,1,SAFE-ALPHA,0,1,1,16,358.8125
2.75,0,20262085,inserted_20260730_block,1,Matched terminal weighted e-BH,0,1,1,16,1144.625
2.75,0,20262086,inserted_20260730_block,1,SAFE-ALPHA,0,1,1,16,277.875
2.75,0,20262086,inserted_20260730_block,1,Matched terminal weighted e-BH,0,1,1,16,1145.5625
2.75,0,20262087,inserted_20260730_block,1,SAFE-ALPHA,0,1,1,16,308.8125
2.75,0,20262087,inserted_20260730_block,1,Matched terminal weighted e-BH,0,1,1,16,1146.5
2.75,0,20262088,inserted_20260730_block,1,SAFE-ALPHA,0,1,1,16,336.3125
2.75,0,20262088,inserted_20260730_block,1,Matched terminal weighted e-BH,0,1,1,16,1146.5
2.75,0,20262089,inserted_20260730_block,1,SAFE-ALPHA,0,1,1,16,315.375
2.75,0,20262089,inserted_20260730_block,1,Matched terminal weighted e-BH,0,0.9375,0.9375,15,1153
2.75,0,20262090,inserted_20260730_block,1,SAFE-ALPHA,0,1,1,16,319.125
2.75,0,20262090,inserted_20260730_block,1,Matched terminal weighted e-BH,0,1,1,16,1146.5
2.75,0,20262091,inserted_20260730_block,1,SAFE-ALPHA,0,1,1,16,316
2.75,0,20262091,inserted_20260730_block,1,Matched terminal weighted e-BH,0,0.9375,0.9375,15,1144
2.75,0,20262092,inserted_20260730_block,1,SAFE-ALPHA,0,1,1,16,322.25
2.75,0,20262092,inserted_20260730_block,1,Matched terminal weighted e-BH,0,1,1,16,1146.5
2.75,0,20262093,inserted_20260730_block,1,SAFE-ALPHA,0,1,1,16,342.5625
2.75,0,20262093,inserted_20260730_block,1,Matched terminal weighted e-BH,0,1,1,16,1141.8125
2.75,0,20262094,inserted_20260730_block,1,SAFE-ALPHA,0,1,1,16,338.1875
2.75,0,20262094,inserted_20260730_block,1,Matched terminal weighted e-BH,0,1,1,16,1129.625
2.75,0,20262095,inserted_20260730_block,1,SAFE-ALPHA,0,1,1,16,402.875
2.75,0,20262095,inserted_20260730_block,1,Matched terminal weighted e-BH,0,1,1,16,1145.5625
2.75,0,20262096,inserted_20260730_block,1,SAFE-ALPHA,0,1,1,16,335.6875
2.75,0,20262096,inserted_20260730_block,1,Matched terminal weighted e-BH,0,1,1,16,1146.5
2.75,0,20262097,inserted_20260730_block,1,SAFE-ALPHA,0,1,1,16,417.25
2.75,0,20262097,inserted_20260730_block,1,Matched terminal weighted e-BH,0,1,1,16,1146.5
2.75,0,20262098,inserted_20260730_block,1,SAFE-ALPHA,0,1,1,16,307.875
2.75,0,20262098,inserted_20260730_block,1,Matched terminal weighted e-BH,0,1,1,16,1145.5625
2.75,0,20262099,inserted_20260730_block,1,SAFE-ALPHA,0,1,1,16,261.9375
2.75,0,20262099,inserted_20260730_block,1,Matched terminal weighted e-BH,0,1,1,16,1144.625
2.75,0,20262100,inserted_20260730_block,1,SAFE-ALPHA,0,1,1,16,327.5625
2.75,0,20262100,inserted_20260730_block,1,Matched terminal weighted e-BH,0,1,1,16,1144.625
2.75,0,20262101,inserted_20260730_block,1,SAFE-ALPHA,0,1,1,16,346.625
2.75,0,20262101,inserted_20260730_block,1,Matched terminal weighted e-BH,0,1,1,16,1136.1875
2.75,0,20262102,inserted_20260730_block,1,SAFE-ALPHA,0,1,1,16,323.8125
2.75,0,20262102,inserted_20260730_block,1,Matched terminal weighted e-BH,0,1,1,16,1140.875
2.75,0,20262103,inserted_20260730_block,1,SAFE-ALPHA,0,1,1,16,357.5625
2.75,0,20262103,inserted_20260730_block,1,Matched terminal weighted e-BH,0,1,1,16,1145.5625
2.75,0,20262104,inserted_20260730_block,1,SAFE-ALPHA,0,1,1,16,343.5
2.75,0,20262104,inserted_20260730_block,1,Matched terminal weighted e-BH,0,1,1,16,1146.5
2.75,0,20262105,inserted_20260730_block,1,SAFE-ALPHA,0,1,1,16,366.625
2.75,0,20262105,inserted_20260730_block,1,Matched terminal weighted e-BH,0,1,1,16,1146.5
2.75,0,20262106,inserted_20260730_block,1,SAFE-ALPHA,0,1,1,16,354.4375
2.75,0,20262106,inserted_20260730_block,1,Matched terminal weighted e-BH,0,1,1,16,1146.5
2.75,0,20262107,inserted_20260730_block,1,SAFE-ALPHA,0,0.9375,0.9375,15,352.666666667
2.75,0,20262107,inserted_20260730_block,1,Matched terminal weighted e-BH,0,0.9375,0.9375,15,1149
2.75,0,20262108,inserted_20260730_block,1,SAFE-ALPHA,0,1,1,16,342.875
2.75,0,20262108,inserted_20260730_block,1,Matched terminal weighted e-BH,0,1,1,16,1144.625
2.75,0,20262109,inserted_20260730_block,1,SAFE-ALPHA,0,1,1,16,387.25
2.75,0,20262109,inserted_20260730_block,1,Matched terminal weighted e-BH,0,1,1,16,1145.5625
2.75,0,20262110,inserted_20260730_block,1,SAFE-ALPHA,0,1,1,16,316.3125
2.75,0,20262110,inserted_20260730_block,1,Matched terminal weighted e-BH,0,1,1,16,1146.5
2.75,0,20262111,inserted_20260730_block,1,SAFE-ALPHA,0,1,1,16,320.375
2.75,0,20262111,inserted_20260730_block,1,Matched terminal weighted e-BH,0,1,1,16,1146.5
2.75,0,20262112,inserted_20260730_block,1,SAFE-ALPHA,0,1,1,16,274.75
2.75,0,20262112,inserted_20260730_block,1,Matched terminal weighted e-BH,0,1,1,16,1144.625
2.75,0,20262113,inserted_20260730_block,1,SAFE-ALPHA,0,1,1,16,366.9375
2.75,0,20262113,inserted_20260730_block,1,Matched terminal weighted e-BH,0,1,1,16,1146.5
2.75,0,20262114,inserted_20260730_block,1,SAFE-ALPHA,0,1,1,16,326.9375
2.75,0,20262114,inserted_20260730_block,1,Matched terminal weighted e-BH,0,1,1,16,1145.5625
2.75,0,20262115,inserted_20260730_block,1,SAFE-ALPHA,0,1,1,16,308.5
2.75,0,20262115,inserted_20260730_block,1,Matched terminal weighted e-BH,0,1,1,16,1142.75
2.75,0,20262116,inserted_20260730_block,1,SAFE-ALPHA,0,0.9375,0.9375,15,329.666666667
2.75,0,20262116,inserted_20260730_block,1,Matched terminal weighted e-BH,0,0.9375,0.9375,15,1146
2.75,0,20262117,inserted_20260730_block,1,SAFE-ALPHA,0,0.9375,0.9375,15,324
2.75,0,20262117,inserted_20260730_block,1,Matched terminal weighted e-BH,0,0.9375,0.9375,15,1153
2.75,0,20262118,inserted_20260730_block,1,SAFE-ALPHA,0,1,1,16,336
2.75,0,20262118,inserted_20260730_block,1,Matched terminal weighted e-BH,0,1,1,16,1131.5
2.75,0,20262119,inserted_20260730_block,1,SAFE-ALPHA,0,1,1,16,374.125
2.75,0,20262119,inserted_20260730_block,1,Matched terminal weighted e-BH,0,1,1,16,1146.5
2.75,0,20262120,inserted_20260730_block,1,SAFE-ALPHA,0,1,1,16,342.25
2.75,0,20262120,inserted_20260730_block,1,Matched terminal weighted e-BH,0,1,1,16,1144.625
2.75,0,20262121,inserted_20260730_block,1,SAFE-ALPHA,0,1,1,16,373.1875
2.75,0,20262121,inserted_20260730_block,1,Matched terminal weighted e-BH,0,1,1,16,1146.5
2.75,0,20262122,inserted_20260730_block,1,SAFE-ALPHA,0,1,1,16,323.1875
2.75,0,20262122,inserted_20260730_block,1,Matched terminal weighted e-BH,0,1,1,16,1144.625
2.75,0,20262123,inserted_20260730_block,1,SAFE-ALPHA,0,1,1,16,383.8125
2.75,0,20262123,inserted_20260730_block,1,Matched terminal weighted e-BH,0,1,1,16,1146.5
2.75,0,20262124,inserted_20260730_block,1,SAFE-ALPHA,0,1,1,16,257.875
2.75,0,20262124,inserted_20260730_block,1,Matched terminal weighted e-BH,0,1,1,16,1144.625
2.75,0,20262125,inserted_20260730_block,1,SAFE-ALPHA,0,1,1,16,276.625
2.75,0,20262125,inserted_20260730_block,1,Matched terminal weighted e-BH,0,1,1,16,1144.625
2.75,0,20262126,inserted_20260730_block,1,SAFE-ALPHA,0,1,1,16,349.4375
2.75,0,20262126,inserted_20260730_block,1,Matched terminal weighted e-BH,0,1,1,16,1146.5
2.75,0,20262127,inserted_20260730_block,1,SAFE-ALPHA,0,1,1,16,375.375
2.75,0,20262127,inserted_20260730_block,1,Matched terminal weighted e-BH,0,1,1,16,1143.6875
2.75,0,20262128,inserted_20260730_block,1,SAFE-ALPHA,0,1,1,16,350.375
2.75,0,20262128,inserted_20260730_block,1,Matched terminal weighted e-BH,0,1,1,16,1139
2.75,0,20262129,inserted_20260730_block,1,SAFE-ALPHA,0,1,1,16,320.6875
2.75,0,20262129,inserted_20260730_block,1,Matched terminal weighted e-BH,0,1,1,16,1140.875
2.75,0,20262130,inserted_20260730_block,1,SAFE-ALPHA,0,1,1,16,464.75
2.75,0,20262130,inserted_20260730_block,1,Matched terminal weighted e-BH,0,1,1,16,1144.625
2.75,0,20262131,inserted_20260730_block,1,SAFE-ALPHA,0,1,1,16,313.1875
2.75,0,20262131,inserted_20260730_block,1,Matched terminal weighted e-BH,0,1,1,16,1141.8125
2.75,0,20262132,inserted_20260730_block,1,SAFE-ALPHA,0,1,1,16,316
2.75,0,20262132,inserted_20260730_block,1,Matched terminal weighted e-BH,0,1,1,16,1146.5
2.75,0,20262133,inserted_20260730_block,1,SAFE-ALPHA,0,1,1,16,347.875
2.75,0,20262133,inserted_20260730_block,1,Matched terminal weighted e-BH,0,1,1,16,1146.5
2.75,0,20262134,inserted_20260730_block,1,SAFE-ALPHA,0,1,1,16,371
2.75,0,20262134,inserted_20260730_block,1,Matched terminal weighted e-BH,0,1,1,16,1131.5
2.75,0,20262135,inserted_20260730_block,1,SAFE-ALPHA,0,1,1,16,313.1875
2.75,0,20262135,inserted_20260730_block,1,Matched terminal weighted e-BH,0,1,1,16,1145.5625
2.75,0,20262136,inserted_20260730_block,1,SAFE-ALPHA,0,1,1,16,371.625
2.75,0,20262136,inserted_20260730_block,1,Matched terminal weighted e-BH,0,1,1,16,1146.5
2.75,0,20262137,inserted_20260730_block,1,SAFE-ALPHA,0,1,1,16,311.625
2.75,0,20262137,inserted_20260730_block,1,Matched terminal weighted e-BH,0,1,1,16,1146.5
2.75,0,20262138,inserted_20260730_block,1,SAFE-ALPHA,0,1,1,16,324.125
2.75,0,20262138,inserted_20260730_block,1,Matched terminal weighted e-BH,0,1,1,16,1138.0625
2.75,0,20262139,inserted_20260730_block,1,SAFE-ALPHA,0,1,1,16,431.9375
2.75,0,20262139,inserted_20260730_block,1,Matched terminal weighted e-BH,0,1,1,16,1140.875
2.75,0,20262140,inserted_20260730_block,1,SAFE-ALPHA,0,1,1,16,330.6875
2.75,0,20262140,inserted_20260730_block,1,Matched terminal weighted e-BH,0,1,1,16,1146.5
2.75,0,20262141,inserted_20260730_block,1,SAFE-ALPHA,0,1,1,16,336.3125
2.75,0,20262141,inserted_20260730_block,1,Matched terminal weighted e-BH,0,1,1,16,1146.5
2.75,0,20262142,inserted_20260730_block,1,SAFE-ALPHA,0,0.9375,0.9375,15,380.333333333
2.75,0,20262142,inserted_20260730_block,1,Matched terminal weighted e-BH,0,0.9375,0.9375,15,1149
2.75,0,20262143,inserted_20260730_block,1,SAFE-ALPHA,0,1,1,16,333.5
2.75,0,20262143,inserted_20260730_block,1,Matched terminal weighted e-BH,0,1,1,16,1146.5
2.75,0,20262144,inserted_20260730_block,1,SAFE-ALPHA,0,1,1,16,367.875
2.75,0,20262144,inserted_20260730_block,1,Matched terminal weighted e-BH,0,1,1,16,1145.5625
2.75,0,20262145,inserted_20260730_block,1,SAFE-ALPHA,0,1,1,16,374.4375
2.75,0,20262145,inserted_20260730_block,1,Matched terminal weighted e-BH,0,1,1,16,1142.75
2.75,0,20262146,inserted_20260730_block,1,SAFE-ALPHA,0,1,1,16,442.25
2.75,0,20262146,inserted_20260730_block,1,Matched terminal weighted e-BH,0,1,1,16,1144.625
2.75,0,20262147,inserted_20260730_block,1,SAFE-ALPHA,0,1,1,16,455.375
2.75,0,20262147,inserted_20260730_block,1,Matched terminal weighted e-BH,0,1,1,16,1146.5
2.75,0,20262148,inserted_20260730_block,1,SAFE-ALPHA,0,1,1,16,386.625
2.75,0,20262148,inserted_20260730_block,1,Matched terminal weighted e-BH,0,1,1,16,1140.875
2.75,0,20262149,inserted_20260730_block,1,SAFE-ALPHA,0,1,1,16,408.1875
2.75,0,20262149,inserted_20260730_block,1,Matched terminal weighted e-BH,0,1,1,16,1146.5
2.75,0,20262150,inserted_20260730_block,1,SAFE-ALPHA,0,1,1,16,332.875
2.75,0,20262150,inserted_20260730_block,1,Matched terminal weighted e-BH,0,1,1,16,1141.8125
2.75,0,20262151,inserted_20260730_block,1,SAFE-ALPHA,0,1,1,16,380.375
2.75,0,20262151,inserted_20260730_block,1,Matched terminal weighted e-BH,0,1,1,16,1139
2.75,0,20262152,inserted_20260730_block,1,SAFE-ALPHA,0,1,1,16,344.125
2.75,0,20262152,inserted_20260730_block,1,Matched terminal weighted e-BH,0,1,1,16,1146.5
2.75,0,20262153,inserted_20260730_block,1,SAFE-ALPHA,0,1,1,16,410.375
2.75,0,20262153,inserted_20260730_block,1,Matched terminal weighted e-BH,0,1,1,16,1146.5
2.75,0,20262154,inserted_20260730_block,1,SAFE-ALPHA,0,1,1,16,346
2.75,0,20262154,inserted_20260730_block,1,Matched terminal weighted e-BH,0,1,1,16,1146.5
2.75,0,20262155,inserted_20260730_block,1,SAFE-ALPHA,0.0588235294118,1,1,17,400.0625
2.75,0,20262155,inserted_20260730_block,1,Matched terminal weighted e-BH,0,1,1,16,1137.125
2.75,0,20262156,inserted_20260730_block,1,SAFE-ALPHA,0,1,1,16,275.6875
2.75,0,20262156,inserted_20260730_block,1,Matched terminal weighted e-BH,0,1,1,16,1142.75
2.75,0,20262157,inserted_20260730_block,1,SAFE-ALPHA,0,1,1,16,299.4375
2.75,0,20262157,inserted_20260730_block,1,Matched terminal weighted e-BH,0,1,1,16,1146.5
2.75,0,20262158,inserted_20260730_block,1,SAFE-ALPHA,0,1,1,16,322.875
2.75,0,20262158,inserted_20260730_block,1,Matched terminal weighted e-BH,0,1,1,16,1146.5
2.75,0,20262159,inserted_20260730_block,1,SAFE-ALPHA,0,1,1,16,286.625
2.75,0,20262159,inserted_20260730_block,1,Matched terminal weighted e-BH,0,1,1,16,1144.625
2.75,0,20262160,inserted_20260730_block,1,SAFE-ALPHA,0,1,1,16,354.125
2.75,0,20262160,inserted_20260730_block,1,Matched terminal weighted e-BH,0,1,1,16,1140.875
2.75,0,20262161,inserted_20260730_block,1,SAFE-ALPHA,0,1,1,16,364.75
2.75,0,20262161,inserted_20260730_block,1,Matched terminal weighted e-BH,0,1,1,16,1144.625
2.75,0,20262162,inserted_20260730_block,1,SAFE-ALPHA,0,1,1,16,350.0625
2.75,0,20262162,inserted_20260730_block,1,Matched terminal weighted e-BH,0,1,1,16,1144.625
2.75,0,20262163,inserted_20260730_block,1,SAFE-ALPHA,0,1,1,16,355.0625
2.75,0,20262163,inserted_20260730_block,1,Matched terminal weighted e-BH,0,1,1,16,1140.875
2.75,0,20262164,inserted_20260730_block,1,SAFE-ALPHA,0.0588235294118,1,1,17,296
2.75,0,20262164,inserted_20260730_block,1,Matched terminal weighted e-BH,0,1,1,16,1142.75
2.75,0,20262165,inserted_20260730_block,1,SAFE-ALPHA,0,1,1,16,353.5
2.75,0,20262165,inserted_20260730_block,1,Matched terminal weighted e-BH,0,1,1,16,1146.5
2.75,0,20262166,inserted_20260730_block,1,SAFE-ALPHA,0,1,1,16,303.8125
2.75,0,20262166,inserted_20260730_block,1,Matched terminal weighted e-BH,0,1,1,16,1146.5
2.75,0,20262167,inserted_20260730_block,1,SAFE-ALPHA,0,1,1,16,376
2.75,0,20262167,inserted_20260730_block,1,Matched terminal weighted e-BH,0,1,1,16,1145.5625
2.75,0,20262168,inserted_20260730_block,1,SAFE-ALPHA,0,1,1,16,306.9375
2.75,0,20262168,inserted_20260730_block,1,Matched terminal weighted e-BH,0,1,1,16,1146.5
2.75,0,20262169,inserted_20260730_block,1,SAFE-ALPHA,0,1,1,16,294.75
2.75,0,20262169,inserted_20260730_block,1,Matched terminal weighted e-BH,0,1,1,16,1134.3125
2.75,0,20262170,inserted_20260730_block,1,SAFE-ALPHA,0,1,1,16,326
2.75,0,20262170,inserted_20260730_block,1,Matched terminal weighted e-BH,0,1,1,16,1146.5
2.75,0,20262171,inserted_20260730_block,1,SAFE-ALPHA,0,1,1,16,334.4375
2.75,0,20262171,inserted_20260730_block,1,Matched terminal weighted e-BH,0,1,1,16,1141.8125
2.75,0,20262172,inserted_20260730_block,1,SAFE-ALPHA,0,1,1,16,323.1875
2.75,0,20262172,inserted_20260730_block,1,Matched terminal weighted e-BH,0,1,1,16,1146.5
2.75,0,20262173,inserted_20260730_block,1,SAFE-ALPHA,0,1,1,16,409.125
2.75,0,20262173,inserted_20260730_block,1,Matched terminal weighted e-BH,0,1,1,16,1143.6875
2.75,0,20262174,inserted_20260730_block,1,SAFE-ALPHA,0,1,1,16,302.25
2.75,0,20262174,inserted_20260730_block,1,Matched terminal weighted e-BH,0,1,1,16,1146.5
2.75,0,20262175,inserted_20260730_block,1,SAFE-ALPHA,0,1,1,16,344.4375
2.75,0,20262175,inserted_20260730_block,1,Matched terminal weighted e-BH,0,1,1,16,1141.8125
2.75,0,20262176,inserted_20260730_block,1,SAFE-ALPHA,0,1,1,16,325.6875
2.75,0,20262176,inserted_20260730_block,1,Matched terminal weighted e-BH,0,1,1,16,1146.5
2.75,0,20262177,inserted_20260730_block,1,SAFE-ALPHA,0,1,1,16,372.25
2.75,0,20262177,inserted_20260730_block,1,Matched terminal weighted e-BH,0,1,1,16,1146.5
2.75,0,20262178,inserted_20260730_block,1,SAFE-ALPHA,0,1,1,16,299.75
2.75,0,20262178,inserted_20260730_block,1,Matched terminal weighted e-BH,0,1,1,16,1146.5
2.75,0,20262179,inserted_20260730_block,1,SAFE-ALPHA,0,1,1,16,293.5
2.75,0,20262179,inserted_20260730_block,1,Matched terminal weighted e-BH,0,1,1,16,1145.5625
2.75,0,20262180,inserted_20260730_block,1,SAFE-ALPHA,0,1,1,16,377.25
2.75,0,20262180,inserted_20260730_block,1,Matched terminal weighted e-BH,0,1,1,16,1145.5625
2.75,0,20262181,inserted_20260730_block,1,SAFE-ALPHA,0,1,1,16,279.125
2.75,0,20262181,inserted_20260730_block,1,Matched terminal weighted e-BH,0,1,1,16,1146.5
2.75,0,20262182,inserted_20260730_block,1,SAFE-ALPHA,0,1,1,16,449.75
2.75,0,20262182,inserted_20260730_block,1,Matched terminal weighted e-BH,0,0.9375,0.9375,15,1152
2.75,0,20262183,inserted_20260730_block,1,SAFE-ALPHA,0,1,1,16,401
2.75,0,20262183,inserted_20260730_block,1,Matched terminal weighted e-BH,0,1,1,16,1145.5625
2.75,0,20262184,inserted_20260730_block,1,SAFE-ALPHA,0,1,1,16,345.6875
2.75,0,20262184,inserted_20260730_block,1,Matched terminal weighted e-BH,0,1,1,16,1142.75
2.75,0,20262185,inserted_20260730_block,1,SAFE-ALPHA,0,0.9375,0.9375,15,297.333333333
2.75,0,20262185,inserted_20260730_block,1,Matched terminal weighted e-BH,0,0.9375,0.9375,15,1154
2.75,0,20262186,inserted_20260730_block,1,SAFE-ALPHA,0,1,1,16,282.5625
2.75,0,20262186,inserted_20260730_block,1,Matched terminal weighted e-BH,0,1,1,16,1146.5
2.75,0,20262187,inserted_20260730_block,1,SAFE-ALPHA,0,1,1,16,338.5
2.75,0,20262187,inserted_20260730_block,1,Matched terminal weighted e-BH,0,1,1,16,1146.5
2.75,0,20262188,inserted_20260730_block,1,SAFE-ALPHA,0,1,1,16,271
2.75,0,20262188,inserted_20260730_block,1,Matched terminal weighted e-BH,0,1,1,16,1145.5625
2.75,0,20262189,inserted_20260730_block,1,SAFE-ALPHA,0,1,1,16,316
2.75,0,20262189,inserted_20260730_block,1,Matched terminal weighted e-BH,0,1,1,16,1146.5
2.75,0,20262190,inserted_20260730_block,1,SAFE-ALPHA,0,1,1,16,391.9375
2.75,0,20262190,inserted_20260730_block,1,Matched terminal weighted e-BH,0,1,1,16,1146.5
2.75,0,20262191,inserted_20260730_block,1,SAFE-ALPHA,0,1,1,16,345.375
2.75,0,20262191,inserted_20260730_block,1,Matched terminal weighted e-BH,0,1,1,16,1146.5
2.75,0,20262192,inserted_20260730_block,1,SAFE-ALPHA,0,1,1,16,406.625
2.75,0,20262192,inserted_20260730_block,1,Matched terminal weighted e-BH,0,1,1,16,1140.875
2.75,0,20262193,inserted_20260730_block,1,SAFE-ALPHA,0,1,1,16,295.6875
2.75,0,20262193,inserted_20260730_block,1,Matched terminal weighted e-BH,0,1,1,16,1146.5
2.75,0,20262194,inserted_20260730_block,1,SAFE-ALPHA,0,1,1,16,327.25
2.75,0,20262194,inserted_20260730_block,1,Matched terminal weighted e-BH,0,1,1,16,1142.75
2.75,0,20262195,inserted_20260730_block,1,SAFE-ALPHA,0,1,1,16,318.1875
2.75,0,20262195,inserted_20260730_block,1,Matched terminal weighted e-BH,0,1,1,16,1145.5625
2.75,0,20262196,inserted_20260730_block,1,SAFE-ALPHA,0,1,1,16,336.625
2.75,0,20262196,inserted_20260730_block,1,Matched terminal weighted e-BH,0,1,1,16,1146.5
2.75,0,20262197,inserted_20260730_block,1,SAFE-ALPHA,0,1,1,16,260.0625
2.75,0,20262197,inserted_20260730_block,1,Matched terminal weighted e-BH,0,1,1,16,1146.5
2.75,0,20262198,inserted_20260730_block,1,SAFE-ALPHA,0,1,1,16,439.125
2.75,0,20262198,inserted_20260730_block,1,Matched terminal weighted e-BH,0,1,1,16,1135.25
2.75,0,20262199,inserted_20260730_block,1,SAFE-ALPHA,0,1,1,16,308.8125
2.75,0,20262199,inserted_20260730_block,1,Matched terminal weighted e-BH,0,1,1,16,1146.5
2.75,0,20262200,inserted_20260730_block,1,SAFE-ALPHA,0,0.9375,0.9375,15,307.666666667
2.75,0,20262200,inserted_20260730_block,1,Matched terminal weighted e-BH,0,0.9375,0.9375,15,1152
2.75,0,20262201,inserted_20260730_block,1,SAFE-ALPHA,0,1,1,16,390.0625
2.75,0,20262201,inserted_20260730_block,1,Matched terminal weighted e-BH,0,1,1,16,1146.5
2.75,0,20262202,inserted_20260730_block,1,SAFE-ALPHA,0,1,1,16,341.3125
2.75,0,20262202,inserted_20260730_block,1,Matched terminal weighted e-BH,0,1,1,16,1146.5
2.75,0,20262203,inserted_20260730_block,1,SAFE-ALPHA,0,1,1,16,339.125
2.75,0,20262203,inserted_20260730_block,1,Matched terminal weighted e-BH,0,1,1,16,1144.625
2.75,0,20262204,inserted_20260730_block,1,SAFE-ALPHA,0,1,1,16,350.375
2.75,0,20262204,inserted_20260730_block,1,Matched terminal weighted e-BH,0,1,1,16,1145.5625
2.75,0,20262205,inserted_20260730_block,1,SAFE-ALPHA,0,1,1,16,419.125
2.75,0,20262205,inserted_20260730_block,1,Matched terminal weighted e-BH,0,1,1,16,1145.5625
2.75,0,20262206,inserted_20260730_block,1,SAFE-ALPHA,0,1,1,16,295.0625
2.75,0,20262206,inserted_20260730_block,1,Matched terminal weighted e-BH,0,1,1,16,1141.8125
2.75,0,20262207,inserted_20260730_block,1,SAFE-ALPHA,0,1,1,16,303.5
2.75,0,20262207,inserted_20260730_block,1,Matched terminal weighted e-BH,0,1,1,16,1146.5
2.75,0,20262208,inserted_20260730_block,1,SAFE-ALPHA,0,1,1,16,384.125
2.75,0,20262208,inserted_20260730_block,1,Matched terminal weighted e-BH,0,1,1,16,1145.5625
2.75,0,20262209,inserted_20260730_block,1,SAFE-ALPHA,0,1,1,16,391.9375
2.75,0,20262209,inserted_20260730_block,1,Matched terminal weighted e-BH,0,1,1,16,1140.875
2.75,0,20262210,inserted_20260730_block,1,SAFE-ALPHA,0,1,1,16,262.875
2.75,0,20262210,inserted_20260730_block,1,Matched terminal weighted e-BH,0,1,1,16,1146.5
2.75,0,20262211,inserted_20260730_block,1,SAFE-ALPHA,0,1,1,16,283.8125
2.75,0,20262211,inserted_20260730_block,1,Matched terminal weighted e-BH,0,0.9375,0.9375,15,1143
2.75,0,20262212,inserted_20260730_block,1,SAFE-ALPHA,0,1,1,16,281
2.75,0,20262212,inserted_20260730_block,1,Matched terminal weighted e-BH,0,1,1,16,1145.5625
2.75,0,20262213,inserted_20260730_block,1,SAFE-ALPHA,0,1,1,16,408.8125
2.75,0,20262213,inserted_20260730_block,1,Matched terminal weighted e-BH,0,1,1,16,1136.1875
2.75,0,20262214,inserted_20260730_block,1,SAFE-ALPHA,0,1,1,16,328.5
2.75,0,20262214,inserted_20260730_block,1,Matched terminal weighted e-BH,0,1,1,16,1146.5
2.75,0,20262215,inserted_20260730_block,1,SAFE-ALPHA,0,1,1,16,354.75
2.75,0,20262215,inserted_20260730_block,1,Matched terminal weighted e-BH,0,1,1,16,1146.5
2.75,0,20262216,inserted_20260730_block,1,SAFE-ALPHA,0,1,1,16,365.375
2.75,0,20262216,inserted_20260730_block,1,Matched terminal weighted e-BH,0,1,1,16,1143.6875
2.75,0,20262217,inserted_20260730_block,1,SAFE-ALPHA,0,1,1,16,333.8125
2.75,0,20262217,inserted_20260730_block,1,Matched terminal weighted e-BH,0,1,1,16,1144.625
2.75,0,20262218,inserted_20260730_block,1,SAFE-ALPHA,0,1,1,16,325.375
2.75,0,20262218,inserted_20260730_block,1,Matched terminal weighted e-BH,0,1,1,16,1146.5
2.75,0,20262219,inserted_20260730_block,1,SAFE-ALPHA,0,1,1,16,351.3125
2.75,0,20262219,inserted_20260730_block,1,Matched terminal weighted e-BH,0,1,1,16,1146.5
2.75,0,20262220,inserted_20260730_block,1,SAFE-ALPHA,0,1,1,16,294.4375
2.75,0,20262220,inserted_20260730_block,1,Matched terminal weighted e-BH,0,1,1,16,1144.625
2.75,0,20262221,inserted_20260730_block,1,SAFE-ALPHA,0,1,1,16,362.25
2.75,0,20262221,inserted_20260730_block,1,Matched terminal weighted e-BH,0,1,1,16,1146.5
2.75,0,20262222,inserted_20260730_block,1,SAFE-ALPHA,0,1,1,16,406.3125
2.75,0,20262222,inserted_20260730_block,1,Matched terminal weighted e-BH,0,1,1,16,1146.5
2.75,0,20262223,inserted_20260730_block,1,SAFE-ALPHA,0,1,1,16,328.8125
2.75,0,20262223,inserted_20260730_block,1,Matched terminal weighted e-BH,0,1,1,16,1144.625
2.75,0,20262224,inserted_20260730_block,1,SAFE-ALPHA,0,1,1,16,355.6875
2.75,0,20262224,inserted_20260730_block,1,Matched terminal weighted e-BH,0,1,1,16,1146.5
2.75,0,20262225,inserted_20260730_block,1,SAFE-ALPHA,0,1,1,16,306.9375
2.75,0,20262225,inserted_20260730_block,1,Matched terminal weighted e-BH,0,1,1,16,1146.5
2.75,0,20262226,inserted_20260730_block,1,SAFE-ALPHA,0,1,1,16,297.875
2.75,0,20262226,inserted_20260730_block,1,Matched terminal weighted e-BH,0,1,1,16,1146.5
2.75,0,20262227,inserted_20260730_block,1,SAFE-ALPHA,0,1,1,16,334.4375
2.75,0,20262227,inserted_20260730_block,1,Matched terminal weighted e-BH,0,1,1,16,1143.6875
2.75,0,20262228,inserted_20260730_block,1,SAFE-ALPHA,0,1,1,16,314.4375
2.75,0,20262228,inserted_20260730_block,1,Matched terminal weighted e-BH,0,1,1,16,1142.75
2.75,0,20262229,inserted_20260730_block,1,SAFE-ALPHA,0,1,1,16,283.8125
2.75,0,20262229,inserted_20260730_block,1,Matched terminal weighted e-BH,0,1,1,16,1146.5
3,0,315159,archived_314159_anchor,1,SAFE-ALPHA,0,1,1,16,324.75
3,0,315159,archived_314159_anchor,1,Matched terminal weighted e-BH,0,1,1,16,1142.75
3,0,315160,archived_314159_anchor,1,SAFE-ALPHA,0,1,1,16,276
3,0,315160,archived_314159_anchor,1,Matched terminal weighted e-BH,0,1,1,16,1145.5625
3,0,315161,archived_314159_anchor,1,SAFE-ALPHA,0,1,1,16,362.25
3,0,315161,archived_314159_anchor,1,Matched terminal weighted e-BH,0,1,1,16,1146.5
3,0,315162,archived_314159_anchor,1,SAFE-ALPHA,0,1,1,16,275.6875
3,0,315162,archived_314159_anchor,1,Matched terminal weighted e-BH,0,1,1,16,1141.8125
3,0,315163,archived_314159_anchor,1,SAFE-ALPHA,0,1,1,16,281.9375
3,0,315163,archived_314159_anchor,1,Matched terminal weighted e-BH,0,1,1,16,1146.5
3,0,315164,archived_314159_anchor,1,SAFE-ALPHA,0,1,1,16,295.375
3,0,315164,archived_314159_anchor,1,Matched terminal weighted e-BH,0,1,1,16,1135.25
3,0,315165,archived_314159_anchor,1,SAFE-ALPHA,0,1,1,16,322.25
3,0,315165,archived_314159_anchor,1,Matched terminal weighted e-BH,0,1,1,16,1146.5
3,0,315166,archived_314159_anchor,1,SAFE-ALPHA,0,1,1,16,276
3,0,315166,archived_314159_anchor,1,Matched terminal weighted e-BH,0,1,1,16,1139.9375
3,0,315167,archived_314159_anchor,1,SAFE-ALPHA,0,1,1,16,305.0625
3,0,315167,archived_314159_anchor,1,Matched terminal weighted e-BH,0,1,1,16,1146.5
3,0,315168,archived_314159_anchor,1,SAFE-ALPHA,0,1,1,16,271.9375
3,0,315168,archived_314159_anchor,1,Matched terminal weighted e-BH,0,1,1,16,1146.5
3,0,315169,archived_314159_anchor,1,SAFE-ALPHA,0,1,1,16,307.5625
3,0,315169,archived_314159_anchor,1,Matched terminal weighted e-BH,0,1,1,16,1146.5
3,0,315170,archived_314159_anchor,1,SAFE-ALPHA,0,1,1,16,301.625
3,0,315170,archived_314159_anchor,1,Matched terminal weighted e-BH,0,1,1,16,1146.5
3,0,315171,archived_314159_anchor,1,SAFE-ALPHA,0,1,1,16,281.9375
3,0,315171,archived_314159_anchor,1,Matched terminal weighted e-BH,0,1,1,16,1141.8125
3,0,315172,archived_314159_anchor,1,SAFE-ALPHA,0,1,1,16,323.8125
3,0,315172,archived_314159_anchor,1,Matched terminal weighted e-BH,0,1,1,16,1145.5625
3,0,315173,archived_314159_anchor,1,SAFE-ALPHA,0,1,1,16,264.125
3,0,315173,archived_314159_anchor,1,Matched terminal weighted e-BH,0,1,1,16,1146.5
3,0,315174,archived_314159_anchor,1,SAFE-ALPHA,0,1,1,16,265.375
3,0,315174,archived_314159_anchor,1,Matched terminal weighted e-BH,0,1,1,16,1146.5
3,0,315175,archived_314159_anchor,1,SAFE-ALPHA,0,1,1,16,324.4375
3,0,315175,archived_314159_anchor,1,Matched terminal weighted e-BH,0,1,1,16,1146.5
3,0,315176,archived_314159_anchor,1,SAFE-ALPHA,0,1,1,16,281
3,0,315176,archived_314159_anchor,1,Matched terminal weighted e-BH,0,1,1,16,1146.5
3,0,315177,archived_314159_anchor,1,SAFE-ALPHA,0,1,1,16,273.1875
3,0,315177,archived_314159_anchor,1,Matched terminal weighted e-BH,0,1,1,16,1146.5
3,0,315178,archived_314159_anchor,1,SAFE-ALPHA,0,1,1,16,325.6875
3,0,315178,archived_314159_anchor,1,Matched terminal weighted e-BH,0,1,1,16,1144.625
3,0,315179,archived_314159_anchor,1,SAFE-ALPHA,0,1,1,16,292.875
3,0,315179,archived_314159_anchor,1,Matched terminal weighted e-BH,0,1,1,16,1146.5
3,0,315180,archived_314159_anchor,1,SAFE-ALPHA,0,1,1,16,299.4375
3,0,315180,archived_314159_anchor,1,Matched terminal weighted e-BH,0,1,1,16,1146.5
3,0,315181,archived_314159_anchor,1,SAFE-ALPHA,0,1,1,16,367.5625
3,0,315181,archived_314159_anchor,1,Matched terminal weighted e-BH,0,1,1,16,1146.5
3,0,315182,archived_314159_anchor,1,SAFE-ALPHA,0,1,1,16,260.375
3,0,315182,archived_314159_anchor,1,Matched terminal weighted e-BH,0,1,1,16,1146.5
3,0,315183,archived_314159_anchor,1,SAFE-ALPHA,0,1,1,16,285.375
3,0,315183,archived_314159_anchor,1,Matched terminal weighted e-BH,0,1,1,16,1146.5
3,0,315184,archived_314159_anchor,1,SAFE-ALPHA,0,1,1,16,272.5625
3,0,315184,archived_314159_anchor,1,Matched terminal weighted e-BH,0,1,1,16,1143.6875
3,0,315185,archived_314159_anchor,1,SAFE-ALPHA,0,1,1,16,354.4375
3,0,315185,archived_314159_anchor,1,Matched terminal weighted e-BH,0,1,1,16,1143.6875
3,0,315186,archived_314159_anchor,1,SAFE-ALPHA,0,1,1,16,289.4375
3,0,315186,archived_314159_anchor,1,Matched terminal weighted e-BH,0,1,1,16,1146.5
3,0,315187,archived_314159_anchor,1,SAFE-ALPHA,0,1,1,16,253.8125
3,0,315187,archived_314159_anchor,1,Matched terminal weighted e-BH,0,1,1,16,1146.5
3,0,315188,archived_314159_anchor,1,SAFE-ALPHA,0,1,1,16,375.6875
3,0,315188,archived_314159_anchor,1,Matched terminal weighted e-BH,0,1,1,16,1146.5
3,0,315189,archived_314159_anchor,1,SAFE-ALPHA,0,1,1,16,233.5
3,0,315189,archived_314159_anchor,1,Matched terminal weighted e-BH,0,1,1,16,1146.5
3,0,315190,archived_314159_anchor,1,SAFE-ALPHA,0,1,1,16,297.25
3,0,315190,archived_314159_anchor,1,Matched terminal weighted e-BH,0,1,1,16,1142.75
3,0,315191,archived_314159_anchor,1,SAFE-ALPHA,0,1,1,16,322.25
3,0,315191,archived_314159_anchor,1,Matched terminal weighted e-BH,0,1,1,16,1146.5
3,0,315192,archived_314159_anchor,1,SAFE-ALPHA,0,1,1,16,325.0625
3,0,315192,archived_314159_anchor,1,Matched terminal weighted e-BH,0,1,1,16,1146.5
3,0,315193,archived_314159_anchor,1,SAFE-ALPHA,0,1,1,16,321.3125
3,0,315193,archived_314159_anchor,1,Matched terminal weighted e-BH,0,1,1,16,1143.6875
3,0,315194,archived_314159_anchor,1,SAFE-ALPHA,0,1,1,16,307.25
3,0,315194,archived_314159_anchor,1,Matched terminal weighted e-BH,0,1,1,16,1146.5
3,0,315195,archived_314159_anchor,1,SAFE-ALPHA,0,1,1,16,313.8125
3,0,315195,archived_314159_anchor,1,Matched terminal weighted e-BH,0,1,1,16,1145.5625
3,0,315196,archived_314159_anchor,1,SAFE-ALPHA,0,1,1,16,283.5
3,0,315196,archived_314159_anchor,1,Matched terminal weighted e-BH,0,1,1,16,1146.5
3,0,315197,archived_314159_anchor,1,SAFE-ALPHA,0,1,1,16,329.4375
3,0,315197,archived_314159_anchor,1,Matched terminal weighted e-BH,0,1,1,16,1142.75
3,0,315198,archived_314159_anchor,1,SAFE-ALPHA,0,1,1,16,242.25
3,0,315198,archived_314159_anchor,1,Matched terminal weighted e-BH,0,1,1,16,1144.625
3,0,315199,archived_314159_anchor,1,SAFE-ALPHA,0,1,1,16,286.625
3,0,315199,archived_314159_anchor,1,Matched terminal weighted e-BH,0,1,1,16,1146.5
3,0,315200,archived_314159_anchor,1,SAFE-ALPHA,0,1,1,16,209.4375
3,0,315200,archived_314159_anchor,1,Matched terminal weighted e-BH,0,1,1,16,1146.5
3,0,315201,archived_314159_anchor,1,SAFE-ALPHA,0,1,1,16,353.5
3,0,315201,archived_314159_anchor,1,Matched terminal weighted e-BH,0,1,1,16,1146.5
3,0,315202,archived_314159_anchor,1,SAFE-ALPHA,0,1,1,16,308.8125
3,0,315202,archived_314159_anchor,1,Matched terminal weighted e-BH,0,1,1,16,1145.5625
3,0,315203,archived_314159_anchor,1,SAFE-ALPHA,0,1,1,16,323.8125
3,0,315203,archived_314159_anchor,1,Matched terminal weighted e-BH,0,1,1,16,1146.5
3,0,315204,archived_314159_anchor,1,SAFE-ALPHA,0,1,1,16,301.9375
3,0,315204,archived_314159_anchor,1,Matched terminal weighted e-BH,0,1,1,16,1137.125
3,0,315205,archived_314159_anchor,1,SAFE-ALPHA,0,1,1,16,305.0625
3,0,315205,archived_314159_anchor,1,Matched terminal weighted e-BH,0,1,1,16,1146.5
3,0,315206,archived_314159_anchor,1,SAFE-ALPHA,0,1,1,16,313.5
3,0,315206,archived_314159_anchor,1,Matched terminal weighted e-BH,0,1,1,16,1142.75
3,0,315207,archived_314159_anchor,1,SAFE-ALPHA,0,1,1,16,301
3,0,315207,archived_314159_anchor,1,Matched terminal weighted e-BH,0,1,1,16,1146.5
3,0,315208,archived_314159_anchor,1,SAFE-ALPHA,0,1,1,16,326.9375
3,0,315208,archived_314159_anchor,1,Matched terminal weighted e-BH,0,1,1,16,1146.5
3,0,315209,archived_314159_anchor,1,SAFE-ALPHA,0,1,1,16,297.5625
3,0,315209,archived_314159_anchor,1,Matched terminal weighted e-BH,0,1,1,16,1146.5
3,0,315210,archived_314159_anchor,1,SAFE-ALPHA,0,1,1,16,254.125
3,0,315210,archived_314159_anchor,1,Matched terminal weighted e-BH,0,1,1,16,1145.5625
3,0,315211,archived_314159_anchor,1,SAFE-ALPHA,0,1,1,16,253.8125
3,0,315211,archived_314159_anchor,1,Matched terminal weighted e-BH,0,1,1,16,1146.5
3,0,315212,archived_314159_anchor,1,SAFE-ALPHA,0,1,1,16,269.125
3,0,315212,archived_314159_anchor,1,Matched terminal weighted e-BH,0,1,1,16,1146.5
3,0,315213,archived_314159_anchor,1,SAFE-ALPHA,0,1,1,16,273.5
3,0,315213,archived_314159_anchor,1,Matched terminal weighted e-BH,0,1,1,16,1145.5625
3,0,315214,archived_314159_anchor,1,SAFE-ALPHA,0,1,1,16,256.3125
3,0,315214,archived_314159_anchor,1,Matched terminal weighted e-BH,0,1,1,16,1146.5
3,0,315215,archived_314159_anchor,1,SAFE-ALPHA,0,1,1,16,291.9375
3,0,315215,archived_314159_anchor,1,Matched terminal weighted e-BH,0,1,1,16,1146.5
3,0,315216,archived_314159_anchor,1,SAFE-ALPHA,0,1,1,16,361
3,0,315216,archived_314159_anchor,1,Matched terminal weighted e-BH,0,1,1,16,1143.6875
3,0,315217,archived_314159_anchor,1,SAFE-ALPHA,0,1,1,16,353.5
3,0,315217,archived_314159_anchor,1,Matched terminal weighted e-BH,0,1,1,16,1146.5
3,0,315218,archived_314159_anchor,1,SAFE-ALPHA,0,1,1,16,309.4375
3,0,315218,archived_314159_anchor,1,Matched terminal weighted e-BH,0,1,1,16,1143.6875
3,0,315219,archived_314159_anchor,1,SAFE-ALPHA,0,1,1,16,301.625
3,0,315219,archived_314159_anchor,1,Matched terminal weighted e-BH,0,1,1,16,1141.8125
3,0,315220,archived_314159_anchor,1,SAFE-ALPHA,0,1,1,16,317.5625
3,0,315220,archived_314159_anchor,1,Matched terminal weighted e-BH,0,1,1,16,1144.625
3,0,315221,archived_314159_anchor,1,SAFE-ALPHA,0,1,1,16,291.9375
3,0,315221,archived_314159_anchor,1,Matched terminal weighted e-BH,0,1,1,16,1140.875
3,0,315222,archived_314159_anchor,1,SAFE-ALPHA,0,1,1,16,339.125
3,0,315222,archived_314159_anchor,1,Matched terminal weighted e-BH,0,1,1,16,1144.625
3,0,315223,archived_314159_anchor,1,SAFE-ALPHA,0,1,1,16,246.625
3,0,315223,archived_314159_anchor,1,Matched terminal weighted e-BH,0,1,1,16,1146.5
3,0,315224,archived_314159_anchor,1,SAFE-ALPHA,0,1,1,16,258.8125
3,0,315224,archived_314159_anchor,1,Matched terminal weighted e-BH,0,1,1,16,1146.5
3,0,315225,archived_314159_anchor,1,SAFE-ALPHA,0,1,1,16,246.625
3,0,315225,archived_314159_anchor,1,Matched terminal weighted e-BH,0,1,1,16,1146.5
3,0,315226,archived_314159_anchor,1,SAFE-ALPHA,0,1,1,16,313.1875
3,0,315226,archived_314159_anchor,1,Matched terminal weighted e-BH,0,1,1,16,1145.5625
3,0,315227,archived_314159_anchor,1,SAFE-ALPHA,0,1,1,16,303.8125
3,0,315227,archived_314159_anchor,1,Matched terminal weighted e-BH,0,1,1,16,1144.625
3,0,315228,archived_314159_anchor,1,SAFE-ALPHA,0,1,1,16,290.6875
3,0,315228,archived_314159_anchor,1,Matched terminal weighted e-BH,0,1,1,16,1145.5625
3,0,315229,archived_314159_anchor,1,SAFE-ALPHA,0,1,1,16,287.5625
3,0,315229,archived_314159_anchor,1,Matched terminal weighted e-BH,0,1,1,16,1146.5
3,0,315230,archived_314159_anchor,1,SAFE-ALPHA,0,1,1,16,317.5625
3,0,315230,archived_314159_anchor,1,Matched terminal weighted e-BH,0,1,1,16,1146.5
3,0,315231,archived_314159_anchor,1,SAFE-ALPHA,0,1,1,16,296.9375
3,0,315231,archived_314159_anchor,1,Matched terminal weighted e-BH,0,1,1,16,1145.5625
3,0,315232,archived_314159_anchor,1,SAFE-ALPHA,0,1,1,16,315.375
3,0,315232,archived_314159_anchor,1,Matched terminal weighted e-BH,0,1,1,16,1146.5
3,0,315233,archived_314159_anchor,1,SAFE-ALPHA,0,1,1,16,287.5625
3,0,315233,archived_314159_anchor,1,Matched terminal weighted e-BH,0,1,1,16,1146.5
3,0,315234,archived_314159_anchor,1,SAFE-ALPHA,0,1,1,16,275.375
3,0,315234,archived_314159_anchor,1,Matched terminal weighted e-BH,0,1,1,16,1144.625
3,0,315235,archived_314159_anchor,1,SAFE-ALPHA,0,1,1,16,292.25
3,0,315235,archived_314159_anchor,1,Matched terminal weighted e-BH,0,1,1,16,1146.5
3,0,315236,archived_314159_anchor,1,SAFE-ALPHA,0,1,1,16,368.8125
3,0,315236,archived_314159_anchor,1,Matched terminal weighted e-BH,0,1,1,16,1143.6875
3,0,315237,archived_314159_anchor,1,SAFE-ALPHA,0,1,1,16,294.125
3,0,315237,archived_314159_anchor,1,Matched terminal weighted e-BH,0,1,1,16,1146.5
3,0,315238,archived_314159_anchor,1,SAFE-ALPHA,0,1,1,16,281
3,0,315238,archived_314159_anchor,1,Matched terminal weighted e-BH,0,1,1,16,1146.5
3,0,315239,archived_314159_anchor,1,SAFE-ALPHA,0,1,1,16,320.0625
3,0,315239,archived_314159_anchor,1,Matched terminal weighted e-BH,0,1,1,16,1146.5
3,0,315240,archived_314159_anchor,1,SAFE-ALPHA,0,1,1,16,233.8125
3,0,315240,archived_314159_anchor,1,Matched terminal weighted e-BH,0,1,1,16,1146.5
3,0,315241,archived_314159_anchor,1,SAFE-ALPHA,0,1,1,16,320.0625
3,0,315241,archived_314159_anchor,1,Matched terminal weighted e-BH,0,1,1,16,1146.5
3,0,315242,archived_314159_anchor,1,SAFE-ALPHA,0,1,1,16,255.0625
3,0,315242,archived_314159_anchor,1,Matched terminal weighted e-BH,0,1,1,16,1146.5
3,0,315243,archived_314159_anchor,1,SAFE-ALPHA,0,1,1,16,250.0625
3,0,315243,archived_314159_anchor,1,Matched terminal weighted e-BH,0,1,1,16,1146.5
3,0,315244,archived_314159_anchor,1,SAFE-ALPHA,0,1,1,16,284.75
3,0,315244,archived_314159_anchor,1,Matched terminal weighted e-BH,0,1,1,16,1146.5
3,0,315245,archived_314159_anchor,1,SAFE-ALPHA,0,1,1,16,244.75
3,0,315245,archived_314159_anchor,1,Matched terminal weighted e-BH,0,1,1,16,1146.5
3,0,315246,archived_314159_anchor,1,SAFE-ALPHA,0,1,1,16,262.5625
3,0,315246,archived_314159_anchor,1,Matched terminal weighted e-BH,0,1,1,16,1146.5
3,0,315247,archived_314159_anchor,1,SAFE-ALPHA,0,1,1,16,238.5
3,0,315247,archived_314159_anchor,1,Matched terminal weighted e-BH,0,1,1,16,1145.5625
3,0,315248,archived_314159_anchor,1,SAFE-ALPHA,0,1,1,16,263.1875
3,0,315248,archived_314159_anchor,1,Matched terminal weighted e-BH,0,1,1,16,1146.5
3,0,315249,archived_314159_anchor,1,SAFE-ALPHA,0,1,1,16,291.625
3,0,315249,archived_314159_anchor,1,Matched terminal weighted e-BH,0,1,1,16,1146.5
3,0,315250,archived_314159_anchor,1,SAFE-ALPHA,0,1,1,16,244.125
3,0,315250,archived_314159_anchor,1,Matched terminal weighted e-BH,0,1,1,16,1145.5625
3,0,315251,archived_314159_anchor,1,SAFE-ALPHA,0,1,1,16,293.1875
3,0,315251,archived_314159_anchor,1,Matched terminal weighted e-BH,0,1,1,16,1146.5
3,0,315252,archived_314159_anchor,1,SAFE-ALPHA,0,1,1,16,295.0625
3,0,315252,archived_314159_anchor,1,Matched terminal weighted e-BH,0,1,1,16,1146.5
3,0,315253,archived_314159_anchor,1,SAFE-ALPHA,0,1,1,16,286
3,0,315253,archived_314159_anchor,1,Matched terminal weighted e-BH,0,1,1,16,1146.5
3,0,315254,archived_314159_anchor,1,SAFE-ALPHA,0,1,1,16,290.6875
3,0,315254,archived_314159_anchor,1,Matched terminal weighted e-BH,0,1,1,16,1146.5
3,0,315255,archived_314159_anchor,1,SAFE-ALPHA,0,1,1,16,328.1875
3,0,315255,archived_314159_anchor,1,Matched terminal weighted e-BH,0,1,1,16,1146.5
3,0,315256,archived_314159_anchor,1,SAFE-ALPHA,0,1,1,16,295.375
3,0,315256,archived_314159_anchor,1,Matched terminal weighted e-BH,0,1,1,16,1146.5
3,0,315257,archived_314159_anchor,1,SAFE-ALPHA,0,1,1,16,286.625
3,0,315257,archived_314159_anchor,1,Matched terminal weighted e-BH,0,1,1,16,1141.8125
3,0,315258,archived_314159_anchor,1,SAFE-ALPHA,0,1,1,16,285.0625
3,0,315258,archived_314159_anchor,1,Matched terminal weighted e-BH,0,1,1,16,1144.625
3,0,315259,archived_314159_anchor,1,SAFE-ALPHA,0,1,1,16,229.125
3,0,315259,archived_314159_anchor,1,Matched terminal weighted e-BH,0,1,1,16,1145.5625
3,0,315260,archived_314159_anchor,1,SAFE-ALPHA,0,1,1,16,321
3,0,315260,archived_314159_anchor,1,Matched terminal weighted e-BH,0,1,1,16,1138.0625
3,0,315261,archived_314159_anchor,1,SAFE-ALPHA,0,1,1,16,291.9375
3,0,315261,archived_314159_anchor,1,Matched terminal weighted e-BH,0,1,1,16,1144.625
3,0,315262,archived_314159_anchor,1,SAFE-ALPHA,0,1,1,16,306.625
3,0,315262,archived_314159_anchor,1,Matched terminal weighted e-BH,0,0.9375,0.9375,15,1145
3,0,315263,archived_314159_anchor,1,SAFE-ALPHA,0,1,1,16,281.3125
3,0,315263,archived_314159_anchor,1,Matched terminal weighted e-BH,0,1,1,16,1146.5
3,0,315264,archived_314159_anchor,1,SAFE-ALPHA,0,1,1,16,304.125
3,0,315264,archived_314159_anchor,1,Matched terminal weighted e-BH,0,1,1,16,1146.5
3,0,315265,archived_314159_anchor,1,SAFE-ALPHA,0,1,1,16,293.8125
3,0,315265,archived_314159_anchor,1,Matched terminal weighted e-BH,0,1,1,16,1142.75
3,0,315266,archived_314159_anchor,1,SAFE-ALPHA,0,1,1,16,321
3,0,315266,archived_314159_anchor,1,Matched terminal weighted e-BH,0,1,1,16,1144.625
3,0,315267,archived_314159_anchor,1,SAFE-ALPHA,0,1,1,16,363.5
3,0,315267,archived_314159_anchor,1,Matched terminal weighted e-BH,0,1,1,16,1145.5625
3,0,315268,archived_314159_anchor,1,SAFE-ALPHA,0,1,1,16,269.125
3,0,315268,archived_314159_anchor,1,Matched terminal weighted e-BH,0,1,1,16,1146.5
3,0,315269,archived_314159_anchor,1,SAFE-ALPHA,0,1,1,16,283.1875
3,0,315269,archived_314159_anchor,1,Matched terminal weighted e-BH,0,1,1,16,1145.5625
3,0,315270,archived_314159_anchor,1,SAFE-ALPHA,0,1,1,16,315.0625
3,0,315270,archived_314159_anchor,1,Matched terminal weighted e-BH,0,1,1,16,1146.5
3,0,315271,archived_314159_anchor,1,SAFE-ALPHA,0,1,1,16,252.5625
3,0,315271,archived_314159_anchor,1,Matched terminal weighted e-BH,0,1,1,16,1142.75
3,0,315272,archived_314159_anchor,1,SAFE-ALPHA,0,1,1,16,286.625
3,0,315272,archived_314159_anchor,1,Matched terminal weighted e-BH,0,1,1,16,1146.5
3,0,315273,archived_314159_anchor,1,SAFE-ALPHA,0,1,1,16,275.0625
3,0,315273,archived_314159_anchor,1,Matched terminal weighted e-BH,0,1,1,16,1143.6875
3,0,315274,archived_314159_anchor,1,SAFE-ALPHA,0,1,1,16,283.5
3,0,315274,archived_314159_anchor,1,Matched terminal weighted e-BH,0,1,1,16,1145.5625
3,0,315275,archived_314159_anchor,1,SAFE-ALPHA,0,1,1,16,273.8125
3,0,315275,archived_314159_anchor,1,Matched terminal weighted e-BH,0,1,1,16,1143.6875
3,0,315276,archived_314159_anchor,1,SAFE-ALPHA,0,1,1,16,261
3,0,315276,archived_314159_anchor,1,Matched terminal weighted e-BH,0,1,1,16,1146.5
3,0,315277,archived_314159_anchor,1,SAFE-ALPHA,0,1,1,16,274.4375
3,0,315277,archived_314159_anchor,1,Matched terminal weighted e-BH,0,1,1,16,1144.625
3,0,315278,archived_314159_anchor,1,SAFE-ALPHA,0,1,1,16,298.8125
3,0,315278,archived_314159_anchor,1,Matched terminal weighted e-BH,0,1,1,16,1145.5625
3,0,315279,archived_314159_anchor,1,SAFE-ALPHA,0,1,1,16,317.25
3,0,315279,archived_314159_anchor,1,Matched terminal weighted e-BH,0,1,1,16,1146.5
3,0,315280,archived_314159_anchor,1,SAFE-ALPHA,0,1,1,16,244.4375
3,0,315280,archived_314159_anchor,1,Matched terminal weighted e-BH,0,1,1,16,1146.5
3,0,315281,archived_314159_anchor,1,SAFE-ALPHA,0,1,1,16,320.375
3,0,315281,archived_314159_anchor,1,Matched terminal weighted e-BH,0,1,1,16,1141.8125
3,0,315282,archived_314159_anchor,1,SAFE-ALPHA,0,1,1,16,262.875
3,0,315282,archived_314159_anchor,1,Matched terminal weighted e-BH,0,1,1,16,1146.5
3,0,315283,archived_314159_anchor,1,SAFE-ALPHA,0,1,1,16,295.375
3,0,315283,archived_314159_anchor,1,Matched terminal weighted e-BH,0,1,1,16,1146.5
3,0,315284,archived_314159_anchor,1,SAFE-ALPHA,0,1,1,16,327.875
3,0,315284,archived_314159_anchor,1,Matched terminal weighted e-BH,0,1,1,16,1146.5
3,0,315285,archived_314159_anchor,1,SAFE-ALPHA,0,1,1,16,222.25
3,0,315285,archived_314159_anchor,1,Matched terminal weighted e-BH,0,1,1,16,1146.5
3,0,315286,archived_314159_anchor,1,SAFE-ALPHA,0,1,1,16,318.8125
3,0,315286,archived_314159_anchor,1,Matched terminal weighted e-BH,0,1,1,16,1141.8125
3,0,315287,archived_314159_anchor,1,SAFE-ALPHA,0,1,1,16,269.4375
3,0,315287,archived_314159_anchor,1,Matched terminal weighted e-BH,0,1,1,16,1143.6875
3,0,315288,archived_314159_anchor,1,SAFE-ALPHA,0,1,1,16,294.4375
3,0,315288,archived_314159_anchor,1,Matched terminal weighted e-BH,0,1,1,16,1146.5
3,0,315289,archived_314159_anchor,1,SAFE-ALPHA,0,1,1,16,283.5
3,0,315289,archived_314159_anchor,1,Matched terminal weighted e-BH,0,1,1,16,1146.5
3,0,315290,archived_314159_anchor,1,SAFE-ALPHA,0,1,1,16,292.875
3,0,315290,archived_314159_anchor,1,Matched terminal weighted e-BH,0,1,1,16,1146.5
3,0,315291,archived_314159_anchor,1,SAFE-ALPHA,0,1,1,16,263.1875
3,0,315291,archived_314159_anchor,1,Matched terminal weighted e-BH,0,1,1,16,1146.5
3,0,315292,archived_314159_anchor,1,SAFE-ALPHA,0,1,1,16,316.9375
3,0,315292,archived_314159_anchor,1,Matched terminal weighted e-BH,0,1,1,16,1143.6875
3,0,315293,archived_314159_anchor,1,SAFE-ALPHA,0,1,1,16,418.5
3,0,315293,archived_314159_anchor,1,Matched terminal weighted e-BH,0,1,1,16,1146.5
3,0,315294,archived_314159_anchor,1,SAFE-ALPHA,0,1,1,16,260.0625
3,0,315294,archived_314159_anchor,1,Matched terminal weighted e-BH,0,1,1,16,1146.5
3,0,315295,archived_314159_anchor,1,SAFE-ALPHA,0,1,1,16,275.375
3,0,315295,archived_314159_anchor,1,Matched terminal weighted e-BH,0,1,1,16,1145.5625
3,0,315296,archived_314159_anchor,1,SAFE-ALPHA,0,1,1,16,251
3,0,315296,archived_314159_anchor,1,Matched terminal weighted e-BH,0,1,1,16,1145.5625
3,0,315297,archived_314159_anchor,1,SAFE-ALPHA,0,1,1,16,299.75
3,0,315297,archived_314159_anchor,1,Matched terminal weighted e-BH,0,1,1,16,1145.5625
3,0,315298,archived_314159_anchor,1,SAFE-ALPHA,0,1,1,16,310.6875
3,0,315298,archived_314159_anchor,1,Matched terminal weighted e-BH,0,1,1,16,1144.625
3,0,315299,archived_314159_anchor,1,SAFE-ALPHA,0,1,1,16,238.8125
3,0,315299,archived_314159_anchor,1,Matched terminal weighted e-BH,0,1,1,16,1146.5
3,0,315300,archived_314159_anchor,1,SAFE-ALPHA,0,1,1,16,310.6875
3,0,315300,archived_314159_anchor,1,Matched terminal weighted e-BH,0,1,1,16,1144.625
3,0,315301,archived_314159_anchor,1,SAFE-ALPHA,0,1,1,16,286.9375
3,0,315301,archived_314159_anchor,1,Matched terminal weighted e-BH,0,1,1,16,1145.5625
3,0,315302,archived_314159_anchor,1,SAFE-ALPHA,0,1,1,16,276.9375
3,0,315302,archived_314159_anchor,1,Matched terminal weighted e-BH,0,1,1,16,1146.5
3,0,315303,archived_314159_anchor,1,SAFE-ALPHA,0,1,1,16,256
3,0,315303,archived_314159_anchor,1,Matched terminal weighted e-BH,0,1,1,16,1139.9375
3,0,315304,archived_314159_anchor,1,SAFE-ALPHA,0,1,1,16,298.5
3,0,315304,archived_314159_anchor,1,Matched terminal weighted e-BH,0,1,1,16,1145.5625
3,0,315305,archived_314159_anchor,1,SAFE-ALPHA,0,1,1,16,271.625
3,0,315305,archived_314159_anchor,1,Matched terminal weighted e-BH,0,1,1,16,1146.5
3,0,315306,archived_314159_anchor,1,SAFE-ALPHA,0,1,1,16,330.0625
3,0,315306,archived_314159_anchor,1,Matched terminal weighted e-BH,0,1,1,16,1146.5
3,0,315307,archived_314159_anchor,1,SAFE-ALPHA,0,1,1,16,358.8125
3,0,315307,archived_314159_anchor,1,Matched terminal weighted e-BH,0,1,1,16,1146.5
3,0,315308,archived_314159_anchor,1,SAFE-ALPHA,0,1,1,16,329.125
3,0,315308,archived_314159_anchor,1,Matched terminal weighted e-BH,0,1,1,16,1146.5
3,0,315309,archived_314159_anchor,1,SAFE-ALPHA,0,1,1,16,229.75
3,0,315309,archived_314159_anchor,1,Matched terminal weighted e-BH,0,1,1,16,1146.5
3,0,315310,archived_314159_anchor,1,SAFE-ALPHA,0,1,1,16,251.9375
3,0,315310,archived_314159_anchor,1,Matched terminal weighted e-BH,0,1,1,16,1143.6875
3,0,315311,archived_314159_anchor,1,SAFE-ALPHA,0,1,1,16,296.9375
3,0,315311,archived_314159_anchor,1,Matched terminal weighted e-BH,0,1,1,16,1146.5
3,0,315312,archived_314159_anchor,1,SAFE-ALPHA,0,1,1,16,271
3,0,315312,archived_314159_anchor,1,Matched terminal weighted e-BH,0,1,1,16,1146.5
3,0,315313,archived_314159_anchor,1,SAFE-ALPHA,0,1,1,16,278.5
3,0,315313,archived_314159_anchor,1,Matched terminal weighted e-BH,0,1,1,16,1146.5
3,0,315314,archived_314159_anchor,1,SAFE-ALPHA,0,1,1,16,296.625
3,0,315314,archived_314159_anchor,1,Matched terminal weighted e-BH,0,1,1,16,1146.5
3,0,315315,archived_314159_anchor,1,SAFE-ALPHA,0,1,1,16,280.0625
3,0,315315,archived_314159_anchor,1,Matched terminal weighted e-BH,0,1,1,16,1146.5
3,0,315316,archived_314159_anchor,1,SAFE-ALPHA,0,1,1,16,289.4375
3,0,315316,archived_314159_anchor,1,Matched terminal weighted e-BH,0,1,1,16,1140.875
3,0,315317,archived_314159_anchor,1,SAFE-ALPHA,0,1,1,16,312.875
3,0,315317,archived_314159_anchor,1,Matched terminal weighted e-BH,0,1,1,16,1145.5625
3,0,315318,archived_314159_anchor,1,SAFE-ALPHA,0,1,1,16,263.5
3,0,315318,archived_314159_anchor,1,Matched terminal weighted e-BH,0,1,1,16,1142.75
3,0,315319,archived_314159_anchor,1,SAFE-ALPHA,0,1,1,16,269.4375
3,0,315319,archived_314159_anchor,1,Matched terminal weighted e-BH,0,1,1,16,1146.5
3,0,315320,archived_314159_anchor,1,SAFE-ALPHA,0,1,1,16,257.875
3,0,315320,archived_314159_anchor,1,Matched terminal weighted e-BH,0,1,1,16,1146.5
3,0,315321,archived_314159_anchor,1,SAFE-ALPHA,0,0.9375,0.9375,15,292
3,0,315321,archived_314159_anchor,1,Matched terminal weighted e-BH,0,0.9375,0.9375,15,1154
3,0,315322,archived_314159_anchor,1,SAFE-ALPHA,0,1,1,16,329.125
3,0,315322,archived_314159_anchor,1,Matched terminal weighted e-BH,0,1,1,16,1143.6875
3,0,315323,archived_314159_anchor,1,SAFE-ALPHA,0,1,1,16,316.3125
3,0,315323,archived_314159_anchor,1,Matched terminal weighted e-BH,0,1,1,16,1146.5
3,0,315324,archived_314159_anchor,1,SAFE-ALPHA,0,1,1,16,259.75
3,0,315324,archived_314159_anchor,1,Matched terminal weighted e-BH,0,1,1,16,1146.5
3,0,315325,archived_314159_anchor,1,SAFE-ALPHA,0,1,1,16,265.375
3,0,315325,archived_314159_anchor,1,Matched terminal weighted e-BH,0,1,1,16,1141.8125
3,0,315326,archived_314159_anchor,1,SAFE-ALPHA,0,1,1,16,307.25
3,0,315326,archived_314159_anchor,1,Matched terminal weighted e-BH,0,1,1,16,1141.8125
3,0,315327,archived_314159_anchor,1,SAFE-ALPHA,0,1,1,16,324.125
3,0,315327,archived_314159_anchor,1,Matched terminal weighted e-BH,0,1,1,16,1146.5
3,0,315328,archived_314159_anchor,1,SAFE-ALPHA,0,1,1,16,299.125
3,0,315328,archived_314159_anchor,1,Matched terminal weighted e-BH,0,1,1,16,1144.625
3,0,315329,archived_314159_anchor,1,SAFE-ALPHA,0,1,1,16,308.8125
3,0,315329,archived_314159_anchor,1,Matched terminal weighted e-BH,0,1,1,16,1146.5
3,0,315330,archived_314159_anchor,1,SAFE-ALPHA,0,1,1,16,316.9375
3,0,315330,archived_314159_anchor,1,Matched terminal weighted e-BH,0,1,1,16,1146.5
3,0,315331,archived_314159_anchor,1,SAFE-ALPHA,0,1,1,16,232.875
3,0,315331,archived_314159_anchor,1,Matched terminal weighted e-BH,0,1,1,16,1146.5
3,0,315332,archived_314159_anchor,1,SAFE-ALPHA,0,1,1,16,280.6875
3,0,315332,archived_314159_anchor,1,Matched terminal weighted e-BH,0,1,1,16,1146.5
3,0,315333,archived_314159_anchor,1,SAFE-ALPHA,0,1,1,16,288.1875
3,0,315333,archived_314159_anchor,1,Matched terminal weighted e-BH,0,1,1,16,1146.5
3,0,315334,archived_314159_anchor,1,SAFE-ALPHA,0,1,1,16,371.625
3,0,315334,archived_314159_anchor,1,Matched terminal weighted e-BH,0,1,1,16,1146.5
3,0,315335,archived_314159_anchor,1,SAFE-ALPHA,0,1,1,16,250.0625
3,0,315335,archived_314159_anchor,1,Matched terminal weighted e-BH,0,1,1,16,1146.5
3,0,315336,archived_314159_anchor,1,SAFE-ALPHA,0,1,1,16,266.625
3,0,315336,archived_314159_anchor,1,Matched terminal weighted e-BH,0,1,1,16,1146.5
3,0,315337,archived_314159_anchor,1,SAFE-ALPHA,0,1,1,16,283.5
3,0,315337,archived_314159_anchor,1,Matched terminal weighted e-BH,0,1,1,16,1146.5
3,0,315338,archived_314159_anchor,1,SAFE-ALPHA,0,1,1,16,373.1875
3,0,315338,archived_314159_anchor,1,Matched terminal weighted e-BH,0,1,1,16,1146.5
3,0,315339,archived_314159_anchor,1,SAFE-ALPHA,0,1,1,16,331.625
3,0,315339,archived_314159_anchor,1,Matched terminal weighted e-BH,0,1,1,16,1144.625
3,0,315340,archived_314159_anchor,1,SAFE-ALPHA,0,1,1,16,252.875
3,0,315340,archived_314159_anchor,1,Matched terminal weighted e-BH,0,1,1,16,1146.5
3,0,315341,archived_314159_anchor,1,SAFE-ALPHA,0,1,1,16,254.125
3,0,315341,archived_314159_anchor,1,Matched terminal weighted e-BH,0,1,1,16,1146.5
3,0,315342,archived_314159_anchor,1,SAFE-ALPHA,0,1,1,16,279.75
3,0,315342,archived_314159_anchor,1,Matched terminal weighted e-BH,0,1,1,16,1146.5
3,0,315343,archived_314159_anchor,1,SAFE-ALPHA,0,1,1,16,256.9375
3,0,315343,archived_314159_anchor,1,Matched terminal weighted e-BH,0,1,1,16,1146.5
3,0,315344,archived_314159_anchor,1,SAFE-ALPHA,0,1,1,16,280.6875
3,0,315344,archived_314159_anchor,1,Matched terminal weighted e-BH,0,1,1,16,1140.875
3,0,315345,archived_314159_anchor,1,SAFE-ALPHA,0,1,1,16,296.625
3,0,315345,archived_314159_anchor,1,Matched terminal weighted e-BH,0,1,1,16,1146.5
3,0,315346,archived_314159_anchor,1,SAFE-ALPHA,0,1,1,16,331.625
3,0,315346,archived_314159_anchor,1,Matched terminal weighted e-BH,0,1,1,16,1140.875
3,0,315347,archived_314159_anchor,1,SAFE-ALPHA,0,1,1,16,249.125
3,0,315347,archived_314159_anchor,1,Matched terminal weighted e-BH,0,1,1,16,1146.5
3,0,315348,archived_314159_anchor,1,SAFE-ALPHA,0,1,1,16,366.9375
3,0,315348,archived_314159_anchor,1,Matched terminal weighted e-BH,0,1,1,16,1145.5625
3,0,315349,archived_314159_anchor,1,SAFE-ALPHA,0,1,1,16,298.8125
3,0,315349,archived_314159_anchor,1,Matched terminal weighted e-BH,0,1,1,16,1146.5
3,0,315350,archived_314159_anchor,1,SAFE-ALPHA,0,1,1,16,268.1875
3,0,315350,archived_314159_anchor,1,Matched terminal weighted e-BH,0,1,1,16,1145.5625
3,0,315351,archived_314159_anchor,1,SAFE-ALPHA,0,1,1,16,247.5625
3,0,315351,archived_314159_anchor,1,Matched terminal weighted e-BH,0,1,1,16,1146.5
3,0,315352,archived_314159_anchor,1,SAFE-ALPHA,0,1,1,16,284.75
3,0,315352,archived_314159_anchor,1,Matched terminal weighted e-BH,0,1,1,16,1145.5625
3,0,315353,archived_314159_anchor,1,SAFE-ALPHA,0,1,1,16,308.1875
3,0,315353,archived_314159_anchor,1,Matched terminal weighted e-BH,0,1,1,16,1146.5
3,0,315354,archived_314159_anchor,1,SAFE-ALPHA,0,1,1,16,264.75
3,0,315354,archived_314159_anchor,1,Matched terminal weighted e-BH,0,1,1,16,1145.5625
3,0,315355,archived_314159_anchor,1,SAFE-ALPHA,0,1,1,16,246.625
3,0,315355,archived_314159_anchor,1,Matched terminal weighted e-BH,0,1,1,16,1144.625
3,0,315356,archived_314159_anchor,1,SAFE-ALPHA,0,1,1,16,230.6875
3,0,315356,archived_314159_anchor,1,Matched terminal weighted e-BH,0,1,1,16,1145.5625
3,0,315357,archived_314159_anchor,1,SAFE-ALPHA,0,1,1,16,273.5
3,0,315357,archived_314159_anchor,1,Matched terminal weighted e-BH,0,1,1,16,1146.5
3,0,315358,archived_314159_anchor,1,SAFE-ALPHA,0,1,1,16,277.875
3,0,315358,archived_314159_anchor,1,Matched terminal weighted e-BH,0,1,1,16,1145.5625
3,0,315359,archived_314159_anchor,1,SAFE-ALPHA,0,1,1,16,345.6875
3,0,315359,archived_314159_anchor,1,Matched terminal weighted e-BH,0,1,1,16,1146.5
3,0,315360,archived_314159_anchor,1,SAFE-ALPHA,0,1,1,16,237.25
3,0,315360,archived_314159_anchor,1,Matched terminal weighted e-BH,0,1,1,16,1143.6875
3,0,315361,archived_314159_anchor,1,SAFE-ALPHA,0,1,1,16,221.625
3,0,315361,archived_314159_anchor,1,Matched terminal weighted e-BH,0,1,1,16,1146.5
3,0,315362,archived_314159_anchor,1,SAFE-ALPHA,0,1,1,16,317.875
3,0,315362,archived_314159_anchor,1,Matched terminal weighted e-BH,0,1,1,16,1146.5
3,0,315363,archived_314159_anchor,1,SAFE-ALPHA,0,1,1,16,276.9375
3,0,315363,archived_314159_anchor,1,Matched terminal weighted e-BH,0,1,1,16,1146.5
3,0,315364,archived_314159_anchor,1,SAFE-ALPHA,0,1,1,16,334.75
3,0,315364,archived_314159_anchor,1,Matched terminal weighted e-BH,0,1,1,16,1146.5
3,0,315365,archived_314159_anchor,1,SAFE-ALPHA,0,1,1,16,322.875
3,0,315365,archived_314159_anchor,1,Matched terminal weighted e-BH,0,1,1,16,1145.5625
3,0,315366,archived_314159_anchor,1,SAFE-ALPHA,0,1,1,16,311
3,0,315366,archived_314159_anchor,1,Matched terminal weighted e-BH,0,1,1,16,1145.5625
3,0,315367,archived_314159_anchor,1,SAFE-ALPHA,0,1,1,16,399.4375
3,0,315367,archived_314159_anchor,1,Matched terminal weighted e-BH,0,1,1,16,1145.5625
3,0,315368,archived_314159_anchor,1,SAFE-ALPHA,0,1,1,16,247.25
3,0,315368,archived_314159_anchor,1,Matched terminal weighted e-BH,0,1,1,16,1146.5
3,0,315369,archived_314159_anchor,1,SAFE-ALPHA,0,1,1,16,236.625
3,0,315369,archived_314159_anchor,1,Matched terminal weighted e-BH,0,1,1,16,1146.5
3,0,315370,archived_314159_anchor,1,SAFE-ALPHA,0,1,1,16,277.25
3,0,315370,archived_314159_anchor,1,Matched terminal weighted e-BH,0,1,1,16,1146.5
3,0,315371,archived_314159_anchor,1,SAFE-ALPHA,0,1,1,16,257.5625
3,0,315371,archived_314159_anchor,1,Matched terminal weighted e-BH,0,1,1,16,1145.5625
3,0,315372,archived_314159_anchor,1,SAFE-ALPHA,0,1,1,16,221
3,0,315372,archived_314159_anchor,1,Matched terminal weighted e-BH,0,1,1,16,1146.5
3,0,315373,archived_314159_anchor,1,SAFE-ALPHA,0,1,1,16,315.0625
3,0,315373,archived_314159_anchor,1,Matched terminal weighted e-BH,0,1,1,16,1146.5
3,0,315374,archived_314159_anchor,1,SAFE-ALPHA,0,1,1,16,336.9375
3,0,315374,archived_314159_anchor,1,Matched terminal weighted e-BH,0,1,1,16,1140.875
3,0,315375,archived_314159_anchor,1,SAFE-ALPHA,0,1,1,16,285.0625
3,0,315375,archived_314159_anchor,1,Matched terminal weighted e-BH,0,1,1,16,1146.5
3,0,315376,archived_314159_anchor,1,SAFE-ALPHA,0,1,1,16,288.1875
3,0,315376,archived_314159_anchor,1,Matched terminal weighted e-BH,0,1,1,16,1146.5
3,0,315377,archived_314159_anchor,1,SAFE-ALPHA,0,1,1,16,286.3125
3,0,315377,archived_314159_anchor,1,Matched terminal weighted e-BH,0,1,1,16,1146.5
3,0,315378,archived_314159_anchor,1,SAFE-ALPHA,0,1,1,16,290.375
3,0,315378,archived_314159_anchor,1,Matched terminal weighted e-BH,0,1,1,16,1146.5
3,0,315379,archived_314159_anchor,1,SAFE-ALPHA,0,1,1,16,333.1875
3,0,315379,archived_314159_anchor,1,Matched terminal weighted e-BH,0,1,1,16,1144.625
3,0,315380,archived_314159_anchor,1,SAFE-ALPHA,0,1,1,16,268.1875
3,0,315380,archived_314159_anchor,1,Matched terminal weighted e-BH,0,1,1,16,1146.5
3,0,315381,archived_314159_anchor,1,SAFE-ALPHA,0,1,1,16,274.125
3,0,315381,archived_314159_anchor,1,Matched terminal weighted e-BH,0,1,1,16,1146.5
3,0,315382,archived_314159_anchor,1,SAFE-ALPHA,0,1,1,16,308.5
3,0,315382,archived_314159_anchor,1,Matched terminal weighted e-BH,0,1,1,16,1144.625
3,0,315383,archived_314159_anchor,1,SAFE-ALPHA,0,1,1,16,246.9375
3,0,315383,archived_314159_anchor,1,Matched terminal weighted e-BH,0,1,1,16,1144.625
3,0,315384,archived_314159_anchor,1,SAFE-ALPHA,0,1,1,16,265.0625
3,0,315384,archived_314159_anchor,1,Matched terminal weighted e-BH,0,1,1,16,1146.5
3,0,315385,archived_314159_anchor,1,SAFE-ALPHA,0,0.9375,0.9375,15,281.333333333
3,0,315385,archived_314159_anchor,1,Matched terminal weighted e-BH,0,0.9375,0.9375,15,1150
3,0,315386,archived_314159_anchor,1,SAFE-ALPHA,0,1,1,16,303.8125
3,0,315386,archived_314159_anchor,1,Matched terminal weighted e-BH,0,1,1,16,1146.5
3,0,315387,archived_314159_anchor,1,SAFE-ALPHA,0,1,1,16,270.0625
3,0,315387,archived_314159_anchor,1,Matched terminal weighted e-BH,0,1,1,16,1146.5
3,0,315388,archived_314159_anchor,1,SAFE-ALPHA,0,1,1,16,241.625
3,0,315388,archived_314159_anchor,1,Matched terminal weighted e-BH,0,1,1,16,1146.5
3,0,315389,archived_314159_anchor,1,SAFE-ALPHA,0,1,1,16,320.6875
3,0,315389,archived_314159_anchor,1,Matched terminal weighted e-BH,0,1,1,16,1146.5
3,0,315390,archived_314159_anchor,1,SAFE-ALPHA,0,1,1,16,253.1875
3,0,315390,archived_314159_anchor,1,Matched terminal weighted e-BH,0,1,1,16,1146.5
3,0,315391,archived_314159_anchor,1,SAFE-ALPHA,0,1,1,16,258.1875
3,0,315391,archived_314159_anchor,1,Matched terminal weighted e-BH,0,1,1,16,1146.5
3,0,315392,archived_314159_anchor,1,SAFE-ALPHA,0,1,1,16,300.6875
3,0,315392,archived_314159_anchor,1,Matched terminal weighted e-BH,0,1,1,16,1145.5625
3,0,315393,archived_314159_anchor,1,SAFE-ALPHA,0,1,1,16,321.9375
3,0,315393,archived_314159_anchor,1,Matched terminal weighted e-BH,0,1,1,16,1146.5
3,0,315394,archived_314159_anchor,1,SAFE-ALPHA,0,1,1,16,276.9375
3,0,315394,archived_314159_anchor,1,Matched terminal weighted e-BH,0,1,1,16,1146.5
3,0,315395,archived_314159_anchor,1,SAFE-ALPHA,0,1,1,16,326.3125
3,0,315395,archived_314159_anchor,1,Matched terminal weighted e-BH,0,1,1,16,1141.8125
3,0,315396,archived_314159_anchor,1,SAFE-ALPHA,0,1,1,16,293.1875
3,0,315396,archived_314159_anchor,1,Matched terminal weighted e-BH,0,1,1,16,1146.5
3,0,315397,archived_314159_anchor,1,SAFE-ALPHA,0,1,1,16,329.75
3,0,315397,archived_314159_anchor,1,Matched terminal weighted e-BH,0,1,1,16,1146.5
3,0,315398,archived_314159_anchor,1,SAFE-ALPHA,0,1,1,16,296.625
3,0,315398,archived_314159_anchor,1,Matched terminal weighted e-BH,0,1,1,16,1146.5
3,0,315399,archived_314159_anchor,1,SAFE-ALPHA,0,0.9375,0.9375,15,257.666666667
3,0,315399,archived_314159_anchor,1,Matched terminal weighted e-BH,0,0.9375,0.9375,15,1151
3,0,315400,archived_314159_anchor,1,SAFE-ALPHA,0,1,1,16,271.3125
3,0,315400,archived_314159_anchor,1,Matched terminal weighted e-BH,0,1,1,16,1146.5
3,0,315401,archived_314159_anchor,1,SAFE-ALPHA,0,1,1,16,284.125
3,0,315401,archived_314159_anchor,1,Matched terminal weighted e-BH,0,1,1,16,1146.5
3,0,315402,archived_314159_anchor,1,SAFE-ALPHA,0,1,1,16,250.0625
3,0,315402,archived_314159_anchor,1,Matched terminal weighted e-BH,0,1,1,16,1144.625
3,0,315403,archived_314159_anchor,1,SAFE-ALPHA,0,1,1,16,275.375
3,0,315403,archived_314159_anchor,1,Matched terminal weighted e-BH,0,1,1,16,1143.6875
3,0,315404,archived_314159_anchor,1,SAFE-ALPHA,0,1,1,16,263.5
3,0,315404,archived_314159_anchor,1,Matched terminal weighted e-BH,0,1,1,16,1146.5
3,0,315405,archived_314159_anchor,1,SAFE-ALPHA,0,1,1,16,309.125
3,0,315405,archived_314159_anchor,1,Matched terminal weighted e-BH,0,1,1,16,1141.8125
3,0,315406,archived_314159_anchor,1,SAFE-ALPHA,0,1,1,16,282.25
3,0,315406,archived_314159_anchor,1,Matched terminal weighted e-BH,0,1,1,16,1146.5
3,0,315407,archived_314159_anchor,1,SAFE-ALPHA,0,1,1,16,288.5
3,0,315407,archived_314159_anchor,1,Matched terminal weighted e-BH,0,1,1,16,1146.5
3,0,315408,archived_314159_anchor,1,SAFE-ALPHA,0,1,1,16,323.5
3,0,315408,archived_314159_anchor,1,Matched terminal weighted e-BH,0,1,1,16,1145.5625
0.5,0.5,315409,archived_314159_anchor,0.9375,SAFE-ALPHA,0,0,0,0,
0.5,0.5,315409,archived_314159_anchor,0.9375,Matched terminal weighted e-BH,0,0,0,0,
0.5,0.5,315410,archived_314159_anchor,0.9375,SAFE-ALPHA,0,0,0,0,
0.5,0.5,315410,archived_314159_anchor,0.9375,Matched terminal weighted e-BH,0,0,0,0,
0.5,0.5,315411,archived_314159_anchor,0.875,SAFE-ALPHA,0,0,0,0,
0.5,0.5,315411,archived_314159_anchor,0.875,Matched terminal weighted e-BH,0,0,0,0,
0.5,0.5,315412,archived_314159_anchor,0.9375,SAFE-ALPHA,0,0,0,0,
0.5,0.5,315412,archived_314159_anchor,0.9375,Matched terminal weighted e-BH,0,0,0,0,
0.5,0.5,315413,archived_314159_anchor,1,SAFE-ALPHA,0,0,0,0,
0.5,0.5,315413,archived_314159_anchor,1,Matched terminal weighted e-BH,0,0,0,0,
0.5,0.5,315414,archived_314159_anchor,1,SAFE-ALPHA,0,0,0,0,
0.5,0.5,315414,archived_314159_anchor,1,Matched terminal weighted e-BH,0,0,0,0,
0.5,0.5,315415,archived_314159_anchor,1,SAFE-ALPHA,0,0,0,0,
0.5,0.5,315415,archived_314159_anchor,1,Matched terminal weighted e-BH,0,0,0,0,
0.5,0.5,315416,archived_314159_anchor,1,SAFE-ALPHA,0,0,0,0,
0.5,0.5,315416,archived_314159_anchor,1,Matched terminal weighted e-BH,0,0,0,0,
0.5,0.5,315417,archived_314159_anchor,0.875,SAFE-ALPHA,0,0,0,0,
0.5,0.5,315417,archived_314159_anchor,0.875,Matched terminal weighted e-BH,0,0,0,0,
0.5,0.5,315418,archived_314159_anchor,0.9375,SAFE-ALPHA,0,0,0,0,
0.5,0.5,315418,archived_314159_anchor,0.9375,Matched terminal weighted e-BH,0,0,0,0,
0.5,0.5,315419,archived_314159_anchor,0.9375,SAFE-ALPHA,0.142857142857,0.4,0.375,7,814.333333333
0.5,0.5,315419,archived_314159_anchor,0.9375,Matched terminal weighted e-BH,0,0.0666666666667,0.0625,1,1184
0.5,0.5,315420,archived_314159_anchor,0.8125,SAFE-ALPHA,0,0,0,0,
0.5,0.5,315420,archived_314159_anchor,0.8125,Matched terminal weighted e-BH,0,0,0,0,
0.5,0.5,315421,archived_314159_anchor,0.9375,SAFE-ALPHA,0,0,0,0,
0.5,0.5,315421,archived_314159_anchor,0.9375,Matched terminal weighted e-BH,0,0,0,0,
0.5,0.5,315422,archived_314159_anchor,1,SAFE-ALPHA,0,0,0,0,
0.5,0.5,315422,archived_314159_anchor,1,Matched terminal weighted e-BH,0,0,0,0,
0.5,0.5,315423,archived_314159_anchor,0.9375,SAFE-ALPHA,0,0,0,0,
0.5,0.5,315423,archived_314159_anchor,0.9375,Matched terminal weighted e-BH,0,0,0,0,
0.5,0.5,315424,archived_314159_anchor,0.875,SAFE-ALPHA,0,0,0,0,
0.5,0.5,315424,archived_314159_anchor,0.875,Matched terminal weighted e-BH,0,0,0,0,
0.5,0.5,315425,archived_314159_anchor,0.875,SAFE-ALPHA,0,0.214285714286,0.1875,3,476
0.5,0.5,315425,archived_314159_anchor,0.875,Matched terminal weighted e-BH,0,0.142857142857,0.125,2,1229
0.5,0.5,315426,archived_314159_anchor,0.8125,SAFE-ALPHA,0,0,0,0,
0.5,0.5,315426,archived_314159_anchor,0.8125,Matched terminal weighted e-BH,0,0,0,0,
0.5,0.5,315427,archived_314159_anchor,0.875,SAFE-ALPHA,0,0,0,0,
0.5,0.5,315427,archived_314159_anchor,0.875,Matched terminal weighted e-BH,0,0,0,0,
0.5,0.5,315428,archived_314159_anchor,0.9375,SAFE-ALPHA,0,0,0,0,
0.5,0.5,315428,archived_314159_anchor,0.9375,Matched terminal weighted e-BH,0,0,0,0,
0.5,0.5,315429,archived_314159_anchor,0.9375,SAFE-ALPHA,0,0.2,0.1875,3,794.333333333
0.5,0.5,315429,archived_314159_anchor,0.9375,Matched terminal weighted e-BH,0,0.2,0.1875,3,1229
0.5,0.5,315430,archived_314159_anchor,0.875,SAFE-ALPHA,0.8,0.0714285714286,0.0625,5,726
0.5,0.5,315430,archived_314159_anchor,0.875,Matched terminal weighted e-BH,0,0,0,0,
0.5,0.5,315431,archived_314159_anchor,0.875,SAFE-ALPHA,0,0,0,0,
0.5,0.5,315431,archived_314159_anchor,0.875,Matched terminal weighted e-BH,0,0,0,0,
0.5,0.5,315432,archived_314159_anchor,0.875,SAFE-ALPHA,0,0,0,0,
0.5,0.5,315432,archived_314159_anchor,0.875,Matched terminal weighted e-BH,0,0,0,0,
0.5,0.5,315433,archived_314159_anchor,1,SAFE-ALPHA,0,0,0,0,
0.5,0.5,315433,archived_314159_anchor,1,Matched terminal weighted e-BH,0,0,0,0,
0.5,0.5,315434,archived_314159_anchor,0.9375,SAFE-ALPHA,0,0,0,0,
0.5,0.5,315434,archived_314159_anchor,0.9375,Matched terminal weighted e-BH,0,0,0,0,
0.5,0.5,315435,archived_314159_anchor,0.875,SAFE-ALPHA,0,0,0,0,
0.5,0.5,315435,archived_314159_anchor,0.875,Matched terminal weighted e-BH,0,0,0,0,
0.5,0.5,315436,archived_314159_anchor,1,SAFE-ALPHA,0,0,0,0,
0.5,0.5,315436,archived_314159_anchor,1,Matched terminal weighted e-BH,0,0,0,0,
0.5,0.5,315437,archived_314159_anchor,0.8125,SAFE-ALPHA,0,0,0,0,
0.5,0.5,315437,archived_314159_anchor,0.8125,Matched terminal weighted e-BH,0,0,0,0,
0.5,0.5,315438,archived_314159_anchor,0.75,SAFE-ALPHA,0,0,0,0,
0.5,0.5,315438,archived_314159_anchor,0.75,Matched terminal weighted e-BH,0,0,0,0,
0.5,0.5,315439,archived_314159_anchor,0.8125,SAFE-ALPHA,0,0,0,0,
0.5,0.5,315439,archived_314159_anchor,0.8125,Matched terminal weighted e-BH,0,0,0,0,
0.5,0.5,315440,archived_314159_anchor,0.9375,SAFE-ALPHA,0,0,0,0,
0.5,0.5,315440,archived_314159_anchor,0.9375,Matched terminal weighted e-BH,0,0,0,0,
0.5,0.5,315441,archived_314159_anchor,0.875,SAFE-ALPHA,0,0,0,0,
0.5,0.5,315441,archived_314159_anchor,0.875,Matched terminal weighted e-BH,0,0,0,0,
0.5,0.5,315442,archived_314159_anchor,0.9375,SAFE-ALPHA,0,0,0,0,
0.5,0.5,315442,archived_314159_anchor,0.9375,Matched terminal weighted e-BH,0,0,0,0,
0.5,0.5,315443,archived_314159_anchor,0.75,SAFE-ALPHA,0,0.166666666667,0.125,2,558.5
0.5,0.5,315443,archived_314159_anchor,0.75,Matched terminal weighted e-BH,0,0,0,0,
0.5,0.5,315444,archived_314159_anchor,1,SAFE-ALPHA,0,0,0,0,
0.5,0.5,315444,archived_314159_anchor,1,Matched terminal weighted e-BH,0,0,0,0,
0.5,0.5,315445,archived_314159_anchor,0.9375,SAFE-ALPHA,0,0,0,0,
0.5,0.5,315445,archived_314159_anchor,0.9375,Matched terminal weighted e-BH,0,0,0,0,
0.5,0.5,315446,archived_314159_anchor,1,SAFE-ALPHA,0,0,0,0,
0.5,0.5,315446,archived_314159_anchor,1,Matched terminal weighted e-BH,0,0,0,0,
0.5,0.5,315447,archived_314159_anchor,0.8125,SAFE-ALPHA,0,0,0,0,
0.5,0.5,315447,archived_314159_anchor,0.8125,Matched terminal weighted e-BH,0,0,0,0,
0.5,0.5,315448,archived_314159_anchor,0.875,SAFE-ALPHA,0,0,0,0,
0.5,0.5,315448,archived_314159_anchor,0.875,Matched terminal weighted e-BH,0,0,0,0,
0.5,0.5,315449,archived_314159_anchor,0.9375,SAFE-ALPHA,0,0,0,0,
0.5,0.5,315449,archived_314159_anchor,0.9375,Matched terminal weighted e-BH,0,0,0,0,
0.5,0.5,315450,archived_314159_anchor,1,SAFE-ALPHA,0,0,0,0,
0.5,0.5,315450,archived_314159_anchor,1,Matched terminal weighted e-BH,0,0,0,0,
0.5,0.5,315451,archived_314159_anchor,1,SAFE-ALPHA,0,0,0,0,
0.5,0.5,315451,archived_314159_anchor,1,Matched terminal weighted e-BH,0,0,0,0,
0.5,0.5,315452,archived_314159_anchor,0.875,SAFE-ALPHA,0,0,0,0,
0.5,0.5,315452,archived_314159_anchor,0.875,Matched terminal weighted e-BH,0,0,0,0,
0.5,0.5,315453,archived_314159_anchor,0.875,SAFE-ALPHA,0,0,0,0,
0.5,0.5,315453,archived_314159_anchor,0.875,Matched terminal weighted e-BH,0,0,0,0,
0.5,0.5,315454,archived_314159_anchor,0.875,SAFE-ALPHA,0,0,0,0,
0.5,0.5,315454,archived_314159_anchor,0.875,Matched terminal weighted e-BH,0,0,0,0,
0.5,0.5,315455,archived_314159_anchor,0.8125,SAFE-ALPHA,0,0,0,0,
0.5,0.5,315455,archived_314159_anchor,0.8125,Matched terminal weighted e-BH,0,0,0,0,
0.5,0.5,315456,archived_314159_anchor,0.6875,SAFE-ALPHA,0,0.0909090909091,0.0625,1,236
0.5,0.5,315456,archived_314159_anchor,0.6875,Matched terminal weighted e-BH,0,0,0,0,
0.5,0.5,315457,archived_314159_anchor,0.8125,SAFE-ALPHA,0,0.0769230769231,0.0625,1,1086
0.5,0.5,315457,archived_314159_anchor,0.8125,Matched terminal weighted e-BH,0,0,0,0,
0.5,0.5,315458,archived_314159_anchor,0.9375,SAFE-ALPHA,0,0,0,0,
0.5,0.5,315458,archived_314159_anchor,0.9375,Matched terminal weighted e-BH,0,0,0,0,
0.5,0.5,315459,archived_314159_anchor,0.6875,SAFE-ALPHA,0,0,0,0,
0.5,0.5,315459,archived_314159_anchor,0.6875,Matched terminal weighted e-BH,0,0,0,0,
0.5,0.5,315460,archived_314159_anchor,1,SAFE-ALPHA,0,0,0,0,
0.5,0.5,315460,archived_314159_anchor,1,Matched terminal weighted e-BH,0,0,0,0,
0.5,0.5,315461,archived_314159_anchor,0.8125,SAFE-ALPHA,0,0,0,0,
0.5,0.5,315461,archived_314159_anchor,0.8125,Matched terminal weighted e-BH,0,0,0,0,
0.5,0.5,315462,archived_314159_anchor,0.9375,SAFE-ALPHA,0,0,0,0,
0.5,0.5,315462,archived_314159_anchor,0.9375,Matched terminal weighted e-BH,0,0,0,0,
0.5,0.5,315463,archived_314159_anchor,1,SAFE-ALPHA,0,0,0,0,
0.5,0.5,315463,archived_314159_anchor,1,Matched terminal weighted e-BH,0,0,0,0,
0.5,0.5,315464,archived_314159_anchor,0.875,SAFE-ALPHA,0,0,0,0,
0.5,0.5,315464,archived_314159_anchor,0.875,Matched terminal weighted e-BH,0,0,0,0,
0.5,0.5,315465,archived_314159_anchor,1,SAFE-ALPHA,0,0,0,0,
0.5,0.5,315465,archived_314159_anchor,1,Matched terminal weighted e-BH,0,0,0,0,
0.5,0.5,315466,archived_314159_anchor,0.875,SAFE-ALPHA,0,0,0,0,
0.5,0.5,315466,archived_314159_anchor,0.875,Matched terminal weighted e-BH,0,0,0,0,
0.5,0.5,315467,archived_314159_anchor,0.9375,SAFE-ALPHA,0,0,0,0,
0.5,0.5,315467,archived_314159_anchor,0.9375,Matched terminal weighted e-BH,0,0,0,0,
0.5,0.5,315468,archived_314159_anchor,0.9375,SAFE-ALPHA,0,0,0,0,
0.5,0.5,315468,archived_314159_anchor,0.9375,Matched terminal weighted e-BH,0,0,0,0,
0.5,0.5,315469,archived_314159_anchor,0.875,SAFE-ALPHA,0,0.0714285714286,0.0625,1,601
0.5,0.5,315469,archived_314159_anchor,0.875,Matched terminal weighted e-BH,0,0,0,0,
0.5,0.5,315470,archived_314159_anchor,1,SAFE-ALPHA,0,0,0,0,
0.5,0.5,315470,archived_314159_anchor,1,Matched terminal weighted e-BH,0,0,0,0,
0.5,0.5,315471,archived_314159_anchor,0.9375,SAFE-ALPHA,0,0,0,0,
0.5,0.5,315471,archived_314159_anchor,0.9375,Matched terminal weighted e-BH,0,0,0,0,
0.5,0.5,315472,archived_314159_anchor,1,SAFE-ALPHA,0,0,0,0,
0.5,0.5,315472,archived_314159_anchor,1,Matched terminal weighted e-BH,0,0,0,0,
0.5,0.5,315473,archived_314159_anchor,0.875,SAFE-ALPHA,1,0,0,1,
0.5,0.5,315473,archived_314159_anchor,0.875,Matched terminal weighted e-BH,0,0,0,0,
0.5,0.5,315474,archived_314159_anchor,0.9375,SAFE-ALPHA,0,0,0,0,
0.5,0.5,315474,archived_314159_anchor,0.9375,Matched terminal weighted e-BH,0,0,0,0,
0.5,0.5,315475,archived_314159_anchor,1,SAFE-ALPHA,0,0,0,0,
0.5,0.5,315475,archived_314159_anchor,1,Matched terminal weighted e-BH,0,0,0,0,
0.5,0.5,315476,archived_314159_anchor,0.875,SAFE-ALPHA,0,0,0,0,
0.5,0.5,315476,archived_314159_anchor,0.875,Matched terminal weighted e-BH,0,0,0,0,
0.5,0.5,315477,archived_314159_anchor,0.8125,SAFE-ALPHA,0,0,0,0,
0.5,0.5,315477,archived_314159_anchor,0.8125,Matched terminal weighted e-BH,0,0,0,0,
0.5,0.5,315478,archived_314159_anchor,0.75,SAFE-ALPHA,0,0.0833333333333,0.0625,1,561
0.5,0.5,315478,archived_314159_anchor,0.75,Matched terminal weighted e-BH,0,0,0,0,
0.5,0.5,315479,archived_314159_anchor,0.9375,SAFE-ALPHA,0,0,0,0,
0.5,0.5,315479,archived_314159_anchor,0.9375,Matched terminal weighted e-BH,0,0,0,0,
0.5,0.5,315480,archived_314159_anchor,0.875,SAFE-ALPHA,0,0,0,0,
0.5,0.5,315480,archived_314159_anchor,0.875,Matched terminal weighted e-BH,0,0,0,0,
0.5,0.5,315481,archived_314159_anchor,1,SAFE-ALPHA,0,0,0,0,
0.5,0.5,315481,archived_314159_anchor,1,Matched terminal weighted e-BH,0,0,0,0,
0.5,0.5,315482,archived_314159_anchor,1,SAFE-ALPHA,0,0,0,0,
0.5,0.5,315482,archived_314159_anchor,1,Matched terminal weighted e-BH,0,0,0,0,
0.5,0.5,315483,archived_314159_anchor,0.9375,SAFE-ALPHA,0,0.333333333333,0.3125,5,728
0.5,0.5,315483,archived_314159_anchor,0.9375,Matched terminal weighted e-BH,0,0,0,0,
0.5,0.5,315484,archived_314159_anchor,1,SAFE-ALPHA,0,0,0,0,
0.5,0.5,315484,archived_314159_anchor,1,Matched terminal weighted e-BH,0,0,0,0,
0.5,0.5,315485,archived_314159_anchor,0.875,SAFE-ALPHA,0,0,0,0,
0.5,0.5,315485,archived_314159_anchor,0.875,Matched terminal weighted e-BH,0,0,0,0,
0.5,0.5,315486,archived_314159_anchor,0.9375,SAFE-ALPHA,0,0.133333333333,0.125,2,768.5
0.5,0.5,315486,archived_314159_anchor,0.9375,Matched terminal weighted e-BH,0,0.133333333333,0.125,2,1236.5
0.5,0.5,315487,archived_314159_anchor,0.9375,SAFE-ALPHA,0,0,0,0,
0.5,0.5,315487,archived_314159_anchor,0.9375,Matched terminal weighted e-BH,0,0,0,0,
0.5,0.5,315488,archived_314159_anchor,0.75,SAFE-ALPHA,0,0,0,0,
0.5,0.5,315488,archived_314159_anchor,0.75,Matched terminal weighted e-BH,0,0,0,0,
0.5,0.5,315489,archived_314159_anchor,1,SAFE-ALPHA,0,0,0,0,
0.5,0.5,315489,archived_314159_anchor,1,Matched terminal weighted e-BH,0,0,0,0,
0.5,0.5,315490,archived_314159_anchor,1,SAFE-ALPHA,0,0,0,0,
0.5,0.5,315490,archived_314159_anchor,1,Matched terminal weighted e-BH,0,0,0,0,
0.5,0.5,315491,archived_314159_anchor,0.875,SAFE-ALPHA,0,0,0,0,
0.5,0.5,315491,archived_314159_anchor,0.875,Matched terminal weighted e-BH,0,0,0,0,
0.5,0.5,315492,archived_314159_anchor,0.9375,SAFE-ALPHA,0,0,0,0,
0.5,0.5,315492,archived_314159_anchor,0.9375,Matched terminal weighted e-BH,0,0,0,0,
0.5,0.5,315493,archived_314159_anchor,0.9375,SAFE-ALPHA,0,0,0,0,
0.5,0.5,315493,archived_314159_anchor,0.9375,Matched terminal weighted e-BH,0,0,0,0,
0.5,0.5,315494,archived_314159_anchor,0.8125,SAFE-ALPHA,0,0,0,0,
0.5,0.5,315494,archived_314159_anchor,0.8125,Matched terminal weighted e-BH,0,0,0,0,
0.5,0.5,315495,archived_314159_anchor,1,SAFE-ALPHA,0,0,0,0,
0.5,0.5,315495,archived_314159_anchor,1,Matched terminal weighted e-BH,0,0,0,0,
0.5,0.5,315496,archived_314159_anchor,0.875,SAFE-ALPHA,0,0,0,0,
0.5,0.5,315496,archived_314159_anchor,0.875,Matched terminal weighted e-BH,0,0,0,0,
0.5,0.5,315497,archived_314159_anchor,0.875,SAFE-ALPHA,0,0,0,0,
0.5,0.5,315497,archived_314159_anchor,0.875,Matched terminal weighted e-BH,0,0,0,0,
0.5,0.5,315498,archived_314159_anchor,0.9375,SAFE-ALPHA,0,0,0,0,
0.5,0.5,315498,archived_314159_anchor,0.9375,Matched terminal weighted e-BH,0,0,0,0,
0.5,0.5,315499,archived_314159_anchor,0.8125,SAFE-ALPHA,0,0,0,0,
0.5,0.5,315499,archived_314159_anchor,0.8125,Matched terminal weighted e-BH,0,0,0,0,
0.5,0.5,315500,archived_314159_anchor,1,SAFE-ALPHA,0,0,0,0,
0.5,0.5,315500,archived_314159_anchor,1,Matched terminal weighted e-BH,0,0,0,0,
0.5,0.5,315501,archived_314159_anchor,0.875,SAFE-ALPHA,0,0.285714285714,0.25,4,616
0.5,0.5,315501,archived_314159_anchor,0.875,Matched terminal weighted e-BH,0,0.285714285714,0.25,4,1236.5
0.5,0.5,315502,archived_314159_anchor,1,SAFE-ALPHA,0,0,0,0,
0.5,0.5,315502,archived_314159_anchor,1,Matched terminal weighted e-BH,0,0,0,0,
0.5,0.5,315503,archived_314159_anchor,0.8125,SAFE-ALPHA,0,0,0,0,
0.5,0.5,315503,archived_314159_anchor,0.8125,Matched terminal weighted e-BH,0,0,0,0,
0.5,0.5,315504,archived_314159_anchor,0.9375,SAFE-ALPHA,0,0.0666666666667,0.0625,1,1156
0.5,0.5,315504,archived_314159_anchor,0.9375,Matched terminal weighted e-BH,0,0.0666666666667,0.0625,1,1229
0.5,0.5,315505,archived_314159_anchor,0.9375,SAFE-ALPHA,0,0,0,0,
0.5,0.5,315505,archived_314159_anchor,0.9375,Matched terminal weighted e-BH,0,0,0,0,
0.5,0.5,315506,archived_314159_anchor,1,SAFE-ALPHA,0,0,0,0,
0.5,0.5,315506,archived_314159_anchor,1,Matched terminal weighted e-BH,0,0,0,0,
0.5,0.5,315507,archived_314159_anchor,0.8125,SAFE-ALPHA,0,0,0,0,
0.5,0.5,315507,archived_314159_anchor,0.8125,Matched terminal weighted e-BH,0,0,0,0,
0.5,0.5,315508,archived_314159_anchor,0.8125,SAFE-ALPHA,0,0,0,0,
0.5,0.5,315508,archived_314159_anchor,0.8125,Matched terminal weighted e-BH,0,0,0,0,
0.5,0.5,315509,archived_314159_anchor,1,SAFE-ALPHA,0,0,0,0,
0.5,0.5,315509,archived_314159_anchor,1,Matched terminal weighted e-BH,0,0,0,0,
0.5,0.5,315510,archived_314159_anchor,0.9375,SAFE-ALPHA,0,0,0,0,
0.5,0.5,315510,archived_314159_anchor,0.9375,Matched terminal weighted e-BH,0,0,0,0,
0.5,0.5,315511,archived_314159_anchor,0.9375,SAFE-ALPHA,0,0,0,0,
0.5,0.5,315511,archived_314159_anchor,0.9375,Matched terminal weighted e-BH,0,0,0,0,
0.5,0.5,315512,archived_314159_anchor,0.9375,SAFE-ALPHA,0,0,0,0,
0.5,0.5,315512,archived_314159_anchor,0.9375,Matched terminal weighted e-BH,0,0,0,0,
0.5,0.5,315513,archived_314159_anchor,1,SAFE-ALPHA,0,0,0,0,
0.5,0.5,315513,archived_314159_anchor,1,Matched terminal weighted e-BH,0,0,0,0,
0.5,0.5,315514,archived_314159_anchor,0.9375,SAFE-ALPHA,0,0.0666666666667,0.0625,1,791
0.5,0.5,315514,archived_314159_anchor,0.9375,Matched terminal weighted e-BH,0,0.0666666666667,0.0625,1,1259
0.5,0.5,315515,archived_314159_anchor,0.875,SAFE-ALPHA,0,0,0,0,
0.5,0.5,315515,archived_314159_anchor,0.875,Matched terminal weighted e-BH,0,0,0,0,
0.5,0.5,315516,archived_314159_anchor,0.9375,SAFE-ALPHA,0,0,0,0,
0.5,0.5,315516,archived_314159_anchor,0.9375,Matched terminal weighted e-BH,0,0,0,0,
0.5,0.5,315517,archived_314159_anchor,0.9375,SAFE-ALPHA,0,0,0,0,
0.5,0.5,315517,archived_314159_anchor,0.9375,Matched terminal weighted e-BH,0,0,0,0,
0.5,0.5,315518,archived_314159_anchor,0.9375,SAFE-ALPHA,0,0.0666666666667,0.0625,1,691
0.5,0.5,315518,archived_314159_anchor,0.9375,Matched terminal weighted e-BH,0,0,0,0,
0.5,0.5,315519,archived_314159_anchor,0.875,SAFE-ALPHA,0,0,0,0,
0.5,0.5,315519,archived_314159_anchor,0.875,Matched terminal weighted e-BH,0,0,0,0,
0.5,0.5,315520,archived_314159_anchor,0.875,SAFE-ALPHA,0,0,0,0,
0.5,0.5,315520,archived_314159_anchor,0.875,Matched terminal weighted e-BH,0,0,0,0,
0.5,0.5,315521,archived_314159_anchor,0.9375,SAFE-ALPHA,0,0,0,0,
0.5,0.5,315521,archived_314159_anchor,0.9375,Matched terminal weighted e-BH,0,0,0,0,
0.5,0.5,315522,archived_314159_anchor,0.9375,SAFE-ALPHA,0,0,0,0,
0.5,0.5,315522,archived_314159_anchor,0.9375,Matched terminal weighted e-BH,0,0,0,0,
0.5,0.5,315523,archived_314159_anchor,0.8125,SAFE-ALPHA,0,0,0,0,
0.5,0.5,315523,archived_314159_anchor,0.8125,Matched terminal weighted e-BH,0,0,0,0,
0.5,0.5,315524,archived_314159_anchor,0.9375,SAFE-ALPHA,0,0,0,0,
0.5,0.5,315524,archived_314159_anchor,0.9375,Matched terminal weighted e-BH,0,0,0,0,
0.5,0.5,315525,archived_314159_anchor,1,SAFE-ALPHA,0,0,0,0,
0.5,0.5,315525,archived_314159_anchor,1,Matched terminal weighted e-BH,0,0,0,0,
0.5,0.5,315526,archived_314159_anchor,0.9375,SAFE-ALPHA,0,0.0666666666667,0.0625,1,351
0.5,0.5,315526,archived_314159_anchor,0.9375,Matched terminal weighted e-BH,0,0,0,0,
0.5,0.5,315527,archived_314159_anchor,0.75,SAFE-ALPHA,0,0,0,0,
0.5,0.5,315527,archived_314159_anchor,0.75,Matched terminal weighted e-BH,0,0,0,0,
0.5,0.5,315528,archived_314159_anchor,0.9375,SAFE-ALPHA,0,0,0,0,
0.5,0.5,315528,archived_314159_anchor,0.9375,Matched terminal weighted e-BH,0,0,0,0,
0.5,0.5,315529,archived_314159_anchor,1,SAFE-ALPHA,0,0,0,0,
0.5,0.5,315529,archived_314159_anchor,1,Matched terminal weighted e-BH,0,0,0,0,
0.5,0.5,315530,archived_314159_anchor,1,SAFE-ALPHA,0,0,0,0,
0.5,0.5,315530,archived_314159_anchor,1,Matched terminal weighted e-BH,0,0,0,0,
0.5,0.5,315531,archived_314159_anchor,0.9375,SAFE-ALPHA,0,0,0,0,
0.5,0.5,315531,archived_314159_anchor,0.9375,Matched terminal weighted e-BH,0,0,0,0,
0.5,0.5,315532,archived_314159_anchor,0.9375,SAFE-ALPHA,0,0,0,0,
0.5,0.5,315532,archived_314159_anchor,0.9375,Matched terminal weighted e-BH,0,0,0,0,
0.5,0.5,315533,archived_314159_anchor,0.9375,SAFE-ALPHA,0,0,0,0,
0.5,0.5,315533,archived_314159_anchor,0.9375,Matched terminal weighted e-BH,0,0,0,0,
0.5,0.5,315534,archived_314159_anchor,0.9375,SAFE-ALPHA,0,0,0,0,
0.5,0.5,315534,archived_314159_anchor,0.9375,Matched terminal weighted e-BH,0,0,0,0,
0.5,0.5,315535,archived_314159_anchor,0.875,SAFE-ALPHA,0,0.142857142857,0.125,2,806
0.5,0.5,315535,archived_314159_anchor,0.875,Matched terminal weighted e-BH,0,0.0714285714286,0.0625,1,1199
0.5,0.5,315536,archived_314159_anchor,0.9375,SAFE-ALPHA,0,0,0,0,
0.5,0.5,315536,archived_314159_anchor,0.9375,Matched terminal weighted e-BH,0,0,0,0,
0.5,0.5,315537,archived_314159_anchor,0.9375,SAFE-ALPHA,0,0,0,0,
0.5,0.5,315537,archived_314159_anchor,0.9375,Matched terminal weighted e-BH,0,0,0,0,
0.5,0.5,315538,archived_314159_anchor,1,SAFE-ALPHA,0,0,0,0,
0.5,0.5,315538,archived_314159_anchor,1,Matched terminal weighted e-BH,0,0,0,0,
0.5,0.5,315539,archived_314159_anchor,0.8125,SAFE-ALPHA,0,0,0,0,
0.5,0.5,315539,archived_314159_anchor,0.8125,Matched terminal weighted e-BH,0,0,0,0,
0.5,0.5,315540,archived_314159_anchor,0.875,SAFE-ALPHA,0,0,0,0,
0.5,0.5,315540,archived_314159_anchor,0.875,Matched terminal weighted e-BH,0,0,0,0,
0.5,0.5,315541,archived_314159_anchor,0.875,SAFE-ALPHA,0,0,0,0,
0.5,0.5,315541,archived_314159_anchor,0.875,Matched terminal weighted e-BH,0,0,0,0,
0.5,0.5,315542,archived_314159_anchor,1,SAFE-ALPHA,0,0,0,0,
0.5,0.5,315542,archived_314159_anchor,1,Matched terminal weighted e-BH,0,0,0,0,
0.5,0.5,315543,archived_314159_anchor,0.9375,SAFE-ALPHA,0,0,0,0,
0.5,0.5,315543,archived_314159_anchor,0.9375,Matched terminal weighted e-BH,0,0,0,0,
0.5,0.5,315544,archived_314159_anchor,0.9375,SAFE-ALPHA,0,0,0,0,
0.5,0.5,315544,archived_314159_anchor,0.9375,Matched terminal weighted e-BH,0,0,0,0,
0.5,0.5,315545,archived_314159_anchor,1,SAFE-ALPHA,0,0,0,0,
0.5,0.5,315545,archived_314159_anchor,1,Matched terminal weighted e-BH,0,0,0,0,
0.5,0.5,315546,archived_314159_anchor,0.75,SAFE-ALPHA,0,0,0,0,
0.5,0.5,315546,archived_314159_anchor,0.75,Matched terminal weighted e-BH,0,0,0,0,
0.5,0.5,315547,archived_314159_anchor,0.875,SAFE-ALPHA,0,0.142857142857,0.125,2,273.5
0.5,0.5,315547,archived_314159_anchor,0.875,Matched terminal weighted e-BH,0,0,0,0,
0.5,0.5,315548,archived_314159_anchor,0.9375,SAFE-ALPHA,0,0.0666666666667,0.0625,1,356
0.5,0.5,315548,archived_314159_anchor,0.9375,Matched terminal weighted e-BH,0,0,0,0,
0.5,0.5,315549,archived_314159_anchor,0.875,SAFE-ALPHA,0,0,0,0,
0.5,0.5,315549,archived_314159_anchor,0.875,Matched terminal weighted e-BH,0,0,0,0,
0.5,0.5,315550,archived_314159_anchor,0.9375,SAFE-ALPHA,0,0,0,0,
0.5,0.5,315550,archived_314159_anchor,0.9375,Matched terminal weighted e-BH,0,0,0,0,
0.5,0.5,315551,archived_314159_anchor,0.9375,SAFE-ALPHA,0,0,0,0,
0.5,0.5,315551,archived_314159_anchor,0.9375,Matched terminal weighted e-BH,0,0,0,0,
0.5,0.5,315552,archived_314159_anchor,0.875,SAFE-ALPHA,0,0.0714285714286,0.0625,1,431
0.5,0.5,315552,archived_314159_anchor,0.875,Matched terminal weighted e-BH,0,0,0,0,
0.5,0.5,315553,archived_314159_anchor,0.9375,SAFE-ALPHA,0,0,0,0,
0.5,0.5,315553,archived_314159_anchor,0.9375,Matched terminal weighted e-BH,0,0,0,0,
0.5,0.5,315554,archived_314159_anchor,1,SAFE-ALPHA,0,0,0,0,
0.5,0.5,315554,archived_314159_anchor,1,Matched terminal weighted e-BH,0,0,0,0,
0.5,0.5,315555,archived_314159_anchor,0.8125,SAFE-ALPHA,0,0,0,0,
0.5,0.5,315555,archived_314159_anchor,0.8125,Matched terminal weighted e-BH,0,0,0,0,
0.5,0.5,315556,archived_314159_anchor,0.8125,SAFE-ALPHA,0.5,0.0769230769231,0.0625,2,316
0.5,0.5,315556,archived_314159_anchor,0.8125,Matched terminal weighted e-BH,0.5,0.0769230769231,0.0625,2,1259
0.5,0.5,315557,archived_314159_anchor,1,SAFE-ALPHA,0,0,0,0,
0.5,0.5,315557,archived_314159_anchor,1,Matched terminal weighted e-BH,0,0,0,0,
0.5,0.5,315558,archived_314159_anchor,1,SAFE-ALPHA,0,0.0625,0.0625,1,1106
0.5,0.5,315558,archived_314159_anchor,1,Matched terminal weighted e-BH,0,0.0625,0.0625,1,1229
0.5,0.5,315559,archived_314159_anchor,0.875,SAFE-ALPHA,0,0,0,0,
0.5,0.5,315559,archived_314159_anchor,0.875,Matched terminal weighted e-BH,0,0,0,0,
0.5,0.5,315560,archived_314159_anchor,0.9375,SAFE-ALPHA,0,0,0,0,
0.5,0.5,315560,archived_314159_anchor,0.9375,Matched terminal weighted e-BH,0,0,0,0,
0.5,0.5,315561,archived_314159_anchor,0.75,SAFE-ALPHA,0,0,0,0,
0.5,0.5,315561,archived_314159_anchor,0.75,Matched terminal weighted e-BH,0,0,0,0,
0.5,0.5,315562,archived_314159_anchor,0.875,SAFE-ALPHA,0,0,0,0,
0.5,0.5,315562,archived_314159_anchor,0.875,Matched terminal weighted e-BH,0,0,0,0,
0.5,0.5,315563,archived_314159_anchor,0.9375,SAFE-ALPHA,0,0,0,0,
0.5,0.5,315563,archived_314159_anchor,0.9375,Matched terminal weighted e-BH,0,0,0,0,
0.5,0.5,315564,archived_314159_anchor,1,SAFE-ALPHA,0,0,0,0,
0.5,0.5,315564,archived_314159_anchor,1,Matched terminal weighted e-BH,0,0,0,0,
0.5,0.5,315565,archived_314159_anchor,0.9375,SAFE-ALPHA,0,0,0,0,
0.5,0.5,315565,archived_314159_anchor,0.9375,Matched terminal weighted e-BH,0,0,0,0,
0.5,0.5,315566,archived_314159_anchor,0.9375,SAFE-ALPHA,0,0.0666666666667,0.0625,1,616
0.5,0.5,315566,archived_314159_anchor,0.9375,Matched terminal weighted e-BH,0,0,0,0,
0.5,0.5,315567,archived_314159_anchor,0.875,SAFE-ALPHA,0,0,0,0,
0.5,0.5,315567,archived_314159_anchor,0.875,Matched terminal weighted e-BH,0,0,0,0,
0.5,0.5,315568,archived_314159_anchor,0.875,SAFE-ALPHA,0,0,0,0,
0.5,0.5,315568,archived_314159_anchor,0.875,Matched terminal weighted e-BH,0,0,0,0,
0.5,0.5,315569,archived_314159_anchor,0.9375,SAFE-ALPHA,0,0,0,0,
0.5,0.5,315569,archived_314159_anchor,0.9375,Matched terminal weighted e-BH,0,0,0,0,
0.5,0.5,315570,archived_314159_anchor,1,SAFE-ALPHA,0,0.125,0.125,2,551
0.5,0.5,315570,archived_314159_anchor,1,Matched terminal weighted e-BH,0,0,0,0,
0.5,0.5,315571,archived_314159_anchor,0.875,SAFE-ALPHA,0,0,0,0,
0.5,0.5,315571,archived_314159_anchor,0.875,Matched terminal weighted e-BH,0,0,0,0,
0.5,0.5,315572,archived_314159_anchor,0.9375,SAFE-ALPHA,0,0,0,0,
0.5,0.5,315572,archived_314159_anchor,0.9375,Matched terminal weighted e-BH,0,0,0,0,
0.5,0.5,315573,archived_314159_anchor,1,SAFE-ALPHA,0,0,0,0,
0.5,0.5,315573,archived_314159_anchor,1,Matched terminal weighted e-BH,0,0,0,0,
0.5,0.5,315574,archived_314159_anchor,1,SAFE-ALPHA,0,0,0,0,
0.5,0.5,315574,archived_314159_anchor,1,Matched terminal weighted e-BH,0,0,0,0,
0.5,0.5,315575,archived_314159_anchor,1,SAFE-ALPHA,0,0,0,0,
0.5,0.5,315575,archived_314159_anchor,1,Matched terminal weighted e-BH,0,0,0,0,
0.5,0.5,315576,archived_314159_anchor,0.9375,SAFE-ALPHA,0,0,0,0,
0.5,0.5,315576,archived_314159_anchor,0.9375,Matched terminal weighted e-BH,0,0,0,0,
0.5,0.5,315577,archived_314159_anchor,1,SAFE-ALPHA,0,0,0,0,
0.5,0.5,315577,archived_314159_anchor,1,Matched terminal weighted e-BH,0,0,0,0,
0.5,0.5,315578,archived_314159_anchor,0.875,SAFE-ALPHA,0,0,0,0,
0.5,0.5,315578,archived_314159_anchor,0.875,Matched terminal weighted e-BH,0,0,0,0,
0.5,0.5,315579,archived_314159_anchor,0.9375,SAFE-ALPHA,0,0,0,0,
0.5,0.5,315579,archived_314159_anchor,0.9375,Matched terminal weighted e-BH,0,0,0,0,
0.5,0.5,315580,archived_314159_anchor,1,SAFE-ALPHA,0,0,0,0,
0.5,0.5,315580,archived_314159_anchor,1,Matched terminal weighted e-BH,0,0,0,0,
0.5,0.5,315581,archived_314159_anchor,0.9375,SAFE-ALPHA,0,0.133333333333,0.125,2,903.5
0.5,0.5,315581,archived_314159_anchor,0.9375,Matched terminal weighted e-BH,0,0,0,0,
0.5,0.5,315582,archived_314159_anchor,0.9375,SAFE-ALPHA,0,0,0,0,
0.5,0.5,315582,archived_314159_anchor,0.9375,Matched terminal weighted e-BH,0,0,0,0,
0.5,0.5,315583,archived_314159_anchor,0.8125,SAFE-ALPHA,0,0,0,0,
0.5,0.5,315583,archived_314159_anchor,0.8125,Matched terminal weighted e-BH,0,0,0,0,
0.5,0.5,315584,archived_314159_anchor,0.8125,SAFE-ALPHA,0,0,0,0,
0.5,0.5,315584,archived_314159_anchor,0.8125,Matched terminal weighted e-BH,0,0,0,0,
0.5,0.5,315585,archived_314159_anchor,0.9375,SAFE-ALPHA,0,0,0,0,
0.5,0.5,315585,archived_314159_anchor,0.9375,Matched terminal weighted e-BH,0,0,0,0,
0.5,0.5,315586,archived_314159_anchor,0.9375,SAFE-ALPHA,0,0,0,0,
0.5,0.5,315586,archived_314159_anchor,0.9375,Matched terminal weighted e-BH,0,0,0,0,
0.5,0.5,315587,archived_314159_anchor,1,SAFE-ALPHA,0,0,0,0,
0.5,0.5,315587,archived_314159_anchor,1,Matched terminal weighted e-BH,0,0,0,0,
0.5,0.5,315588,archived_314159_anchor,1,SAFE-ALPHA,0,0,0,0,
0.5,0.5,315588,archived_314159_anchor,1,Matched terminal weighted e-BH,0,0,0,0,
0.5,0.5,315589,archived_314159_anchor,0.9375,SAFE-ALPHA,0,0,0,0,
0.5,0.5,315589,archived_314159_anchor,0.9375,Matched terminal weighted e-BH,0,0,0,0,
0.5,0.5,315590,archived_314159_anchor,0.8125,SAFE-ALPHA,0,0,0,0,
0.5,0.5,315590,archived_314159_anchor,0.8125,Matched terminal weighted e-BH,0,0,0,0,
0.5,0.5,315591,archived_314159_anchor,0.8125,SAFE-ALPHA,1,0,0,2,
0.5,0.5,315591,archived_314159_anchor,0.8125,Matched terminal weighted e-BH,0,0,0,0,
0.5,0.5,315592,archived_314159_anchor,0.875,SAFE-ALPHA,0,0.0714285714286,0.0625,1,851
0.5,0.5,315592,archived_314159_anchor,0.875,Matched terminal weighted e-BH,0,0.0714285714286,0.0625,1,1259
0.5,0.5,315593,archived_314159_anchor,1,SAFE-ALPHA,0,0.0625,0.0625,1,606
0.5,0.5,315593,archived_314159_anchor,1,Matched terminal weighted e-BH,0,0,0,0,
0.5,0.5,315594,archived_314159_anchor,0.9375,SAFE-ALPHA,0,0,0,0,
0.5,0.5,315594,archived_314159_anchor,0.9375,Matched terminal weighted e-BH,0,0,0,0,
0.5,0.5,315595,archived_314159_anchor,1,SAFE-ALPHA,0,0,0,0,
0.5,0.5,315595,archived_314159_anchor,1,Matched terminal weighted e-BH,0,0,0,0,
0.5,0.5,315596,archived_314159_anchor,0.9375,SAFE-ALPHA,0,0,0,0,
0.5,0.5,315596,archived_314159_anchor,0.9375,Matched terminal weighted e-BH,0,0,0,0,
0.5,0.5,315597,archived_314159_anchor,0.875,SAFE-ALPHA,0,0,0,0,
0.5,0.5,315597,archived_314159_anchor,0.875,Matched terminal weighted e-BH,0,0,0,0,
0.5,0.5,315598,archived_314159_anchor,0.875,SAFE-ALPHA,0,0,0,0,
0.5,0.5,315598,archived_314159_anchor,0.875,Matched terminal weighted e-BH,0,0,0,0,
0.5,0.5,315599,archived_314159_anchor,0.875,SAFE-ALPHA,0,0,0,0,
0.5,0.5,315599,archived_314159_anchor,0.875,Matched terminal weighted e-BH,0,0,0,0,
0.5,0.5,315600,archived_314159_anchor,0.9375,SAFE-ALPHA,0,0,0,0,
0.5,0.5,315600,archived_314159_anchor,0.9375,Matched terminal weighted e-BH,0,0,0,0,
0.5,0.5,315601,archived_314159_anchor,0.875,SAFE-ALPHA,0,0,0,0,
0.5,0.5,315601,archived_314159_anchor,0.875,Matched terminal weighted e-BH,0,0,0,0,
0.5,0.5,315602,archived_314159_anchor,1,SAFE-ALPHA,0,0,0,0,
0.5,0.5,315602,archived_314159_anchor,1,Matched terminal weighted e-BH,0,0,0,0,
0.5,0.5,315603,archived_314159_anchor,0.875,SAFE-ALPHA,0,0.0714285714286,0.0625,1,321
0.5,0.5,315603,archived_314159_anchor,0.875,Matched terminal weighted e-BH,0,0,0,0,
0.5,0.5,315604,archived_314159_anchor,0.9375,SAFE-ALPHA,0,0,0,0,
0.5,0.5,315604,archived_314159_anchor,0.9375,Matched terminal weighted e-BH,0,0,0,0,
0.5,0.5,315605,archived_314159_anchor,0.8125,SAFE-ALPHA,0,0,0,0,
0.5,0.5,315605,archived_314159_anchor,0.8125,Matched terminal weighted e-BH,0,0,0,0,
0.5,0.5,315606,archived_314159_anchor,0.8125,SAFE-ALPHA,0,0,0,0,
0.5,0.5,315606,archived_314159_anchor,0.8125,Matched terminal weighted e-BH,0,0,0,0,
0.5,0.5,315607,archived_314159_anchor,1,SAFE-ALPHA,0,0.125,0.125,2,1048.5
0.5,0.5,315607,archived_314159_anchor,1,Matched terminal weighted e-BH,0,0.125,0.125,2,1251.5
0.5,0.5,315608,archived_314159_anchor,1,SAFE-ALPHA,0,0.125,0.125,2,943.5
0.5,0.5,315608,archived_314159_anchor,1,Matched terminal weighted e-BH,0,0.0625,0.0625,1,1154
0.5,0.5,315609,archived_314159_anchor,0.9375,SAFE-ALPHA,0,0,0,0,
0.5,0.5,315609,archived_314159_anchor,0.9375,Matched terminal weighted e-BH,0,0,0,0,
0.5,0.5,315610,archived_314159_anchor,0.875,SAFE-ALPHA,0,0,0,0,
0.5,0.5,315610,archived_314159_anchor,0.875,Matched terminal weighted e-BH,0,0,0,0,
0.5,0.5,315611,archived_314159_anchor,0.8125,SAFE-ALPHA,0,0,0,0,
0.5,0.5,315611,archived_314159_anchor,0.8125,Matched terminal weighted e-BH,0,0,0,0,
0.5,0.5,315612,archived_314159_anchor,0.875,SAFE-ALPHA,0,0,0,0,
0.5,0.5,315612,archived_314159_anchor,0.875,Matched terminal weighted e-BH,0,0,0,0,
0.5,0.5,315613,archived_314159_anchor,0.8125,SAFE-ALPHA,0,0,0,0,
0.5,0.5,315613,archived_314159_anchor,0.8125,Matched terminal weighted e-BH,0,0,0,0,
0.5,0.5,315614,archived_314159_anchor,0.9375,SAFE-ALPHA,0,0.133333333333,0.125,2,321
0.5,0.5,315614,archived_314159_anchor,0.9375,Matched terminal weighted e-BH,0,0,0,0,
0.5,0.5,315615,archived_314159_anchor,0.9375,SAFE-ALPHA,0,0.0666666666667,0.0625,1,806
0.5,0.5,315615,archived_314159_anchor,0.9375,Matched terminal weighted e-BH,0,0,0,0,
0.5,0.5,315616,archived_314159_anchor,0.875,SAFE-ALPHA,0,0,0,0,
0.5,0.5,315616,archived_314159_anchor,0.875,Matched terminal weighted e-BH,0,0,0,0,
0.5,0.5,315617,archived_314159_anchor,0.9375,SAFE-ALPHA,0,0,0,0,
0.5,0.5,315617,archived_314159_anchor,0.9375,Matched terminal weighted e-BH,0,0,0,0,
0.5,0.5,315618,archived_314159_anchor,0.9375,SAFE-ALPHA,0,0,0,0,
0.5,0.5,315618,archived_314159_anchor,0.9375,Matched terminal weighted e-BH,0,0,0,0,
0.5,0.5,315619,archived_314159_anchor,0.9375,SAFE-ALPHA,0,0,0,0,
0.5,0.5,315619,archived_314159_anchor,0.9375,Matched terminal weighted e-BH,0,0,0,0,
0.5,0.5,315620,archived_314159_anchor,0.9375,SAFE-ALPHA,0,0,0,0,
0.5,0.5,315620,archived_314159_anchor,0.9375,Matched terminal weighted e-BH,0,0,0,0,
0.5,0.5,315621,archived_314159_anchor,1,SAFE-ALPHA,0,0,0,0,
0.5,0.5,315621,archived_314159_anchor,1,Matched terminal weighted e-BH,0,0,0,0,
0.5,0.5,315622,archived_314159_anchor,0.9375,SAFE-ALPHA,0,0,0,0,
0.5,0.5,315622,archived_314159_anchor,0.9375,Matched terminal weighted e-BH,0,0,0,0,
0.5,0.5,315623,archived_314159_anchor,1,SAFE-ALPHA,0,0,0,0,
0.5,0.5,315623,archived_314159_anchor,1,Matched terminal weighted e-BH,0,0,0,0,
0.5,0.5,315624,archived_314159_anchor,0.75,SAFE-ALPHA,0,0,0,0,
0.5,0.5,315624,archived_314159_anchor,0.75,Matched terminal weighted e-BH,0,0,0,0,
0.5,0.5,315625,archived_314159_anchor,0.9375,SAFE-ALPHA,0,0,0,0,
0.5,0.5,315625,archived_314159_anchor,0.9375,Matched terminal weighted e-BH,0,0,0,0,
0.5,0.5,315626,archived_314159_anchor,0.9375,SAFE-ALPHA,0,0.0666666666667,0.0625,1,396
0.5,0.5,315626,archived_314159_anchor,0.9375,Matched terminal weighted e-BH,0,0,0,0,
0.5,0.5,315627,archived_314159_anchor,0.875,SAFE-ALPHA,0,0,0,0,
0.5,0.5,315627,archived_314159_anchor,0.875,Matched terminal weighted e-BH,0,0,0,0,
0.5,0.5,315628,archived_314159_anchor,0.875,SAFE-ALPHA,0,0,0,0,
0.5,0.5,315628,archived_314159_anchor,0.875,Matched terminal weighted e-BH,0,0,0,0,
0.5,0.5,315629,archived_314159_anchor,0.75,SAFE-ALPHA,0,0,0,0,
0.5,0.5,315629,archived_314159_anchor,0.75,Matched terminal weighted e-BH,0,0,0,0,
0.5,0.5,315630,archived_314159_anchor,1,SAFE-ALPHA,0,0,0,0,
0.5,0.5,315630,archived_314159_anchor,1,Matched terminal weighted e-BH,0,0,0,0,
0.5,0.5,315631,archived_314159_anchor,0.75,SAFE-ALPHA,0,0,0,0,
0.5,0.5,315631,archived_314159_anchor,0.75,Matched terminal weighted e-BH,0,0,0,0,
0.5,0.5,315632,archived_314159_anchor,0.9375,SAFE-ALPHA,0,0.2,0.1875,3,1146
0.5,0.5,315632,archived_314159_anchor,0.9375,Matched terminal weighted e-BH,0,0.133333333333,0.125,2,1251.5
0.5,0.5,315633,archived_314159_anchor,0.875,SAFE-ALPHA,0,0,0,0,
0.5,0.5,315633,archived_314159_anchor,0.875,Matched terminal weighted e-BH,0,0,0,0,
0.5,0.5,315634,archived_314159_anchor,0.875,SAFE-ALPHA,0,0,0,0,
0.5,0.5,315634,archived_314159_anchor,0.875,Matched terminal weighted e-BH,0,0,0,0,
0.5,0.5,315635,archived_314159_anchor,0.8125,SAFE-ALPHA,0,0,0,0,
0.5,0.5,315635,archived_314159_anchor,0.8125,Matched terminal weighted e-BH,0,0,0,0,
0.5,0.5,315636,archived_314159_anchor,1,SAFE-ALPHA,0,0,0,0,
0.5,0.5,315636,archived_314159_anchor,1,Matched terminal weighted e-BH,0,0,0,0,
0.5,0.5,315637,archived_314159_anchor,0.875,SAFE-ALPHA,0,0,0,0,
0.5,0.5,315637,archived_314159_anchor,0.875,Matched terminal weighted e-BH,0,0,0,0,
0.5,0.5,315638,archived_314159_anchor,1,SAFE-ALPHA,0,0,0,0,
0.5,0.5,315638,archived_314159_anchor,1,Matched terminal weighted e-BH,0,0,0,0,
0.5,0.5,315639,archived_314159_anchor,1,SAFE-ALPHA,0,0,0,0,
0.5,0.5,315639,archived_314159_anchor,1,Matched terminal weighted e-BH,0,0,0,0,
0.5,0.5,315640,archived_314159_anchor,0.9375,SAFE-ALPHA,0,0,0,0,
0.5,0.5,315640,archived_314159_anchor,0.9375,Matched terminal weighted e-BH,0,0,0,0,
0.5,0.5,315641,archived_314159_anchor,0.9375,SAFE-ALPHA,0,0,0,0,
0.5,0.5,315641,archived_314159_anchor,0.9375,Matched terminal weighted e-BH,0,0,0,0,
0.5,0.5,315642,archived_314159_anchor,0.875,SAFE-ALPHA,0,0,0,0,
0.5,0.5,315642,archived_314159_anchor,0.875,Matched terminal weighted e-BH,0,0,0,0,
0.5,0.5,315643,archived_314159_anchor,0.8125,SAFE-ALPHA,0,0,0,0,
0.5,0.5,315643,archived_314159_anchor,0.8125,Matched terminal weighted e-BH,0,0,0,0,
0.5,0.5,315644,archived_314159_anchor,0.875,SAFE-ALPHA,0,0,0,0,
0.5,0.5,315644,archived_314159_anchor,0.875,Matched terminal weighted e-BH,0,0,0,0,
0.5,0.5,315645,archived_314159_anchor,0.9375,SAFE-ALPHA,0,0,0,0,
0.5,0.5,315645,archived_314159_anchor,0.9375,Matched terminal weighted e-BH,0,0,0,0,
0.5,0.5,315646,archived_314159_anchor,1,SAFE-ALPHA,0,0,0,0,
0.5,0.5,315646,archived_314159_anchor,1,Matched terminal weighted e-BH,0,0,0,0,
0.5,0.5,315647,archived_314159_anchor,0.9375,SAFE-ALPHA,0.2,0.266666666667,0.25,5,506
0.5,0.5,315647,archived_314159_anchor,0.9375,Matched terminal weighted e-BH,0,0.0666666666667,0.0625,1,1229
0.5,0.5,315648,archived_314159_anchor,0.875,SAFE-ALPHA,0,0,0,0,
0.5,0.5,315648,archived_314159_anchor,0.875,Matched terminal weighted e-BH,0,0,0,0,
0.5,0.5,315649,archived_314159_anchor,0.8125,SAFE-ALPHA,0,0,0,0,
0.5,0.5,315649,archived_314159_anchor,0.8125,Matched terminal weighted e-BH,0,0,0,0,
0.5,0.5,315650,archived_314159_anchor,0.875,SAFE-ALPHA,0,0,0,0,
0.5,0.5,315650,archived_314159_anchor,0.875,Matched terminal weighted e-BH,0,0,0,0,
0.5,0.5,315651,archived_314159_anchor,0.9375,SAFE-ALPHA,0,0.133333333333,0.125,2,988.5
0.5,0.5,315651,archived_314159_anchor,0.9375,Matched terminal weighted e-BH,0,0,0,0,
0.5,0.5,315652,archived_314159_anchor,0.9375,SAFE-ALPHA,0,0.0666666666667,0.0625,1,1031
0.5,0.5,315652,archived_314159_anchor,0.9375,Matched terminal weighted e-BH,0,0,0,0,
0.5,0.5,315653,archived_314159_anchor,0.875,SAFE-ALPHA,0,0,0,0,
0.5,0.5,315653,archived_314159_anchor,0.875,Matched terminal weighted e-BH,0,0,0,0,
0.5,0.5,315654,archived_314159_anchor,0.8125,SAFE-ALPHA,0,0,0,0,
0.5,0.5,315654,archived_314159_anchor,0.8125,Matched terminal weighted e-BH,0,0,0,0,
0.5,0.5,315655,archived_314159_anchor,0.8125,SAFE-ALPHA,0,0,0,0,
0.5,0.5,315655,archived_314159_anchor,0.8125,Matched terminal weighted e-BH,0,0,0,0,
0.5,0.5,315656,archived_314159_anchor,0.875,SAFE-ALPHA,0,0,0,0,
0.5,0.5,315656,archived_314159_anchor,0.875,Matched terminal weighted e-BH,0,0,0,0,
0.5,0.5,315657,archived_314159_anchor,0.875,SAFE-ALPHA,0,0,0,0,
0.5,0.5,315657,archived_314159_anchor,0.875,Matched terminal weighted e-BH,0,0,0,0,
0.5,0.5,315658,archived_314159_anchor,0.9375,SAFE-ALPHA,0,0.133333333333,0.125,2,361
0.5,0.5,315658,archived_314159_anchor,0.9375,Matched terminal weighted e-BH,0,0,0,0,
0.75,0.5,20262230,inserted_20260730_block,0.9375,SAFE-ALPHA,0,0.133333333333,0.125,2,908.5
0.75,0.5,20262230,inserted_20260730_block,0.9375,Matched terminal weighted e-BH,0,0.133333333333,0.125,2,1251.5
0.75,0.5,20262231,inserted_20260730_block,1,SAFE-ALPHA,0,0,0,0,
0.75,0.5,20262231,inserted_20260730_block,1,Matched terminal weighted e-BH,0,0,0,0,
0.75,0.5,20262232,inserted_20260730_block,1,SAFE-ALPHA,0,0.0625,0.0625,1,116
0.75,0.5,20262232,inserted_20260730_block,1,Matched terminal weighted e-BH,0,0,0,0,
0.75,0.5,20262233,inserted_20260730_block,1,SAFE-ALPHA,0,0,0,0,
0.75,0.5,20262233,inserted_20260730_block,1,Matched terminal weighted e-BH,0,0,0,0,
0.75,0.5,20262234,inserted_20260730_block,0.9375,SAFE-ALPHA,0,0,0,0,
0.75,0.5,20262234,inserted_20260730_block,0.9375,Matched terminal weighted e-BH,0,0,0,0,
0.75,0.5,20262235,inserted_20260730_block,0.9375,SAFE-ALPHA,0,0.0666666666667,0.0625,1,626
0.75,0.5,20262235,inserted_20260730_block,0.9375,Matched terminal weighted e-BH,0,0,0,0,
0.75,0.5,20262236,inserted_20260730_block,0.9375,SAFE-ALPHA,0,0,0,0,
0.75,0.5,20262236,inserted_20260730_block,0.9375,Matched terminal weighted e-BH,0,0,0,0,
0.75,0.5,20262237,inserted_20260730_block,1,SAFE-ALPHA,0,0,0,0,
0.75,0.5,20262237,inserted_20260730_block,1,Matched terminal weighted e-BH,0,0,0,0,
0.75,0.5,20262238,inserted_20260730_block,0.9375,SAFE-ALPHA,0,0,0,0,
0.75,0.5,20262238,inserted_20260730_block,0.9375,Matched terminal weighted e-BH,0,0,0,0,
0.75,0.5,20262239,inserted_20260730_block,1,SAFE-ALPHA,0,0.125,0.125,2,761
0.75,0.5,20262239,inserted_20260730_block,1,Matched terminal weighted e-BH,0,0,0,0,
0.75,0.5,20262240,inserted_20260730_block,1,SAFE-ALPHA,0,0,0,0,
0.75,0.5,20262240,inserted_20260730_block,1,Matched terminal weighted e-BH,0,0,0,0,
0.75,0.5,20262241,inserted_20260730_block,1,SAFE-ALPHA,0,0.0625,0.0625,1,236
0.75,0.5,20262241,inserted_20260730_block,1,Matched terminal weighted e-BH,0,0,0,0,
0.75,0.5,20262242,inserted_20260730_block,0.875,SAFE-ALPHA,0,0.0714285714286,0.0625,1,506
0.75,0.5,20262242,inserted_20260730_block,0.875,Matched terminal weighted e-BH,0,0,0,0,
0.75,0.5,20262243,inserted_20260730_block,1,SAFE-ALPHA,0,0,0,0,
0.75,0.5,20262243,inserted_20260730_block,1,Matched terminal weighted e-BH,0,0,0,0,
0.75,0.5,20262244,inserted_20260730_block,1,SAFE-ALPHA,0,0.5,0.5,8,848.5
0.75,0.5,20262244,inserted_20260730_block,1,Matched terminal weighted e-BH,0,0.25,0.25,4,1221.5
0.75,0.5,20262245,inserted_20260730_block,1,SAFE-ALPHA,0,0.0625,0.0625,1,186
0.75,0.5,20262245,inserted_20260730_block,1,Matched terminal weighted e-BH,0,0.0625,0.0625,1,1259
0.75,0.5,20262246,inserted_20260730_block,0.875,SAFE-ALPHA,0,0,0,0,
0.75,0.5,20262246,inserted_20260730_block,0.875,Matched terminal weighted e-BH,0,0,0,0,
0.75,0.5,20262247,inserted_20260730_block,1,SAFE-ALPHA,0,0,0,0,
0.75,0.5,20262247,inserted_20260730_block,1,Matched terminal weighted e-BH,0,0,0,0,
0.75,0.5,20262248,inserted_20260730_block,1,SAFE-ALPHA,0,0.125,0.125,2,936
0.75,0.5,20262248,inserted_20260730_block,1,Matched terminal weighted e-BH,0,0,0,0,
0.75,0.5,20262249,inserted_20260730_block,1,SAFE-ALPHA,0,0.125,0.125,2,856
0.75,0.5,20262249,inserted_20260730_block,1,Matched terminal weighted e-BH,0,0.125,0.125,2,1236.5
0.75,0.5,20262250,inserted_20260730_block,0.9375,SAFE-ALPHA,0,0,0,0,
0.75,0.5,20262250,inserted_20260730_block,0.9375,Matched terminal weighted e-BH,0,0,0,0,
0.75,0.5,20262251,inserted_20260730_block,1,SAFE-ALPHA,0,0,0,0,
0.75,0.5,20262251,inserted_20260730_block,1,Matched terminal weighted e-BH,0,0,0,0,
0.75,0.5,20262252,inserted_20260730_block,1,SAFE-ALPHA,0,0,0,0,
0.75,0.5,20262252,inserted_20260730_block,1,Matched terminal weighted e-BH,0,0,0,0,
0.75,0.5,20262253,inserted_20260730_block,0.9375,SAFE-ALPHA,0,0,0,0,
0.75,0.5,20262253,inserted_20260730_block,0.9375,Matched terminal weighted e-BH,0,0,0,0,
0.75,0.5,20262254,inserted_20260730_block,1,SAFE-ALPHA,0,0,0,0,
0.75,0.5,20262254,inserted_20260730_block,1,Matched terminal weighted e-BH,0,0,0,0,
0.75,0.5,20262255,inserted_20260730_block,0.875,SAFE-ALPHA,0,0.0714285714286,0.0625,1,701
0.75,0.5,20262255,inserted_20260730_block,0.875,Matched terminal weighted e-BH,0,0,0,0,
0.75,0.5,20262256,inserted_20260730_block,1,SAFE-ALPHA,0,0.1875,0.1875,3,317.666666667
0.75,0.5,20262256,inserted_20260730_block,1,Matched terminal weighted e-BH,0,0.125,0.125,2,1251.5
0.75,0.5,20262257,inserted_20260730_block,1,SAFE-ALPHA,0,0.0625,0.0625,1,321
0.75,0.5,20262257,inserted_20260730_block,1,Matched terminal weighted e-BH,0,0,0,0,
0.75,0.5,20262258,inserted_20260730_block,1,SAFE-ALPHA,0,0,0,0,
0.75,0.5,20262258,inserted_20260730_block,1,Matched terminal weighted e-BH,0,0,0,0,
0.75,0.5,20262259,inserted_20260730_block,1,SAFE-ALPHA,0,0,0,0,
0.75,0.5,20262259,inserted_20260730_block,1,Matched terminal weighted e-BH,0,0,0,0,
0.75,0.5,20262260,inserted_20260730_block,1,SAFE-ALPHA,0,0,0,0,
0.75,0.5,20262260,inserted_20260730_block,1,Matched terminal weighted e-BH,0,0,0,0,
0.75,0.5,20262261,inserted_20260730_block,1,SAFE-ALPHA,0,0.0625,0.0625,1,1101
0.75,0.5,20262261,inserted_20260730_block,1,Matched terminal weighted e-BH,0,0,0,0,
0.75,0.5,20262262,inserted_20260730_block,1,SAFE-ALPHA,0,0,0,0,
0.75,0.5,20262262,inserted_20260730_block,1,Matched terminal weighted e-BH,0,0,0,0,
0.75,0.5,20262263,inserted_20260730_block,1,SAFE-ALPHA,0,0,0,0,
0.75,0.5,20262263,inserted_20260730_block,1,Matched terminal weighted e-BH,0,0,0,0,
0.75,0.5,20262264,inserted_20260730_block,1,SAFE-ALPHA,0,0.0625,0.0625,1,256
0.75,0.5,20262264,inserted_20260730_block,1,Matched terminal weighted e-BH,0,0,0,0,
0.75,0.5,20262265,inserted_20260730_block,1,SAFE-ALPHA,0,0.125,0.125,2,928.5
0.75,0.5,20262265,inserted_20260730_block,1,Matched terminal weighted e-BH,0,0,0,0,
0.75,0.5,20262266,inserted_20260730_block,1,SAFE-ALPHA,0,0.125,0.125,2,801
0.75,0.5,20262266,inserted_20260730_block,1,Matched terminal weighted e-BH,0,0,0,0,
0.75,0.5,20262267,inserted_20260730_block,1,SAFE-ALPHA,0,0.1875,0.1875,3,1086
0.75,0.5,20262267,inserted_20260730_block,1,Matched terminal weighted e-BH,0,0.125,0.125,2,1236.5
0.75,0.5,20262268,inserted_20260730_block,1,SAFE-ALPHA,0,0,0,0,
0.75,0.5,20262268,inserted_20260730_block,1,Matched terminal weighted e-BH,0,0,0,0,
0.75,0.5,20262269,inserted_20260730_block,0.9375,SAFE-ALPHA,0,0.2,0.1875,3,561
0.75,0.5,20262269,inserted_20260730_block,0.9375,Matched terminal weighted e-BH,0,0.2,0.1875,3,1244
0.75,0.5,20262270,inserted_20260730_block,0.9375,SAFE-ALPHA,0,0.0666666666667,0.0625,1,771
0.75,0.5,20262270,inserted_20260730_block,0.9375,Matched terminal weighted e-BH,0,0.0666666666667,0.0625,1,1244
0.75,0.5,20262271,inserted_20260730_block,1,SAFE-ALPHA,0,0,0,0,
0.75,0.5,20262271,inserted_20260730_block,1,Matched terminal weighted e-BH,0,0,0,0,
0.75,0.5,20262272,inserted_20260730_block,0.9375,SAFE-ALPHA,0,0,0,0,
0.75,0.5,20262272,inserted_20260730_block,0.9375,Matched terminal weighted e-BH,0,0,0,0,
0.75,0.5,20262273,inserted_20260730_block,1,SAFE-ALPHA,0,0.125,0.125,2,736
0.75,0.5,20262273,inserted_20260730_block,1,Matched terminal weighted e-BH,0,0,0,0,
0.75,0.5,20262274,inserted_20260730_block,1,SAFE-ALPHA,0,0,0,0,
0.75,0.5,20262274,inserted_20260730_block,1,Matched terminal weighted e-BH,0,0,0,0,
0.75,0.5,20262275,inserted_20260730_block,1,SAFE-ALPHA,0,0,0,0,
0.75,0.5,20262275,inserted_20260730_block,1,Matched terminal weighted e-BH,0,0,0,0,
0.75,0.5,20262276,inserted_20260730_block,1,SAFE-ALPHA,0,0,0,0,
0.75,0.5,20262276,inserted_20260730_block,1,Matched terminal weighted e-BH,0,0,0,0,
0.75,0.5,20262277,inserted_20260730_block,0.9375,SAFE-ALPHA,0,0.133333333333,0.125,2,513.5
0.75,0.5,20262277,inserted_20260730_block,0.9375,Matched terminal weighted e-BH,0,0.133333333333,0.125,2,1221.5
0.75,0.5,20262278,inserted_20260730_block,1,SAFE-ALPHA,0,0,0,0,
0.75,0.5,20262278,inserted_20260730_block,1,Matched terminal weighted e-BH,0,0,0,0,
0.75,0.5,20262279,inserted_20260730_block,0.875,SAFE-ALPHA,0,0,0,0,
0.75,0.5,20262279,inserted_20260730_block,0.875,Matched terminal weighted e-BH,0,0,0,0,
0.75,0.5,20262280,inserted_20260730_block,0.9375,SAFE-ALPHA,0,0.0666666666667,0.0625,1,871
0.75,0.5,20262280,inserted_20260730_block,0.9375,Matched terminal weighted e-BH,0,0,0,0,
0.75,0.5,20262281,inserted_20260730_block,1,SAFE-ALPHA,0,0,0,0,
0.75,0.5,20262281,inserted_20260730_block,1,Matched terminal weighted e-BH,0,0,0,0,
0.75,0.5,20262282,inserted_20260730_block,1,SAFE-ALPHA,0,0,0,0,
0.75,0.5,20262282,inserted_20260730_block,1,Matched terminal weighted e-BH,0,0,0,0,
0.75,0.5,20262283,inserted_20260730_block,1,SAFE-ALPHA,0,0,0,0,
0.75,0.5,20262283,inserted_20260730_block,1,Matched terminal weighted e-BH,0,0,0,0,
0.75,0.5,20262284,inserted_20260730_block,1,SAFE-ALPHA,0,0.0625,0.0625,1,1201
0.75,0.5,20262284,inserted_20260730_block,1,Matched terminal weighted e-BH,0,0.0625,0.0625,1,1259
0.75,0.5,20262285,inserted_20260730_block,1,SAFE-ALPHA,0,0,0,0,
0.75,0.5,20262285,inserted_20260730_block,1,Matched terminal weighted e-BH,0,0,0,0,
0.75,0.5,20262286,inserted_20260730_block,1,SAFE-ALPHA,0,0.0625,0.0625,1,726
0.75,0.5,20262286,inserted_20260730_block,1,Matched terminal weighted e-BH,0,0.0625,0.0625,1,1229
0.75,0.5,20262287,inserted_20260730_block,0.9375,SAFE-ALPHA,0,0.333333333333,0.3125,5,678
0.75,0.5,20262287,inserted_20260730_block,0.9375,Matched terminal weighted e-BH,0,0.266666666667,0.25,4,1210.25
0.75,0.5,20262288,inserted_20260730_block,1,SAFE-ALPHA,0,0,0,0,
0.75,0.5,20262288,inserted_20260730_block,1,Matched terminal weighted e-BH,0,0,0,0,
0.75,0.5,20262289,inserted_20260730_block,1,SAFE-ALPHA,0,0,0,0,
0.75,0.5,20262289,inserted_20260730_block,1,Matched terminal weighted e-BH,0,0,0,0,
0.75,0.5,20262290,inserted_20260730_block,1,SAFE-ALPHA,0,0,0,0,
0.75,0.5,20262290,inserted_20260730_block,1,Matched terminal weighted e-BH,0,0,0,0,
0.75,0.5,20262291,inserted_20260730_block,0.9375,SAFE-ALPHA,0,0,0,0,
0.75,0.5,20262291,inserted_20260730_block,0.9375,Matched terminal weighted e-BH,0,0,0,0,
0.75,0.5,20262292,inserted_20260730_block,0.9375,SAFE-ALPHA,0,0,0,0,
0.75,0.5,20262292,inserted_20260730_block,0.9375,Matched terminal weighted e-BH,0,0,0,0,
0.75,0.5,20262293,inserted_20260730_block,1,SAFE-ALPHA,0,0,0,0,
0.75,0.5,20262293,inserted_20260730_block,1,Matched terminal weighted e-BH,0,0,0,0,
0.75,0.5,20262294,inserted_20260730_block,1,SAFE-ALPHA,0,0,0,0,
0.75,0.5,20262294,inserted_20260730_block,1,Matched terminal weighted e-BH,0,0,0,0,
0.75,0.5,20262295,inserted_20260730_block,1,SAFE-ALPHA,0,0,0,0,
0.75,0.5,20262295,inserted_20260730_block,1,Matched terminal weighted e-BH,0,0,0,0,
0.75,0.5,20262296,inserted_20260730_block,0.875,SAFE-ALPHA,0,0,0,0,
0.75,0.5,20262296,inserted_20260730_block,0.875,Matched terminal weighted e-BH,0,0,0,0,
0.75,0.5,20262297,inserted_20260730_block,1,SAFE-ALPHA,0,0,0,0,
0.75,0.5,20262297,inserted_20260730_block,1,Matched terminal weighted e-BH,0,0,0,0,
0.75,0.5,20262298,inserted_20260730_block,1,SAFE-ALPHA,0,0,0,0,
0.75,0.5,20262298,inserted_20260730_block,1,Matched terminal weighted e-BH,0,0,0,0,
0.75,0.5,20262299,inserted_20260730_block,0.9375,SAFE-ALPHA,0,0.0666666666667,0.0625,1,1051
0.75,0.5,20262299,inserted_20260730_block,0.9375,Matched terminal weighted e-BH,0,0.0666666666667,0.0625,1,1229
0.75,0.5,20262300,inserted_20260730_block,1,SAFE-ALPHA,0,0,0,0,
0.75,0.5,20262300,inserted_20260730_block,1,Matched terminal weighted e-BH,0,0,0,0,
0.75,0.5,20262301,inserted_20260730_block,1,SAFE-ALPHA,0,0,0,0,
0.75,0.5,20262301,inserted_20260730_block,1,Matched terminal weighted e-BH,0,0,0,0,
0.75,0.5,20262302,inserted_20260730_block,1,SAFE-ALPHA,0,0,0,0,
0.75,0.5,20262302,inserted_20260730_block,1,Matched terminal weighted e-BH,0,0,0,0,
0.75,0.5,20262303,inserted_20260730_block,1,SAFE-ALPHA,0,0,0,0,
0.75,0.5,20262303,inserted_20260730_block,1,Matched terminal weighted e-BH,0,0,0,0,
0.75,0.5,20262304,inserted_20260730_block,1,SAFE-ALPHA,0,0,0,0,
0.75,0.5,20262304,inserted_20260730_block,1,Matched terminal weighted e-BH,0,0,0,0,
0.75,0.5,20262305,inserted_20260730_block,1,SAFE-ALPHA,0,0,0,0,
0.75,0.5,20262305,inserted_20260730_block,1,Matched terminal weighted e-BH,0,0,0,0,
0.75,0.5,20262306,inserted_20260730_block,0.9375,SAFE-ALPHA,0,0,0,0,
0.75,0.5,20262306,inserted_20260730_block,0.9375,Matched terminal weighted e-BH,0,0,0,0,
0.75,0.5,20262307,inserted_20260730_block,0.875,SAFE-ALPHA,0,0,0,0,
0.75,0.5,20262307,inserted_20260730_block,0.875,Matched terminal weighted e-BH,0,0,0,0,
0.75,0.5,20262308,inserted_20260730_block,1,SAFE-ALPHA,0,0.0625,0.0625,1,826
0.75,0.5,20262308,inserted_20260730_block,1,Matched terminal weighted e-BH,0,0,0,0,
0.75,0.5,20262309,inserted_20260730_block,1,SAFE-ALPHA,0,0,0,0,
0.75,0.5,20262309,inserted_20260730_block,1,Matched terminal weighted e-BH,0,0,0,0,
0.75,0.5,20262310,inserted_20260730_block,0.9375,SAFE-ALPHA,0,0.0666666666667,0.0625,1,1001
0.75,0.5,20262310,inserted_20260730_block,0.9375,Matched terminal weighted e-BH,0,0.0666666666667,0.0625,1,1259
0.75,0.5,20262311,inserted_20260730_block,1,SAFE-ALPHA,0,0.25,0.25,4,817.25
0.75,0.5,20262311,inserted_20260730_block,1,Matched terminal weighted e-BH,0,0.0625,0.0625,1,1094
0.75,0.5,20262312,inserted_20260730_block,0.9375,SAFE-ALPHA,0,0.4,0.375,6,585.166666667
0.75,0.5,20262312,inserted_20260730_block,0.9375,Matched terminal weighted e-BH,0,0.133333333333,0.125,2,1236.5
0.75,0.5,20262313,inserted_20260730_block,0.9375,SAFE-ALPHA,0,0,0,0,
0.75,0.5,20262313,inserted_20260730_block,0.9375,Matched terminal weighted e-BH,0,0,0,0,
0.75,0.5,20262314,inserted_20260730_block,0.9375,SAFE-ALPHA,0,0,0,0,
0.75,0.5,20262314,inserted_20260730_block,0.9375,Matched terminal weighted e-BH,0,0,0,0,
0.75,0.5,20262315,inserted_20260730_block,0.9375,SAFE-ALPHA,0,0,0,0,
0.75,0.5,20262315,inserted_20260730_block,0.9375,Matched terminal weighted e-BH,0,0,0,0,
0.75,0.5,20262316,inserted_20260730_block,0.9375,SAFE-ALPHA,0,0,0,0,
0.75,0.5,20262316,inserted_20260730_block,0.9375,Matched terminal weighted e-BH,0,0,0,0,
0.75,0.5,20262317,inserted_20260730_block,1,SAFE-ALPHA,0,0,0,0,
0.75,0.5,20262317,inserted_20260730_block,1,Matched terminal weighted e-BH,0,0,0,0,
0.75,0.5,20262318,inserted_20260730_block,1,SAFE-ALPHA,0,0,0,0,
0.75,0.5,20262318,inserted_20260730_block,1,Matched terminal weighted e-BH,0,0,0,0,
0.75,0.5,20262319,inserted_20260730_block,0.875,SAFE-ALPHA,0,0,0,0,
0.75,0.5,20262319,inserted_20260730_block,0.875,Matched terminal weighted e-BH,0,0,0,0,
0.75,0.5,20262320,inserted_20260730_block,0.9375,SAFE-ALPHA,0,0,0,0,
0.75,0.5,20262320,inserted_20260730_block,0.9375,Matched terminal weighted e-BH,0,0,0,0,
0.75,0.5,20262321,inserted_20260730_block,1,SAFE-ALPHA,0,0.1875,0.1875,3,172.666666667
0.75,0.5,20262321,inserted_20260730_block,1,Matched terminal weighted e-BH,0,0.125,0.125,2,1244
0.75,0.5,20262322,inserted_20260730_block,0.9375,SAFE-ALPHA,0.333333333333,0.133333333333,0.125,3,571
0.75,0.5,20262322,inserted_20260730_block,0.9375,Matched terminal weighted e-BH,0,0,0,0,
0.75,0.5,20262323,inserted_20260730_block,1,SAFE-ALPHA,0,0.0625,0.0625,1,51
0.75,0.5,20262323,inserted_20260730_block,1,Matched terminal weighted e-BH,0,0.0625,0.0625,1,1259
0.75,0.5,20262324,inserted_20260730_block,0.9375,SAFE-ALPHA,0,0.133333333333,0.125,2,1186
0.75,0.5,20262324,inserted_20260730_block,0.9375,Matched terminal weighted e-BH,0,0.133333333333,0.125,2,1244
0.75,0.5,20262325,inserted_20260730_block,0.9375,SAFE-ALPHA,0,0.2,0.1875,3,889.333333333
0.75,0.5,20262325,inserted_20260730_block,0.9375,Matched terminal weighted e-BH,0,0.0666666666667,0.0625,1,1259
0.75,0.5,20262326,inserted_20260730_block,1,SAFE-ALPHA,0,0,0,0,
0.75,0.5,20262326,inserted_20260730_block,1,Matched terminal weighted e-BH,0,0,0,0,
0.75,0.5,20262327,inserted_20260730_block,0.9375,SAFE-ALPHA,0,0,0,0,
0.75,0.5,20262327,inserted_20260730_block,0.9375,Matched terminal weighted e-BH,0,0,0,0,
0.75,0.5,20262328,inserted_20260730_block,0.9375,SAFE-ALPHA,0,0,0,0,
0.75,0.5,20262328,inserted_20260730_block,0.9375,Matched terminal weighted e-BH,0,0,0,0,
0.75,0.5,20262329,inserted_20260730_block,1,SAFE-ALPHA,0,0,0,0,
0.75,0.5,20262329,inserted_20260730_block,1,Matched terminal weighted e-BH,0,0,0,0,
0.75,0.5,20262330,inserted_20260730_block,1,SAFE-ALPHA,0,0,0,0,
0.75,0.5,20262330,inserted_20260730_block,1,Matched terminal weighted e-BH,0,0,0,0,
0.75,0.5,20262331,inserted_20260730_block,1,SAFE-ALPHA,0,0,0,0,
0.75,0.5,20262331,inserted_20260730_block,1,Matched terminal weighted e-BH,0,0,0,0,
0.75,0.5,20262332,inserted_20260730_block,1,SAFE-ALPHA,0,0,0,0,
0.75,0.5,20262332,inserted_20260730_block,1,Matched terminal weighted e-BH,0,0,0,0,
0.75,0.5,20262333,inserted_20260730_block,0.9375,SAFE-ALPHA,0,0,0,0,
0.75,0.5,20262333,inserted_20260730_block,0.9375,Matched terminal weighted e-BH,0,0,0,0,
0.75,0.5,20262334,inserted_20260730_block,1,SAFE-ALPHA,0,0,0,0,
0.75,0.5,20262334,inserted_20260730_block,1,Matched terminal weighted e-BH,0,0,0,0,
0.75,0.5,20262335,inserted_20260730_block,1,SAFE-ALPHA,0,0.0625,0.0625,1,916
0.75,0.5,20262335,inserted_20260730_block,1,Matched terminal weighted e-BH,0,0.0625,0.0625,1,1169
0.75,0.5,20262336,inserted_20260730_block,1,SAFE-ALPHA,0,0.125,0.125,2,386
0.75,0.5,20262336,inserted_20260730_block,1,Matched terminal weighted e-BH,0,0,0,0,
0.75,0.5,20262337,inserted_20260730_block,1,SAFE-ALPHA,0,0.3125,0.3125,5,927
0.75,0.5,20262337,inserted_20260730_block,1,Matched terminal weighted e-BH,0,0.1875,0.1875,3,1229
0.75,0.5,20262338,inserted_20260730_block,1,SAFE-ALPHA,0,0,0,0,
0.75,0.5,20262338,inserted_20260730_block,1,Matched terminal weighted e-BH,0,0,0,0,
0.75,0.5,20262339,inserted_20260730_block,1,SAFE-ALPHA,0.333333333333,0.25,0.25,6,442.25
0.75,0.5,20262339,inserted_20260730_block,1,Matched terminal weighted e-BH,0.2,0.25,0.25,5,1229
0.75,0.5,20262340,inserted_20260730_block,1,SAFE-ALPHA,0,0.1875,0.1875,3,651
0.75,0.5,20262340,inserted_20260730_block,1,Matched terminal weighted e-BH,0,0,0,0,
0.75,0.5,20262341,inserted_20260730_block,0.875,SAFE-ALPHA,0,0.0714285714286,0.0625,1,591
0.75,0.5,20262341,inserted_20260730_block,0.875,Matched terminal weighted e-BH,0,0,0,0,
0.75,0.5,20262342,inserted_20260730_block,1,SAFE-ALPHA,0,0,0,0,
0.75,0.5,20262342,inserted_20260730_block,1,Matched terminal weighted e-BH,0,0,0,0,
0.75,0.5,20262343,inserted_20260730_block,0.9375,SAFE-ALPHA,0,0,0,0,
0.75,0.5,20262343,inserted_20260730_block,0.9375,Matched terminal weighted e-BH,0,0,0,0,
0.75,0.5,20262344,inserted_20260730_block,1,SAFE-ALPHA,0,0,0,0,
0.75,0.5,20262344,inserted_20260730_block,1,Matched terminal weighted e-BH,0,0,0,0,
0.75,0.5,20262345,inserted_20260730_block,1,SAFE-ALPHA,0,0,0,0,
0.75,0.5,20262345,inserted_20260730_block,1,Matched terminal weighted e-BH,0,0,0,0,
0.75,0.5,20262346,inserted_20260730_block,1,SAFE-ALPHA,0,0,0,0,
0.75,0.5,20262346,inserted_20260730_block,1,Matched terminal weighted e-BH,0,0,0,0,
0.75,0.5,20262347,inserted_20260730_block,1,SAFE-ALPHA,0,0.0625,0.0625,1,651
0.75,0.5,20262347,inserted_20260730_block,1,Matched terminal weighted e-BH,0,0.0625,0.0625,1,1244
0.75,0.5,20262348,inserted_20260730_block,1,SAFE-ALPHA,0,0,0,0,
0.75,0.5,20262348,inserted_20260730_block,1,Matched terminal weighted e-BH,0,0,0,0,
0.75,0.5,20262349,inserted_20260730_block,1,SAFE-ALPHA,0,0.25,0.25,4,624.75
0.75,0.5,20262349,inserted_20260730_block,1,Matched terminal weighted e-BH,0,0.1875,0.1875,3,1239
0.75,0.5,20262350,inserted_20260730_block,0.9375,SAFE-ALPHA,0,0.2,0.1875,3,816
0.75,0.5,20262350,inserted_20260730_block,0.9375,Matched terminal weighted e-BH,0,0.2,0.1875,3,1179
0.75,0.5,20262351,inserted_20260730_block,0.9375,SAFE-ALPHA,0,0,0,0,
0.75,0.5,20262351,inserted_20260730_block,0.9375,Matched terminal weighted e-BH,0,0,0,0,
0.75,0.5,20262352,inserted_20260730_block,1,SAFE-ALPHA,0,0.0625,0.0625,1,1056
0.75,0.5,20262352,inserted_20260730_block,1,Matched terminal weighted e-BH,0,0,0,0,
0.75,0.5,20262353,inserted_20260730_block,1,SAFE-ALPHA,0,0.1875,0.1875,3,1014.33333333
0.75,0.5,20262353,inserted_20260730_block,1,Matched terminal weighted e-BH,0,0,0,0,
0.75,0.5,20262354,inserted_20260730_block,0.875,SAFE-ALPHA,0,0,0,0,
0.75,0.5,20262354,inserted_20260730_block,0.875,Matched terminal weighted e-BH,0,0,0,0,
0.75,0.5,20262355,inserted_20260730_block,0.9375,SAFE-ALPHA,0,0,0,0,
0.75,0.5,20262355,inserted_20260730_block,0.9375,Matched terminal weighted e-BH,0,0,0,0,
0.75,0.5,20262356,inserted_20260730_block,0.9375,SAFE-ALPHA,0,0,0,0,
0.75,0.5,20262356,inserted_20260730_block,0.9375,Matched terminal weighted e-BH,0,0,0,0,
0.75,0.5,20262357,inserted_20260730_block,1,SAFE-ALPHA,0,0.0625,0.0625,1,506
0.75,0.5,20262357,inserted_20260730_block,1,Matched terminal weighted e-BH,0,0.0625,0.0625,1,1259
0.75,0.5,20262358,inserted_20260730_block,1,SAFE-ALPHA,0,0.1875,0.1875,3,797.666666667
0.75,0.5,20262358,inserted_20260730_block,1,Matched terminal weighted e-BH,0,0,0,0,
0.75,0.5,20262359,inserted_20260730_block,1,SAFE-ALPHA,0,0.0625,0.0625,1,1061
0.75,0.5,20262359,inserted_20260730_block,1,Matched terminal weighted e-BH,0,0.0625,0.0625,1,1259
0.75,0.5,20262360,inserted_20260730_block,0.9375,SAFE-ALPHA,0,0,0,0,
0.75,0.5,20262360,inserted_20260730_block,0.9375,Matched terminal weighted e-BH,0,0,0,0,
0.75,0.5,20262361,inserted_20260730_block,1,SAFE-ALPHA,0,0.125,0.125,2,361
0.75,0.5,20262361,inserted_20260730_block,1,Matched terminal weighted e-BH,0,0,0,0,
0.75,0.5,20262362,inserted_20260730_block,0.9375,SAFE-ALPHA,0,0,0,0,
0.75,0.5,20262362,inserted_20260730_block,0.9375,Matched terminal weighted e-BH,0,0,0,0,
0.75,0.5,20262363,inserted_20260730_block,1,SAFE-ALPHA,0,0.0625,0.0625,1,921
0.75,0.5,20262363,inserted_20260730_block,1,Matched terminal weighted e-BH,0,0.0625,0.0625,1,1229
0.75,0.5,20262364,inserted_20260730_block,1,SAFE-ALPHA,0,0,0,0,
0.75,0.5,20262364,inserted_20260730_block,1,Matched terminal weighted e-BH,0,0,0,0,
0.75,0.5,20262365,inserted_20260730_block,1,SAFE-ALPHA,0,0,0,0,
0.75,0.5,20262365,inserted_20260730_block,1,Matched terminal weighted e-BH,0,0,0,0,
0.75,0.5,20262366,inserted_20260730_block,1,SAFE-ALPHA,0,0.0625,0.0625,1,931
0.75,0.5,20262366,inserted_20260730_block,1,Matched terminal weighted e-BH,0,0.0625,0.0625,1,1244
0.75,0.5,20262367,inserted_20260730_block,1,SAFE-ALPHA,0,0,0,0,
0.75,0.5,20262367,inserted_20260730_block,1,Matched terminal weighted e-BH,0,0,0,0,
0.75,0.5,20262368,inserted_20260730_block,1,SAFE-ALPHA,0,0,0,0,
0.75,0.5,20262368,inserted_20260730_block,1,Matched terminal weighted e-BH,0,0,0,0,
0.75,0.5,20262369,inserted_20260730_block,0.9375,SAFE-ALPHA,0,0.0666666666667,0.0625,1,916
0.75,0.5,20262369,inserted_20260730_block,0.9375,Matched terminal weighted e-BH,0,0,0,0,
0.75,0.5,20262370,inserted_20260730_block,1,SAFE-ALPHA,0,0.0625,0.0625,1,951
0.75,0.5,20262370,inserted_20260730_block,1,Matched terminal weighted e-BH,0,0,0,0,
0.75,0.5,20262371,inserted_20260730_block,0.9375,SAFE-ALPHA,0,0,0,0,
0.75,0.5,20262371,inserted_20260730_block,0.9375,Matched terminal weighted e-BH,0,0,0,0,
0.75,0.5,20262372,inserted_20260730_block,0.9375,SAFE-ALPHA,0,0.2,0.1875,3,667.666666667
0.75,0.5,20262372,inserted_20260730_block,0.9375,Matched terminal weighted e-BH,0,0.2,0.1875,3,1244
0.75,0.5,20262373,inserted_20260730_block,0.9375,SAFE-ALPHA,0,0,0,0,
0.75,0.5,20262373,inserted_20260730_block,0.9375,Matched terminal weighted e-BH,0,0,0,0,
0.75,0.5,20262374,inserted_20260730_block,1,SAFE-ALPHA,0,0.1875,0.1875,3,632.666666667
0.75,0.5,20262374,inserted_20260730_block,1,Matched terminal weighted e-BH,0,0.125,0.125,2,1221.5
0.75,0.5,20262375,inserted_20260730_block,0.9375,SAFE-ALPHA,0,0,0,0,
0.75,0.5,20262375,inserted_20260730_block,0.9375,Matched terminal weighted e-BH,0,0,0,0,
0.75,0.5,20262376,inserted_20260730_block,0.9375,SAFE-ALPHA,0,0,0,0,
0.75,0.5,20262376,inserted_20260730_block,0.9375,Matched terminal weighted e-BH,0,0,0,0,
0.75,0.5,20262377,inserted_20260730_block,1,SAFE-ALPHA,0,0,0,0,
0.75,0.5,20262377,inserted_20260730_block,1,Matched terminal weighted e-BH,0,0,0,0,
0.75,0.5,20262378,inserted_20260730_block,0.9375,SAFE-ALPHA,0,0,0,0,
0.75,0.5,20262378,inserted_20260730_block,0.9375,Matched terminal weighted e-BH,0,0,0,0,
0.75,0.5,20262379,inserted_20260730_block,0.9375,SAFE-ALPHA,0,0,0,0,
0.75,0.5,20262379,inserted_20260730_block,0.9375,Matched terminal weighted e-BH,0,0,0,0,
0.75,0.5,20262380,inserted_20260730_block,1,SAFE-ALPHA,0,0.25,0.25,4,1166
0.75,0.5,20262380,inserted_20260730_block,1,Matched terminal weighted e-BH,0,0.1875,0.1875,3,1219
0.75,0.5,20262381,inserted_20260730_block,0.875,SAFE-ALPHA,0,0,0,0,
0.75,0.5,20262381,inserted_20260730_block,0.875,Matched terminal weighted e-BH,0,0,0,0,
0.75,0.5,20262382,inserted_20260730_block,1,SAFE-ALPHA,0,0.1875,0.1875,3,417.666666667
0.75,0.5,20262382,inserted_20260730_block,1,Matched terminal weighted e-BH,0,0,0,0,
0.75,0.5,20262383,inserted_20260730_block,0.875,SAFE-ALPHA,0,0.0714285714286,0.0625,1,1051
0.75,0.5,20262383,inserted_20260730_block,0.875,Matched terminal weighted e-BH,0,0.0714285714286,0.0625,1,1259
0.75,0.5,20262384,inserted_20260730_block,0.9375,SAFE-ALPHA,0,0.133333333333,0.125,2,683.5
0.75,0.5,20262384,inserted_20260730_block,0.9375,Matched terminal weighted e-BH,0,0,0,0,
0.75,0.5,20262385,inserted_20260730_block,1,SAFE-ALPHA,0,0,0,0,
0.75,0.5,20262385,inserted_20260730_block,1,Matched terminal weighted e-BH,0,0,0,0,
0.75,0.5,20262386,inserted_20260730_block,1,SAFE-ALPHA,0,0,0,0,
0.75,0.5,20262386,inserted_20260730_block,1,Matched terminal weighted e-BH,0,0,0,0,
0.75,0.5,20262387,inserted_20260730_block,0.8125,SAFE-ALPHA,0,0.153846153846,0.125,2,458.5
0.75,0.5,20262387,inserted_20260730_block,0.8125,Matched terminal weighted e-BH,0,0,0,0,
0.75,0.5,20262388,inserted_20260730_block,1,SAFE-ALPHA,0,0,0,0,
0.75,0.5,20262388,inserted_20260730_block,1,Matched terminal weighted e-BH,0,0,0,0,
0.75,0.5,20262389,inserted_20260730_block,1,SAFE-ALPHA,0,0,0,0,
0.75,0.5,20262389,inserted_20260730_block,1,Matched terminal weighted e-BH,0,0,0,0,
0.75,0.5,20262390,inserted_20260730_block,1,SAFE-ALPHA,0,0,0,0,
0.75,0.5,20262390,inserted_20260730_block,1,Matched terminal weighted e-BH,0,0,0,0,
0.75,0.5,20262391,inserted_20260730_block,1,SAFE-ALPHA,0,0,0,0,
0.75,0.5,20262391,inserted_20260730_block,1,Matched terminal weighted e-BH,0,0,0,0,
0.75,0.5,20262392,inserted_20260730_block,1,SAFE-ALPHA,0,0,0,0,
0.75,0.5,20262392,inserted_20260730_block,1,Matched terminal weighted e-BH,0,0,0,0,
0.75,0.5,20262393,inserted_20260730_block,1,SAFE-ALPHA,0,0.0625,0.0625,1,571
0.75,0.5,20262393,inserted_20260730_block,1,Matched terminal weighted e-BH,0,0.0625,0.0625,1,1244
0.75,0.5,20262394,inserted_20260730_block,1,SAFE-ALPHA,0,0.4375,0.4375,7,602.428571429
0.75,0.5,20262394,inserted_20260730_block,1,Matched terminal weighted e-BH,0,0,0,0,
0.75,0.5,20262395,inserted_20260730_block,1,SAFE-ALPHA,0,0,0,0,
0.75,0.5,20262395,inserted_20260730_block,1,Matched terminal weighted e-BH,0,0,0,0,
0.75,0.5,20262396,inserted_20260730_block,1,SAFE-ALPHA,0,0,0,0,
0.75,0.5,20262396,inserted_20260730_block,1,Matched terminal weighted e-BH,0,0,0,0,
0.75,0.5,20262397,inserted_20260730_block,0.9375,SAFE-ALPHA,0,0,0,0,
0.75,0.5,20262397,inserted_20260730_block,0.9375,Matched terminal weighted e-BH,0,0,0,0,
0.75,0.5,20262398,inserted_20260730_block,0.9375,SAFE-ALPHA,0,0,0,0,
0.75,0.5,20262398,inserted_20260730_block,0.9375,Matched terminal weighted e-BH,0,0,0,0,
0.75,0.5,20262399,inserted_20260730_block,0.9375,SAFE-ALPHA,0,0.133333333333,0.125,2,778.5
0.75,0.5,20262399,inserted_20260730_block,0.9375,Matched terminal weighted e-BH,0,0.133333333333,0.125,2,1229
0.75,0.5,20262400,inserted_20260730_block,0.9375,SAFE-ALPHA,0,0,0,0,
0.75,0.5,20262400,inserted_20260730_block,0.9375,Matched terminal weighted e-BH,0,0,0,0,
0.75,0.5,20262401,inserted_20260730_block,1,SAFE-ALPHA,0,0,0,0,
0.75,0.5,20262401,inserted_20260730_block,1,Matched terminal weighted e-BH,0,0,0,0,
0.75,0.5,20262402,inserted_20260730_block,1,SAFE-ALPHA,0,0,0,0,
0.75,0.5,20262402,inserted_20260730_block,1,Matched terminal weighted e-BH,0,0,0,0,
0.75,0.5,20262403,inserted_20260730_block,1,SAFE-ALPHA,0,0,0,0,
0.75,0.5,20262403,inserted_20260730_block,1,Matched terminal weighted e-BH,0,0,0,0,
0.75,0.5,20262404,inserted_20260730_block,1,SAFE-ALPHA,0,0,0,0,
0.75,0.5,20262404,inserted_20260730_block,1,Matched terminal weighted e-BH,0,0,0,0,
0.75,0.5,20262405,inserted_20260730_block,1,SAFE-ALPHA,0,0,0,0,
0.75,0.5,20262405,inserted_20260730_block,1,Matched terminal weighted e-BH,0,0,0,0,
0.75,0.5,20262406,inserted_20260730_block,0.875,SAFE-ALPHA,0,0.142857142857,0.125,2,306
0.75,0.5,20262406,inserted_20260730_block,0.875,Matched terminal weighted e-BH,0,0.142857142857,0.125,2,1251.5
0.75,0.5,20262407,inserted_20260730_block,1,SAFE-ALPHA,0,0,0,0,
0.75,0.5,20262407,inserted_20260730_block,1,Matched terminal weighted e-BH,0,0,0,0,
0.75,0.5,20262408,inserted_20260730_block,1,SAFE-ALPHA,0,0.1875,0.1875,3,1007.66666667
0.75,0.5,20262408,inserted_20260730_block,1,Matched terminal weighted e-BH,0,0,0,0,
0.75,0.5,20262409,inserted_20260730_block,0.9375,SAFE-ALPHA,0,0,0,0,
0.75,0.5,20262409,inserted_20260730_block,0.9375,Matched terminal weighted e-BH,0,0,0,0,
0.75,0.5,20262410,inserted_20260730_block,1,SAFE-ALPHA,0,0,0,0,
0.75,0.5,20262410,inserted_20260730_block,1,Matched terminal weighted e-BH,0,0,0,0,
0.75,0.5,20262411,inserted_20260730_block,1,SAFE-ALPHA,0,0.0625,0.0625,1,361
0.75,0.5,20262411,inserted_20260730_block,1,Matched terminal weighted e-BH,0,0,0,0,
0.75,0.5,20262412,inserted_20260730_block,1,SAFE-ALPHA,0,0,0,0,
0.75,0.5,20262412,inserted_20260730_block,1,Matched terminal weighted e-BH,0,0,0,0,
0.75,0.5,20262413,inserted_20260730_block,1,SAFE-ALPHA,0.166666666667,0.625,0.625,12,702.5
0.75,0.5,20262413,inserted_20260730_block,1,Matched terminal weighted e-BH,0.142857142857,0.375,0.375,7,1209
0.75,0.5,20262414,inserted_20260730_block,0.9375,SAFE-ALPHA,0,0,0,0,
0.75,0.5,20262414,inserted_20260730_block,0.9375,Matched terminal weighted e-BH,0,0,0,0,
0.75,0.5,20262415,inserted_20260730_block,1,SAFE-ALPHA,0,0.1875,0.1875,3,982.666666667
0.75,0.5,20262415,inserted_20260730_block,1,Matched terminal weighted e-BH,0,0,0,0,
0.75,0.5,20262416,inserted_20260730_block,1,SAFE-ALPHA,0,0,0,0,
0.75,0.5,20262416,inserted_20260730_block,1,Matched terminal weighted e-BH,0,0,0,0,
0.75,0.5,20262417,inserted_20260730_block,0.9375,SAFE-ALPHA,0,0,0,0,
0.75,0.5,20262417,inserted_20260730_block,0.9375,Matched terminal weighted e-BH,0,0,0,0,
0.75,0.5,20262418,inserted_20260730_block,0.9375,SAFE-ALPHA,0,0,0,0,
0.75,0.5,20262418,inserted_20260730_block,0.9375,Matched terminal weighted e-BH,0,0,0,0,
0.75,0.5,20262419,inserted_20260730_block,0.9375,SAFE-ALPHA,0,0,0,0,
0.75,0.5,20262419,inserted_20260730_block,0.9375,Matched terminal weighted e-BH,0,0,0,0,
0.75,0.5,20262420,inserted_20260730_block,1,SAFE-ALPHA,0,0.1875,0.1875,3,1136
0.75,0.5,20262420,inserted_20260730_block,1,Matched terminal weighted e-BH,0,0.125,0.125,2,1229
0.75,0.5,20262421,inserted_20260730_block,1,SAFE-ALPHA,0,0.0625,0.0625,1,301
0.75,0.5,20262421,inserted_20260730_block,1,Matched terminal weighted e-BH,0,0,0,0,
0.75,0.5,20262422,inserted_20260730_block,1,SAFE-ALPHA,0,0,0,0,
0.75,0.5,20262422,inserted_20260730_block,1,Matched terminal weighted e-BH,0,0,0,0,
0.75,0.5,20262423,inserted_20260730_block,0.9375,SAFE-ALPHA,0,0.133333333333,0.125,2,668.5
0.75,0.5,20262423,inserted_20260730_block,0.9375,Matched terminal weighted e-BH,0,0.133333333333,0.125,2,1251.5
0.75,0.5,20262424,inserted_20260730_block,1,SAFE-ALPHA,0,0,0,0,
0.75,0.5,20262424,inserted_20260730_block,1,Matched terminal weighted e-BH,0,0,0,0,
0.75,0.5,20262425,inserted_20260730_block,1,SAFE-ALPHA,0,0,0,0,
0.75,0.5,20262425,inserted_20260730_block,1,Matched terminal weighted e-BH,0,0,0,0,
0.75,0.5,20262426,inserted_20260730_block,0.9375,SAFE-ALPHA,0,0,0,0,
0.75,0.5,20262426,inserted_20260730_block,0.9375,Matched terminal weighted e-BH,0,0,0,0,
0.75,0.5,20262427,inserted_20260730_block,1,SAFE-ALPHA,0,0,0,0,
0.75,0.5,20262427,inserted_20260730_block,1,Matched terminal weighted e-BH,0,0,0,0,
0.75,0.5,20262428,inserted_20260730_block,1,SAFE-ALPHA,0,0,0,0,
0.75,0.5,20262428,inserted_20260730_block,1,Matched terminal weighted e-BH,0,0,0,0,
0.75,0.5,20262429,inserted_20260730_block,1,SAFE-ALPHA,0,0.3125,0.3125,5,867
0.75,0.5,20262429,inserted_20260730_block,1,Matched terminal weighted e-BH,0,0.25,0.25,4,1195.25
0.75,0.5,20262430,inserted_20260730_block,1,SAFE-ALPHA,0,0.0625,0.0625,1,1016
0.75,0.5,20262430,inserted_20260730_block,1,Matched terminal weighted e-BH,0,0,0,0,
0.75,0.5,20262431,inserted_20260730_block,1,SAFE-ALPHA,0,0,0,0,
0.75,0.5,20262431,inserted_20260730_block,1,Matched terminal weighted e-BH,0,0,0,0,
0.75,0.5,20262432,inserted_20260730_block,1,SAFE-ALPHA,0,0.0625,0.0625,1,711
0.75,0.5,20262432,inserted_20260730_block,1,Matched terminal weighted e-BH,0,0,0,0,
0.75,0.5,20262433,inserted_20260730_block,1,SAFE-ALPHA,0,0,0,0,
0.75,0.5,20262433,inserted_20260730_block,1,Matched terminal weighted e-BH,0,0,0,0,
0.75,0.5,20262434,inserted_20260730_block,1,SAFE-ALPHA,0,0.0625,0.0625,1,956
0.75,0.5,20262434,inserted_20260730_block,1,Matched terminal weighted e-BH,0,0.0625,0.0625,1,1259
0.75,0.5,20262435,inserted_20260730_block,1,SAFE-ALPHA,0,0.0625,0.0625,1,416
0.75,0.5,20262435,inserted_20260730_block,1,Matched terminal weighted e-BH,0,0,0,0,
0.75,0.5,20262436,inserted_20260730_block,0.9375,SAFE-ALPHA,0,0.2,0.1875,3,666
0.75,0.5,20262436,inserted_20260730_block,0.9375,Matched terminal weighted e-BH,0,0.133333333333,0.125,2,1244
0.75,0.5,20262437,inserted_20260730_block,0.9375,SAFE-ALPHA,0,0,0,0,
0.75,0.5,20262437,inserted_20260730_block,0.9375,Matched terminal weighted e-BH,0,0,0,0,
0.75,0.5,20262438,inserted_20260730_block,0.9375,SAFE-ALPHA,0,0.0666666666667,0.0625,1,1091
0.75,0.5,20262438,inserted_20260730_block,0.9375,Matched terminal weighted e-BH,0,0,0,0,
0.75,0.5,20262439,inserted_20260730_block,0.9375,SAFE-ALPHA,0,0,0,0,
0.75,0.5,20262439,inserted_20260730_block,0.9375,Matched terminal weighted e-BH,0,0,0,0,
0.75,0.5,20262440,inserted_20260730_block,1,SAFE-ALPHA,0,0.0625,0.0625,1,126
0.75,0.5,20262440,inserted_20260730_block,1,Matched terminal weighted e-BH,0,0,0,0,
0.75,0.5,20262441,inserted_20260730_block,1,SAFE-ALPHA,0,0,0,0,
0.75,0.5,20262441,inserted_20260730_block,1,Matched terminal weighted e-BH,0,0,0,0,
0.75,0.5,20262442,inserted_20260730_block,1,SAFE-ALPHA,0,0,0,0,
0.75,0.5,20262442,inserted_20260730_block,1,Matched terminal weighted e-BH,0,0,0,0,
0.75,0.5,20262443,inserted_20260730_block,1,SAFE-ALPHA,0,0,0,0,
0.75,0.5,20262443,inserted_20260730_block,1,Matched terminal weighted e-BH,0,0,0,0,
0.75,0.5,20262444,inserted_20260730_block,1,SAFE-ALPHA,0,0.0625,0.0625,1,766
0.75,0.5,20262444,inserted_20260730_block,1,Matched terminal weighted e-BH,0,0,0,0,
0.75,0.5,20262445,inserted_20260730_block,1,SAFE-ALPHA,0,0,0,0,
0.75,0.5,20262445,inserted_20260730_block,1,Matched terminal weighted e-BH,0,0,0,0,
0.75,0.5,20262446,inserted_20260730_block,1,SAFE-ALPHA,0,0,0,0,
0.75,0.5,20262446,inserted_20260730_block,1,Matched terminal weighted e-BH,0,0,0,0,
0.75,0.5,20262447,inserted_20260730_block,0.9375,SAFE-ALPHA,0,0,0,0,
0.75,0.5,20262447,inserted_20260730_block,0.9375,Matched terminal weighted e-BH,0,0,0,0,
0.75,0.5,20262448,inserted_20260730_block,0.9375,SAFE-ALPHA,0,0.0666666666667,0.0625,1,1086
0.75,0.5,20262448,inserted_20260730_block,0.9375,Matched terminal weighted e-BH,0,0,0,0,
0.75,0.5,20262449,inserted_20260730_block,1,SAFE-ALPHA,0,0,0,0,
0.75,0.5,20262449,inserted_20260730_block,1,Matched terminal weighted e-BH,0,0,0,0,
0.75,0.5,20262450,inserted_20260730_block,1,SAFE-ALPHA,0,0,0,0,
0.75,0.5,20262450,inserted_20260730_block,1,Matched terminal weighted e-BH,0,0,0,0,
0.75,0.5,20262451,inserted_20260730_block,1,SAFE-ALPHA,0,0.1875,0.1875,3,1077.66666667
0.75,0.5,20262451,inserted_20260730_block,1,Matched terminal weighted e-BH,0,0.1875,0.1875,3,1239
0.75,0.5,20262452,inserted_20260730_block,0.875,SAFE-ALPHA,0,0,0,0,
0.75,0.5,20262452,inserted_20260730_block,0.875,Matched terminal weighted e-BH,0,0,0,0,
0.75,0.5,20262453,inserted_20260730_block,1,SAFE-ALPHA,0,0,0,0,
0.75,0.5,20262453,inserted_20260730_block,1,Matched terminal weighted e-BH,0,0,0,0,
0.75,0.5,20262454,inserted_20260730_block,1,SAFE-ALPHA,0,0,0,0,
0.75,0.5,20262454,inserted_20260730_block,1,Matched terminal weighted e-BH,0,0,0,0,
0.75,0.5,20262455,inserted_20260730_block,0.9375,SAFE-ALPHA,0,0.0666666666667,0.0625,1,861
0.75,0.5,20262455,inserted_20260730_block,0.9375,Matched terminal weighted e-BH,0,0,0,0,
0.75,0.5,20262456,inserted_20260730_block,0.9375,SAFE-ALPHA,0,0,0,0,
0.75,0.5,20262456,inserted_20260730_block,0.9375,Matched terminal weighted e-BH,0,0,0,0,
0.75,0.5,20262457,inserted_20260730_block,1,SAFE-ALPHA,0,0,0,0,
0.75,0.5,20262457,inserted_20260730_block,1,Matched terminal weighted e-BH,0,0,0,0,
0.75,0.5,20262458,inserted_20260730_block,0.9375,SAFE-ALPHA,0,0.0666666666667,0.0625,1,436
0.75,0.5,20262458,inserted_20260730_block,0.9375,Matched terminal weighted e-BH,0,0,0,0,
0.75,0.5,20262459,inserted_20260730_block,0.9375,SAFE-ALPHA,0,0,0,0,
0.75,0.5,20262459,inserted_20260730_block,0.9375,Matched terminal weighted e-BH,0,0,0,0,
0.75,0.5,20262460,inserted_20260730_block,1,SAFE-ALPHA,0,0,0,0,
0.75,0.5,20262460,inserted_20260730_block,1,Matched terminal weighted e-BH,0,0,0,0,
0.75,0.5,20262461,inserted_20260730_block,1,SAFE-ALPHA,0,0.125,0.125,2,628.5
0.75,0.5,20262461,inserted_20260730_block,1,Matched terminal weighted e-BH,0,0.125,0.125,2,1251.5
0.75,0.5,20262462,inserted_20260730_block,1,SAFE-ALPHA,0,0,0,0,
0.75,0.5,20262462,inserted_20260730_block,1,Matched terminal weighted e-BH,0,0,0,0,
0.75,0.5,20262463,inserted_20260730_block,0.9375,SAFE-ALPHA,0.166666666667,0.333333333333,0.3125,6,991
0.75,0.5,20262463,inserted_20260730_block,0.9375,Matched terminal weighted e-BH,0,0.333333333333,0.3125,5,1163
0.75,0.5,20262464,inserted_20260730_block,1,SAFE-ALPHA,0,0,0,0,
0.75,0.5,20262464,inserted_20260730_block,1,Matched terminal weighted e-BH,0,0,0,0,
0.75,0.5,20262465,inserted_20260730_block,1,SAFE-ALPHA,0,0.3125,0.3125,5,472
0.75,0.5,20262465,inserted_20260730_block,1,Matched terminal weighted e-BH,0,0,0,0,
0.75,0.5,20262466,inserted_20260730_block,1,SAFE-ALPHA,0,0,0,0,
0.75,0.5,20262466,inserted_20260730_block,1,Matched terminal weighted e-BH,0,0,0,0,
0.75,0.5,20262467,inserted_20260730_block,1,SAFE-ALPHA,0,0.0625,0.0625,1,891
0.75,0.5,20262467,inserted_20260730_block,1,Matched terminal weighted e-BH,0,0,0,0,
0.75,0.5,20262468,inserted_20260730_block,1,SAFE-ALPHA,0,0,0,0,
0.75,0.5,20262468,inserted_20260730_block,1,Matched terminal weighted e-BH,0,0,0,0,
0.75,0.5,20262469,inserted_20260730_block,1,SAFE-ALPHA,0,0,0,0,
0.75,0.5,20262469,inserted_20260730_block,1,Matched terminal weighted e-BH,0,0,0,0,
0.75,0.5,20262470,inserted_20260730_block,1,SAFE-ALPHA,0,0.125,0.125,2,378.5
0.75,0.5,20262470,inserted_20260730_block,1,Matched terminal weighted e-BH,0,0,0,0,
0.75,0.5,20262471,inserted_20260730_block,0.9375,SAFE-ALPHA,0,0,0,0,
0.75,0.5,20262471,inserted_20260730_block,0.9375,Matched terminal weighted e-BH,0,0,0,0,
0.75,0.5,20262472,inserted_20260730_block,0.875,SAFE-ALPHA,0,0,0,0,
0.75,0.5,20262472,inserted_20260730_block,0.875,Matched terminal weighted e-BH,0,0,0,0,
0.75,0.5,20262473,inserted_20260730_block,0.875,SAFE-ALPHA,0,0,0,0,
0.75,0.5,20262473,inserted_20260730_block,0.875,Matched terminal weighted e-BH,0,0,0,0,
0.75,0.5,20262474,inserted_20260730_block,1,SAFE-ALPHA,0,0,0,0,
0.75,0.5,20262474,inserted_20260730_block,1,Matched terminal weighted e-BH,0,0,0,0,
0.75,0.5,20262475,inserted_20260730_block,0.9375,SAFE-ALPHA,0,0,0,0,
0.75,0.5,20262475,inserted_20260730_block,0.9375,Matched terminal weighted e-BH,0,0,0,0,
0.75,0.5,20262476,inserted_20260730_block,1,SAFE-ALPHA,0,0,0,0,
0.75,0.5,20262476,inserted_20260730_block,1,Matched terminal weighted e-BH,0,0,0,0,
0.75,0.5,20262477,inserted_20260730_block,1,SAFE-ALPHA,0,0,0,0,
0.75,0.5,20262477,inserted_20260730_block,1,Matched terminal weighted e-BH,0,0,0,0,
0.75,0.5,20262478,inserted_20260730_block,1,SAFE-ALPHA,0,0.125,0.125,2,423.5
0.75,0.5,20262478,inserted_20260730_block,1,Matched terminal weighted e-BH,0,0,0,0,
0.75,0.5,20262479,inserted_20260730_block,1,SAFE-ALPHA,0,0,0,0,
0.75,0.5,20262479,inserted_20260730_block,1,Matched terminal weighted e-BH,0,0,0,0,
1,0.5,315659,archived_314159_anchor,1,SAFE-ALPHA,0,0,0,0,
1,0.5,315659,archived_314159_anchor,1,Matched terminal weighted e-BH,0,0,0,0,
1,0.5,315660,archived_314159_anchor,1,SAFE-ALPHA,0,0.0625,0.0625,1,606
1,0.5,315660,archived_314159_anchor,1,Matched terminal weighted e-BH,0,0,0,0,
1,0.5,315661,archived_314159_anchor,0.9375,SAFE-ALPHA,0,0.466666666667,0.4375,7,608.142857143
1,0.5,315661,archived_314159_anchor,0.9375,Matched terminal weighted e-BH,0,0.466666666667,0.4375,7,1214
1,0.5,315662,archived_314159_anchor,1,SAFE-ALPHA,0,0.0625,0.0625,1,621
1,0.5,315662,archived_314159_anchor,1,Matched terminal weighted e-BH,0,0.0625,0.0625,1,1259
1,0.5,315663,archived_314159_anchor,1,SAFE-ALPHA,0,0.125,0.125,2,1176
1,0.5,315663,archived_314159_anchor,1,Matched terminal weighted e-BH,0,0.125,0.125,2,1229
1,0.5,315664,archived_314159_anchor,1,SAFE-ALPHA,0,0.125,0.125,2,601
1,0.5,315664,archived_314159_anchor,1,Matched terminal weighted e-BH,0,0,0,0,
1,0.5,315665,archived_314159_anchor,1,SAFE-ALPHA,0,0.0625,0.0625,1,116
1,0.5,315665,archived_314159_anchor,1,Matched terminal weighted e-BH,0,0,0,0,
1,0.5,315666,archived_314159_anchor,1,SAFE-ALPHA,0.111111111111,0.5,0.5,9,721
1,0.5,315666,archived_314159_anchor,1,Matched terminal weighted e-BH,0,0.0625,0.0625,1,1259
1,0.5,315667,archived_314159_anchor,1,SAFE-ALPHA,0,0.625,0.625,10,900.5
1,0.5,315667,archived_314159_anchor,1,Matched terminal weighted e-BH,0,0.4375,0.4375,7,1203.28571429
1,0.5,315668,archived_314159_anchor,1,SAFE-ALPHA,0,0.5,0.5,8,530.375
1,0.5,315668,archived_314159_anchor,1,Matched terminal weighted e-BH,0,0.3125,0.3125,5,1163
1,0.5,315669,archived_314159_anchor,1,SAFE-ALPHA,0,0.0625,0.0625,1,596
1,0.5,315669,archived_314159_anchor,1,Matched terminal weighted e-BH,0,0,0,0,
1,0.5,315670,archived_314159_anchor,1,SAFE-ALPHA,0,0.25,0.25,4,658.5
1,0.5,315670,archived_314159_anchor,1,Matched terminal weighted e-BH,0,0.1875,0.1875,3,1239
1,0.5,315671,archived_314159_anchor,1,SAFE-ALPHA,0,0.75,0.75,12,451.833333333
1,0.5,315671,archived_314159_anchor,1,Matched terminal weighted e-BH,0,0.1875,0.1875,3,1224
1,0.5,315672,archived_314159_anchor,1,SAFE-ALPHA,0,0.0625,0.0625,1,521
1,0.5,315672,archived_314159_anchor,1,Matched terminal weighted e-BH,0,0,0,0,
1,0.5,315673,archived_314159_anchor,1,SAFE-ALPHA,0,0.125,0.125,2,903.5
1,0.5,315673,archived_314159_anchor,1,Matched terminal weighted e-BH,0,0,0,0,
1,0.5,315674,archived_314159_anchor,1,SAFE-ALPHA,0,0,0,0,
1,0.5,315674,archived_314159_anchor,1,Matched terminal weighted e-BH,0,0,0,0,
1,0.5,315675,archived_314159_anchor,1,SAFE-ALPHA,0,0.375,0.375,6,791
1,0.5,315675,archived_314159_anchor,1,Matched terminal weighted e-BH,0,0,0,0,
1,0.5,315676,archived_314159_anchor,0.9375,SAFE-ALPHA,0,0.2,0.1875,3,292.666666667
1,0.5,315676,archived_314159_anchor,0.9375,Matched terminal weighted e-BH,0,0.133333333333,0.125,2,1251.5
1,0.5,315677,archived_314159_anchor,1,SAFE-ALPHA,0,0,0,0,
1,0.5,315677,archived_314159_anchor,1,Matched terminal weighted e-BH,0,0,0,0,
1,0.5,315678,archived_314159_anchor,1,SAFE-ALPHA,0,0,0,0,
1,0.5,315678,archived_314159_anchor,1,Matched terminal weighted e-BH,0,0,0,0,
1,0.5,315679,archived_314159_anchor,1,SAFE-ALPHA,0,0.0625,0.0625,1,466
1,0.5,315679,archived_314159_anchor,1,Matched terminal weighted e-BH,0,0,0,0,
1,0.5,315680,archived_314159_anchor,1,SAFE-ALPHA,0,0.3125,0.3125,5,962
1,0.5,315680,archived_314159_anchor,1,Matched terminal weighted e-BH,0,0.25,0.25,4,1199
1,0.5,315681,archived_314159_anchor,1,SAFE-ALPHA,0,0.5625,0.5625,9,674.333333333
1,0.5,315681,archived_314159_anchor,1,Matched terminal weighted e-BH,0,0.4375,0.4375,7,1199
1,0.5,315682,archived_314159_anchor,1,SAFE-ALPHA,0,0.1875,0.1875,3,1182.66666667
1,0.5,315682,archived_314159_anchor,1,Matched terminal weighted e-BH,0,0.1875,0.1875,3,1244
1,0.5,315683,archived_314159_anchor,1,SAFE-ALPHA,0,0.3125,0.3125,5,757
1,0.5,315683,archived_314159_anchor,1,Matched terminal weighted e-BH,0,0.125,0.125,2,1221.5
1,0.5,315684,archived_314159_anchor,1,SAFE-ALPHA,0,0,0,0,
1,0.5,315684,archived_314159_anchor,1,Matched terminal weighted e-BH,0,0,0,0,
1,0.5,315685,archived_314159_anchor,1,SAFE-ALPHA,0,0.125,0.125,2,531
1,0.5,315685,archived_314159_anchor,1,Matched terminal weighted e-BH,0,0,0,0,
1,0.5,315686,archived_314159_anchor,1,SAFE-ALPHA,0,0,0,0,
1,0.5,315686,archived_314159_anchor,1,Matched terminal weighted e-BH,0,0,0,0,
1,0.5,315687,archived_314159_anchor,1,SAFE-ALPHA,0,0.25,0.25,4,1092.25
1,0.5,315687,archived_314159_anchor,1,Matched terminal weighted e-BH,0,0.25,0.25,4,1214
1,0.5,315688,archived_314159_anchor,1,SAFE-ALPHA,0,0.5,0.5,8,1069.75
1,0.5,315688,archived_314159_anchor,1,Matched terminal weighted e-BH,0,0.4375,0.4375,7,1205.42857143
1,0.5,315689,archived_314159_anchor,1,SAFE-ALPHA,0,0,0,0,
1,0.5,315689,archived_314159_anchor,1,Matched terminal weighted e-BH,0,0,0,0,
1,0.5,315690,archived_314159_anchor,1,SAFE-ALPHA,0,0.5,0.5,8,825.375
1,0.5,315690,archived_314159_anchor,1,Matched terminal weighted e-BH,0,0.375,0.375,6,1156.5
1,0.5,315691,archived_314159_anchor,1,SAFE-ALPHA,0,0.0625,0.0625,1,451
1,0.5,315691,archived_314159_anchor,1,Matched terminal weighted e-BH,0,0,0,0,
1,0.5,315692,archived_314159_anchor,1,SAFE-ALPHA,0,0.25,0.25,4,663.5
1,0.5,315692,archived_314159_anchor,1,Matched terminal weighted e-BH,0,0.0625,0.0625,1,1244
1,0.5,315693,archived_314159_anchor,1,SAFE-ALPHA,0,0.125,0.125,2,753.5
1,0.5,315693,archived_314159_anchor,1,Matched terminal weighted e-BH,0,0.125,0.125,2,1251.5
1,0.5,315694,archived_314159_anchor,1,SAFE-ALPHA,0,0,0,0,
1,0.5,315694,archived_314159_anchor,1,Matched terminal weighted e-BH,0,0,0,0,
1,0.5,315695,archived_314159_anchor,1,SAFE-ALPHA,0,0,0,0,
1,0.5,315695,archived_314159_anchor,1,Matched terminal weighted e-BH,0,0,0,0,
1,0.5,315696,archived_314159_anchor,1,SAFE-ALPHA,0,0.125,0.125,2,1041
1,0.5,315696,archived_314159_anchor,1,Matched terminal weighted e-BH,0,0.0625,0.0625,1,1244
1,0.5,315697,archived_314159_anchor,1,SAFE-ALPHA,0,0,0,0,
1,0.5,315697,archived_314159_anchor,1,Matched terminal weighted e-BH,0,0,0,0,
1,0.5,315698,archived_314159_anchor,1,SAFE-ALPHA,0,0,0,0,
1,0.5,315698,archived_314159_anchor,1,Matched terminal weighted e-BH,0,0,0,0,
1,0.5,315699,archived_314159_anchor,0.9375,SAFE-ALPHA,0,0.0666666666667,0.0625,1,56
1,0.5,315699,archived_314159_anchor,0.9375,Matched terminal weighted e-BH,0,0,0,0,
1,0.5,315700,archived_314159_anchor,1,SAFE-ALPHA,0,0,0,0,
1,0.5,315700,archived_314159_anchor,1,Matched terminal weighted e-BH,0,0,0,0,
1,0.5,315701,archived_314159_anchor,1,SAFE-ALPHA,0.0714285714286,0.8125,0.8125,14,440.230769231
1,0.5,315701,archived_314159_anchor,1,Matched terminal weighted e-BH,0,0.4375,0.4375,7,1154
1,0.5,315702,archived_314159_anchor,1,SAFE-ALPHA,0,0.1875,0.1875,3,1057.66666667
1,0.5,315702,archived_314159_anchor,1,Matched terminal weighted e-BH,0,0,0,0,
1,0.5,315703,archived_314159_anchor,1,SAFE-ALPHA,0,0.125,0.125,2,586
1,0.5,315703,archived_314159_anchor,1,Matched terminal weighted e-BH,0,0.0625,0.0625,1,1259
1,0.5,315704,archived_314159_anchor,1,SAFE-ALPHA,0,0.1875,0.1875,3,1135.33333333
1,0.5,315704,archived_314159_anchor,1,Matched terminal weighted e-BH,0,0.1875,0.1875,3,1164
1,0.5,315705,archived_314159_anchor,1,SAFE-ALPHA,0,0,0,0,
1,0.5,315705,archived_314159_anchor,1,Matched terminal weighted e-BH,0,0,0,0,
1,0.5,315706,archived_314159_anchor,0.9375,SAFE-ALPHA,0,0.133333333333,0.125,2,341
1,0.5,315706,archived_314159_anchor,0.9375,Matched terminal weighted e-BH,0,0.0666666666667,0.0625,1,1259
1,0.5,315707,archived_314159_anchor,1,SAFE-ALPHA,0,0.1875,0.1875,3,864.333333333
1,0.5,315707,archived_314159_anchor,1,Matched terminal weighted e-BH,0,0.125,0.125,2,1244
1,0.5,315708,archived_314159_anchor,0.9375,SAFE-ALPHA,0,0,0,0,
1,0.5,315708,archived_314159_anchor,0.9375,Matched terminal weighted e-BH,0,0,0,0,
1,0.5,315709,archived_314159_anchor,1,SAFE-ALPHA,0,0,0,0,
1,0.5,315709,archived_314159_anchor,1,Matched terminal weighted e-BH,0,0,0,0,
1,0.5,315710,archived_314159_anchor,1,SAFE-ALPHA,0,0.25,0.25,4,751
1,0.5,315710,archived_314159_anchor,1,Matched terminal weighted e-BH,0,0.25,0.25,4,1236.5
1,0.5,315711,archived_314159_anchor,1,SAFE-ALPHA,0,0.0625,0.0625,1,761
1,0.5,315711,archived_314159_anchor,1,Matched terminal weighted e-BH,0,0,0,0,
1,0.5,315712,archived_314159_anchor,0.9375,SAFE-ALPHA,0,0.133333333333,0.125,2,906
1,0.5,315712,archived_314159_anchor,0.9375,Matched terminal weighted e-BH,0,0.133333333333,0.125,2,1229
1,0.5,315713,archived_314159_anchor,1,SAFE-ALPHA,0,0.5625,0.5625,9,830.444444444
1,0.5,315713,archived_314159_anchor,1,Matched terminal weighted e-BH,0,0.375,0.375,6,1211.5
1,0.5,315714,archived_314159_anchor,1,SAFE-ALPHA,0,0.125,0.125,2,493.5
1,0.5,315714,archived_314159_anchor,1,Matched terminal weighted e-BH,0,0,0,0,
1,0.5,315715,archived_314159_anchor,1,SAFE-ALPHA,0,0,0,0,
1,0.5,315715,archived_314159_anchor,1,Matched terminal weighted e-BH,0,0,0,0,
1,0.5,315716,archived_314159_anchor,1,SAFE-ALPHA,0,0,0,0,
1,0.5,315716,archived_314159_anchor,1,Matched terminal weighted e-BH,0,0,0,0,
1,0.5,315717,archived_314159_anchor,1,SAFE-ALPHA,0,0.25,0.25,4,679.75
1,0.5,315717,archived_314159_anchor,1,Matched terminal weighted e-BH,0,0.25,0.25,4,1236.5
1,0.5,315718,archived_314159_anchor,1,SAFE-ALPHA,0,0,0,0,
1,0.5,315718,archived_314159_anchor,1,Matched terminal weighted e-BH,0,0,0,0,
1,0.5,315719,archived_314159_anchor,1,SAFE-ALPHA,0,0,0,0,
1,0.5,315719,archived_314159_anchor,1,Matched terminal weighted e-BH,0,0,0,0,
1,0.5,315720,archived_314159_anchor,1,SAFE-ALPHA,0,0.125,0.125,2,928.5
1,0.5,315720,archived_314159_anchor,1,Matched terminal weighted e-BH,0,0.0625,0.0625,1,1244
1,0.5,315721,archived_314159_anchor,1,SAFE-ALPHA,0,0,0,0,
1,0.5,315721,archived_314159_anchor,1,Matched terminal weighted e-BH,0,0,0,0,
1,0.5,315722,archived_314159_anchor,1,SAFE-ALPHA,0,0.6875,0.6875,11,658.272727273
1,0.5,315722,archived_314159_anchor,1,Matched terminal weighted e-BH,0,0.125,0.125,2,1146.5
1,0.5,315723,archived_314159_anchor,1,SAFE-ALPHA,0,0.0625,0.0625,1,501
1,0.5,315723,archived_314159_anchor,1,Matched terminal weighted e-BH,0,0.0625,0.0625,1,1259
1,0.5,315724,archived_314159_anchor,0.9375,SAFE-ALPHA,0,0,0,0,
1,0.5,315724,archived_314159_anchor,0.9375,Matched terminal weighted e-BH,0,0,0,0,
1,0.5,315725,archived_314159_anchor,1,SAFE-ALPHA,0,0.1875,0.1875,3,506
1,0.5,315725,archived_314159_anchor,1,Matched terminal weighted e-BH,0,0,0,0,
1,0.5,315726,archived_314159_anchor,1,SAFE-ALPHA,0,0.1875,0.1875,3,1014.33333333
1,0.5,315726,archived_314159_anchor,1,Matched terminal weighted e-BH,0,0.0625,0.0625,1,1214
1,0.5,315727,archived_314159_anchor,1,SAFE-ALPHA,0,0,0,0,
1,0.5,315727,archived_314159_anchor,1,Matched terminal weighted e-BH,0,0,0,0,
1,0.5,315728,archived_314159_anchor,1,SAFE-ALPHA,0,0.625,0.625,10,703
1,0.5,315728,archived_314159_anchor,1,Matched terminal weighted e-BH,0,0.5625,0.5625,9,1197.33333333
1,0.5,315729,archived_314159_anchor,1,SAFE-ALPHA,0,0.75,0.75,12,823.5
1,0.5,315729,archived_314159_anchor,1,Matched terminal weighted e-BH,0,0.6875,0.6875,11,1178.54545455
1,0.5,315730,archived_314159_anchor,1,SAFE-ALPHA,0,0,0,0,
1,0.5,315730,archived_314159_anchor,1,Matched terminal weighted e-BH,0,0,0,0,
1,0.5,315731,archived_314159_anchor,1,SAFE-ALPHA,0,0,0,0,
1,0.5,315731,archived_314159_anchor,1,Matched terminal weighted e-BH,0,0,0,0,
1,0.5,315732,archived_314159_anchor,1,SAFE-ALPHA,0,0,0,0,
1,0.5,315732,archived_314159_anchor,1,Matched terminal weighted e-BH,0,0,0,0,
1,0.5,315733,archived_314159_anchor,1,SAFE-ALPHA,0,0.125,0.125,2,723.5
1,0.5,315733,archived_314159_anchor,1,Matched terminal weighted e-BH,0,0.125,0.125,2,1251.5
1,0.5,315734,archived_314159_anchor,1,SAFE-ALPHA,0,0,0,0,
1,0.5,315734,archived_314159_anchor,1,Matched terminal weighted e-BH,0,0,0,0,
1,0.5,315735,archived_314159_anchor,0.9375,SAFE-ALPHA,0,0.0666666666667,0.0625,1,206
1,0.5,315735,archived_314159_anchor,0.9375,Matched terminal weighted e-BH,0,0.0666666666667,0.0625,1,1259
1,0.5,315736,archived_314159_anchor,1,SAFE-ALPHA,0,0.1875,0.1875,3,754.333333333
1,0.5,315736,archived_314159_anchor,1,Matched terminal weighted e-BH,0,0,0,0,
1,0.5,315737,archived_314159_anchor,1,SAFE-ALPHA,0,0.0625,0.0625,1,161
1,0.5,315737,archived_314159_anchor,1,Matched terminal weighted e-BH,0,0,0,0,
1,0.5,315738,archived_314159_anchor,1,SAFE-ALPHA,0,0,0,0,
1,0.5,315738,archived_314159_anchor,1,Matched terminal weighted e-BH,0,0,0,0,
1,0.5,315739,archived_314159_anchor,1,SAFE-ALPHA,0,0.0625,0.0625,1,106
1,0.5,315739,archived_314159_anchor,1,Matched terminal weighted e-BH,0,0,0,0,
1,0.5,315740,archived_314159_anchor,1,SAFE-ALPHA,0,0,0,0,
1,0.5,315740,archived_314159_anchor,1,Matched terminal weighted e-BH,0,0,0,0,
1,0.5,315741,archived_314159_anchor,1,SAFE-ALPHA,0,0,0,0,
1,0.5,315741,archived_314159_anchor,1,Matched terminal weighted e-BH,0,0,0,0,
1,0.5,315742,archived_314159_anchor,1,SAFE-ALPHA,0,0.0625,0.0625,1,576
1,0.5,315742,archived_314159_anchor,1,Matched terminal weighted e-BH,0,0,0,0,
1,0.5,315743,archived_314159_anchor,1,SAFE-ALPHA,0,0,0,0,
1,0.5,315743,archived_314159_anchor,1,Matched terminal weighted e-BH,0,0,0,0,
1,0.5,315744,archived_314159_anchor,1,SAFE-ALPHA,0,0.125,0.125,2,708.5
1,0.5,315744,archived_314159_anchor,1,Matched terminal weighted e-BH,0,0.125,0.125,2,1251.5
1,0.5,315745,archived_314159_anchor,1,SAFE-ALPHA,0,0.5625,0.5625,9,434.333333333
1,0.5,315745,archived_314159_anchor,1,Matched terminal weighted e-BH,0,0.0625,0.0625,1,1259
1,0.5,315746,archived_314159_anchor,1,SAFE-ALPHA,0,0,0,0,
1,0.5,315746,archived_314159_anchor,1,Matched terminal weighted e-BH,0,0,0,0,
1,0.5,315747,archived_314159_anchor,1,SAFE-ALPHA,0,0.125,0.125,2,603.5
1,0.5,315747,archived_314159_anchor,1,Matched terminal weighted e-BH,0,0,0,0,
1,0.5,315748,archived_314159_anchor,1,SAFE-ALPHA,0,0.125,0.125,2,808.5
1,0.5,315748,archived_314159_anchor,1,Matched terminal weighted e-BH,0,0,0,0,
1,0.5,315749,archived_314159_anchor,0.9375,SAFE-ALPHA,0,0.466666666667,0.4375,7,828.142857143
1,0.5,315749,archived_314159_anchor,0.9375,Matched terminal weighted e-BH,0,0.466666666667,0.4375,7,1179.71428571
1,0.5,315750,archived_314159_anchor,1,SAFE-ALPHA,0,0.1875,0.1875,3,1006
1,0.5,315750,archived_314159_anchor,1,Matched terminal weighted e-BH,0,0.1875,0.1875,3,1244
1,0.5,315751,archived_314159_anchor,1,SAFE-ALPHA,0,0,0,0,
1,0.5,315751,archived_314159_anchor,1,Matched terminal weighted e-BH,0,0,0,0,
1,0.5,315752,archived_314159_anchor,1,SAFE-ALPHA,0,0.3125,0.3125,5,628
1,0.5,315752,archived_314159_anchor,1,Matched terminal weighted e-BH,0,0.1875,0.1875,3,1184
1,0.5,315753,archived_314159_anchor,1,SAFE-ALPHA,0,0.125,0.125,2,796
1,0.5,315753,archived_314159_anchor,1,Matched terminal weighted e-BH,0,0,0,0,
1,0.5,315754,archived_314159_anchor,1,SAFE-ALPHA,0,0.3125,0.3125,5,934
1,0.5,315754,archived_314159_anchor,1,Matched terminal weighted e-BH,0,0.25,0.25,4,1221.5
1,0.5,315755,archived_314159_anchor,1,SAFE-ALPHA,0,0,0,0,
1,0.5,315755,archived_314159_anchor,1,Matched terminal weighted e-BH,0,0,0,0,
1,0.5,315756,archived_314159_anchor,1,SAFE-ALPHA,0,0.1875,0.1875,3,764.333333333
1,0.5,315756,archived_314159_anchor,1,Matched terminal weighted e-BH,0,0,0,0,
1,0.5,315757,archived_314159_anchor,1,SAFE-ALPHA,0,0,0,0,
1,0.5,315757,archived_314159_anchor,1,Matched terminal weighted e-BH,0,0,0,0,
1,0.5,315758,archived_314159_anchor,1,SAFE-ALPHA,0,0.5625,0.5625,9,676.555555556
1,0.5,315758,archived_314159_anchor,1,Matched terminal weighted e-BH,0,0.3125,0.3125,5,1211
1,0.5,315759,archived_314159_anchor,1,SAFE-ALPHA,0,0,0,0,
1,0.5,315759,archived_314159_anchor,1,Matched terminal weighted e-BH,0,0,0,0,
1,0.5,315760,archived_314159_anchor,0.9375,SAFE-ALPHA,0,0.133333333333,0.125,2,853.5
1,0.5,315760,archived_314159_anchor,0.9375,Matched terminal weighted e-BH,0,0.133333333333,0.125,2,1251.5
1,0.5,315761,archived_314159_anchor,1,SAFE-ALPHA,0,0.125,0.125,2,958.5
1,0.5,315761,archived_314159_anchor,1,Matched terminal weighted e-BH,0,0,0,0,
1,0.5,315762,archived_314159_anchor,1,SAFE-ALPHA,0,0.5625,0.5625,9,911.555555556
1,0.5,315762,archived_314159_anchor,1,Matched terminal weighted e-BH,0,0.3125,0.3125,5,1202
1,0.5,315763,archived_314159_anchor,0.9375,SAFE-ALPHA,0,0.666666666667,0.625,10,861.5
1,0.5,315763,archived_314159_anchor,0.9375,Matched terminal weighted e-BH,0,0.466666666667,0.4375,7,1184
1,0.5,315764,archived_314159_anchor,1,SAFE-ALPHA,0,0,0,0,
1,0.5,315764,archived_314159_anchor,1,Matched terminal weighted e-BH,0,0,0,0,
1,0.5,315765,archived_314159_anchor,1,SAFE-ALPHA,0,0.1875,0.1875,3,841
1,0.5,315765,archived_314159_anchor,1,Matched terminal weighted e-BH,0,0.1875,0.1875,3,1229
1,0.5,315766,archived_314159_anchor,1,SAFE-ALPHA,0,0,0,0,
1,0.5,315766,archived_314159_anchor,1,Matched terminal weighted e-BH,0,0,0,0,
1,0.5,315767,archived_314159_anchor,1,SAFE-ALPHA,0,0.1875,0.1875,3,404.333333333
1,0.5,315767,archived_314159_anchor,1,Matched terminal weighted e-BH,0,0.1875,0.1875,3,1244
1,0.5,315768,archived_314159_anchor,1,SAFE-ALPHA,0,0.6875,0.6875,11,463.272727273
1,0.5,315768,archived_314159_anchor,1,Matched terminal weighted e-BH,0,0.5,0.5,8,1193.375
1,0.5,315769,archived_314159_anchor,1,SAFE-ALPHA,0,0,0,0,
1,0.5,315769,archived_314159_anchor,1,Matched terminal weighted e-BH,0,0,0,0,
1,0.5,315770,archived_314159_anchor,1,SAFE-ALPHA,0,0.125,0.125,2,416
1,0.5,315770,archived_314159_anchor,1,Matched terminal weighted e-BH,0,0.125,0.125,2,1244
1,0.5,315771,archived_314159_anchor,0.9375,SAFE-ALPHA,0,0,0,0,
1,0.5,315771,archived_314159_anchor,0.9375,Matched terminal weighted e-BH,0,0,0,0,
1,0.5,315772,archived_314159_anchor,1,SAFE-ALPHA,0,0.6875,0.6875,11,802.818181818
1,0.5,315772,archived_314159_anchor,1,Matched terminal weighted e-BH,0,0.6875,0.6875,11,1155.36363636
1,0.5,315773,archived_314159_anchor,1,SAFE-ALPHA,0,0.5625,0.5625,9,897.666666667
1,0.5,315773,archived_314159_anchor,1,Matched terminal weighted e-BH,0,0.1875,0.1875,3,1194
1,0.5,315774,archived_314159_anchor,1,SAFE-ALPHA,0,0,0,0,
1,0.5,315774,archived_314159_anchor,1,Matched terminal weighted e-BH,0,0,0,0,
1,0.5,315775,archived_314159_anchor,1,SAFE-ALPHA,0,0.3125,0.3125,5,593
1,0.5,315775,archived_314159_anchor,1,Matched terminal weighted e-BH,0,0,0,0,
1,0.5,315776,archived_314159_anchor,1,SAFE-ALPHA,0,0,0,0,
1,0.5,315776,archived_314159_anchor,1,Matched terminal weighted e-BH,0,0,0,0,
1,0.5,315777,archived_314159_anchor,1,SAFE-ALPHA,0,0,0,0,
1,0.5,315777,archived_314159_anchor,1,Matched terminal weighted e-BH,0,0,0,0,
1,0.5,315778,archived_314159_anchor,1,SAFE-ALPHA,0,0,0,0,
1,0.5,315778,archived_314159_anchor,1,Matched terminal weighted e-BH,0,0,0,0,
1,0.5,315779,archived_314159_anchor,1,SAFE-ALPHA,0,0,0,0,
1,0.5,315779,archived_314159_anchor,1,Matched terminal weighted e-BH,0,0,0,0,
1,0.5,315780,archived_314159_anchor,0.9375,SAFE-ALPHA,0,0.133333333333,0.125,2,1033.5
1,0.5,315780,archived_314159_anchor,0.9375,Matched terminal weighted e-BH,0,0.0666666666667,0.0625,1,1259
1,0.5,315781,archived_314159_anchor,1,SAFE-ALPHA,0,0,0,0,
1,0.5,315781,archived_314159_anchor,1,Matched terminal weighted e-BH,0,0,0,0,
1,0.5,315782,archived_314159_anchor,0.9375,SAFE-ALPHA,0,0.0666666666667,0.0625,1,926
1,0.5,315782,archived_314159_anchor,0.9375,Matched terminal weighted e-BH,0,0,0,0,
1,0.5,315783,archived_314159_anchor,1,SAFE-ALPHA,0,0,0,0,
1,0.5,315783,archived_314159_anchor,1,Matched terminal weighted e-BH,0,0,0,0,
1,0.5,315784,archived_314159_anchor,1,SAFE-ALPHA,0,0,0,0,
1,0.5,315784,archived_314159_anchor,1,Matched terminal weighted e-BH,0,0,0,0,
1,0.5,315785,archived_314159_anchor,1,SAFE-ALPHA,0,0.125,0.125,2,466
1,0.5,315785,archived_314159_anchor,1,Matched terminal weighted e-BH,0,0.0625,0.0625,1,1259
1,0.5,315786,archived_314159_anchor,1,SAFE-ALPHA,0,0.3125,0.3125,5,896
1,0.5,315786,archived_314159_anchor,1,Matched terminal weighted e-BH,0,0.25,0.25,4,1214
1,0.5,315787,archived_314159_anchor,1,SAFE-ALPHA,0,0.75,0.75,12,700.166666667
1,0.5,315787,archived_314159_anchor,1,Matched terminal weighted e-BH,0,0.6875,0.6875,11,1162.18181818
1,0.5,315788,archived_314159_anchor,1,SAFE-ALPHA,0,0.0625,0.0625,1,271
1,0.5,315788,archived_314159_anchor,1,Matched terminal weighted e-BH,0,0.0625,0.0625,1,1259
1,0.5,315789,archived_314159_anchor,1,SAFE-ALPHA,0,0,0,0,
1,0.5,315789,archived_314159_anchor,1,Matched terminal weighted e-BH,0,0,0,0,
1,0.5,315790,archived_314159_anchor,1,SAFE-ALPHA,0,0,0,0,
1,0.5,315790,archived_314159_anchor,1,Matched terminal weighted e-BH,0,0,0,0,
1,0.5,315791,archived_314159_anchor,1,SAFE-ALPHA,0,0,0,0,
1,0.5,315791,archived_314159_anchor,1,Matched terminal weighted e-BH,0,0,0,0,
1,0.5,315792,archived_314159_anchor,1,SAFE-ALPHA,0,0.4375,0.4375,7,671.714285714
1,0.5,315792,archived_314159_anchor,1,Matched terminal weighted e-BH,0,0.3125,0.3125,5,1220
1,0.5,315793,archived_314159_anchor,1,SAFE-ALPHA,0,0,0,0,
1,0.5,315793,archived_314159_anchor,1,Matched terminal weighted e-BH,0,0,0,0,
1,0.5,315794,archived_314159_anchor,1,SAFE-ALPHA,0,0.1875,0.1875,3,772.666666667
1,0.5,315794,archived_314159_anchor,1,Matched terminal weighted e-BH,0,0,0,0,
1,0.5,315795,archived_314159_anchor,1,SAFE-ALPHA,0,0.1875,0.1875,3,362.666666667
1,0.5,315795,archived_314159_anchor,1,Matched terminal weighted e-BH,0,0,0,0,
1,0.5,315796,archived_314159_anchor,1,SAFE-ALPHA,0,0,0,0,
1,0.5,315796,archived_314159_anchor,1,Matched terminal weighted e-BH,0,0,0,0,
1,0.5,315797,archived_314159_anchor,1,SAFE-ALPHA,0,0,0,0,
1,0.5,315797,archived_314159_anchor,1,Matched terminal weighted e-BH,0,0,0,0,
1,0.5,315798,archived_314159_anchor,0.9375,SAFE-ALPHA,0,0,0,0,
1,0.5,315798,archived_314159_anchor,0.9375,Matched terminal weighted e-BH,0,0,0,0,
1,0.5,315799,archived_314159_anchor,1,SAFE-ALPHA,0,0.25,0.25,4,649.75
1,0.5,315799,archived_314159_anchor,1,Matched terminal weighted e-BH,0,0.0625,0.0625,1,1229
1,0.5,315800,archived_314159_anchor,1,SAFE-ALPHA,0,0.25,0.25,4,641
1,0.5,315800,archived_314159_anchor,1,Matched terminal weighted e-BH,0,0.0625,0.0625,1,1199
1,0.5,315801,archived_314159_anchor,0.9375,SAFE-ALPHA,0,0.666666666667,0.625,10,510
1,0.5,315801,archived_314159_anchor,0.9375,Matched terminal weighted e-BH,0,0.6,0.5625,9,1199
1,0.5,315802,archived_314159_anchor,1,SAFE-ALPHA,0,0,0,0,
1,0.5,315802,archived_314159_anchor,1,Matched terminal weighted e-BH,0,0,0,0,
1,0.5,315803,archived_314159_anchor,1,SAFE-ALPHA,0,0.5625,0.5625,9,929.888888889
1,0.5,315803,archived_314159_anchor,1,Matched terminal weighted e-BH,0,0.4375,0.4375,7,1169
1,0.5,315804,archived_314159_anchor,1,SAFE-ALPHA,0,0.1875,0.1875,3,771
1,0.5,315804,archived_314159_anchor,1,Matched terminal weighted e-BH,0,0,0,0,
1,0.5,315805,archived_314159_anchor,1,SAFE-ALPHA,0,0.1875,0.1875,3,407.666666667
1,0.5,315805,archived_314159_anchor,1,Matched terminal weighted e-BH,0,0.0625,0.0625,1,1259
1,0.5,315806,archived_314159_anchor,1,SAFE-ALPHA,0,0.375,0.375,6,503.5
1,0.5,315806,archived_314159_anchor,1,Matched terminal weighted e-BH,0,0.3125,0.3125,5,1217
1,0.5,315807,archived_314159_anchor,1,SAFE-ALPHA,0,0,0,0,
1,0.5,315807,archived_314159_anchor,1,Matched terminal weighted e-BH,0,0,0,0,
1,0.5,315808,archived_314159_anchor,0.9375,SAFE-ALPHA,0,0.0666666666667,0.0625,1,1136
1,0.5,315808,archived_314159_anchor,0.9375,Matched terminal weighted e-BH,0,0,0,0,
1,0.5,315809,archived_314159_anchor,1,SAFE-ALPHA,0,0.125,0.125,2,1153.5
1,0.5,315809,archived_314159_anchor,1,Matched terminal weighted e-BH,0,0.0625,0.0625,1,1259
1,0.5,315810,archived_314159_anchor,1,SAFE-ALPHA,0,0,0,0,
1,0.5,315810,archived_314159_anchor,1,Matched terminal weighted e-BH,0,0,0,0,
1,0.5,315811,archived_314159_anchor,1,SAFE-ALPHA,0,0,0,0,
1,0.5,315811,archived_314159_anchor,1,Matched terminal weighted e-BH,0,0,0,0,
1,0.5,315812,archived_314159_anchor,1,SAFE-ALPHA,0,0.125,0.125,2,771
1,0.5,315812,archived_314159_anchor,1,Matched terminal weighted e-BH,0,0.125,0.125,2,1251.5
1,0.5,315813,archived_314159_anchor,1,SAFE-ALPHA,0,0.375,0.375,6,653.5
1,0.5,315813,archived_314159_anchor,1,Matched terminal weighted e-BH,0,0.1875,0.1875,3,1209
1,0.5,315814,archived_314159_anchor,1,SAFE-ALPHA,0,0.1875,0.1875,3,559.333333333
1,0.5,315814,archived_314159_anchor,1,Matched terminal weighted e-BH,0,0.1875,0.1875,3,1234
1,0.5,315815,archived_314159_anchor,1,SAFE-ALPHA,0,0,0,0,
1,0.5,315815,archived_314159_anchor,1,Matched terminal weighted e-BH,0,0,0,0,
1,0.5,315816,archived_314159_anchor,1,SAFE-ALPHA,0,0.1875,0.1875,3,667.666666667
1,0.5,315816,archived_314159_anchor,1,Matched terminal weighted e-BH,0,0,0,0,
1,0.5,315817,archived_314159_anchor,1,SAFE-ALPHA,0,0.5,0.5,8,398.5
1,0.5,315817,archived_314159_anchor,1,Matched terminal weighted e-BH,0,0.3125,0.3125,5,1217
1,0.5,315818,archived_314159_anchor,1,SAFE-ALPHA,0,0.1875,0.1875,3,965.333333333
1,0.5,315818,archived_314159_anchor,1,Matched terminal weighted e-BH,0,0.1875,0.1875,3,1239
1,0.5,315819,archived_314159_anchor,1,SAFE-ALPHA,0,0.0625,0.0625,1,1229
1,0.5,315819,archived_314159_anchor,1,Matched terminal weighted e-BH,0,0.0625,0.0625,1,1229
1,0.5,315820,archived_314159_anchor,1,SAFE-ALPHA,0,0.5,0.5,8,733.5
1,0.5,315820,archived_314159_anchor,1,Matched terminal weighted e-BH,0,0.1875,0.1875,3,1219
1,0.5,315821,archived_314159_anchor,1,SAFE-ALPHA,0,0.125,0.125,2,818.5
1,0.5,315821,archived_314159_anchor,1,Matched terminal weighted e-BH,0,0.125,0.125,2,1229
1,0.5,315822,archived_314159_anchor,1,SAFE-ALPHA,0,0.25,0.25,4,474.75
1,0.5,315822,archived_314159_anchor,1,Matched terminal weighted e-BH,0,0,0,0,
1,0.5,315823,archived_314159_anchor,0.9375,SAFE-ALPHA,0,0.133333333333,0.125,2,813.5
1,0.5,315823,archived_314159_anchor,0.9375,Matched terminal weighted e-BH,0,0.133333333333,0.125,2,1199
1,0.5,315824,archived_314159_anchor,1,SAFE-ALPHA,0,0,0,0,
1,0.5,315824,archived_314159_anchor,1,Matched terminal weighted e-BH,0,0,0,0,
1,0.5,315825,archived_314159_anchor,1,SAFE-ALPHA,0,0,0,0,
1,0.5,315825,archived_314159_anchor,1,Matched terminal weighted e-BH,0,0,0,0,
1,0.5,315826,archived_314159_anchor,1,SAFE-ALPHA,0,0,0,0,
1,0.5,315826,archived_314159_anchor,1,Matched terminal weighted e-BH,0,0,0,0,
1,0.5,315827,archived_314159_anchor,1,SAFE-ALPHA,0.1,0.5625,0.5625,10,624.333333333
1,0.5,315827,archived_314159_anchor,1,Matched terminal weighted e-BH,0,0.1875,0.1875,3,1189
1,0.5,315828,archived_314159_anchor,1,SAFE-ALPHA,0,0.25,0.25,4,847.25
1,0.5,315828,archived_314159_anchor,1,Matched terminal weighted e-BH,0,0.1875,0.1875,3,1244
1,0.5,315829,archived_314159_anchor,1,SAFE-ALPHA,0,0,0,0,
1,0.5,315829,archived_314159_anchor,1,Matched terminal weighted e-BH,0,0,0,0,
1,0.5,315830,archived_314159_anchor,1,SAFE-ALPHA,0,0.125,0.125,2,1053.5
1,0.5,315830,archived_314159_anchor,1,Matched terminal weighted e-BH,0,0.0625,0.0625,1,1214
1,0.5,315831,archived_314159_anchor,1,SAFE-ALPHA,0,0.5625,0.5625,9,746.555555556
1,0.5,315831,archived_314159_anchor,1,Matched terminal weighted e-BH,0,0.5,0.5,8,1206.5
1,0.5,315832,archived_314159_anchor,1,SAFE-ALPHA,0,0.1875,0.1875,3,929.333333333
1,0.5,315832,archived_314159_anchor,1,Matched terminal weighted e-BH,0,0.125,0.125,2,1236.5
1,0.5,315833,archived_314159_anchor,0.9375,SAFE-ALPHA,0,0.333333333333,0.3125,5,942
1,0.5,315833,archived_314159_anchor,0.9375,Matched terminal weighted e-BH,0,0,0,0,
1,0.5,315834,archived_314159_anchor,1,SAFE-ALPHA,0,0.3125,0.3125,5,849
1,0.5,315834,archived_314159_anchor,1,Matched terminal weighted e-BH,0,0.1875,0.1875,3,1159
1,0.5,315835,archived_314159_anchor,1,SAFE-ALPHA,0,0.1875,0.1875,3,904.333333333
1,0.5,315835,archived_314159_anchor,1,Matched terminal weighted e-BH,0,0.0625,0.0625,1,1259
1,0.5,315836,archived_314159_anchor,1,SAFE-ALPHA,0,0.625,0.625,10,599.5
1,0.5,315836,archived_314159_anchor,1,Matched terminal weighted e-BH,0,0.5625,0.5625,9,1162.33333333
1,0.5,315837,archived_314159_anchor,1,SAFE-ALPHA,0,0,0,0,
1,0.5,315837,archived_314159_anchor,1,Matched terminal weighted e-BH,0,0,0,0,
1,0.5,315838,archived_314159_anchor,1,SAFE-ALPHA,0,0,0,0,
1,0.5,315838,archived_314159_anchor,1,Matched terminal weighted e-BH,0,0,0,0,
1,0.5,315839,archived_314159_anchor,1,SAFE-ALPHA,0,0.1875,0.1875,3,1114.33333333
1,0.5,315839,archived_314159_anchor,1,Matched terminal weighted e-BH,0,0.1875,0.1875,3,1244
1,0.5,315840,archived_314159_anchor,1,SAFE-ALPHA,0,0,0,0,
1,0.5,315840,archived_314159_anchor,1,Matched terminal weighted e-BH,0,0,0,0,
1,0.5,315841,archived_314159_anchor,1,SAFE-ALPHA,0,0.8125,0.8125,13,727.153846154
1,0.5,315841,archived_314159_anchor,1,Matched terminal weighted e-BH,0,0.625,0.625,10,1131.5
1,0.5,315842,archived_314159_anchor,1,SAFE-ALPHA,0,0,0,0,
1,0.5,315842,archived_314159_anchor,1,Matched terminal weighted e-BH,0,0,0,0,
1,0.5,315843,archived_314159_anchor,1,SAFE-ALPHA,0,0.375,0.375,6,793.5
1,0.5,315843,archived_314159_anchor,1,Matched terminal weighted e-BH,0,0.25,0.25,4,1206.5
1,0.5,315844,archived_314159_anchor,1,SAFE-ALPHA,0,0.25,0.25,4,1174.75
1,0.5,315844,archived_314159_anchor,1,Matched terminal weighted e-BH,0,0.25,0.25,4,1236.5
1,0.5,315845,archived_314159_anchor,1,SAFE-ALPHA,0,0,0,0,
1,0.5,315845,archived_314159_anchor,1,Matched terminal weighted e-BH,0,0,0,0,
1,0.5,315846,archived_314159_anchor,1,SAFE-ALPHA,0,0.125,0.125,2,886
1,0.5,315846,archived_314159_anchor,1,Matched terminal weighted e-BH,0,0.0625,0.0625,1,1259
1,0.5,315847,archived_314159_anchor,1,SAFE-ALPHA,0,0,0,0,
1,0.5,315847,archived_314159_anchor,1,Matched terminal weighted e-BH,0,0,0,0,
1,0.5,315848,archived_314159_anchor,1,SAFE-ALPHA,0,0,0,0,
1,0.5,315848,archived_314159_anchor,1,Matched terminal weighted e-BH,0,0,0,0,
1,0.5,315849,archived_314159_anchor,0.9375,SAFE-ALPHA,0,0.0666666666667,0.0625,1,436
1,0.5,315849,archived_314159_anchor,0.9375,Matched terminal weighted e-BH,0,0,0,0,
1,0.5,315850,archived_314159_anchor,1,SAFE-ALPHA,0,0.25,0.25,4,998.5
1,0.5,315850,archived_314159_anchor,1,Matched terminal weighted e-BH,0,0.125,0.125,2,1236.5
1,0.5,315851,archived_314159_anchor,1,SAFE-ALPHA,0,0,0,0,
1,0.5,315851,archived_314159_anchor,1,Matched terminal weighted e-BH,0,0,0,0,
1,0.5,315852,archived_314159_anchor,1,SAFE-ALPHA,0,0.1875,0.1875,3,742.666666667
1,0.5,315852,archived_314159_anchor,1,Matched terminal weighted e-BH,0,0,0,0,
1,0.5,315853,archived_314159_anchor,0.9375,SAFE-ALPHA,0,0,0,0,
1,0.5,315853,archived_314159_anchor,0.9375,Matched terminal weighted e-BH,0,0,0,0,
1,0.5,315854,archived_314159_anchor,1,SAFE-ALPHA,0,0.375,0.375,6,451.833333333
1,0.5,315854,archived_314159_anchor,1,Matched terminal weighted e-BH,0,0.375,0.375,6,1221.5
1,0.5,315855,archived_314159_anchor,1,SAFE-ALPHA,0,0.1875,0.1875,3,586
1,0.5,315855,archived_314159_anchor,1,Matched terminal weighted e-BH,0,0,0,0,
1,0.5,315856,archived_314159_anchor,1,SAFE-ALPHA,0,0,0,0,
1,0.5,315856,archived_314159_anchor,1,Matched terminal weighted e-BH,0,0,0,0,
1,0.5,315857,archived_314159_anchor,1,SAFE-ALPHA,0,0.1875,0.1875,3,504.333333333
1,0.5,315857,archived_314159_anchor,1,Matched terminal weighted e-BH,0,0,0,0,
1,0.5,315858,archived_314159_anchor,1,SAFE-ALPHA,0,0.5,0.5,8,636.625
1,0.5,315858,archived_314159_anchor,1,Matched terminal weighted e-BH,0,0.3125,0.3125,5,1190
1,0.5,315859,archived_314159_anchor,1,SAFE-ALPHA,0,0,0,0,
1,0.5,315859,archived_314159_anchor,1,Matched terminal weighted e-BH,0,0,0,0,
1,0.5,315860,archived_314159_anchor,1,SAFE-ALPHA,0,0.125,0.125,2,1121
1,0.5,315860,archived_314159_anchor,1,Matched terminal weighted e-BH,0,0,0,0,
1,0.5,315861,archived_314159_anchor,1,SAFE-ALPHA,0,0.25,0.25,4,899.75
1,0.5,315861,archived_314159_anchor,1,Matched terminal weighted e-BH,0,0.25,0.25,4,1225.25
1,0.5,315862,archived_314159_anchor,1,SAFE-ALPHA,0,0.0625,0.0625,1,761
1,0.5,315862,archived_314159_anchor,1,Matched terminal weighted e-BH,0,0,0,0,
1,0.5,315863,archived_314159_anchor,1,SAFE-ALPHA,0,0,0,0,
1,0.5,315863,archived_314159_anchor,1,Matched terminal weighted e-BH,0,0,0,0,
1,0.5,315864,archived_314159_anchor,1,SAFE-ALPHA,0,0.75,0.75,12,731.416666667
1,0.5,315864,archived_314159_anchor,1,Matched terminal weighted e-BH,0,0.5,0.5,8,1170.875
1,0.5,315865,archived_314159_anchor,1,SAFE-ALPHA,0,0.0625,0.0625,1,191
1,0.5,315865,archived_314159_anchor,1,Matched terminal weighted e-BH,0,0.0625,0.0625,1,1259
1,0.5,315866,archived_314159_anchor,1,SAFE-ALPHA,0,0.0625,0.0625,1,776
1,0.5,315866,archived_314159_anchor,1,Matched terminal weighted e-BH,0,0,0,0,
1,0.5,315867,archived_314159_anchor,1,SAFE-ALPHA,0,0,0,0,
1,0.5,315867,archived_314159_anchor,1,Matched terminal weighted e-BH,0,0,0,0,
1,0.5,315868,archived_314159_anchor,1,SAFE-ALPHA,0,0.0625,0.0625,1,446
1,0.5,315868,archived_314159_anchor,1,Matched terminal weighted e-BH,0,0,0,0,
1,0.5,315869,archived_314159_anchor,1,SAFE-ALPHA,0,0.3125,0.3125,5,1028
1,0.5,315869,archived_314159_anchor,1,Matched terminal weighted e-BH,0,0.3125,0.3125,5,1223
1,0.5,315870,archived_314159_anchor,1,SAFE-ALPHA,0,0.0625,0.0625,1,681
1,0.5,315870,archived_314159_anchor,1,Matched terminal weighted e-BH,0,0,0,0,
1,0.5,315871,archived_314159_anchor,0.9375,SAFE-ALPHA,0,0.6,0.5625,9,869.888888889
1,0.5,315871,archived_314159_anchor,0.9375,Matched terminal weighted e-BH,0,0.6,0.5625,9,1187.33333333
1,0.5,315872,archived_314159_anchor,1,SAFE-ALPHA,0,0.0625,0.0625,1,801
1,0.5,315872,archived_314159_anchor,1,Matched terminal weighted e-BH,0,0.0625,0.0625,1,1259
1,0.5,315873,archived_314159_anchor,1,SAFE-ALPHA,0,0,0,0,
1,0.5,315873,archived_314159_anchor,1,Matched terminal weighted e-BH,0,0,0,0,
1,0.5,315874,archived_314159_anchor,1,SAFE-ALPHA,0.0714285714286,0.8125,0.8125,14,579.076923077
1,0.5,315874,archived_314159_anchor,1,Matched terminal weighted e-BH,0,0.25,0.25,4,1142.75
1,0.5,315875,archived_314159_anchor,1,SAFE-ALPHA,0,0.375,0.375,6,846.833333333
1,0.5,315875,archived_314159_anchor,1,Matched terminal weighted e-BH,0,0.375,0.375,6,1181.5
1,0.5,315876,archived_314159_anchor,1,SAFE-ALPHA,0,0,0,0,
1,0.5,315876,archived_314159_anchor,1,Matched terminal weighted e-BH,0,0,0,0,
1,0.5,315877,archived_314159_anchor,1,SAFE-ALPHA,0,0.0625,0.0625,1,791
1,0.5,315877,archived_314159_anchor,1,Matched terminal weighted e-BH,0,0.0625,0.0625,1,1259
1,0.5,315878,archived_314159_anchor,1,SAFE-ALPHA,0,0.375,0.375,6,1018.5
1,0.5,315878,archived_314159_anchor,1,Matched terminal weighted e-BH,0,0.125,0.125,2,1221.5
1,0.5,315879,archived_314159_anchor,1,SAFE-ALPHA,0,0.5,0.5,8,788.5
1,0.5,315879,archived_314159_anchor,1,Matched terminal weighted e-BH,0,0.3125,0.3125,5,1187
1,0.5,315880,archived_314159_anchor,1,SAFE-ALPHA,0,0.0625,0.0625,1,986
1,0.5,315880,archived_314159_anchor,1,Matched terminal weighted e-BH,0,0.0625,0.0625,1,1259
1,0.5,315881,archived_314159_anchor,1,SAFE-ALPHA,0,0.0625,0.0625,1,1166
1,0.5,315881,archived_314159_anchor,1,Matched terminal weighted e-BH,0,0,0,0,
1,0.5,315882,archived_314159_anchor,1,SAFE-ALPHA,0,0,0,0,
1,0.5,315882,archived_314159_anchor,1,Matched terminal weighted e-BH,0,0,0,0,
1,0.5,315883,archived_314159_anchor,1,SAFE-ALPHA,0,0.375,0.375,6,821.833333333
1,0.5,315883,archived_314159_anchor,1,Matched terminal weighted e-BH,0,0.25,0.25,4,1176.5
1,0.5,315884,archived_314159_anchor,1,SAFE-ALPHA,0,0.0625,0.0625,1,656
1,0.5,315884,archived_314159_anchor,1,Matched terminal weighted e-BH,0,0,0,0,
1,0.5,315885,archived_314159_anchor,0.9375,SAFE-ALPHA,0,0.2,0.1875,3,667.666666667
1,0.5,315885,archived_314159_anchor,0.9375,Matched terminal weighted e-BH,0,0.2,0.1875,3,1194
1,0.5,315886,archived_314159_anchor,1,SAFE-ALPHA,0,0,0,0,
1,0.5,315886,archived_314159_anchor,1,Matched terminal weighted e-BH,0,0,0,0,
1,0.5,315887,archived_314159_anchor,1,SAFE-ALPHA,0,0.0625,0.0625,1,1259
1,0.5,315887,archived_314159_anchor,1,Matched terminal weighted e-BH,0,0.0625,0.0625,1,1259
1,0.5,315888,archived_314159_anchor,1,SAFE-ALPHA,0,0,0,0,
1,0.5,315888,archived_314159_anchor,1,Matched terminal weighted e-BH,0,0,0,0,
1,0.5,315889,archived_314159_anchor,1,SAFE-ALPHA,0.1,0.5625,0.5625,10,542.111111111
1,0.5,315889,archived_314159_anchor,1,Matched terminal weighted e-BH,0,0.1875,0.1875,3,1219
1,0.5,315890,archived_314159_anchor,1,SAFE-ALPHA,0,0.625,0.625,10,669.5
1,0.5,315890,archived_314159_anchor,1,Matched terminal weighted e-BH,0,0.625,0.625,10,1178
1,0.5,315891,archived_314159_anchor,1,SAFE-ALPHA,0,0,0,0,
1,0.5,315891,archived_314159_anchor,1,Matched terminal weighted e-BH,0,0,0,0,
1,0.5,315892,archived_314159_anchor,1,SAFE-ALPHA,0,0.1875,0.1875,3,1017.66666667
1,0.5,315892,archived_314159_anchor,1,Matched terminal weighted e-BH,0,0,0,0,
1,0.5,315893,archived_314159_anchor,1,SAFE-ALPHA,0,0.125,0.125,2,186
1,0.5,315893,archived_314159_anchor,1,Matched terminal weighted e-BH,0,0.0625,0.0625,1,1244
1,0.5,315894,archived_314159_anchor,1,SAFE-ALPHA,0,0.1875,0.1875,3,449.333333333
1,0.5,315894,archived_314159_anchor,1,Matched terminal weighted e-BH,0,0.0625,0.0625,1,1259
1,0.5,315895,archived_314159_anchor,1,SAFE-ALPHA,0,0.0625,0.0625,1,1191
1,0.5,315895,archived_314159_anchor,1,Matched terminal weighted e-BH,0,0.0625,0.0625,1,1214
1,0.5,315896,archived_314159_anchor,1,SAFE-ALPHA,0,0.5625,0.5625,9,482.666666667
1,0.5,315896,archived_314159_anchor,1,Matched terminal weighted e-BH,0,0.4375,0.4375,7,1177.57142857
1,0.5,315897,archived_314159_anchor,1,SAFE-ALPHA,0,0.0625,0.0625,1,1241
1,0.5,315897,archived_314159_anchor,1,Matched terminal weighted e-BH,0,0.0625,0.0625,1,1259
1,0.5,315898,archived_314159_anchor,1,SAFE-ALPHA,0,0,0,0,
1,0.5,315898,archived_314159_anchor,1,Matched terminal weighted e-BH,0,0,0,0,
1,0.5,315899,archived_314159_anchor,1,SAFE-ALPHA,0,0.0625,0.0625,1,1016
1,0.5,315899,archived_314159_anchor,1,Matched terminal weighted e-BH,0,0.0625,0.0625,1,1259
1,0.5,315900,archived_314159_anchor,1,SAFE-ALPHA,0,0.125,0.125,2,826
1,0.5,315900,archived_314159_anchor,1,Matched terminal weighted e-BH,0,0.0625,0.0625,1,1229
1,0.5,315901,archived_314159_anchor,1,SAFE-ALPHA,0,0.625,0.625,10,736.5
1,0.5,315901,archived_314159_anchor,1,Matched terminal weighted e-BH,0,0.5,0.5,8,1170.875
1,0.5,315902,archived_314159_anchor,1,SAFE-ALPHA,0,0.375,0.375,6,901
1,0.5,315902,archived_314159_anchor,1,Matched terminal weighted e-BH,0,0.0625,0.0625,1,1199
1,0.5,315903,archived_314159_anchor,1,SAFE-ALPHA,0,0.25,0.25,4,864.75
1,0.5,315903,archived_314159_anchor,1,Matched terminal weighted e-BH,0,0,0,0,
1,0.5,315904,archived_314159_anchor,1,SAFE-ALPHA,0,0,0,0,
1,0.5,315904,archived_314159_anchor,1,Matched terminal weighted e-BH,0,0,0,0,
1,0.5,315905,archived_314159_anchor,1,SAFE-ALPHA,0,0.5,0.5,8,702.875
1,0.5,315905,archived_314159_anchor,1,Matched terminal weighted e-BH,0,0.375,0.375,6,1164
1,0.5,315906,archived_314159_anchor,1,SAFE-ALPHA,0,0.3125,0.3125,5,664
1,0.5,315906,archived_314159_anchor,1,Matched terminal weighted e-BH,0,0.3125,0.3125,5,1166
1,0.5,315907,archived_314159_anchor,1,SAFE-ALPHA,0,0.0625,0.0625,1,236
1,0.5,315907,archived_314159_anchor,1,Matched terminal weighted e-BH,0,0,0,0,
1,0.5,315908,archived_314159_anchor,1,SAFE-ALPHA,0,0.5,0.5,8,638.5
1,0.5,315908,archived_314159_anchor,1,Matched terminal weighted e-BH,0,0.4375,0.4375,7,1171.14285714
1.25,0.5,20262480,inserted_20260730_block,1,SAFE-ALPHA,0,0.75,0.75,12,508.5
1.25,0.5,20262480,inserted_20260730_block,1,Matched terminal weighted e-BH,0,0.375,0.375,6,1214
1.25,0.5,20262481,inserted_20260730_block,1,SAFE-ALPHA,0,0.125,0.125,2,611
1.25,0.5,20262481,inserted_20260730_block,1,Matched terminal weighted e-BH,0,0.125,0.125,2,1236.5
1.25,0.5,20262482,inserted_20260730_block,1,SAFE-ALPHA,0,0.5625,0.5625,9,566.555555556
1.25,0.5,20262482,inserted_20260730_block,1,Matched terminal weighted e-BH,0,0.5625,0.5625,9,1175.66666667
1.25,0.5,20262483,inserted_20260730_block,1,SAFE-ALPHA,0,0.1875,0.1875,3,779.333333333
1.25,0.5,20262483,inserted_20260730_block,1,Matched terminal weighted e-BH,0,0.1875,0.1875,3,1239
1.25,0.5,20262484,inserted_20260730_block,1,SAFE-ALPHA,0,0.125,0.125,2,1231
1.25,0.5,20262484,inserted_20260730_block,1,Matched terminal weighted e-BH,0,0.125,0.125,2,1236.5
1.25,0.5,20262485,inserted_20260730_block,1,SAFE-ALPHA,0,0.8125,0.8125,13,629.461538462
1.25,0.5,20262485,inserted_20260730_block,1,Matched terminal weighted e-BH,0,0.5,0.5,8,1197.125
1.25,0.5,20262486,inserted_20260730_block,1,SAFE-ALPHA,0,0.625,0.625,10,739
1.25,0.5,20262486,inserted_20260730_block,1,Matched terminal weighted e-BH,0,0.625,0.625,10,1191.5
1.25,0.5,20262487,inserted_20260730_block,1,SAFE-ALPHA,0,0,0,0,
1.25,0.5,20262487,inserted_20260730_block,1,Matched terminal weighted e-BH,0,0,0,0,
1.25,0.5,20262488,inserted_20260730_block,1,SAFE-ALPHA,0,0.5625,0.5625,9,468.222222222
1.25,0.5,20262488,inserted_20260730_block,1,Matched terminal weighted e-BH,0,0.375,0.375,6,1201.5
1.25,0.5,20262489,inserted_20260730_block,1,SAFE-ALPHA,0,0.1875,0.1875,3,656
1.25,0.5,20262489,inserted_20260730_block,1,Matched terminal weighted e-BH,0,0,0,0,
1.25,0.5,20262490,inserted_20260730_block,1,SAFE-ALPHA,0,0.1875,0.1875,3,844.333333333
1.25,0.5,20262490,inserted_20260730_block,1,Matched terminal weighted e-BH,0,0,0,0,
1.25,0.5,20262491,inserted_20260730_block,1,SAFE-ALPHA,0,0.0625,0.0625,1,516
1.25,0.5,20262491,inserted_20260730_block,1,Matched terminal weighted e-BH,0,0.0625,0.0625,1,1199
1.25,0.5,20262492,inserted_20260730_block,1,SAFE-ALPHA,0,0.25,0.25,4,756
1.25,0.5,20262492,inserted_20260730_block,1,Matched terminal weighted e-BH,0,0.1875,0.1875,3,1214
1.25,0.5,20262493,inserted_20260730_block,1,SAFE-ALPHA,0,0.875,0.875,14,627.785714286
1.25,0.5,20262493,inserted_20260730_block,1,Matched terminal weighted e-BH,0,0.875,0.875,14,1140.07142857
1.25,0.5,20262494,inserted_20260730_block,1,SAFE-ALPHA,0,0.0625,0.0625,1,446
1.25,0.5,20262494,inserted_20260730_block,1,Matched terminal weighted e-BH,0,0,0,0,
1.25,0.5,20262495,inserted_20260730_block,1,SAFE-ALPHA,0,0.5625,0.5625,9,1015.44444444
1.25,0.5,20262495,inserted_20260730_block,1,Matched terminal weighted e-BH,0,0.5625,0.5625,9,1195.66666667
1.25,0.5,20262496,inserted_20260730_block,1,SAFE-ALPHA,0,0.0625,0.0625,1,1259
1.25,0.5,20262496,inserted_20260730_block,1,Matched terminal weighted e-BH,0,0.0625,0.0625,1,1259
1.25,0.5,20262497,inserted_20260730_block,1,SAFE-ALPHA,0,0,0,0,
1.25,0.5,20262497,inserted_20260730_block,1,Matched terminal weighted e-BH,0,0,0,0,
1.25,0.5,20262498,inserted_20260730_block,1,SAFE-ALPHA,0,0.0625,0.0625,1,276
1.25,0.5,20262498,inserted_20260730_block,1,Matched terminal weighted e-BH,0,0,0,0,
1.25,0.5,20262499,inserted_20260730_block,1,SAFE-ALPHA,0,0.375,0.375,6,571
1.25,0.5,20262499,inserted_20260730_block,1,Matched terminal weighted e-BH,0,0.0625,0.0625,1,1244
1.25,0.5,20262500,inserted_20260730_block,1,SAFE-ALPHA,0,0.1875,0.1875,3,992.666666667
1.25,0.5,20262500,inserted_20260730_block,1,Matched terminal weighted e-BH,0,0.0625,0.0625,1,1139
1.25,0.5,20262501,inserted_20260730_block,1,SAFE-ALPHA,0,0.375,0.375,6,659.333333333
1.25,0.5,20262501,inserted_20260730_block,1,Matched terminal weighted e-BH,0,0.3125,0.3125,5,1208
1.25,0.5,20262502,inserted_20260730_block,1,SAFE-ALPHA,0,0.8125,0.8125,13,659.076923077
1.25,0.5,20262502,inserted_20260730_block,1,Matched terminal weighted e-BH,0,0.3125,0.3125,5,1187
1.25,0.5,20262503,inserted_20260730_block,1,SAFE-ALPHA,0,1,1,16,714.125
1.25,0.5,20262503,inserted_20260730_block,1,Matched terminal weighted e-BH,0,1,1,16,1128.6875
1.25,0.5,20262504,inserted_20260730_block,1,SAFE-ALPHA,0,0.375,0.375,6,998.5
1.25,0.5,20262504,inserted_20260730_block,1,Matched terminal weighted e-BH,0,0.3125,0.3125,5,1205
1.25,0.5,20262505,inserted_20260730_block,1,SAFE-ALPHA,0,0.0625,0.0625,1,261
1.25,0.5,20262505,inserted_20260730_block,1,Matched terminal weighted e-BH,0,0.0625,0.0625,1,1259
1.25,0.5,20262506,inserted_20260730_block,1,SAFE-ALPHA,0,0.25,0.25,4,1018.5
1.25,0.5,20262506,inserted_20260730_block,1,Matched terminal weighted e-BH,0,0.25,0.25,4,1225.25
1.25,0.5,20262507,inserted_20260730_block,1,SAFE-ALPHA,0,0,0,0,
1.25,0.5,20262507,inserted_20260730_block,1,Matched terminal weighted e-BH,0,0,0,0,
1.25,0.5,20262508,inserted_20260730_block,1,SAFE-ALPHA,0,0.5,0.5,8,758.5
1.25,0.5,20262508,inserted_20260730_block,1,Matched terminal weighted e-BH,0,0.375,0.375,6,1194
1.25,0.5,20262509,inserted_20260730_block,1,SAFE-ALPHA,0,0.8125,0.8125,13,753.692307692
1.25,0.5,20262509,inserted_20260730_block,1,Matched terminal weighted e-BH,0,0.6875,0.6875,11,1164.90909091
1.25,0.5,20262510,inserted_20260730_block,1,SAFE-ALPHA,0,0,0,0,
1.25,0.5,20262510,inserted_20260730_block,1,Matched terminal weighted e-BH,0,0,0,0,
1.25,0.5,20262511,inserted_20260730_block,1,SAFE-ALPHA,0,0.1875,0.1875,3,669.333333333
1.25,0.5,20262511,inserted_20260730_block,1,Matched terminal weighted e-BH,0,0.125,0.125,2,1251.5
1.25,0.5,20262512,inserted_20260730_block,1,SAFE-ALPHA,0,0.375,0.375,6,741.833333333
1.25,0.5,20262512,inserted_20260730_block,1,Matched terminal weighted e-BH,0,0.375,0.375,6,1219
1.25,0.5,20262513,inserted_20260730_block,1,SAFE-ALPHA,0,0.125,0.125,2,691
1.25,0.5,20262513,inserted_20260730_block,1,Matched terminal weighted e-BH,0,0,0,0,
1.25,0.5,20262514,inserted_20260730_block,1,SAFE-ALPHA,0,0,0,0,
1.25,0.5,20262514,inserted_20260730_block,1,Matched terminal weighted e-BH,0,0,0,0,
1.25,0.5,20262515,inserted_20260730_block,1,SAFE-ALPHA,0,0,0,0,
1.25,0.5,20262515,inserted_20260730_block,1,Matched terminal weighted e-BH,0,0,0,0,
1.25,0.5,20262516,inserted_20260730_block,1,SAFE-ALPHA,0,0.5,0.5,8,649.75
1.25,0.5,20262516,inserted_20260730_block,1,Matched terminal weighted e-BH,0,0.25,0.25,4,1236.5
1.25,0.5,20262517,inserted_20260730_block,1,SAFE-ALPHA,0,0.125,0.125,2,686
1.25,0.5,20262517,inserted_20260730_block,1,Matched terminal weighted e-BH,0,0,0,0,
1.25,0.5,20262518,inserted_20260730_block,1,SAFE-ALPHA,0,0.3125,0.3125,5,887
1.25,0.5,20262518,inserted_20260730_block,1,Matched terminal weighted e-BH,0,0.3125,0.3125,5,1211
1.25,0.5,20262519,inserted_20260730_block,1,SAFE-ALPHA,0,0.3125,0.3125,5,926
1.25,0.5,20262519,inserted_20260730_block,1,Matched terminal weighted e-BH,0,0.1875,0.1875,3,1174
1.25,0.5,20262520,inserted_20260730_block,1,SAFE-ALPHA,0,0.125,0.125,2,1156
1.25,0.5,20262520,inserted_20260730_block,1,Matched terminal weighted e-BH,0,0.125,0.125,2,1199
1.25,0.5,20262521,inserted_20260730_block,1,SAFE-ALPHA,0,0.25,0.25,4,518.5
1.25,0.5,20262521,inserted_20260730_block,1,Matched terminal weighted e-BH,0,0,0,0,
1.25,0.5,20262522,inserted_20260730_block,1,SAFE-ALPHA,0,0.625,0.625,10,621
1.25,0.5,20262522,inserted_20260730_block,1,Matched terminal weighted e-BH,0,0.375,0.375,6,1199
1.25,0.5,20262523,inserted_20260730_block,1,SAFE-ALPHA,0,0.4375,0.4375,7,819.571428571
1.25,0.5,20262523,inserted_20260730_block,1,Matched terminal weighted e-BH,0,0.3125,0.3125,5,1175
1.25,0.5,20262524,inserted_20260730_block,1,SAFE-ALPHA,0,0.75,0.75,12,710.166666667
1.25,0.5,20262524,inserted_20260730_block,1,Matched terminal weighted e-BH,0,0.6875,0.6875,11,1164.90909091
1.25,0.5,20262525,inserted_20260730_block,1,SAFE-ALPHA,0,0.0625,0.0625,1,776
1.25,0.5,20262525,inserted_20260730_block,1,Matched terminal weighted e-BH,0,0.0625,0.0625,1,1244
1.25,0.5,20262526,inserted_20260730_block,1,SAFE-ALPHA,0,0.6875,0.6875,11,848.272727273
1.25,0.5,20262526,inserted_20260730_block,1,Matched terminal weighted e-BH,0,0.25,0.25,4,1236.5
1.25,0.5,20262527,inserted_20260730_block,1,SAFE-ALPHA,0,0.375,0.375,6,686.833333333
1.25,0.5,20262527,inserted_20260730_block,1,Matched terminal weighted e-BH,0,0.1875,0.1875,3,1229
1.25,0.5,20262528,inserted_20260730_block,1,SAFE-ALPHA,0,0.5625,0.5625,9,931.555555556
1.25,0.5,20262528,inserted_20260730_block,1,Matched terminal weighted e-BH,0,0.5,0.5,8,1200.875
1.25,0.5,20262529,inserted_20260730_block,1,SAFE-ALPHA,0,0.875,0.875,14,783.142857143
1.25,0.5,20262529,inserted_20260730_block,1,Matched terminal weighted e-BH,0,0.6875,0.6875,11,1166.27272727
1.25,0.5,20262530,inserted_20260730_block,1,SAFE-ALPHA,0,0.8125,0.8125,13,502.538461538
1.25,0.5,20262530,inserted_20260730_block,1,Matched terminal weighted e-BH,0,0.5625,0.5625,9,1175.66666667
1.25,0.5,20262531,inserted_20260730_block,1,SAFE-ALPHA,0,0.0625,0.0625,1,846
1.25,0.5,20262531,inserted_20260730_block,1,Matched terminal weighted e-BH,0,0.0625,0.0625,1,1244
1.25,0.5,20262532,inserted_20260730_block,1,SAFE-ALPHA,0,0,0,0,
1.25,0.5,20262532,inserted_20260730_block,1,Matched terminal weighted e-BH,0,0,0,0,
1.25,0.5,20262533,inserted_20260730_block,1,SAFE-ALPHA,0,0.6875,0.6875,11,612.818181818
1.25,0.5,20262533,inserted_20260730_block,1,Matched terminal weighted e-BH,0,0.625,0.625,10,1172
1.25,0.5,20262534,inserted_20260730_block,1,SAFE-ALPHA,0,0,0,0,
1.25,0.5,20262534,inserted_20260730_block,1,Matched terminal weighted e-BH,0,0,0,0,
1.25,0.5,20262535,inserted_20260730_block,1,SAFE-ALPHA,0,0.375,0.375,6,486.833333333
1.25,0.5,20262535,inserted_20260730_block,1,Matched terminal weighted e-BH,0,0.3125,0.3125,5,1226
1.25,0.5,20262536,inserted_20260730_block,1,SAFE-ALPHA,0,0.875,0.875,14,619.928571429
1.25,0.5,20262536,inserted_20260730_block,1,Matched terminal weighted e-BH,0,0.8125,0.8125,13,1139
1.25,0.5,20262537,inserted_20260730_block,1,SAFE-ALPHA,0,0.1875,0.1875,3,954.333333333
1.25,0.5,20262537,inserted_20260730_block,1,Matched terminal weighted e-BH,0,0.0625,0.0625,1,1154
1.25,0.5,20262538,inserted_20260730_block,1,SAFE-ALPHA,0,0.9375,0.9375,15,677.333333333
1.25,0.5,20262538,inserted_20260730_block,1,Matched terminal weighted e-BH,0,0.875,0.875,14,1151.85714286
1.25,0.5,20262539,inserted_20260730_block,1,SAFE-ALPHA,0,0.3125,0.3125,5,1042
1.25,0.5,20262539,inserted_20260730_block,1,Matched terminal weighted e-BH,0,0.0625,0.0625,1,1154
1.25,0.5,20262540,inserted_20260730_block,1,SAFE-ALPHA,0.0625,0.9375,0.9375,16,369.333333333
1.25,0.5,20262540,inserted_20260730_block,1,Matched terminal weighted e-BH,0,0.75,0.75,12,1157.75
1.25,0.5,20262541,inserted_20260730_block,1,SAFE-ALPHA,0,0.125,0.125,2,1181
1.25,0.5,20262541,inserted_20260730_block,1,Matched terminal weighted e-BH,0,0.0625,0.0625,1,1244
1.25,0.5,20262542,inserted_20260730_block,1,SAFE-ALPHA,0,0.0625,0.0625,1,901
1.25,0.5,20262542,inserted_20260730_block,1,Matched terminal weighted e-BH,0,0.0625,0.0625,1,1259
1.25,0.5,20262543,inserted_20260730_block,1,SAFE-ALPHA,0,0.625,0.625,10,962.5
1.25,0.5,20262543,inserted_20260730_block,1,Matched terminal weighted e-BH,0,0.625,0.625,10,1178
1.25,0.5,20262544,inserted_20260730_block,1,SAFE-ALPHA,0,0.125,0.125,2,946
1.25,0.5,20262544,inserted_20260730_block,1,Matched terminal weighted e-BH,0,0.0625,0.0625,1,1229
1.25,0.5,20262545,inserted_20260730_block,1,SAFE-ALPHA,0,0.8125,0.8125,13,661
1.25,0.5,20262545,inserted_20260730_block,1,Matched terminal weighted e-BH,0,0.8125,0.8125,13,1149.38461538
1.25,0.5,20262546,inserted_20260730_block,1,SAFE-ALPHA,0,0.8125,0.8125,13,366.769230769
1.25,0.5,20262546,inserted_20260730_block,1,Matched terminal weighted e-BH,0,0.6875,0.6875,11,1159.45454545
1.25,0.5,20262547,inserted_20260730_block,1,SAFE-ALPHA,0,0.375,0.375,6,671.833333333
1.25,0.5,20262547,inserted_20260730_block,1,Matched terminal weighted e-BH,0,0.25,0.25,4,1187.75
1.25,0.5,20262548,inserted_20260730_block,1,SAFE-ALPHA,0,1,1,16,734.75
1.25,0.5,20262548,inserted_20260730_block,1,Matched terminal weighted e-BH,0,0.9375,0.9375,15,1126
1.25,0.5,20262549,inserted_20260730_block,1,SAFE-ALPHA,0,0.125,0.125,2,856
1.25,0.5,20262549,inserted_20260730_block,1,Matched terminal weighted e-BH,0,0.0625,0.0625,1,1259
1.25,0.5,20262550,inserted_20260730_block,1,SAFE-ALPHA,0,0.125,0.125,2,478.5
1.25,0.5,20262550,inserted_20260730_block,1,Matched terminal weighted e-BH,0,0.125,0.125,2,1229
1.25,0.5,20262551,inserted_20260730_block,1,SAFE-ALPHA,0,0.0625,0.0625,1,776
1.25,0.5,20262551,inserted_20260730_block,1,Matched terminal weighted e-BH,0,0.0625,0.0625,1,1244
1.25,0.5,20262552,inserted_20260730_block,1,SAFE-ALPHA,0,0.625,0.625,10,824
1.25,0.5,20262552,inserted_20260730_block,1,Matched terminal weighted e-BH,0,0.5,0.5,8,1182.125
1.25,0.5,20262553,inserted_20260730_block,1,SAFE-ALPHA,0,0.125,0.125,2,928.5
1.25,0.5,20262553,inserted_20260730_block,1,Matched terminal weighted e-BH,0,0,0,0,
1.25,0.5,20262554,inserted_20260730_block,1,SAFE-ALPHA,0,0.9375,0.9375,15,466.333333333
1.25,0.5,20262554,inserted_20260730_block,1,Matched terminal weighted e-BH,0,0.8125,0.8125,13,1148.23076923
1.25,0.5,20262555,inserted_20260730_block,1,SAFE-ALPHA,0,0.5625,0.5625,9,919.333333333
1.25,0.5,20262555,inserted_20260730_block,1,Matched terminal weighted e-BH,0,0.1875,0.1875,3,1209
1.25,0.5,20262556,inserted_20260730_block,1,SAFE-ALPHA,0,1,1,16,348.8125
1.25,0.5,20262556,inserted_20260730_block,1,Matched terminal weighted e-BH,0,0.9375,0.9375,15,1135
1.25,0.5,20262557,inserted_20260730_block,1,SAFE-ALPHA,0,0.75,0.75,12,823.5
1.25,0.5,20262557,inserted_20260730_block,1,Matched terminal weighted e-BH,0,0.75,0.75,12,1161.5
1.25,0.5,20262558,inserted_20260730_block,1,SAFE-ALPHA,0,0.0625,0.0625,1,1041
1.25,0.5,20262558,inserted_20260730_block,1,Matched terminal weighted e-BH,0,0,0,0,
1.25,0.5,20262559,inserted_20260730_block,1,SAFE-ALPHA,0,0.0625,0.0625,1,561
1.25,0.5,20262559,inserted_20260730_block,1,Matched terminal weighted e-BH,0,0,0,0,
1.25,0.5,20262560,inserted_20260730_block,1,SAFE-ALPHA,0,0.5,0.5,8,445.375
1.25,0.5,20262560,inserted_20260730_block,1,Matched terminal weighted e-BH,0,0.5,0.5,8,1146.5
1.25,0.5,20262561,inserted_20260730_block,1,SAFE-ALPHA,0,0,0,0,
1.25,0.5,20262561,inserted_20260730_block,1,Matched terminal weighted e-BH,0,0,0,0,
1.25,0.5,20262562,inserted_20260730_block,1,SAFE-ALPHA,0,0.1875,0.1875,3,671
1.25,0.5,20262562,inserted_20260730_block,1,Matched terminal weighted e-BH,0,0.125,0.125,2,1214
1.25,0.5,20262563,inserted_20260730_block,1,SAFE-ALPHA,0,0.125,0.125,2,938.5
1.25,0.5,20262563,inserted_20260730_block,1,Matched terminal weighted e-BH,0,0,0,0,
1.25,0.5,20262564,inserted_20260730_block,1,SAFE-ALPHA,0,0.5,0.5,8,756
1.25,0.5,20262564,inserted_20260730_block,1,Matched terminal weighted e-BH,0,0.375,0.375,6,1191.5
1.25,0.5,20262565,inserted_20260730_block,1,SAFE-ALPHA,0,0.6875,0.6875,11,342.818181818
1.25,0.5,20262565,inserted_20260730_block,1,Matched terminal weighted e-BH,0,0.4375,0.4375,7,1199
1.25,0.5,20262566,inserted_20260730_block,0.9375,SAFE-ALPHA,0,0,0,0,
1.25,0.5,20262566,inserted_20260730_block,0.9375,Matched terminal weighted e-BH,0,0,0,0,
1.25,0.5,20262567,inserted_20260730_block,1,SAFE-ALPHA,0,0.5,0.5,8,705.375
1.25,0.5,20262567,inserted_20260730_block,1,Matched terminal weighted e-BH,0,0.25,0.25,4,1180.25
1.25,0.5,20262568,inserted_20260730_block,1,SAFE-ALPHA,0,0.25,0.25,4,716
1.25,0.5,20262568,inserted_20260730_block,1,Matched terminal weighted e-BH,0,0.1875,0.1875,3,1179
1.25,0.5,20262569,inserted_20260730_block,1,SAFE-ALPHA,0,0.6875,0.6875,11,812.818181818
1.25,0.5,20262569,inserted_20260730_block,1,Matched terminal weighted e-BH,0,0.5625,0.5625,9,1177.33333333
1.25,0.5,20262570,inserted_20260730_block,1,SAFE-ALPHA,0,1,1,16,333.5
1.25,0.5,20262570,inserted_20260730_block,1,Matched terminal weighted e-BH,0,1,1,16,1140.875
1.25,0.5,20262571,inserted_20260730_block,1,SAFE-ALPHA,0,0.3125,0.3125,5,786
1.25,0.5,20262571,inserted_20260730_block,1,Matched terminal weighted e-BH,0,0.3125,0.3125,5,1187
1.25,0.5,20262572,inserted_20260730_block,1,SAFE-ALPHA,0,0.1875,0.1875,3,754.333333333
1.25,0.5,20262572,inserted_20260730_block,1,Matched terminal weighted e-BH,0,0,0,0,
1.25,0.5,20262573,inserted_20260730_block,1,SAFE-ALPHA,0,0.1875,0.1875,3,1101
1.25,0.5,20262573,inserted_20260730_block,1,Matched terminal weighted e-BH,0,0.0625,0.0625,1,1259
1.25,0.5,20262574,inserted_20260730_block,1,SAFE-ALPHA,0,0,0,0,
1.25,0.5,20262574,inserted_20260730_block,1,Matched terminal weighted e-BH,0,0,0,0,
1.25,0.5,20262575,inserted_20260730_block,1,SAFE-ALPHA,0,0.3125,0.3125,5,489
1.25,0.5,20262575,inserted_20260730_block,1,Matched terminal weighted e-BH,0,0.125,0.125,2,1244
1.25,0.5,20262576,inserted_20260730_block,0.9375,SAFE-ALPHA,0,0,0,0,
1.25,0.5,20262576,inserted_20260730_block,0.9375,Matched terminal weighted e-BH,0,0,0,0,
1.25,0.5,20262577,inserted_20260730_block,1,SAFE-ALPHA,0,0,0,0,
1.25,0.5,20262577,inserted_20260730_block,1,Matched terminal weighted e-BH,0,0,0,0,
1.25,0.5,20262578,inserted_20260730_block,1,SAFE-ALPHA,0,0.5625,0.5625,9,891.555555556
1.25,0.5,20262578,inserted_20260730_block,1,Matched terminal weighted e-BH,0,0.5,0.5,8,1142.75
1.25,0.5,20262579,inserted_20260730_block,1,SAFE-ALPHA,0,0.5625,0.5625,9,745.444444444
1.25,0.5,20262579,inserted_20260730_block,1,Matched terminal weighted e-BH,0,0.5625,0.5625,9,1199
1.25,0.5,20262580,inserted_20260730_block,1,SAFE-ALPHA,0,0.125,0.125,2,863.5
1.25,0.5,20262580,inserted_20260730_block,1,Matched terminal weighted e-BH,0,0.0625,0.0625,1,1259
1.25,0.5,20262581,inserted_20260730_block,1,SAFE-ALPHA,0,0.4375,0.4375,7,681
1.25,0.5,20262581,inserted_20260730_block,1,Matched terminal weighted e-BH,0,0.4375,0.4375,7,1214
1.25,0.5,20262582,inserted_20260730_block,1,SAFE-ALPHA,0,0.5,0.5,8,777.875
1.25,0.5,20262582,inserted_20260730_block,1,Matched terminal weighted e-BH,0,0.25,0.25,4,1217.75
1.25,0.5,20262583,inserted_20260730_block,1,SAFE-ALPHA,0,0,0,0,
1.25,0.5,20262583,inserted_20260730_block,1,Matched terminal weighted e-BH,0,0,0,0,
1.25,0.5,20262584,inserted_20260730_block,1,SAFE-ALPHA,0.111111111111,0.5,0.5,9,680.375
1.25,0.5,20262584,inserted_20260730_block,1,Matched terminal weighted e-BH,0.111111111111,0.5,0.5,9,1176.5
1.25,0.5,20262585,inserted_20260730_block,1,SAFE-ALPHA,0,0.25,0.25,4,772.25
1.25,0.5,20262585,inserted_20260730_block,1,Matched terminal weighted e-BH,0,0.25,0.25,4,1232.75
1.25,0.5,20262586,inserted_20260730_block,1,SAFE-ALPHA,0,0,0,0,
1.25,0.5,20262586,inserted_20260730_block,1,Matched terminal weighted e-BH,0,0,0,0,
1.25,0.5,20262587,inserted_20260730_block,1,SAFE-ALPHA,0,0.75,0.75,12,819.333333333
1.25,0.5,20262587,inserted_20260730_block,1,Matched terminal weighted e-BH,0,0.75,0.75,12,1170.25
1.25,0.5,20262588,inserted_20260730_block,1,SAFE-ALPHA,0,0.0625,0.0625,1,721
1.25,0.5,20262588,inserted_20260730_block,1,Matched terminal weighted e-BH,0,0,0,0,
1.25,0.5,20262589,inserted_20260730_block,1,SAFE-ALPHA,0,0.75,0.75,12,1058.08333333
1.25,0.5,20262589,inserted_20260730_block,1,Matched terminal weighted e-BH,0,0.5,0.5,8,1167.125
1.25,0.5,20262590,inserted_20260730_block,1,SAFE-ALPHA,0,1,1,16,391.3125
1.25,0.5,20262590,inserted_20260730_block,1,Matched terminal weighted e-BH,0,0.8125,0.8125,13,1112.46153846
1.25,0.5,20262591,inserted_20260730_block,1,SAFE-ALPHA,0,0.125,0.125,2,1008.5
1.25,0.5,20262591,inserted_20260730_block,1,Matched terminal weighted e-BH,0,0.125,0.125,2,1251.5
1.25,0.5,20262592,inserted_20260730_block,1,SAFE-ALPHA,0,0.6875,0.6875,11,435.090909091
1.25,0.5,20262592,inserted_20260730_block,1,Matched terminal weighted e-BH,0,0.1875,0.1875,3,1234
1.25,0.5,20262593,inserted_20260730_block,1,SAFE-ALPHA,0,0.5625,0.5625,9,338.777777778
1.25,0.5,20262593,inserted_20260730_block,1,Matched terminal weighted e-BH,0,0.3125,0.3125,5,1202
1.25,0.5,20262594,inserted_20260730_block,1,SAFE-ALPHA,0,0.0625,0.0625,1,251
1.25,0.5,20262594,inserted_20260730_block,1,Matched terminal weighted e-BH,0,0,0,0,
1.25,0.5,20262595,inserted_20260730_block,1,SAFE-ALPHA,0,0.0625,0.0625,1,366
1.25,0.5,20262595,inserted_20260730_block,1,Matched terminal weighted e-BH,0,0,0,0,
1.25,0.5,20262596,inserted_20260730_block,1,SAFE-ALPHA,0,1,1,16,589.4375
1.25,0.5,20262596,inserted_20260730_block,1,Matched terminal weighted e-BH,0,0.9375,0.9375,15,1153
1.25,0.5,20262597,inserted_20260730_block,1,SAFE-ALPHA,0,0.1875,0.1875,3,942.666666667
1.25,0.5,20262597,inserted_20260730_block,1,Matched terminal weighted e-BH,0,0.1875,0.1875,3,1229
1.25,0.5,20262598,inserted_20260730_block,1,SAFE-ALPHA,0,0.5,0.5,8,726.625
1.25,0.5,20262598,inserted_20260730_block,1,Matched terminal weighted e-BH,0,0.25,0.25,4,1199
1.25,0.5,20262599,inserted_20260730_block,1,SAFE-ALPHA,0,0.25,0.25,4,568.5
1.25,0.5,20262599,inserted_20260730_block,1,Matched terminal weighted e-BH,0,0,0,0,
1.25,0.5,20262600,inserted_20260730_block,1,SAFE-ALPHA,0,0.125,0.125,2,681
1.25,0.5,20262600,inserted_20260730_block,1,Matched terminal weighted e-BH,0,0,0,0,
1.25,0.5,20262601,inserted_20260730_block,1,SAFE-ALPHA,0,0.6875,0.6875,11,537.818181818
1.25,0.5,20262601,inserted_20260730_block,1,Matched terminal weighted e-BH,0,0.4375,0.4375,7,1162.57142857
1.25,0.5,20262602,inserted_20260730_block,1,SAFE-ALPHA,0,0.8125,0.8125,13,670.076923077
1.25,0.5,20262602,inserted_20260730_block,1,Matched terminal weighted e-BH,0,0.8125,0.8125,13,1129.76923077
1.25,0.5,20262603,inserted_20260730_block,1,SAFE-ALPHA,0,0.5625,0.5625,9,673.777777778
1.25,0.5,20262603,inserted_20260730_block,1,Matched terminal weighted e-BH,0,0.3125,0.3125,5,1217
1.25,0.5,20262604,inserted_20260730_block,1,SAFE-ALPHA,0,0,0,0,
1.25,0.5,20262604,inserted_20260730_block,1,Matched terminal weighted e-BH,0,0,0,0,
1.25,0.5,20262605,inserted_20260730_block,1,SAFE-ALPHA,0,0.375,0.375,6,491.833333333
1.25,0.5,20262605,inserted_20260730_block,1,Matched terminal weighted e-BH,0,0.1875,0.1875,3,1234
1.25,0.5,20262606,inserted_20260730_block,1,SAFE-ALPHA,0,0.125,0.125,2,1003.5
1.25,0.5,20262606,inserted_20260730_block,1,Matched terminal weighted e-BH,0,0.125,0.125,2,1244
1.25,0.5,20262607,inserted_20260730_block,1,SAFE-ALPHA,0,0.1875,0.1875,3,1162.66666667
1.25,0.5,20262607,inserted_20260730_block,1,Matched terminal weighted e-BH,0,0.1875,0.1875,3,1204
1.25,0.5,20262608,inserted_20260730_block,1,SAFE-ALPHA,0,0,0,0,
1.25,0.5,20262608,inserted_20260730_block,1,Matched terminal weighted e-BH,0,0,0,0,
1.25,0.5,20262609,inserted_20260730_block,1,SAFE-ALPHA,0,0.5,0.5,8,908.5
1.25,0.5,20262609,inserted_20260730_block,1,Matched terminal weighted e-BH,0,0.5,0.5,8,1204.625
1.25,0.5,20262610,inserted_20260730_block,1,SAFE-ALPHA,0,0.5625,0.5625,9,916
1.25,0.5,20262610,inserted_20260730_block,1,Matched terminal weighted e-BH,0,0.5625,0.5625,9,1195.66666667
1.25,0.5,20262611,inserted_20260730_block,1,SAFE-ALPHA,0,0,0,0,
1.25,0.5,20262611,inserted_20260730_block,1,Matched terminal weighted e-BH,0,0,0,0,
1.25,0.5,20262612,inserted_20260730_block,1,SAFE-ALPHA,0,0.3125,0.3125,5,641
1.25,0.5,20262612,inserted_20260730_block,1,Matched terminal weighted e-BH,0,0.25,0.25,4,1232.75
1.25,0.5,20262613,inserted_20260730_block,1,SAFE-ALPHA,0,0.375,0.375,6,808.5
1.25,0.5,20262613,inserted_20260730_block,1,Matched terminal weighted e-BH,0,0.25,0.25,4,1210.25
1.25,0.5,20262614,inserted_20260730_block,1,SAFE-ALPHA,0,0.75,0.75,12,700.166666667
1.25,0.5,20262614,inserted_20260730_block,1,Matched terminal weighted e-BH,0,0.5,0.5,8,1189.625
1.25,0.5,20262615,inserted_20260730_block,1,SAFE-ALPHA,0,0.0625,0.0625,1,516
1.25,0.5,20262615,inserted_20260730_block,1,Matched terminal weighted e-BH,0,0,0,0,
1.25,0.5,20262616,inserted_20260730_block,1,SAFE-ALPHA,0,0,0,0,
1.25,0.5,20262616,inserted_20260730_block,1,Matched terminal weighted e-BH,0,0,0,0,
1.25,0.5,20262617,inserted_20260730_block,1,SAFE-ALPHA,0,0.125,0.125,2,758.5
1.25,0.5,20262617,inserted_20260730_block,1,Matched terminal weighted e-BH,0,0,0,0,
1.25,0.5,20262618,inserted_20260730_block,1,SAFE-ALPHA,0,0,0,0,
1.25,0.5,20262618,inserted_20260730_block,1,Matched terminal weighted e-BH,0,0,0,0,
1.25,0.5,20262619,inserted_20260730_block,1,SAFE-ALPHA,0,0.5625,0.5625,9,861.555555556
1.25,0.5,20262619,inserted_20260730_block,1,Matched terminal weighted e-BH,0,0.5625,0.5625,9,1192.33333333
1.25,0.5,20262620,inserted_20260730_block,1,SAFE-ALPHA,0,0.4375,0.4375,7,1088.85714286
1.25,0.5,20262620,inserted_20260730_block,1,Matched terminal weighted e-BH,0,0.3125,0.3125,5,1202
1.25,0.5,20262621,inserted_20260730_block,1,SAFE-ALPHA,0,0.5625,0.5625,9,753.777777778
1.25,0.5,20262621,inserted_20260730_block,1,Matched terminal weighted e-BH,0,0.5625,0.5625,9,1175.66666667
1.25,0.5,20262622,inserted_20260730_block,1,SAFE-ALPHA,0,0,0,0,
1.25,0.5,20262622,inserted_20260730_block,1,Matched terminal weighted e-BH,0,0,0,0,
1.25,0.5,20262623,inserted_20260730_block,1,SAFE-ALPHA,0,0.1875,0.1875,3,786
1.25,0.5,20262623,inserted_20260730_block,1,Matched terminal weighted e-BH,0,0.1875,0.1875,3,1229
1.25,0.5,20262624,inserted_20260730_block,1,SAFE-ALPHA,0,0.4375,0.4375,7,772.857142857
1.25,0.5,20262624,inserted_20260730_block,1,Matched terminal weighted e-BH,0,0.25,0.25,4,1214
1.25,0.5,20262625,inserted_20260730_block,1,SAFE-ALPHA,0,0,0,0,
1.25,0.5,20262625,inserted_20260730_block,1,Matched terminal weighted e-BH,0,0,0,0,
1.25,0.5,20262626,inserted_20260730_block,1,SAFE-ALPHA,0,0.5625,0.5625,9,648.222222222
1.25,0.5,20262626,inserted_20260730_block,1,Matched terminal weighted e-BH,0,0.375,0.375,6,1221.5
1.25,0.5,20262627,inserted_20260730_block,1,SAFE-ALPHA,0,0.875,0.875,14,526
1.25,0.5,20262627,inserted_20260730_block,1,Matched terminal weighted e-BH,0,0.75,0.75,12,1162.75
1.25,0.5,20262628,inserted_20260730_block,1,SAFE-ALPHA,0,0.5625,0.5625,9,636
1.25,0.5,20262628,inserted_20260730_block,1,Matched terminal weighted e-BH,0,0.25,0.25,4,1221.5
1.25,0.5,20262629,inserted_20260730_block,1,SAFE-ALPHA,0,0.625,0.625,10,830.5
1.25,0.5,20262629,inserted_20260730_block,1,Matched terminal weighted e-BH,0,0.5625,0.5625,9,1160.66666667
1.25,0.5,20262630,inserted_20260730_block,1,SAFE-ALPHA,0,0.125,0.125,2,683.5
1.25,0.5,20262630,inserted_20260730_block,1,Matched terminal weighted e-BH,0,0.125,0.125,2,1244
1.25,0.5,20262631,inserted_20260730_block,1,SAFE-ALPHA,0,0,0,0,
1.25,0.5,20262631,inserted_20260730_block,1,Matched terminal weighted e-BH,0,0,0,0,
1.25,0.5,20262632,inserted_20260730_block,1,SAFE-ALPHA,0,0.375,0.375,6,772.666666667
1.25,0.5,20262632,inserted_20260730_block,1,Matched terminal weighted e-BH,0,0.375,0.375,6,1221.5
1.25,0.5,20262633,inserted_20260730_block,1,SAFE-ALPHA,0,0.625,0.625,10,597.5
1.25,0.5,20262633,inserted_20260730_block,1,Matched terminal weighted e-BH,0,0.625,0.625,10,1187
1.25,0.5,20262634,inserted_20260730_block,1,SAFE-ALPHA,0,0.625,0.625,10,838.5
1.25,0.5,20262634,inserted_20260730_block,1,Matched terminal weighted e-BH,0,0.625,0.625,10,1178
1.25,0.5,20262635,inserted_20260730_block,1,SAFE-ALPHA,0.0666666666667,0.875,0.875,15,627.785714286
1.25,0.5,20262635,inserted_20260730_block,1,Matched terminal weighted e-BH,0.0714285714286,0.8125,0.8125,14,1152.84615385
1.25,0.5,20262636,inserted_20260730_block,1,SAFE-ALPHA,0,0.4375,0.4375,7,1083.14285714
1.25,0.5,20262636,inserted_20260730_block,1,Matched terminal weighted e-BH,0,0.4375,0.4375,7,1207.57142857
1.25,0.5,20262637,inserted_20260730_block,1,SAFE-ALPHA,0,0.4375,0.4375,7,883.142857143
1.25,0.5,20262637,inserted_20260730_block,1,Matched terminal weighted e-BH,0,0.3125,0.3125,5,1220
1.25,0.5,20262638,inserted_20260730_block,1,SAFE-ALPHA,0,0.25,0.25,4,756
1.25,0.5,20262638,inserted_20260730_block,1,Matched terminal weighted e-BH,0,0.125,0.125,2,1236.5
1.25,0.5,20262639,inserted_20260730_block,1,SAFE-ALPHA,0,0.0625,0.0625,1,1106
1.25,0.5,20262639,inserted_20260730_block,1,Matched terminal weighted e-BH,0,0,0,0,
1.25,0.5,20262640,inserted_20260730_block,1,SAFE-ALPHA,0,0.1875,0.1875,3,729.333333333
1.25,0.5,20262640,inserted_20260730_block,1,Matched terminal weighted e-BH,0,0.1875,0.1875,3,1234
1.25,0.5,20262641,inserted_20260730_block,1,SAFE-ALPHA,0,0.4375,0.4375,7,646
1.25,0.5,20262641,inserted_20260730_block,1,Matched terminal weighted e-BH,0,0.375,0.375,6,1209
1.25,0.5,20262642,inserted_20260730_block,1,SAFE-ALPHA,0,0.75,0.75,12,752.25
1.25,0.5,20262642,inserted_20260730_block,1,Matched terminal weighted e-BH,0,0.75,0.75,12,1167.75
1.25,0.5,20262643,inserted_20260730_block,1,SAFE-ALPHA,0,0,0,0,
1.25,0.5,20262643,inserted_20260730_block,1,Matched terminal weighted e-BH,0,0,0,0,
1.25,0.5,20262644,inserted_20260730_block,1,SAFE-ALPHA,0,0.4375,0.4375,7,895.285714286
1.25,0.5,20262644,inserted_20260730_block,1,Matched terminal weighted e-BH,0,0.3125,0.3125,5,1202
1.25,0.5,20262645,inserted_20260730_block,1,SAFE-ALPHA,0,0.25,0.25,4,767.25
1.25,0.5,20262645,inserted_20260730_block,1,Matched terminal weighted e-BH,0,0.0625,0.0625,1,1259
1.25,0.5,20262646,inserted_20260730_block,1,SAFE-ALPHA,0,0.1875,0.1875,3,806
1.25,0.5,20262646,inserted_20260730_block,1,Matched terminal weighted e-BH,0,0.0625,0.0625,1,1244
1.25,0.5,20262647,inserted_20260730_block,1,SAFE-ALPHA,0,0.0625,0.0625,1,501
1.25,0.5,20262647,inserted_20260730_block,1,Matched terminal weighted e-BH,0,0,0,0,
1.25,0.5,20262648,inserted_20260730_block,1,SAFE-ALPHA,0,0.875,0.875,14,744.928571429
1.25,0.5,20262648,inserted_20260730_block,1,Matched terminal weighted e-BH,0,0.8125,0.8125,13,1159.76923077
1.25,0.5,20262649,inserted_20260730_block,1,SAFE-ALPHA,0,0.0625,0.0625,1,161
1.25,0.5,20262649,inserted_20260730_block,1,Matched terminal weighted e-BH,0,0,0,0,
1.25,0.5,20262650,inserted_20260730_block,1,SAFE-ALPHA,0,0.0625,0.0625,1,601
1.25,0.5,20262650,inserted_20260730_block,1,Matched terminal weighted e-BH,0,0,0,0,
1.25,0.5,20262651,inserted_20260730_block,1,SAFE-ALPHA,0,0.1875,0.1875,3,536
1.25,0.5,20262651,inserted_20260730_block,1,Matched terminal weighted e-BH,0,0.1875,0.1875,3,1199
1.25,0.5,20262652,inserted_20260730_block,1,SAFE-ALPHA,0,0.625,0.625,10,734.5
1.25,0.5,20262652,inserted_20260730_block,1,Matched terminal weighted e-BH,0,0.625,0.625,10,1167.5
1.25,0.5,20262653,inserted_20260730_block,1,SAFE-ALPHA,0,0.25,0.25,4,793.5
1.25,0.5,20262653,inserted_20260730_block,1,Matched terminal weighted e-BH,0,0.1875,0.1875,3,1169
1.25,0.5,20262654,inserted_20260730_block,1,SAFE-ALPHA,0,0.375,0.375,6,639.333333333
1.25,0.5,20262654,inserted_20260730_block,1,Matched terminal weighted e-BH,0,0.375,0.375,6,1221.5
1.25,0.5,20262655,inserted_20260730_block,1,SAFE-ALPHA,0,0.375,0.375,6,965.166666667
1.25,0.5,20262655,inserted_20260730_block,1,Matched terminal weighted e-BH,0,0.25,0.25,4,1199
1.25,0.5,20262656,inserted_20260730_block,1,SAFE-ALPHA,0,0.25,0.25,4,767.25
1.25,0.5,20262656,inserted_20260730_block,1,Matched terminal weighted e-BH,0,0.1875,0.1875,3,1224
1.25,0.5,20262657,inserted_20260730_block,1,SAFE-ALPHA,0,0,0,0,
1.25,0.5,20262657,inserted_20260730_block,1,Matched terminal weighted e-BH,0,0,0,0,
1.25,0.5,20262658,inserted_20260730_block,1,SAFE-ALPHA,0,0.5,0.5,8,666
1.25,0.5,20262658,inserted_20260730_block,1,Matched terminal weighted e-BH,0,0.125,0.125,2,1184
1.25,0.5,20262659,inserted_20260730_block,1,SAFE-ALPHA,0,0.1875,0.1875,3,984.333333333
1.25,0.5,20262659,inserted_20260730_block,1,Matched terminal weighted e-BH,0,0.1875,0.1875,3,1239
1.25,0.5,20262660,inserted_20260730_block,1,SAFE-ALPHA,0,0.9375,0.9375,15,483
1.25,0.5,20262660,inserted_20260730_block,1,Matched terminal weighted e-BH,0,0.9375,0.9375,15,1124
1.25,0.5,20262661,inserted_20260730_block,1,SAFE-ALPHA,0,0.0625,0.0625,1,391
1.25,0.5,20262661,inserted_20260730_block,1,Matched terminal weighted e-BH,0,0.0625,0.0625,1,1259
1.25,0.5,20262662,inserted_20260730_block,1,SAFE-ALPHA,0,0.125,0.125,2,978.5
1.25,0.5,20262662,inserted_20260730_block,1,Matched terminal weighted e-BH,0,0.125,0.125,2,1251.5
1.25,0.5,20262663,inserted_20260730_block,1,SAFE-ALPHA,0,0.125,0.125,2,1146
1.25,0.5,20262663,inserted_20260730_block,1,Matched terminal weighted e-BH,0,0.125,0.125,2,1244
1.25,0.5,20262664,inserted_20260730_block,1,SAFE-ALPHA,0,0.3125,0.3125,5,892
1.25,0.5,20262664,inserted_20260730_block,1,Matched terminal weighted e-BH,0,0.1875,0.1875,3,1244
1.25,0.5,20262665,inserted_20260730_block,1,SAFE-ALPHA,0,0.125,0.125,2,688.5
1.25,0.5,20262665,inserted_20260730_block,1,Matched terminal weighted e-BH,0,0,0,0,
1.25,0.5,20262666,inserted_20260730_block,1,SAFE-ALPHA,0,0.0625,0.0625,1,1011
1.25,0.5,20262666,inserted_20260730_block,1,Matched terminal weighted e-BH,0,0.0625,0.0625,1,1259
1.25,0.5,20262667,inserted_20260730_block,1,SAFE-ALPHA,0,0.3125,0.3125,5,741
1.25,0.5,20262667,inserted_20260730_block,1,Matched terminal weighted e-BH,0,0.3125,0.3125,5,1229
1.25,0.5,20262668,inserted_20260730_block,1,SAFE-ALPHA,0,0.375,0.375,6,834.333333333
1.25,0.5,20262668,inserted_20260730_block,1,Matched terminal weighted e-BH,0,0.375,0.375,6,1214
1.25,0.5,20262669,inserted_20260730_block,1,SAFE-ALPHA,0,0.1875,0.1875,3,1021
1.25,0.5,20262669,inserted_20260730_block,1,Matched terminal weighted e-BH,0,0.125,0.125,2,1221.5
1.25,0.5,20262670,inserted_20260730_block,1,SAFE-ALPHA,0,0,0,0,
1.25,0.5,20262670,inserted_20260730_block,1,Matched terminal weighted e-BH,0,0,0,0,
1.25,0.5,20262671,inserted_20260730_block,1,SAFE-ALPHA,0,0.6875,0.6875,11,486
1.25,0.5,20262671,inserted_20260730_block,1,Matched terminal weighted e-BH,0,0.6875,0.6875,11,1170.36363636
1.25,0.5,20262672,inserted_20260730_block,1,SAFE-ALPHA,0,0.125,0.125,2,666
1.25,0.5,20262672,inserted_20260730_block,1,Matched terminal weighted e-BH,0,0.0625,0.0625,1,1229
1.25,0.5,20262673,inserted_20260730_block,1,SAFE-ALPHA,0,0.25,0.25,4,541
1.25,0.5,20262673,inserted_20260730_block,1,Matched terminal weighted e-BH,0,0.25,0.25,4,1217.75
1.25,0.5,20262674,inserted_20260730_block,1,SAFE-ALPHA,0,0.125,0.125,2,256
1.25,0.5,20262674,inserted_20260730_block,1,Matched terminal weighted e-BH,0,0.0625,0.0625,1,1259
1.25,0.5,20262675,inserted_20260730_block,1,SAFE-ALPHA,0,0.5,0.5,8,1027.25
1.25,0.5,20262675,inserted_20260730_block,1,Matched terminal weighted e-BH,0,0.1875,0.1875,3,1199
1.25,0.5,20262676,inserted_20260730_block,1,SAFE-ALPHA,0,0,0,0,
1.25,0.5,20262676,inserted_20260730_block,1,Matched terminal weighted e-BH,0,0,0,0,
1.25,0.5,20262677,inserted_20260730_block,1,SAFE-ALPHA,0,0.3125,0.3125,5,664
1.25,0.5,20262677,inserted_20260730_block,1,Matched terminal weighted e-BH,0,0.3125,0.3125,5,1193
1.25,0.5,20262678,inserted_20260730_block,1,SAFE-ALPHA,0,0.5625,0.5625,9,547.111111111
1.25,0.5,20262678,inserted_20260730_block,1,Matched terminal weighted e-BH,0,0.5625,0.5625,9,1184
1.25,0.5,20262679,inserted_20260730_block,1,SAFE-ALPHA,0,0.8125,0.8125,13,329.846153846
1.25,0.5,20262679,inserted_20260730_block,1,Matched terminal weighted e-BH,0,0.6875,0.6875,11,1164.90909091
1.25,0.5,20262680,inserted_20260730_block,1,SAFE-ALPHA,0,0.6875,0.6875,11,548.272727273
1.25,0.5,20262680,inserted_20260730_block,1,Matched terminal weighted e-BH,0,0.6875,0.6875,11,1179.90909091
1.25,0.5,20262681,inserted_20260730_block,1,SAFE-ALPHA,0,0.4375,0.4375,7,610.285714286
1.25,0.5,20262681,inserted_20260730_block,1,Matched terminal weighted e-BH,0,0.4375,0.4375,7,1186.14285714
1.25,0.5,20262682,inserted_20260730_block,1,SAFE-ALPHA,0,0.875,0.875,14,858.142857143
1.25,0.5,20262682,inserted_20260730_block,1,Matched terminal weighted e-BH,0,0.8125,0.8125,13,1140.15384615
1.25,0.5,20262683,inserted_20260730_block,1,SAFE-ALPHA,0,1,1,16,503.5
1.25,0.5,20262683,inserted_20260730_block,1,Matched terminal weighted e-BH,0,0.9375,0.9375,15,1151
1.25,0.5,20262684,inserted_20260730_block,1,SAFE-ALPHA,0,0.6875,0.6875,11,536
1.25,0.5,20262684,inserted_20260730_block,1,Matched terminal weighted e-BH,0,0.3125,0.3125,5,1184
1.25,0.5,20262685,inserted_20260730_block,1,SAFE-ALPHA,0,0,0,0,
1.25,0.5,20262685,inserted_20260730_block,1,Matched terminal weighted e-BH,0,0,0,0,
1.25,0.5,20262686,inserted_20260730_block,1,SAFE-ALPHA,0,0.125,0.125,2,538.5
1.25,0.5,20262686,inserted_20260730_block,1,Matched terminal weighted e-BH,0,0,0,0,
1.25,0.5,20262687,inserted_20260730_block,1,SAFE-ALPHA,0,0.25,0.25,4,887.25
1.25,0.5,20262687,inserted_20260730_block,1,Matched terminal weighted e-BH,0,0.25,0.25,4,1202.75
1.25,0.5,20262688,inserted_20260730_block,1,SAFE-ALPHA,0,0.4375,0.4375,7,828.857142857
1.25,0.5,20262688,inserted_20260730_block,1,Matched terminal weighted e-BH,0,0.375,0.375,6,1219
1.25,0.5,20262689,inserted_20260730_block,1,SAFE-ALPHA,0,0,0,0,
1.25,0.5,20262689,inserted_20260730_block,1,Matched terminal weighted e-BH,0,0,0,0,
1.25,0.5,20262690,inserted_20260730_block,1,SAFE-ALPHA,0,0.125,0.125,2,836
1.25,0.5,20262690,inserted_20260730_block,1,Matched terminal weighted e-BH,0,0,0,0,
1.25,0.5,20262691,inserted_20260730_block,1,SAFE-ALPHA,0,0.375,0.375,6,1009
1.25,0.5,20262691,inserted_20260730_block,1,Matched terminal weighted e-BH,0,0.375,0.375,6,1201.5
1.25,0.5,20262692,inserted_20260730_block,1,SAFE-ALPHA,0,0.4375,0.4375,7,690.285714286
1.25,0.5,20262692,inserted_20260730_block,1,Matched terminal weighted e-BH,0,0.4375,0.4375,7,1186.14285714
1.25,0.5,20262693,inserted_20260730_block,1,SAFE-ALPHA,0,0.5,0.5,8,725.375
1.25,0.5,20262693,inserted_20260730_block,1,Matched terminal weighted e-BH,0,0.5,0.5,8,1185.875
1.25,0.5,20262694,inserted_20260730_block,1,SAFE-ALPHA,0,0.125,0.125,2,1198.5
1.25,0.5,20262694,inserted_20260730_block,1,Matched terminal weighted e-BH,0,0.0625,0.0625,1,1259
1.25,0.5,20262695,inserted_20260730_block,1,SAFE-ALPHA,0,0.4375,0.4375,7,763.857142857
1.25,0.5,20262695,inserted_20260730_block,1,Matched terminal weighted e-BH,0,0.375,0.375,6,1189
1.25,0.5,20262696,inserted_20260730_block,1,SAFE-ALPHA,0,0.1875,0.1875,3,351
1.25,0.5,20262696,inserted_20260730_block,1,Matched terminal weighted e-BH,0,0,0,0,
1.25,0.5,20262697,inserted_20260730_block,1,SAFE-ALPHA,0,0.125,0.125,2,743.5
1.25,0.5,20262697,inserted_20260730_block,1,Matched terminal weighted e-BH,0,0,0,0,
1.25,0.5,20262698,inserted_20260730_block,1,SAFE-ALPHA,0,0.1875,0.1875,3,736
1.25,0.5,20262698,inserted_20260730_block,1,Matched terminal weighted e-BH,0,0.1875,0.1875,3,1244
1.25,0.5,20262699,inserted_20260730_block,1,SAFE-ALPHA,0,0,0,0,
1.25,0.5,20262699,inserted_20260730_block,1,Matched terminal weighted e-BH,0,0,0,0,
1.25,0.5,20262700,inserted_20260730_block,1,SAFE-ALPHA,0,0.25,0.25,4,734.75
1.25,0.5,20262700,inserted_20260730_block,1,Matched terminal weighted e-BH,0,0.0625,0.0625,1,1229
1.25,0.5,20262701,inserted_20260730_block,1,SAFE-ALPHA,0,0.1875,0.1875,3,927.666666667
1.25,0.5,20262701,inserted_20260730_block,1,Matched terminal weighted e-BH,0,0.125,0.125,2,1251.5
1.25,0.5,20262702,inserted_20260730_block,1,SAFE-ALPHA,0,0.375,0.375,6,489.333333333
1.25,0.5,20262702,inserted_20260730_block,1,Matched terminal weighted e-BH,0,0.125,0.125,2,1251.5
1.25,0.5,20262703,inserted_20260730_block,1,SAFE-ALPHA,0,0.5,0.5,8,816
1.25,0.5,20262703,inserted_20260730_block,1,Matched terminal weighted e-BH,0,0.375,0.375,6,1194
1.25,0.5,20262704,inserted_20260730_block,1,SAFE-ALPHA,0,0.0625,0.0625,1,381
1.25,0.5,20262704,inserted_20260730_block,1,Matched terminal weighted e-BH,0,0,0,0,
1.25,0.5,20262705,inserted_20260730_block,1,SAFE-ALPHA,0.111111111111,1,1,18,467.875
1.25,0.5,20262705,inserted_20260730_block,1,Matched terminal weighted e-BH,0,1,1,16,1111.8125
1.25,0.5,20262706,inserted_20260730_block,1,SAFE-ALPHA,0,0.125,0.125,2,596
1.25,0.5,20262706,inserted_20260730_block,1,Matched terminal weighted e-BH,0,0,0,0,
1.25,0.5,20262707,inserted_20260730_block,1,SAFE-ALPHA,0,0.5,0.5,8,667.875
1.25,0.5,20262707,inserted_20260730_block,1,Matched terminal weighted e-BH,0,0.375,0.375,6,1221.5
1.25,0.5,20262708,inserted_20260730_block,1,SAFE-ALPHA,0,0.6875,0.6875,11,655.090909091
1.25,0.5,20262708,inserted_20260730_block,1,Matched terminal weighted e-BH,0,0.5,0.5,8,1146.5
1.25,0.5,20262709,inserted_20260730_block,1,SAFE-ALPHA,0,0.75,0.75,12,444.333333333
1.25,0.5,20262709,inserted_20260730_block,1,Matched terminal weighted e-BH,0,0.625,0.625,10,1170.5
1.25,0.5,20262710,inserted_20260730_block,1,SAFE-ALPHA,0,0,0,0,
1.25,0.5,20262710,inserted_20260730_block,1,Matched terminal weighted e-BH,0,0,0,0,
1.25,0.5,20262711,inserted_20260730_block,1,SAFE-ALPHA,0,0.75,0.75,12,655.583333333
1.25,0.5,20262711,inserted_20260730_block,1,Matched terminal weighted e-BH,0,0.6875,0.6875,11,1171.72727273
1.25,0.5,20262712,inserted_20260730_block,1,SAFE-ALPHA,0,0.8125,0.8125,13,668.692307692
1.25,0.5,20262712,inserted_20260730_block,1,Matched terminal weighted e-BH,0,0.6875,0.6875,11,1156.72727273
1.25,0.5,20262713,inserted_20260730_block,1,SAFE-ALPHA,0,0.25,0.25,4,663.5
1.25,0.5,20262713,inserted_20260730_block,1,Matched terminal weighted e-BH,0,0.1875,0.1875,3,1164
1.25,0.5,20262714,inserted_20260730_block,1,SAFE-ALPHA,0,0.25,0.25,4,799.75
1.25,0.5,20262714,inserted_20260730_block,1,Matched terminal weighted e-BH,0,0.1875,0.1875,3,1224
1.25,0.5,20262715,inserted_20260730_block,1,SAFE-ALPHA,0,0.125,0.125,2,933.5
1.25,0.5,20262715,inserted_20260730_block,1,Matched terminal weighted e-BH,0,0.125,0.125,2,1214
1.25,0.5,20262716,inserted_20260730_block,1,SAFE-ALPHA,0,0.6875,0.6875,11,811.454545455
1.25,0.5,20262716,inserted_20260730_block,1,Matched terminal weighted e-BH,0,0.6875,0.6875,11,1163.54545455
1.25,0.5,20262717,inserted_20260730_block,1,SAFE-ALPHA,0,0.3125,0.3125,5,736
1.25,0.5,20262717,inserted_20260730_block,1,Matched terminal weighted e-BH,0,0.125,0.125,2,1244
1.25,0.5,20262718,inserted_20260730_block,1,SAFE-ALPHA,0,0,0,0,
1.25,0.5,20262718,inserted_20260730_block,1,Matched terminal weighted e-BH,0,0,0,0,
1.25,0.5,20262719,inserted_20260730_block,1,SAFE-ALPHA,0,0.5625,0.5625,9,742.666666667
1.25,0.5,20262719,inserted_20260730_block,1,Matched terminal weighted e-BH,0,0.4375,0.4375,7,1194.71428571
1.25,0.5,20262720,inserted_20260730_block,1,SAFE-ALPHA,0,0,0,0,
1.25,0.5,20262720,inserted_20260730_block,1,Matched terminal weighted e-BH,0,0,0,0,
1.25,0.5,20262721,inserted_20260730_block,1,SAFE-ALPHA,0,0,0,0,
1.25,0.5,20262721,inserted_20260730_block,1,Matched terminal weighted e-BH,0,0,0,0,
1.25,0.5,20262722,inserted_20260730_block,1,SAFE-ALPHA,0,0.625,0.625,10,603.5
1.25,0.5,20262722,inserted_20260730_block,1,Matched terminal weighted e-BH,0,0.375,0.375,6,1206.5
1.25,0.5,20262723,inserted_20260730_block,1,SAFE-ALPHA,0,0,0,0,
1.25,0.5,20262723,inserted_20260730_block,1,Matched terminal weighted e-BH,0,0,0,0,
1.25,0.5,20262724,inserted_20260730_block,1,SAFE-ALPHA,0,0,0,0,
1.25,0.5,20262724,inserted_20260730_block,1,Matched terminal weighted e-BH,0,0,0,0,
1.25,0.5,20262725,inserted_20260730_block,1,SAFE-ALPHA,0,0.5,0.5,8,741.625
1.25,0.5,20262725,inserted_20260730_block,1,Matched terminal weighted e-BH,0,0.125,0.125,2,1244
1.25,0.5,20262726,inserted_20260730_block,0.9375,SAFE-ALPHA,0,0.933333333333,0.875,14,594.571428571
1.25,0.5,20262726,inserted_20260730_block,0.9375,Matched terminal weighted e-BH,0,0.866666666667,0.8125,13,1152.84615385
1.25,0.5,20262727,inserted_20260730_block,1,SAFE-ALPHA,0,0,0,0,
1.25,0.5,20262727,inserted_20260730_block,1,Matched terminal weighted e-BH,0,0,0,0,
1.25,0.5,20262728,inserted_20260730_block,1,SAFE-ALPHA,0,0.875,0.875,14,489.785714286
1.25,0.5,20262728,inserted_20260730_block,1,Matched terminal weighted e-BH,0,0.875,0.875,14,1152.92857143
1.25,0.5,20262729,inserted_20260730_block,1,SAFE-ALPHA,0,0.25,0.25,4,674.75
1.25,0.5,20262729,inserted_20260730_block,1,Matched terminal weighted e-BH,0,0.125,0.125,2,1221.5
1.5,0.5,315909,archived_314159_anchor,1,SAFE-ALPHA,0,1,1,16,814.75
1.5,0.5,315909,archived_314159_anchor,1,Matched terminal weighted e-BH,0,0.9375,0.9375,15,1149
1.5,0.5,315910,archived_314159_anchor,1,SAFE-ALPHA,0,0.9375,0.9375,15,414
1.5,0.5,315910,archived_314159_anchor,1,Matched terminal weighted e-BH,0,0.8125,0.8125,13,1148.23076923
1.5,0.5,315911,archived_314159_anchor,1,SAFE-ALPHA,0,0.625,0.625,10,838
1.5,0.5,315911,archived_314159_anchor,1,Matched terminal weighted e-BH,0,0.625,0.625,10,1167.5
1.5,0.5,315912,archived_314159_anchor,1,SAFE-ALPHA,0,0.3125,0.3125,5,923
1.5,0.5,315912,archived_314159_anchor,1,Matched terminal weighted e-BH,0,0.25,0.25,4,1154
1.5,0.5,315913,archived_314159_anchor,1,SAFE-ALPHA,0,0.875,0.875,14,469.928571429
1.5,0.5,315913,archived_314159_anchor,1,Matched terminal weighted e-BH,0,0.5625,0.5625,9,1162.33333333
1.5,0.5,315914,archived_314159_anchor,1,SAFE-ALPHA,0,0.8125,0.8125,13,660.230769231
1.5,0.5,315914,archived_314159_anchor,1,Matched terminal weighted e-BH,0,0.5625,0.5625,9,1192.33333333
1.5,0.5,315915,archived_314159_anchor,1,SAFE-ALPHA,0,0.625,0.625,10,729
1.5,0.5,315915,archived_314159_anchor,1,Matched terminal weighted e-BH,0,0.4375,0.4375,7,1184
1.5,0.5,315916,archived_314159_anchor,1,SAFE-ALPHA,0,0.625,0.625,10,766.5
1.5,0.5,315916,archived_314159_anchor,1,Matched terminal weighted e-BH,0,0.25,0.25,4,1202.75
1.5,0.5,315917,archived_314159_anchor,1,SAFE-ALPHA,0,0.125,0.125,2,878.5
1.5,0.5,315917,archived_314159_anchor,1,Matched terminal weighted e-BH,0,0.0625,0.0625,1,1139
1.5,0.5,315918,archived_314159_anchor,1,SAFE-ALPHA,0,0.6875,0.6875,11,761.909090909
1.5,0.5,315918,archived_314159_anchor,1,Matched terminal weighted e-BH,0,0.6875,0.6875,11,1175.81818182
1.5,0.5,315919,archived_314159_anchor,1,SAFE-ALPHA,0,0.1875,0.1875,3,679.333333333
1.5,0.5,315919,archived_314159_anchor,1,Matched terminal weighted e-BH,0,0.125,0.125,2,1214
1.5,0.5,315920,archived_314159_anchor,1,SAFE-ALPHA,0,0.125,0.125,2,868.5
1.5,0.5,315920,archived_314159_anchor,1,Matched terminal weighted e-BH,0,0.0625,0.0625,1,1184
1.5,0.5,315921,archived_314159_anchor,1,SAFE-ALPHA,0,0.875,0.875,14,443.142857143
1.5,0.5,315921,archived_314159_anchor,1,Matched terminal weighted e-BH,0,0.875,0.875,14,1152.92857143
1.5,0.5,315922,archived_314159_anchor,1,SAFE-ALPHA,0,1,1,16,501.625
1.5,0.5,315922,archived_314159_anchor,1,Matched terminal weighted e-BH,0,0.9375,0.9375,15,1151
1.5,0.5,315923,archived_314159_anchor,1,SAFE-ALPHA,0,0.625,0.625,10,545
1.5,0.5,315923,archived_314159_anchor,1,Matched terminal weighted e-BH,0,0.3125,0.3125,5,1190
1.5,0.5,315924,archived_314159_anchor,1,SAFE-ALPHA,0,0.875,0.875,14,625.642857143
1.5,0.5,315924,archived_314159_anchor,1,Matched terminal weighted e-BH,0,0.8125,0.8125,13,1165.53846154
1.5,0.5,315925,archived_314159_anchor,1,SAFE-ALPHA,0,0.625,0.625,10,656
1.5,0.5,315925,archived_314159_anchor,1,Matched terminal weighted e-BH,0,0.4375,0.4375,7,1205.42857143
1.5,0.5,315926,archived_314159_anchor,1,SAFE-ALPHA,0,0,0,0,
1.5,0.5,315926,archived_314159_anchor,1,Matched terminal weighted e-BH,0,0,0,0,
1.5,0.5,315927,archived_314159_anchor,1,SAFE-ALPHA,0,0.8125,0.8125,13,717.538461538
1.5,0.5,315927,archived_314159_anchor,1,Matched terminal weighted e-BH,0,0.75,0.75,12,1176.5
1.5,0.5,315928,archived_314159_anchor,1,SAFE-ALPHA,0,0.875,0.875,14,556
1.5,0.5,315928,archived_314159_anchor,1,Matched terminal weighted e-BH,0,0.875,0.875,14,1147.57142857
1.5,0.5,315929,archived_314159_anchor,1,SAFE-ALPHA,0,0.5625,0.5625,9,478.777777778
1.5,0.5,315929,archived_314159_anchor,1,Matched terminal weighted e-BH,0,0.3125,0.3125,5,1151
1.5,0.5,315930,archived_314159_anchor,1,SAFE-ALPHA,0,0.3125,0.3125,5,572
1.5,0.5,315930,archived_314159_anchor,1,Matched terminal weighted e-BH,0,0.25,0.25,4,1225.25
1.5,0.5,315931,archived_314159_anchor,1,SAFE-ALPHA,0,0.6875,0.6875,11,361.454545455
1.5,0.5,315931,archived_314159_anchor,1,Matched terminal weighted e-BH,0,0.4375,0.4375,7,1166.85714286
1.5,0.5,315932,archived_314159_anchor,1,SAFE-ALPHA,0,0.4375,0.4375,7,806.714285714
1.5,0.5,315932,archived_314159_anchor,1,Matched terminal weighted e-BH,0,0,0,0,
1.5,0.5,315933,archived_314159_anchor,1,SAFE-ALPHA,0,0.8125,0.8125,13,671.384615385
1.5,0.5,315933,archived_314159_anchor,1,Matched terminal weighted e-BH,0,0.625,0.625,10,1179.5
1.5,0.5,315934,archived_314159_anchor,1,SAFE-ALPHA,0,0.3125,0.3125,5,619
1.5,0.5,315934,archived_314159_anchor,1,Matched terminal weighted e-BH,0,0.1875,0.1875,3,1229
1.5,0.5,315935,archived_314159_anchor,1,SAFE-ALPHA,0,0.8125,0.8125,13,643.692307692
1.5,0.5,315935,archived_314159_anchor,1,Matched terminal weighted e-BH,0,0.5,0.5,8,1187.75
1.5,0.5,315936,archived_314159_anchor,1,SAFE-ALPHA,0,0.25,0.25,4,413.5
1.5,0.5,315936,archived_314159_anchor,1,Matched terminal weighted e-BH,0,0.125,0.125,2,1236.5
1.5,0.5,315937,archived_314159_anchor,1,SAFE-ALPHA,0,0.625,0.625,10,711.5
1.5,0.5,315937,archived_314159_anchor,1,Matched terminal weighted e-BH,0,0.625,0.625,10,1167.5
1.5,0.5,315938,archived_314159_anchor,1,SAFE-ALPHA,0,0.75,0.75,12,600.583333333
1.5,0.5,315938,archived_314159_anchor,1,Matched terminal weighted e-BH,0,0.75,0.75,12,1155.25
1.5,0.5,315939,archived_314159_anchor,1,SAFE-ALPHA,0,0.875,0.875,14,489.928571429
1.5,0.5,315939,archived_314159_anchor,1,Matched terminal weighted e-BH,0,0.875,0.875,14,1159.35714286
1.5,0.5,315940,archived_314159_anchor,1,SAFE-ALPHA,0,0.75,0.75,12,898.083333333
1.5,0.5,315940,archived_314159_anchor,1,Matched terminal weighted e-BH,0,0.6875,0.6875,11,1163.54545455
1.5,0.5,315941,archived_314159_anchor,1,SAFE-ALPHA,0,0,0,0,
1.5,0.5,315941,archived_314159_anchor,1,Matched terminal weighted e-BH,0,0,0,0,
1.5,0.5,315942,archived_314159_anchor,1,SAFE-ALPHA,0,0.3125,0.3125,5,939
1.5,0.5,315942,archived_314159_anchor,1,Matched terminal weighted e-BH,0,0.3125,0.3125,5,1199
1.5,0.5,315943,archived_314159_anchor,1,SAFE-ALPHA,0,0.875,0.875,14,744.928571429
1.5,0.5,315943,archived_314159_anchor,1,Matched terminal weighted e-BH,0,0.8125,0.8125,13,1159.76923077
1.5,0.5,315944,archived_314159_anchor,1,SAFE-ALPHA,0,1,1,16,371.3125
1.5,0.5,315944,archived_314159_anchor,1,Matched terminal weighted e-BH,0,0.9375,0.9375,15,1147
1.5,0.5,315945,archived_314159_anchor,1,SAFE-ALPHA,0,0.625,0.625,10,861.6
1.5,0.5,315945,archived_314159_anchor,1,Matched terminal weighted e-BH,0,0.4375,0.4375,7,1194.71428571
1.5,0.5,315946,archived_314159_anchor,1,SAFE-ALPHA,0,0.375,0.375,6,1016
1.5,0.5,315946,archived_314159_anchor,1,Matched terminal weighted e-BH,0,0.0625,0.0625,1,1259
1.5,0.5,315947,archived_314159_anchor,1,SAFE-ALPHA,0,0.5,0.5,8,617.25
1.5,0.5,315947,archived_314159_anchor,1,Matched terminal weighted e-BH,0,0.4375,0.4375,7,1205.42857143
1.5,0.5,315948,archived_314159_anchor,1,SAFE-ALPHA,0,0.0625,0.0625,1,1131
1.5,0.5,315948,archived_314159_anchor,1,Matched terminal weighted e-BH,0,0,0,0,
1.5,0.5,315949,archived_314159_anchor,1,SAFE-ALPHA,0,0.75,0.75,12,728.5
1.5,0.5,315949,archived_314159_anchor,1,Matched terminal weighted e-BH,0,0.75,0.75,12,1172.75
1.5,0.5,315950,archived_314159_anchor,1,SAFE-ALPHA,0,0.5,0.5,8,802.875
1.5,0.5,315950,archived_314159_anchor,1,Matched terminal weighted e-BH,0,0.5,0.5,8,1178.375
1.5,0.5,315951,archived_314159_anchor,1,SAFE-ALPHA,0,0.0625,0.0625,1,1071
1.5,0.5,315951,archived_314159_anchor,1,Matched terminal weighted e-BH,0,0,0,0,
1.5,0.5,315952,archived_314159_anchor,1,SAFE-ALPHA,0,0.8125,0.8125,13,714.461538462
1.5,0.5,315952,archived_314159_anchor,1,Matched terminal weighted e-BH,0,0.625,0.625,10,1161.5
1.5,0.5,315953,archived_314159_anchor,1,SAFE-ALPHA,0,0.875,0.875,14,528.857142857
1.5,0.5,315953,archived_314159_anchor,1,Matched terminal weighted e-BH,0,0.875,0.875,14,1152.92857143
1.5,0.5,315954,archived_314159_anchor,1,SAFE-ALPHA,0,0.9375,0.9375,15,544.333333333
1.5,0.5,315954,archived_314159_anchor,1,Matched terminal weighted e-BH,0,0.75,0.75,12,1164
1.5,0.5,315955,archived_314159_anchor,1,SAFE-ALPHA,0,0.3125,0.3125,5,986
1.5,0.5,315955,archived_314159_anchor,1,Matched terminal weighted e-BH,0,0,0,0,
1.5,0.5,315956,archived_314159_anchor,1,SAFE-ALPHA,0,0.5625,0.5625,9,466.555555556
1.5,0.5,315956,archived_314159_anchor,1,Matched terminal weighted e-BH,0,0.5625,0.5625,9,1160.66666667
1.5,0.5,315957,archived_314159_anchor,1,SAFE-ALPHA,0,0.8125,0.8125,13,517.923076923
1.5,0.5,315957,archived_314159_anchor,1,Matched terminal weighted e-BH,0,0.6875,0.6875,11,1156.72727273
1.5,0.5,315958,archived_314159_anchor,1,SAFE-ALPHA,0,0.9375,0.9375,15,597.666666667
1.5,0.5,315958,archived_314159_anchor,1,Matched terminal weighted e-BH,0,0.8125,0.8125,13,1147.07692308
1.5,0.5,315959,archived_314159_anchor,1,SAFE-ALPHA,0,0.6875,0.6875,11,566.909090909
1.5,0.5,315959,archived_314159_anchor,1,Matched terminal weighted e-BH,0,0.3125,0.3125,5,1193
1.5,0.5,315960,archived_314159_anchor,1,SAFE-ALPHA,0,0.8125,0.8125,13,743.307692308
1.5,0.5,315960,archived_314159_anchor,1,Matched terminal weighted e-BH,0,0.8125,0.8125,13,1166.69230769
1.5,0.5,315961,archived_314159_anchor,1,SAFE-ALPHA,0,0.6875,0.6875,11,737.363636364
1.5,0.5,315961,archived_314159_anchor,1,Matched terminal weighted e-BH,0,0.6875,0.6875,11,1177.18181818
1.5,0.5,315962,archived_314159_anchor,1,SAFE-ALPHA,0,0,0,0,
1.5,0.5,315962,archived_314159_anchor,1,Matched terminal weighted e-BH,0,0,0,0,
1.5,0.5,315963,archived_314159_anchor,1,SAFE-ALPHA,0,0.75,0.75,12,636
1.5,0.5,315963,archived_314159_anchor,1,Matched terminal weighted e-BH,0,0.6875,0.6875,11,1156.72727273
1.5,0.5,315964,archived_314159_anchor,1,SAFE-ALPHA,0,0.5625,0.5625,9,669.333333333
1.5,0.5,315964,archived_314159_anchor,1,Matched terminal weighted e-BH,0,0.0625,0.0625,1,1259
1.5,0.5,315965,archived_314159_anchor,1,SAFE-ALPHA,0,0.6875,0.6875,11,638.545454545
1.5,0.5,315965,archived_314159_anchor,1,Matched terminal weighted e-BH,0,0.6875,0.6875,11,1184
1.5,0.5,315966,archived_314159_anchor,1,SAFE-ALPHA,0,0.625,0.625,10,446.5
1.5,0.5,315966,archived_314159_anchor,1,Matched terminal weighted e-BH,0,0.5,0.5,8,1184
1.5,0.5,315967,archived_314159_anchor,1,SAFE-ALPHA,0,0.25,0.25,4,793.5
1.5,0.5,315967,archived_314159_anchor,1,Matched terminal weighted e-BH,0,0.1875,0.1875,3,1239
1.5,0.5,315968,archived_314159_anchor,1,SAFE-ALPHA,0,0.5625,0.5625,9,506
1.5,0.5,315968,archived_314159_anchor,1,Matched terminal weighted e-BH,0,0.4375,0.4375,7,1211.85714286
1.5,0.5,315969,archived_314159_anchor,1,SAFE-ALPHA,0,0.375,0.375,6,806
1.5,0.5,315969,archived_314159_anchor,1,Matched terminal weighted e-BH,0,0.375,0.375,6,1194
1.5,0.5,315970,archived_314159_anchor,1,SAFE-ALPHA,0,0.625,0.625,10,495.5
1.5,0.5,315970,archived_314159_anchor,1,Matched terminal weighted e-BH,0,0.3125,0.3125,5,1208
1.5,0.5,315971,archived_314159_anchor,1,SAFE-ALPHA,0,0.5625,0.5625,9,964.888888889
1.5,0.5,315971,archived_314159_anchor,1,Matched terminal weighted e-BH,0,0.4375,0.4375,7,1156.14285714
1.5,0.5,315972,archived_314159_anchor,1,SAFE-ALPHA,0,0.375,0.375,6,729.333333333
1.5,0.5,315972,archived_314159_anchor,1,Matched terminal weighted e-BH,0,0.3125,0.3125,5,1220
1.5,0.5,315973,archived_314159_anchor,1,SAFE-ALPHA,0,0.375,0.375,6,897.666666667
1.5,0.5,315973,archived_314159_anchor,1,Matched terminal weighted e-BH,0,0.3125,0.3125,5,1217
1.5,0.5,315974,archived_314159_anchor,1,SAFE-ALPHA,0,0.5,0.5,8,955.375
1.5,0.5,315974,archived_314159_anchor,1,Matched terminal weighted e-BH,0,0.4375,0.4375,7,1171.14285714
1.5,0.5,315975,archived_314159_anchor,1,SAFE-ALPHA,0,0,0,0,
1.5,0.5,315975,archived_314159_anchor,1,Matched terminal weighted e-BH,0,0,0,0,
1.5,0.5,315976,archived_314159_anchor,1,SAFE-ALPHA,0,0.75,0.75,12,623.5
1.5,0.5,315976,archived_314159_anchor,1,Matched terminal weighted e-BH,0,0.625,0.625,10,1188.5
1.5,0.5,315977,archived_314159_anchor,1,SAFE-ALPHA,0,0.8125,0.8125,13,360.230769231
1.5,0.5,315977,archived_314159_anchor,1,Matched terminal weighted e-BH,0,0.75,0.75,12,1165.25
1.5,0.5,315978,archived_314159_anchor,1,SAFE-ALPHA,0,0.375,0.375,6,764.333333333
1.5,0.5,315978,archived_314159_anchor,1,Matched terminal weighted e-BH,0,0.375,0.375,6,1214
1.5,0.5,315979,archived_314159_anchor,1,SAFE-ALPHA,0,0.75,0.75,12,706
1.5,0.5,315979,archived_314159_anchor,1,Matched terminal weighted e-BH,0,0.75,0.75,12,1159
1.5,0.5,315980,archived_314159_anchor,1,SAFE-ALPHA,0,0.25,0.25,4,518.5
1.5,0.5,315980,archived_314159_anchor,1,Matched terminal weighted e-BH,0,0.125,0.125,2,1236.5
1.5,0.5,315981,archived_314159_anchor,1,SAFE-ALPHA,0,0.4375,0.4375,7,753.857142857
1.5,0.5,315981,archived_314159_anchor,1,Matched terminal weighted e-BH,0,0.4375,0.4375,7,1207.57142857
1.5,0.5,315982,archived_314159_anchor,1,SAFE-ALPHA,0,0.8125,0.8125,13,547.538461538
1.5,0.5,315982,archived_314159_anchor,1,Matched terminal weighted e-BH,0,0.6875,0.6875,11,1162.18181818
1.5,0.5,315983,archived_314159_anchor,1,SAFE-ALPHA,0,0.9375,0.9375,15,737.333333333
1.5,0.5,315983,archived_314159_anchor,1,Matched terminal weighted e-BH,0,0.875,0.875,14,1147.57142857
1.5,0.5,315984,archived_314159_anchor,1,SAFE-ALPHA,0,0.8125,0.8125,13,538.307692308
1.5,0.5,315984,archived_314159_anchor,1,Matched terminal weighted e-BH,0,0.75,0.75,12,1174
1.5,0.5,315985,archived_314159_anchor,1,SAFE-ALPHA,0,0.375,0.375,6,826
1.5,0.5,315985,archived_314159_anchor,1,Matched terminal weighted e-BH,0,0.25,0.25,4,1221.5
1.5,0.5,315986,archived_314159_anchor,1,SAFE-ALPHA,0,1,1,16,531
1.5,0.5,315986,archived_314159_anchor,1,Matched terminal weighted e-BH,0,1,1,16,1145.5625
1.5,0.5,315987,archived_314159_anchor,1,SAFE-ALPHA,0,0.25,0.25,4,711
1.5,0.5,315987,archived_314159_anchor,1,Matched terminal weighted e-BH,0,0.0625,0.0625,1,1259
1.5,0.5,315988,archived_314159_anchor,1,SAFE-ALPHA,0,0.8125,0.8125,13,743.307692308
1.5,0.5,315988,archived_314159_anchor,1,Matched terminal weighted e-BH,0,0.5625,0.5625,9,1165.66666667
1.5,0.5,315989,archived_314159_anchor,1,SAFE-ALPHA,0,0.0625,0.0625,1,1166
1.5,0.5,315989,archived_314159_anchor,1,Matched terminal weighted e-BH,0,0,0,0,
1.5,0.5,315990,archived_314159_anchor,1,SAFE-ALPHA,0,0.9375,0.9375,15,519.333333333
1.5,0.5,315990,archived_314159_anchor,1,Matched terminal weighted e-BH,0,0.625,0.625,10,1148
1.5,0.5,315991,archived_314159_anchor,1,SAFE-ALPHA,0,0.5625,0.5625,9,767.666666667
1.5,0.5,315991,archived_314159_anchor,1,Matched terminal weighted e-BH,0,0.5625,0.5625,9,1199
1.5,0.5,315992,archived_314159_anchor,1,SAFE-ALPHA,0,0.375,0.375,6,764.333333333
1.5,0.5,315992,archived_314159_anchor,1,Matched terminal weighted e-BH,0,0.0625,0.0625,1,1244
1.5,0.5,315993,archived_314159_anchor,1,SAFE-ALPHA,0,0.9375,0.9375,15,419
1.5,0.5,315993,archived_314159_anchor,1,Matched terminal weighted e-BH,0,0.875,0.875,14,1144.35714286
1.5,0.5,315994,archived_314159_anchor,1,SAFE-ALPHA,0,0.75,0.75,12,630.833333333
1.5,0.5,315994,archived_314159_anchor,1,Matched terminal weighted e-BH,0,0.4375,0.4375,7,1177.57142857
1.5,0.5,315995,archived_314159_anchor,1,SAFE-ALPHA,0,0.6875,0.6875,11,905.090909091
1.5,0.5,315995,archived_314159_anchor,1,Matched terminal weighted e-BH,0,0.6875,0.6875,11,1177.18181818
1.5,0.5,315996,archived_314159_anchor,1,SAFE-ALPHA,0,0.375,0.375,6,321
1.5,0.5,315996,archived_314159_anchor,1,Matched terminal weighted e-BH,0,0.3125,0.3125,5,1226
1.5,0.5,315997,archived_314159_anchor,1,SAFE-ALPHA,0,0.625,0.625,10,448.5
1.5,0.5,315997,archived_314159_anchor,1,Matched terminal weighted e-BH,0,0.5625,0.5625,9,1189
1.5,0.5,315998,archived_314159_anchor,1,SAFE-ALPHA,0,0.8125,0.8125,13,624.461538462
1.5,0.5,315998,archived_314159_anchor,1,Matched terminal weighted e-BH,0,0.8125,0.8125,13,1155.15384615
1.5,0.5,315999,archived_314159_anchor,1,SAFE-ALPHA,0,0.625,0.625,10,715.5
1.5,0.5,315999,archived_314159_anchor,1,Matched terminal weighted e-BH,0,0.625,0.625,10,1191.5
1.5,0.5,316000,archived_314159_anchor,1,SAFE-ALPHA,0,0.6875,0.6875,11,829.181818182
1.5,0.5,316000,archived_314159_anchor,1,Matched terminal weighted e-BH,0,0.6875,0.6875,11,1177.18181818
1.5,0.5,316001,archived_314159_anchor,1,SAFE-ALPHA,0,0.5,0.5,8,786
1.5,0.5,316001,archived_314159_anchor,1,Matched terminal weighted e-BH,0,0.5,0.5,8,1184
1.5,0.5,316002,archived_314159_anchor,1,SAFE-ALPHA,0,0.625,0.625,10,801
1.5,0.5,316002,archived_314159_anchor,1,Matched terminal weighted e-BH,0,0.25,0.25,4,1161.5
1.5,0.5,316003,archived_314159_anchor,1,SAFE-ALPHA,0,0,0,0,
1.5,0.5,316003,archived_314159_anchor,1,Matched terminal weighted e-BH,0,0,0,0,
1.5,0.5,316004,archived_314159_anchor,1,SAFE-ALPHA,0,0.5625,0.5625,9,804.333333333
1.5,0.5,316004,archived_314159_anchor,1,Matched terminal weighted e-BH,0,0.5625,0.5625,9,1195.66666667
1.5,0.5,316005,archived_314159_anchor,1,SAFE-ALPHA,0,0,0,0,
1.5,0.5,316005,archived_314159_anchor,1,Matched terminal weighted e-BH,0,0,0,0,
1.5,0.5,316006,archived_314159_anchor,1,SAFE-ALPHA,0,0.875,0.875,14,701.357142857
1.5,0.5,316006,archived_314159_anchor,1,Matched terminal weighted e-BH,0,0.875,0.875,14,1156.14285714
1.5,0.5,316007,archived_314159_anchor,1,SAFE-ALPHA,0,0.0625,0.0625,1,786
1.5,0.5,316007,archived_314159_anchor,1,Matched terminal weighted e-BH,0,0,0,0,
1.5,0.5,316008,archived_314159_anchor,1,SAFE-ALPHA,0,0.1875,0.1875,3,1082.66666667
1.5,0.5,316008,archived_314159_anchor,1,Matched terminal weighted e-BH,0,0.1875,0.1875,3,1234
1.5,0.5,316009,archived_314159_anchor,1,SAFE-ALPHA,0,0.5,0.5,8,894.75
1.5,0.5,316009,archived_314159_anchor,1,Matched terminal weighted e-BH,0,0.25,0.25,4,1161.5
1.5,0.5,316010,archived_314159_anchor,1,SAFE-ALPHA,0,0.625,0.625,10,734.5
1.5,0.5,316010,archived_314159_anchor,1,Matched terminal weighted e-BH,0,0.625,0.625,10,1178
1.5,0.5,316011,archived_314159_anchor,1,SAFE-ALPHA,0,1,1,16,306.9375
1.5,0.5,316011,archived_314159_anchor,1,Matched terminal weighted e-BH,0,1,1,16,1131.5
1.5,0.5,316012,archived_314159_anchor,1,SAFE-ALPHA,0,0.25,0.25,4,617.25
1.5,0.5,316012,archived_314159_anchor,1,Matched terminal weighted e-BH,0,0.0625,0.0625,1,1244
1.5,0.5,316013,archived_314159_anchor,1,SAFE-ALPHA,0,0.1875,0.1875,3,691
1.5,0.5,316013,archived_314159_anchor,1,Matched terminal weighted e-BH,0,0.125,0.125,2,1229
1.5,0.5,316014,archived_314159_anchor,1,SAFE-ALPHA,0,0.75,0.75,12,660.166666667
1.5,0.5,316014,archived_314159_anchor,1,Matched terminal weighted e-BH,0,0.3125,0.3125,5,1199
1.5,0.5,316015,archived_314159_anchor,1,SAFE-ALPHA,0,0.4375,0.4375,7,779.571428571
1.5,0.5,316015,archived_314159_anchor,1,Matched terminal weighted e-BH,0,0.4375,0.4375,7,1201.14285714
1.5,0.5,316016,archived_314159_anchor,1,SAFE-ALPHA,0,0.875,0.875,14,643.857142857
1.5,0.5,316016,archived_314159_anchor,1,Matched terminal weighted e-BH,0,0.875,0.875,14,1160.42857143
1.5,0.5,316017,archived_314159_anchor,1,SAFE-ALPHA,0,0.3125,0.3125,5,826
1.5,0.5,316017,archived_314159_anchor,1,Matched terminal weighted e-BH,0,0.1875,0.1875,3,1214
1.5,0.5,316018,archived_314159_anchor,1,SAFE-ALPHA,0,0.5,0.5,8,948.5
1.5,0.5,316018,archived_314159_anchor,1,Matched terminal weighted e-BH,0,0.0625,0.0625,1,1259
1.5,0.5,316019,archived_314159_anchor,1,SAFE-ALPHA,0,0.125,0.125,2,681
1.5,0.5,316019,archived_314159_anchor,1,Matched terminal weighted e-BH,0,0,0,0,
1.5,0.5,316020,archived_314159_anchor,1,SAFE-ALPHA,0,0.9375,0.9375,15,544.666666667
1.5,0.5,316020,archived_314159_anchor,1,Matched terminal weighted e-BH,0,0.9375,0.9375,15,1142
1.5,0.5,316021,archived_314159_anchor,1,SAFE-ALPHA,0,0.4375,0.4375,7,787.571428571
1.5,0.5,316021,archived_314159_anchor,1,Matched terminal weighted e-BH,0,0.4375,0.4375,7,1184
1.5,0.5,316022,archived_314159_anchor,1,SAFE-ALPHA,0,0.375,0.375,6,927
1.5,0.5,316022,archived_314159_anchor,1,Matched terminal weighted e-BH,0,0.375,0.375,6,1139
1.5,0.5,316023,archived_314159_anchor,1,SAFE-ALPHA,0,0.6875,0.6875,11,622.818181818
1.5,0.5,316023,archived_314159_anchor,1,Matched terminal weighted e-BH,0,0.375,0.375,6,1179
1.5,0.5,316024,archived_314159_anchor,1,SAFE-ALPHA,0,0.625,0.625,10,816.5
1.5,0.5,316024,archived_314159_anchor,1,Matched terminal weighted e-BH,0,0.4375,0.4375,7,1192.57142857
1.5,0.5,316025,archived_314159_anchor,1,SAFE-ALPHA,0,0.3125,0.3125,5,802
1.5,0.5,316025,archived_314159_anchor,1,Matched terminal weighted e-BH,0,0.3125,0.3125,5,1217
1.5,0.5,316026,archived_314159_anchor,1,SAFE-ALPHA,0,0,0,0,
1.5,0.5,316026,archived_314159_anchor,1,Matched terminal weighted e-BH,0,0,0,0,
1.5,0.5,316027,archived_314159_anchor,1,SAFE-ALPHA,0,0.3125,0.3125,5,522
1.5,0.5,316027,archived_314159_anchor,1,Matched terminal weighted e-BH,0,0.1875,0.1875,3,1234
1.5,0.5,316028,archived_314159_anchor,1,SAFE-ALPHA,0,0.6875,0.6875,11,661.909090909
1.5,0.5,316028,archived_314159_anchor,1,Matched terminal weighted e-BH,0,0.5,0.5,8,1187.75
1.5,0.5,316029,archived_314159_anchor,1,SAFE-ALPHA,0,0.0625,0.0625,1,216
1.5,0.5,316029,archived_314159_anchor,1,Matched terminal weighted e-BH,0,0,0,0,
1.5,0.5,316030,archived_314159_anchor,1,SAFE-ALPHA,0,0.75,0.75,12,766
1.5,0.5,316030,archived_314159_anchor,1,Matched terminal weighted e-BH,0,0.75,0.75,12,1145.25
1.5,0.5,316031,archived_314159_anchor,1,SAFE-ALPHA,0,0.375,0.375,6,647.666666667
1.5,0.5,316031,archived_314159_anchor,1,Matched terminal weighted e-BH,0,0.25,0.25,4,1139
1.5,0.5,316032,archived_314159_anchor,1,SAFE-ALPHA,0,0.9375,0.9375,15,691
1.5,0.5,316032,archived_314159_anchor,1,Matched terminal weighted e-BH,0,0.875,0.875,14,1151.85714286
1.5,0.5,316033,archived_314159_anchor,1,SAFE-ALPHA,0,0.0625,0.0625,1,1186
1.5,0.5,316033,archived_314159_anchor,1,Matched terminal weighted e-BH,0,0,0,0,
1.5,0.5,316034,archived_314159_anchor,1,SAFE-ALPHA,0,0.8125,0.8125,13,439.846153846
1.5,0.5,316034,archived_314159_anchor,1,Matched terminal weighted e-BH,0,0.375,0.375,6,1196.5
1.5,0.5,316035,archived_314159_anchor,1,SAFE-ALPHA,0,0.4375,0.4375,7,1043.85714286
1.5,0.5,316035,archived_314159_anchor,1,Matched terminal weighted e-BH,0,0.4375,0.4375,7,1194.71428571
1.5,0.5,316036,archived_314159_anchor,1,SAFE-ALPHA,0,0.8125,0.8125,13,632.923076923
1.5,0.5,316036,archived_314159_anchor,1,Matched terminal weighted e-BH,0,0.5625,0.5625,9,1164
1.5,0.5,316037,archived_314159_anchor,1,SAFE-ALPHA,0,0.875,0.875,14,456.357142857
1.5,0.5,316037,archived_314159_anchor,1,Matched terminal weighted e-BH,0,0.875,0.875,14,1152.92857143
1.5,0.5,316038,archived_314159_anchor,1,SAFE-ALPHA,0,0.75,0.75,12,358.916666667
1.5,0.5,316038,archived_314159_anchor,1,Matched terminal weighted e-BH,0,0.6875,0.6875,11,1152.63636364
1.5,0.5,316039,archived_314159_anchor,1,SAFE-ALPHA,0,0.25,0.25,4,614.75
1.5,0.5,316039,archived_314159_anchor,1,Matched terminal weighted e-BH,0,0.1875,0.1875,3,1239
1.5,0.5,316040,archived_314159_anchor,1,SAFE-ALPHA,0,0.4375,0.4375,7,848.857142857
1.5,0.5,316040,archived_314159_anchor,1,Matched terminal weighted e-BH,0,0.4375,0.4375,7,1209.71428571
1.5,0.5,316041,archived_314159_anchor,1,SAFE-ALPHA,0,0.125,0.125,2,668.5
1.5,0.5,316041,archived_314159_anchor,1,Matched terminal weighted e-BH,0,0.125,0.125,2,1251.5
1.5,0.5,316042,archived_314159_anchor,1,SAFE-ALPHA,0,0.1875,0.1875,3,722.666666667
1.5,0.5,316042,archived_314159_anchor,1,Matched terminal weighted e-BH,0,0.125,0.125,2,1229
1.5,0.5,316043,archived_314159_anchor,1,SAFE-ALPHA,0,0.5,0.5,8,583.5
1.5,0.5,316043,archived_314159_anchor,1,Matched terminal weighted e-BH,0,0.5,0.5,8,1193.375
1.5,0.5,316044,archived_314159_anchor,1,SAFE-ALPHA,0,0.9375,0.9375,15,825
1.5,0.5,316044,archived_314159_anchor,1,Matched terminal weighted e-BH,0,0.9375,0.9375,15,1151
1.5,0.5,316045,archived_314159_anchor,1,SAFE-ALPHA,0,0.5625,0.5625,9,818.222222222
1.5,0.5,316045,archived_314159_anchor,1,Matched terminal weighted e-BH,0,0.25,0.25,4,1221.5
1.5,0.5,316046,archived_314159_anchor,1,SAFE-ALPHA,0,1,1,16,718.8125
1.5,0.5,316046,archived_314159_anchor,1,Matched terminal weighted e-BH,0,1,1,16,1143.6875
1.5,0.5,316047,archived_314159_anchor,1,SAFE-ALPHA,0,0.3125,0.3125,5,997
1.5,0.5,316047,archived_314159_anchor,1,Matched terminal weighted e-BH,0,0.25,0.25,4,1187.75
1.5,0.5,316048,archived_314159_anchor,1,SAFE-ALPHA,0,0.9375,0.9375,15,638.666666667
1.5,0.5,316048,archived_314159_anchor,1,Matched terminal weighted e-BH,0,0.9375,0.9375,15,1148
1.5,0.5,316049,archived_314159_anchor,1,SAFE-ALPHA,0,0.875,0.875,14,559.214285714
1.5,0.5,316049,archived_314159_anchor,1,Matched terminal weighted e-BH,0,0.875,0.875,14,1151.85714286
1.5,0.5,316050,archived_314159_anchor,1,SAFE-ALPHA,0,0.8125,0.8125,13,576
1.5,0.5,316050,archived_314159_anchor,1,Matched terminal weighted e-BH,0,0.75,0.75,12,1147.75
1.5,0.5,316051,archived_314159_anchor,1,SAFE-ALPHA,0,0.6875,0.6875,11,826
1.5,0.5,316051,archived_314159_anchor,1,Matched terminal weighted e-BH,0,0.6875,0.6875,11,1182.63636364
1.5,0.5,316052,archived_314159_anchor,1,SAFE-ALPHA,0,0.875,0.875,14,867.785714286
1.5,0.5,316052,archived_314159_anchor,1,Matched terminal weighted e-BH,0,0.8125,0.8125,13,1164.38461538
1.5,0.5,316053,archived_314159_anchor,1,SAFE-ALPHA,0,0.4375,0.4375,7,583.857142857
1.5,0.5,316053,archived_314159_anchor,1,Matched terminal weighted e-BH,0,0.3125,0.3125,5,1217
1.5,0.5,316054,archived_314159_anchor,1,SAFE-ALPHA,0,0.4375,0.4375,7,924.571428571
1.5,0.5,316054,archived_314159_anchor,1,Matched terminal weighted e-BH,0,0.4375,0.4375,7,1186.14285714
1.5,0.5,316055,archived_314159_anchor,1,SAFE-ALPHA,0,0.8125,0.8125,13,568.692307692
1.5,0.5,316055,archived_314159_anchor,1,Matched terminal weighted e-BH,0,0.8125,0.8125,13,1155.15384615
1.5,0.5,316056,archived_314159_anchor,1,SAFE-ALPHA,0,0.5,0.5,8,614.125
1.5,0.5,316056,archived_314159_anchor,1,Matched terminal weighted e-BH,0,0.375,0.375,6,1181.5
1.5,0.5,316057,archived_314159_anchor,1,SAFE-ALPHA,0,0.9375,0.9375,15,597.533333333
1.5,0.5,316057,archived_314159_anchor,1,Matched terminal weighted e-BH,0,0.9375,0.9375,15,1138
1.5,0.5,316058,archived_314159_anchor,1,SAFE-ALPHA,0,0.5625,0.5625,9,553.777777778
1.5,0.5,316058,archived_314159_anchor,1,Matched terminal weighted e-BH,0,0.5,0.5,8,1182.125
1.5,0.5,316059,archived_314159_anchor,1,SAFE-ALPHA,0,0.4375,0.4375,7,909.571428571
1.5,0.5,316059,archived_314159_anchor,1,Matched terminal weighted e-BH,0,0.1875,0.1875,3,1214
1.5,0.5,316060,archived_314159_anchor,1,SAFE-ALPHA,0,0.9375,0.9375,15,372
1.5,0.5,316060,archived_314159_anchor,1,Matched terminal weighted e-BH,0,0.6875,0.6875,11,1163.54545455
1.5,0.5,316061,archived_314159_anchor,1,SAFE-ALPHA,0,0.6875,0.6875,11,576.909090909
1.5,0.5,316061,archived_314159_anchor,1,Matched terminal weighted e-BH,0,0.625,0.625,10,1187
1.5,0.5,316062,archived_314159_anchor,1,SAFE-ALPHA,0,0.5,0.5,8,805.375
1.5,0.5,316062,archived_314159_anchor,1,Matched terminal weighted e-BH,0,0.1875,0.1875,3,1229
1.5,0.5,316063,archived_314159_anchor,1,SAFE-ALPHA,0,0.3125,0.3125,5,1024
1.5,0.5,316063,archived_314159_anchor,1,Matched terminal weighted e-BH,0,0.125,0.125,2,1199
1.5,0.5,316064,archived_314159_anchor,1,SAFE-ALPHA,0,0.9375,0.9375,15,796
1.5,0.5,316064,archived_314159_anchor,1,Matched terminal weighted e-BH,0,0.9375,0.9375,15,1147
1.5,0.5,316065,archived_314159_anchor,1,SAFE-ALPHA,0,0.5,0.5,8,438.5
1.5,0.5,316065,archived_314159_anchor,1,Matched terminal weighted e-BH,0,0.375,0.375,6,1209
1.5,0.5,316066,archived_314159_anchor,1,SAFE-ALPHA,0,0.6875,0.6875,11,372.363636364
1.5,0.5,316066,archived_314159_anchor,1,Matched terminal weighted e-BH,0,0.5,0.5,8,1170.875
1.5,0.5,316067,archived_314159_anchor,1,SAFE-ALPHA,0,0.6875,0.6875,11,424.181818182
1.5,0.5,316067,archived_314159_anchor,1,Matched terminal weighted e-BH,0,0.625,0.625,10,1178
1.5,0.5,316068,archived_314159_anchor,1,SAFE-ALPHA,0,0.5625,0.5625,9,848.222222222
1.5,0.5,316068,archived_314159_anchor,1,Matched terminal weighted e-BH,0,0.5625,0.5625,9,1195.66666667
1.5,0.5,316069,archived_314159_anchor,1,SAFE-ALPHA,0,0.75,0.75,12,711
1.5,0.5,316069,archived_314159_anchor,1,Matched terminal weighted e-BH,0,0.6875,0.6875,11,1179.90909091
1.5,0.5,316070,archived_314159_anchor,1,SAFE-ALPHA,0,1,1,16,514.4375
1.5,0.5,316070,archived_314159_anchor,1,Matched terminal weighted e-BH,0,0.875,0.875,14,1143.28571429
1.5,0.5,316071,archived_314159_anchor,1,SAFE-ALPHA,0,0.8125,0.8125,13,454.461538462
1.5,0.5,316071,archived_314159_anchor,1,Matched terminal weighted e-BH,0,0.75,0.75,12,1170.25
1.5,0.5,316072,archived_314159_anchor,1,SAFE-ALPHA,0,0.625,0.625,10,537
1.5,0.5,316072,archived_314159_anchor,1,Matched terminal weighted e-BH,0,0.5625,0.5625,9,1187.33333333
1.5,0.5,316073,archived_314159_anchor,1,SAFE-ALPHA,0,0.375,0.375,6,592.666666667
1.5,0.5,316073,archived_314159_anchor,1,Matched terminal weighted e-BH,0,0.375,0.375,6,1204
1.5,0.5,316074,archived_314159_anchor,1,SAFE-ALPHA,0,0.875,0.875,14,331.357142857
1.5,0.5,316074,archived_314159_anchor,1,Matched terminal weighted e-BH,0,0.875,0.875,14,1161.5
1.5,0.5,316075,archived_314159_anchor,1,SAFE-ALPHA,0,0.8125,0.8125,13,699.461538462
1.5,0.5,316075,archived_314159_anchor,1,Matched terminal weighted e-BH,0,0.625,0.625,10,1173.5
1.5,0.5,316076,archived_314159_anchor,1,SAFE-ALPHA,0,0.375,0.375,6,606
1.5,0.5,316076,archived_314159_anchor,1,Matched terminal weighted e-BH,0,0.1875,0.1875,3,1209
1.5,0.5,316077,archived_314159_anchor,1,SAFE-ALPHA,0,0.875,0.875,14,509.571428571
1.5,0.5,316077,archived_314159_anchor,1,Matched terminal weighted e-BH,0,0.6875,0.6875,11,1148.54545455
1.5,0.5,316078,archived_314159_anchor,1,SAFE-ALPHA,0,0.5,0.5,8,791.625
1.5,0.5,316078,archived_314159_anchor,1,Matched terminal weighted e-BH,0,0.4375,0.4375,7,1179.71428571
1.5,0.5,316079,archived_314159_anchor,1,SAFE-ALPHA,0,0.0625,0.0625,1,911
1.5,0.5,316079,archived_314159_anchor,1,Matched terminal weighted e-BH,0,0,0,0,
1.5,0.5,316080,archived_314159_anchor,1,SAFE-ALPHA,0,0.5,0.5,8,925.375
1.5,0.5,316080,archived_314159_anchor,1,Matched terminal weighted e-BH,0,0.5,0.5,8,1135.25
1.5,0.5,316081,archived_314159_anchor,1,SAFE-ALPHA,0,0.875,0.875,14,614.928571429
1.5,0.5,316081,archived_314159_anchor,1,Matched terminal weighted e-BH,0,0.875,0.875,14,1150.78571429
1.5,0.5,316082,archived_314159_anchor,1,SAFE-ALPHA,0,0.625,0.625,10,845
1.5,0.5,316082,archived_314159_anchor,1,Matched terminal weighted e-BH,0,0.1875,0.1875,3,1184
1.5,0.5,316083,archived_314159_anchor,1,SAFE-ALPHA,0,0.8125,0.8125,13,764.461538462
1.5,0.5,316083,archived_314159_anchor,1,Matched terminal weighted e-BH,0,0.75,0.75,12,1150.25
1.5,0.5,316084,archived_314159_anchor,1,SAFE-ALPHA,0,0.3125,0.3125,5,556
1.5,0.5,316084,archived_314159_anchor,1,Matched terminal weighted e-BH,0,0.0625,0.0625,1,1214
1.5,0.5,316085,archived_314159_anchor,1,SAFE-ALPHA,0,0.6875,0.6875,11,447.818181818
1.5,0.5,316085,archived_314159_anchor,1,Matched terminal weighted e-BH,0,0.3125,0.3125,5,1199
1.5,0.5,316086,archived_314159_anchor,1,SAFE-ALPHA,0,0.625,0.625,10,951.5
1.5,0.5,316086,archived_314159_anchor,1,Matched terminal weighted e-BH,0,0.4375,0.4375,7,1203.28571429
1.5,0.5,316087,archived_314159_anchor,1,SAFE-ALPHA,0,0.125,0.125,2,536
1.5,0.5,316087,archived_314159_anchor,1,Matched terminal weighted e-BH,0,0,0,0,
1.5,0.5,316088,archived_314159_anchor,1,SAFE-ALPHA,0,0.375,0.375,6,710.166666667
1.5,0.5,316088,archived_314159_anchor,1,Matched terminal weighted e-BH,0,0.1875,0.1875,3,1214
1.5,0.5,316089,archived_314159_anchor,1,SAFE-ALPHA,0,0.5625,0.5625,9,641
1.5,0.5,316089,archived_314159_anchor,1,Matched terminal weighted e-BH,0,0.4375,0.4375,7,1179.71428571
1.5,0.5,316090,archived_314159_anchor,1,SAFE-ALPHA,0,0.375,0.375,6,661.833333333
1.5,0.5,316090,archived_314159_anchor,1,Matched terminal weighted e-BH,0,0.375,0.375,6,1199
1.5,0.5,316091,archived_314159_anchor,1,SAFE-ALPHA,0,1,1,16,579.75
1.5,0.5,316091,archived_314159_anchor,1,Matched terminal weighted e-BH,0,0.625,0.625,10,1163
1.5,0.5,316092,archived_314159_anchor,1,SAFE-ALPHA,0,0.6875,0.6875,11,758.727272727
1.5,0.5,316092,archived_314159_anchor,1,Matched terminal weighted e-BH,0,0.6875,0.6875,11,1184
1.5,0.5,316093,archived_314159_anchor,1,SAFE-ALPHA,0,1,1,16,925.6875
1.5,0.5,316093,archived_314159_anchor,1,Matched terminal weighted e-BH,0,1,1,16,1146.5
1.5,0.5,316094,archived_314159_anchor,1,SAFE-ALPHA,0,0.75,0.75,12,728.083333333
1.5,0.5,316094,archived_314159_anchor,1,Matched terminal weighted e-BH,0,0.6875,0.6875,11,1179.90909091
1.5,0.5,316095,archived_314159_anchor,1,SAFE-ALPHA,0,0.8125,0.8125,13,534.846153846
1.5,0.5,316095,archived_314159_anchor,1,Matched terminal weighted e-BH,0,0.75,0.75,12,1175.25
1.5,0.5,316096,archived_314159_anchor,1,SAFE-ALPHA,0,0.8125,0.8125,13,636
1.5,0.5,316096,archived_314159_anchor,1,Matched terminal weighted e-BH,0,0.75,0.75,12,1174
1.5,0.5,316097,archived_314159_anchor,1,SAFE-ALPHA,0,0.6875,0.6875,11,499.181818182
1.5,0.5,316097,archived_314159_anchor,1,Matched terminal weighted e-BH,0,0.625,0.625,10,1181
1.5,0.5,316098,archived_314159_anchor,1,SAFE-ALPHA,0,0.75,0.75,12,829.333333333
1.5,0.5,316098,archived_314159_anchor,1,Matched terminal weighted e-BH,0,0.75,0.75,12,1154
1.5,0.5,316099,archived_314159_anchor,1,SAFE-ALPHA,0,0.9375,0.9375,15,332.666666667
1.5,0.5,316099,archived_314159_anchor,1,Matched terminal weighted e-BH,0,0.875,0.875,14,1143.28571429
1.5,0.5,316100,archived_314159_anchor,1,SAFE-ALPHA,0,0.1875,0.1875,3,752.666666667
1.5,0.5,316100,archived_314159_anchor,1,Matched terminal weighted e-BH,0,0,0,0,
1.5,0.5,316101,archived_314159_anchor,1,SAFE-ALPHA,0,0.5625,0.5625,9,813.777777778
1.5,0.5,316101,archived_314159_anchor,1,Matched terminal weighted e-BH,0,0.4375,0.4375,7,1186.14285714
1.5,0.5,316102,archived_314159_anchor,1,SAFE-ALPHA,0,0.4375,0.4375,7,593.142857143
1.5,0.5,316102,archived_314159_anchor,1,Matched terminal weighted e-BH,0,0.4375,0.4375,7,1207.57142857
1.5,0.5,316103,archived_314159_anchor,1,SAFE-ALPHA,0,0.125,0.125,2,918.5
1.5,0.5,316103,archived_314159_anchor,1,Matched terminal weighted e-BH,0,0,0,0,
1.5,0.5,316104,archived_314159_anchor,1,SAFE-ALPHA,0,0.5,0.5,8,449.125
1.5,0.5,316104,archived_314159_anchor,1,Matched terminal weighted e-BH,0,0.375,0.375,6,1176.5
1.5,0.5,316105,archived_314159_anchor,1,SAFE-ALPHA,0,0.0625,0.0625,1,1111
1.5,0.5,316105,archived_314159_anchor,1,Matched terminal weighted e-BH,0,0.0625,0.0625,1,1229
1.5,0.5,316106,archived_314159_anchor,1,SAFE-ALPHA,0,0.5,0.5,8,581
1.5,0.5,316106,archived_314159_anchor,1,Matched terminal weighted e-BH,0,0.5,0.5,8,1202.75
1.5,0.5,316107,archived_314159_anchor,1,SAFE-ALPHA,0,0.5625,0.5625,9,776
1.5,0.5,316107,archived_314159_anchor,1,Matched terminal weighted e-BH,0,0.5625,0.5625,9,1199
1.5,0.5,316108,archived_314159_anchor,1,SAFE-ALPHA,0,0.25,0.25,4,837.25
1.5,0.5,316108,archived_314159_anchor,1,Matched terminal weighted e-BH,0,0.25,0.25,4,1217.75
1.5,0.5,316109,archived_314159_anchor,1,SAFE-ALPHA,0,0.9375,0.9375,15,655
1.5,0.5,316109,archived_314159_anchor,1,Matched terminal weighted e-BH,0,0.8125,0.8125,13,1137.84615385
1.5,0.5,316110,archived_314159_anchor,1,SAFE-ALPHA,0,0.75,0.75,12,639.333333333
1.5,0.5,316110,archived_314159_anchor,1,Matched terminal weighted e-BH,0,0.75,0.75,12,1166.5
1.5,0.5,316111,archived_314159_anchor,1,SAFE-ALPHA,0,0.8125,0.8125,13,601.769230769
1.5,0.5,316111,archived_314159_anchor,1,Matched terminal weighted e-BH,0,0.8125,0.8125,13,1147.07692308
1.5,0.5,316112,archived_314159_anchor,1,SAFE-ALPHA,0,0.4375,0.4375,7,585.285714286
1.5,0.5,316112,archived_314159_anchor,1,Matched terminal weighted e-BH,0,0.25,0.25,4,1172.75
1.5,0.5,316113,archived_314159_anchor,1,SAFE-ALPHA,0,0.5625,0.5625,9,713.222222222
1.5,0.5,316113,archived_314159_anchor,1,Matched terminal weighted e-BH,0,0.5625,0.5625,9,1184
1.5,0.5,316114,archived_314159_anchor,1,SAFE-ALPHA,0,0.75,0.75,12,611.416666667
1.5,0.5,316114,archived_314159_anchor,1,Matched terminal weighted e-BH,0,0.75,0.75,12,1174
1.5,0.5,316115,archived_314159_anchor,1,SAFE-ALPHA,0,0.4375,0.4375,7,841
1.5,0.5,316115,archived_314159_anchor,1,Matched terminal weighted e-BH,0,0.3125,0.3125,5,1196
1.5,0.5,316116,archived_314159_anchor,1,SAFE-ALPHA,0,0.8125,0.8125,13,751.769230769
1.5,0.5,316116,archived_314159_anchor,1,Matched terminal weighted e-BH,0,0.8125,0.8125,13,1163.23076923
1.5,0.5,316117,archived_314159_anchor,1,SAFE-ALPHA,0,0.75,0.75,12,547.666666667
1.5,0.5,316117,archived_314159_anchor,1,Matched terminal weighted e-BH,0,0.75,0.75,12,1176.5
1.5,0.5,316118,archived_314159_anchor,1,SAFE-ALPHA,0,1,1,16,507.875
1.5,0.5,316118,archived_314159_anchor,1,Matched terminal weighted e-BH,0,1,1,16,1143.6875
1.5,0.5,316119,archived_314159_anchor,1,SAFE-ALPHA,0,0.75,0.75,12,698.5
1.5,0.5,316119,archived_314159_anchor,1,Matched terminal weighted e-BH,0,0.625,0.625,10,1187
1.5,0.5,316120,archived_314159_anchor,1,SAFE-ALPHA,0,0.9375,0.9375,15,654.533333333
1.5,0.5,316120,archived_314159_anchor,1,Matched terminal weighted e-BH,0,0.9375,0.9375,15,1141
1.5,0.5,316121,archived_314159_anchor,1,SAFE-ALPHA,0,0.3125,0.3125,5,867
1.5,0.5,316121,archived_314159_anchor,1,Matched terminal weighted e-BH,0,0.3125,0.3125,5,1202
1.5,0.5,316122,archived_314159_anchor,1,SAFE-ALPHA,0,0.75,0.75,12,506.416666667
1.5,0.5,316122,archived_314159_anchor,1,Matched terminal weighted e-BH,0,0.5625,0.5625,9,1182.33333333
1.5,0.5,316123,archived_314159_anchor,1,SAFE-ALPHA,0,0.4375,0.4375,7,779.571428571
1.5,0.5,316123,archived_314159_anchor,1,Matched terminal weighted e-BH,0,0.3125,0.3125,5,1208
1.5,0.5,316124,archived_314159_anchor,1,SAFE-ALPHA,0,0.5625,0.5625,9,535.444444444
1.5,0.5,316124,archived_314159_anchor,1,Matched terminal weighted e-BH,0,0.3125,0.3125,5,1196
1.5,0.5,316125,archived_314159_anchor,1,SAFE-ALPHA,0,0.5625,0.5625,9,471
1.5,0.5,316125,archived_314159_anchor,1,Matched terminal weighted e-BH,0,0.25,0.25,4,1187.75
1.5,0.5,316126,archived_314159_anchor,1,SAFE-ALPHA,0,0.625,0.625,10,710.5
1.5,0.5,316126,archived_314159_anchor,1,Matched terminal weighted e-BH,0,0.5625,0.5625,9,1192.33333333
1.5,0.5,316127,archived_314159_anchor,1,SAFE-ALPHA,0,0.1875,0.1875,3,747.666666667
1.5,0.5,316127,archived_314159_anchor,1,Matched terminal weighted e-BH,0,0.0625,0.0625,1,1244
1.5,0.5,316128,archived_314159_anchor,1,SAFE-ALPHA,0,0.1875,0.1875,3,842.666666667
1.5,0.5,316128,archived_314159_anchor,1,Matched terminal weighted e-BH,0,0.125,0.125,2,1206.5
1.5,0.5,316129,archived_314159_anchor,1,SAFE-ALPHA,0,1,1,16,343.8125
1.5,0.5,316129,archived_314159_anchor,1,Matched terminal weighted e-BH,0,1,1,16,1139.9375
1.5,0.5,316130,archived_314159_anchor,1,SAFE-ALPHA,0,0.125,0.125,2,426
1.5,0.5,316130,archived_314159_anchor,1,Matched terminal weighted e-BH,0,0,0,0,
1.5,0.5,316131,archived_314159_anchor,1,SAFE-ALPHA,0,0.9375,0.9375,15,646
1.5,0.5,316131,archived_314159_anchor,1,Matched terminal weighted e-BH,0,0.9375,0.9375,15,1153
1.5,0.5,316132,archived_314159_anchor,1,SAFE-ALPHA,0,0.0625,0.0625,1,971
1.5,0.5,316132,archived_314159_anchor,1,Matched terminal weighted e-BH,0,0.0625,0.0625,1,1259
1.5,0.5,316133,archived_314159_anchor,1,SAFE-ALPHA,0,0.75,0.75,12,364.75
1.5,0.5,316133,archived_314159_anchor,1,Matched terminal weighted e-BH,0,0.6875,0.6875,11,1175.81818182
1.5,0.5,316134,archived_314159_anchor,1,SAFE-ALPHA,0,0.625,0.625,10,561
1.5,0.5,316134,archived_314159_anchor,1,Matched terminal weighted e-BH,0,0.625,0.625,10,1179.5
1.5,0.5,316135,archived_314159_anchor,1,SAFE-ALPHA,0,0.375,0.375,6,959.333333333
1.5,0.5,316135,archived_314159_anchor,1,Matched terminal weighted e-BH,0,0.25,0.25,4,1199
1.5,0.5,316136,archived_314159_anchor,1,SAFE-ALPHA,0,0.375,0.375,6,777.666666667
1.5,0.5,316136,archived_314159_anchor,1,Matched terminal weighted e-BH,0,0.1875,0.1875,3,1239
1.5,0.5,316137,archived_314159_anchor,1,SAFE-ALPHA,0,0.3125,0.3125,5,536
1.5,0.5,316137,archived_314159_anchor,1,Matched terminal weighted e-BH,0,0,0,0,
1.5,0.5,316138,archived_314159_anchor,1,SAFE-ALPHA,0,0.5625,0.5625,9,821.888888889
1.5,0.5,316138,archived_314159_anchor,1,Matched terminal weighted e-BH,0,0.375,0.375,6,1186.5
1.5,0.5,316139,archived_314159_anchor,1,SAFE-ALPHA,0,0.8125,0.8125,13,441
1.5,0.5,316139,archived_314159_anchor,1,Matched terminal weighted e-BH,0,0.75,0.75,12,1174
1.5,0.5,316140,archived_314159_anchor,1,SAFE-ALPHA,0,0.1875,0.1875,3,1081
1.5,0.5,316140,archived_314159_anchor,1,Matched terminal weighted e-BH,0,0.125,0.125,2,1229
1.5,0.5,316141,archived_314159_anchor,1,SAFE-ALPHA,0,0.8125,0.8125,13,707.538461538
1.5,0.5,316141,archived_314159_anchor,1,Matched terminal weighted e-BH,0,0.8125,0.8125,13,1130.92307692
1.5,0.5,316142,archived_314159_anchor,1,SAFE-ALPHA,0,0,0,0,
1.5,0.5,316142,archived_314159_anchor,1,Matched terminal weighted e-BH,0,0,0,0,
1.5,0.5,316143,archived_314159_anchor,1,SAFE-ALPHA,0,0.3125,0.3125,5,936
1.5,0.5,316143,archived_314159_anchor,1,Matched terminal weighted e-BH,0,0.25,0.25,4,1229
1.5,0.5,316144,archived_314159_anchor,1,SAFE-ALPHA,0,0.875,0.875,14,654.214285714
1.5,0.5,316144,archived_314159_anchor,1,Matched terminal weighted e-BH,0,0.875,0.875,14,1140.07142857
1.5,0.5,316145,archived_314159_anchor,1,SAFE-ALPHA,0,0.8125,0.8125,13,511
1.5,0.5,316145,archived_314159_anchor,1,Matched terminal weighted e-BH,0,0.25,0.25,4,1202.75
1.5,0.5,316146,archived_314159_anchor,1,SAFE-ALPHA,0,0.1875,0.1875,3,436
1.5,0.5,316146,archived_314159_anchor,1,Matched terminal weighted e-BH,0,0,0,0,
1.5,0.5,316147,archived_314159_anchor,1,SAFE-ALPHA,0,0.875,0.875,14,435.642857143
1.5,0.5,316147,archived_314159_anchor,1,Matched terminal weighted e-BH,0,0.875,0.875,14,1147.57142857
1.5,0.5,316148,archived_314159_anchor,1,SAFE-ALPHA,0,0.5,0.5,8,547.875
1.5,0.5,316148,archived_314159_anchor,1,Matched terminal weighted e-BH,0,0.3125,0.3125,5,1193
1.5,0.5,316149,archived_314159_anchor,1,SAFE-ALPHA,0,0.3125,0.3125,5,979
1.5,0.5,316149,archived_314159_anchor,1,Matched terminal weighted e-BH,0,0.3125,0.3125,5,1214
1.5,0.5,316150,archived_314159_anchor,1,SAFE-ALPHA,0,0.75,0.75,12,771.416666667
1.5,0.5,316150,archived_314159_anchor,1,Matched terminal weighted e-BH,0,0.6875,0.6875,11,1169
1.5,0.5,316151,archived_314159_anchor,1,SAFE-ALPHA,0,0.4375,0.4375,7,826.714285714
1.5,0.5,316151,archived_314159_anchor,1,Matched terminal weighted e-BH,0,0.25,0.25,4,1214
1.5,0.5,316152,archived_314159_anchor,1,SAFE-ALPHA,0,0.4375,0.4375,7,1094.57142857
1.5,0.5,316152,archived_314159_anchor,1,Matched terminal weighted e-BH,0,0.3125,0.3125,5,1166
1.5,0.5,316153,archived_314159_anchor,1,SAFE-ALPHA,0,0.5625,0.5625,9,783.222222222
1.5,0.5,316153,archived_314159_anchor,1,Matched terminal weighted e-BH,0,0.5625,0.5625,9,1199
1.5,0.5,316154,archived_314159_anchor,1,SAFE-ALPHA,0,0.8125,0.8125,13,674.076923077
1.5,0.5,316154,archived_314159_anchor,1,Matched terminal weighted e-BH,0,0.75,0.75,12,1174
1.5,0.5,316155,archived_314159_anchor,1,SAFE-ALPHA,0,0.6875,0.6875,11,877.818181818
1.5,0.5,316155,archived_314159_anchor,1,Matched terminal weighted e-BH,0,0.625,0.625,10,1155.5
1.5,0.5,316156,archived_314159_anchor,1,SAFE-ALPHA,0,0.875,0.875,14,546
1.5,0.5,316156,archived_314159_anchor,1,Matched terminal weighted e-BH,0,0.875,0.875,14,1150.78571429
1.5,0.5,316157,archived_314159_anchor,1,SAFE-ALPHA,0,0.5625,0.5625,9,635.444444444
1.5,0.5,316157,archived_314159_anchor,1,Matched terminal weighted e-BH,0,0.5625,0.5625,9,1179
1.5,0.5,316158,archived_314159_anchor,1,SAFE-ALPHA,0,0.875,0.875,14,618.5
1.5,0.5,316158,archived_314159_anchor,1,Matched terminal weighted e-BH,0,0.8125,0.8125,13,1167.84615385
1.75,0.5,20262730,inserted_20260730_block,1,SAFE-ALPHA,0,0.8125,0.8125,13,782.923076923
1.75,0.5,20262730,inserted_20260730_block,1,Matched terminal weighted e-BH,0,0.5,0.5,8,1180.25
1.75,0.5,20262731,inserted_20260730_block,1,SAFE-ALPHA,0,0.875,0.875,14,767.785714286
1.75,0.5,20262731,inserted_20260730_block,1,Matched terminal weighted e-BH,0,0.6875,0.6875,11,1156.72727273
1.75,0.5,20262732,inserted_20260730_block,1,SAFE-ALPHA,0,0.8125,0.8125,13,737.538461538
1.75,0.5,20262732,inserted_20260730_block,1,Matched terminal weighted e-BH,0,0.625,0.625,10,1154
1.75,0.5,20262733,inserted_20260730_block,1,SAFE-ALPHA,0,0.625,0.625,10,768.5
1.75,0.5,20262733,inserted_20260730_block,1,Matched terminal weighted e-BH,0,0.3125,0.3125,5,1214
1.75,0.5,20262734,inserted_20260730_block,1,SAFE-ALPHA,0,0.5625,0.5625,9,345.444444444
1.75,0.5,20262734,inserted_20260730_block,1,Matched terminal weighted e-BH,0,0.5,0.5,8,1200.875
1.75,0.5,20262735,inserted_20260730_block,1,SAFE-ALPHA,0,1,1,16,600.375
1.75,0.5,20262735,inserted_20260730_block,1,Matched terminal weighted e-BH,0,1,1,16,1139
1.75,0.5,20262736,inserted_20260730_block,1,SAFE-ALPHA,0,0.625,0.625,10,951.5
1.75,0.5,20262736,inserted_20260730_block,1,Matched terminal weighted e-BH,0,0.5625,0.5625,9,1164
1.75,0.5,20262737,inserted_20260730_block,1,SAFE-ALPHA,0,0.875,0.875,14,550.642857143
1.75,0.5,20262737,inserted_20260730_block,1,Matched terminal weighted e-BH,0,0.5625,0.5625,9,1157.33333333
1.75,0.5,20262738,inserted_20260730_block,1,SAFE-ALPHA,0,0.1875,0.1875,3,829.333333333
1.75,0.5,20262738,inserted_20260730_block,1,Matched terminal weighted e-BH,0,0.0625,0.0625,1,1229
1.75,0.5,20262739,inserted_20260730_block,1,SAFE-ALPHA,0,0.75,0.75,12,484.333333333
1.75,0.5,20262739,inserted_20260730_block,1,Matched terminal weighted e-BH,0,0.75,0.75,12,1164
1.75,0.5,20262740,inserted_20260730_block,1,SAFE-ALPHA,0,0.8125,0.8125,13,443.692307692
1.75,0.5,20262740,inserted_20260730_block,1,Matched terminal weighted e-BH,0,0.8125,0.8125,13,1169
1.75,0.5,20262741,inserted_20260730_block,1,SAFE-ALPHA,0,0.5,0.5,8,733.5
1.75,0.5,20262741,inserted_20260730_block,1,Matched terminal weighted e-BH,0,0.5,0.5,8,1206.5
1.75,0.5,20262742,inserted_20260730_block,1,SAFE-ALPHA,0,0.4375,0.4375,7,1008.85714286
1.75,0.5,20262742,inserted_20260730_block,1,Matched terminal weighted e-BH,0,0.4375,0.4375,7,1205.42857143
1.75,0.5,20262743,inserted_20260730_block,1,SAFE-ALPHA,0,0.875,0.875,14,644.571428571
1.75,0.5,20262743,inserted_20260730_block,1,Matched terminal weighted e-BH,0,0.875,0.875,14,1161.5
1.75,0.5,20262744,inserted_20260730_block,1,SAFE-ALPHA,0,0.75,0.75,12,361.833333333
1.75,0.5,20262744,inserted_20260730_block,1,Matched terminal weighted e-BH,0,0.0625,0.0625,1,1139
1.75,0.5,20262745,inserted_20260730_block,1,SAFE-ALPHA,0,0.25,0.25,4,848.5
1.75,0.5,20262745,inserted_20260730_block,1,Matched terminal weighted e-BH,0,0,0,0,
1.75,0.5,20262746,inserted_20260730_block,1,SAFE-ALPHA,0,0.625,0.625,10,857.5
1.75,0.5,20262746,inserted_20260730_block,1,Matched terminal weighted e-BH,0,0.5625,0.5625,9,1180.66666667
1.75,0.5,20262747,inserted_20260730_block,1,SAFE-ALPHA,0,0.625,0.625,10,560
1.75,0.5,20262747,inserted_20260730_block,1,Matched terminal weighted e-BH,0,0.5,0.5,8,1199
1.75,0.5,20262748,inserted_20260730_block,1,SAFE-ALPHA,0,1,1,16,618.8125
1.75,0.5,20262748,inserted_20260730_block,1,Matched terminal weighted e-BH,0,1,1,16,1139
1.75,0.5,20262749,inserted_20260730_block,1,SAFE-ALPHA,0,0.9375,0.9375,15,702
1.75,0.5,20262749,inserted_20260730_block,1,Matched terminal weighted e-BH,0,0.9375,0.9375,15,1153
1.75,0.5,20262750,inserted_20260730_block,1,SAFE-ALPHA,0,0.5,0.5,8,787.875
1.75,0.5,20262750,inserted_20260730_block,1,Matched terminal weighted e-BH,0,0.375,0.375,6,1181.5
1.75,0.5,20262751,inserted_20260730_block,1,SAFE-ALPHA,0,0.875,0.875,14,663.5
1.75,0.5,20262751,inserted_20260730_block,1,Matched terminal weighted e-BH,0,0.875,0.875,14,1161.5
1.75,0.5,20262752,inserted_20260730_block,1,SAFE-ALPHA,0,0.875,0.875,14,654.214285714
1.75,0.5,20262752,inserted_20260730_block,1,Matched terminal weighted e-BH,0,0.8125,0.8125,13,1165.53846154
1.75,0.5,20262753,inserted_20260730_block,1,SAFE-ALPHA,0,0.625,0.625,10,621.5
1.75,0.5,20262753,inserted_20260730_block,1,Matched terminal weighted e-BH,0,0.375,0.375,6,1189
1.75,0.5,20262754,inserted_20260730_block,1,SAFE-ALPHA,0,0.875,0.875,14,581
1.75,0.5,20262754,inserted_20260730_block,1,Matched terminal weighted e-BH,0,0.6875,0.6875,11,1174.45454545
1.75,0.5,20262755,inserted_20260730_block,1,SAFE-ALPHA,0,0.625,0.625,10,712
1.75,0.5,20262755,inserted_20260730_block,1,Matched terminal weighted e-BH,0,0.625,0.625,10,1164.5
1.75,0.5,20262756,inserted_20260730_block,1,SAFE-ALPHA,0,0.75,0.75,12,385.583333333
1.75,0.5,20262756,inserted_20260730_block,1,Matched terminal weighted e-BH,0,0.6875,0.6875,11,1169
1.75,0.5,20262757,inserted_20260730_block,1,SAFE-ALPHA,0,1,1,16,796.9375
1.75,0.5,20262757,inserted_20260730_block,1,Matched terminal weighted e-BH,0,0.75,0.75,12,1152.75
1.75,0.5,20262758,inserted_20260730_block,1,SAFE-ALPHA,0,0.9375,0.9375,15,435
1.75,0.5,20262758,inserted_20260730_block,1,Matched terminal weighted e-BH,0,0.9375,0.9375,15,1154
1.75,0.5,20262759,inserted_20260730_block,1,SAFE-ALPHA,0,0.5625,0.5625,9,873.222222222
1.75,0.5,20262759,inserted_20260730_block,1,Matched terminal weighted e-BH,0,0.375,0.375,6,1169
1.75,0.5,20262760,inserted_20260730_block,1,SAFE-ALPHA,0,0.875,0.875,14,595.285714286
1.75,0.5,20262760,inserted_20260730_block,1,Matched terminal weighted e-BH,0,0.875,0.875,14,1161.5
1.75,0.5,20262761,inserted_20260730_block,1,SAFE-ALPHA,0,0.875,0.875,14,579.214285714
1.75,0.5,20262761,inserted_20260730_block,1,Matched terminal weighted e-BH,0,0.875,0.875,14,1155.07142857
1.75,0.5,20262762,inserted_20260730_block,1,SAFE-ALPHA,0,0.5,0.5,8,802.875
1.75,0.5,20262762,inserted_20260730_block,1,Matched terminal weighted e-BH,0,0.375,0.375,6,1156.5
1.75,0.5,20262763,inserted_20260730_block,1,SAFE-ALPHA,0,0.375,0.375,6,953.5
1.75,0.5,20262763,inserted_20260730_block,1,Matched terminal weighted e-BH,0,0.1875,0.1875,3,1194
1.75,0.5,20262764,inserted_20260730_block,1,SAFE-ALPHA,0,0.375,0.375,6,587.666666667
1.75,0.5,20262764,inserted_20260730_block,1,Matched terminal weighted e-BH,0,0.3125,0.3125,5,1214
1.75,0.5,20262765,inserted_20260730_block,1,SAFE-ALPHA,0,0.9375,0.9375,15,552.666666667
1.75,0.5,20262765,inserted_20260730_block,1,Matched terminal weighted e-BH,0,0.75,0.75,12,1161.5
1.75,0.5,20262766,inserted_20260730_block,1,SAFE-ALPHA,0,0.9375,0.9375,15,626.333333333
1.75,0.5,20262766,inserted_20260730_block,1,Matched terminal weighted e-BH,0,0.8125,0.8125,13,1169
1.75,0.5,20262767,inserted_20260730_block,1,SAFE-ALPHA,0,0.5,0.5,8,905.375
1.75,0.5,20262767,inserted_20260730_block,1,Matched terminal weighted e-BH,0,0.4375,0.4375,7,1186.14285714
1.75,0.5,20262768,inserted_20260730_block,1,SAFE-ALPHA,0,1,1,16,570.6875
1.75,0.5,20262768,inserted_20260730_block,1,Matched terminal weighted e-BH,0,0.875,0.875,14,1152.92857143
1.75,0.5,20262769,inserted_20260730_block,1,SAFE-ALPHA,0,0.875,0.875,14,622.785714286
1.75,0.5,20262769,inserted_20260730_block,1,Matched terminal weighted e-BH,0,0.875,0.875,14,1161.5
1.75,0.5,20262770,inserted_20260730_block,1,SAFE-ALPHA,0,0.8125,0.8125,13,581.769230769
1.75,0.5,20262770,inserted_20260730_block,1,Matched terminal weighted e-BH,0,0.8125,0.8125,13,1154
1.75,0.5,20262771,inserted_20260730_block,1,SAFE-ALPHA,0,0.5625,0.5625,9,694.333333333
1.75,0.5,20262771,inserted_20260730_block,1,Matched terminal weighted e-BH,0,0.5625,0.5625,9,1179
1.75,0.5,20262772,inserted_20260730_block,1,SAFE-ALPHA,0,1,1,16,497.875
1.75,0.5,20262772,inserted_20260730_block,1,Matched terminal weighted e-BH,0,0.9375,0.9375,15,1140
1.75,0.5,20262773,inserted_20260730_block,1,SAFE-ALPHA,0,0.8125,0.8125,13,958.692307692
1.75,0.5,20262773,inserted_20260730_block,1,Matched terminal weighted e-BH,0,0.75,0.75,12,1160.25
1.75,0.5,20262774,inserted_20260730_block,1,SAFE-ALPHA,0,0.625,0.625,10,863.5
1.75,0.5,20262774,inserted_20260730_block,1,Matched terminal weighted e-BH,0,0.5625,0.5625,9,1177.33333333
1.75,0.5,20262775,inserted_20260730_block,1,SAFE-ALPHA,0,0.875,0.875,14,436.357142857
1.75,0.5,20262775,inserted_20260730_block,1,Matched terminal weighted e-BH,0,0.875,0.875,14,1155.07142857
1.75,0.5,20262776,inserted_20260730_block,1,SAFE-ALPHA,0,0.625,0.625,10,664
1.75,0.5,20262776,inserted_20260730_block,1,Matched terminal weighted e-BH,0,0.5625,0.5625,9,1170.66666667
1.75,0.5,20262777,inserted_20260730_block,1,SAFE-ALPHA,0,0.9375,0.9375,15,540.666666667
1.75,0.5,20262777,inserted_20260730_block,1,Matched terminal weighted e-BH,0,0.9375,0.9375,15,1154
1.75,0.5,20262778,inserted_20260730_block,1,SAFE-ALPHA,0,0.8125,0.8125,13,420.615384615
1.75,0.5,20262778,inserted_20260730_block,1,Matched terminal weighted e-BH,0,0.8125,0.8125,13,1159.76923077
1.75,0.5,20262779,inserted_20260730_block,1,SAFE-ALPHA,0,0.625,0.625,10,570.5
1.75,0.5,20262779,inserted_20260730_block,1,Matched terminal weighted e-BH,0,0.375,0.375,6,1201.5
1.75,0.5,20262780,inserted_20260730_block,1,SAFE-ALPHA,0,0.75,0.75,12,511.416666667
1.75,0.5,20262780,inserted_20260730_block,1,Matched terminal weighted e-BH,0,0.4375,0.4375,7,1194.71428571
1.75,0.5,20262781,inserted_20260730_block,1,SAFE-ALPHA,0,0.3125,0.3125,5,484
1.75,0.5,20262781,inserted_20260730_block,1,Matched terminal weighted e-BH,0,0.25,0.25,4,1229
1.75,0.5,20262782,inserted_20260730_block,1,SAFE-ALPHA,0,0.5625,0.5625,9,837.666666667
1.75,0.5,20262782,inserted_20260730_block,1,Matched terminal weighted e-BH,0,0.5,0.5,8,1170.875
1.75,0.5,20262783,inserted_20260730_block,1,SAFE-ALPHA,0,1,1,16,436.3125
1.75,0.5,20262783,inserted_20260730_block,1,Matched terminal weighted e-BH,0,1,1,16,1140.875
1.75,0.5,20262784,inserted_20260730_block,1,SAFE-ALPHA,0,0.8125,0.8125,13,732.923076923
1.75,0.5,20262784,inserted_20260730_block,1,Matched terminal weighted e-BH,0,0.8125,0.8125,13,1151.69230769
1.75,0.5,20262785,inserted_20260730_block,1,SAFE-ALPHA,0,1,1,16,558.8125
1.75,0.5,20262785,inserted_20260730_block,1,Matched terminal weighted e-BH,0,0.875,0.875,14,1147.57142857
1.75,0.5,20262786,inserted_20260730_block,1,SAFE-ALPHA,0,0.875,0.875,14,507.785714286
1.75,0.5,20262786,inserted_20260730_block,1,Matched terminal weighted e-BH,0,0.8125,0.8125,13,1167.84615385
1.75,0.5,20262787,inserted_20260730_block,1,SAFE-ALPHA,0,0.9375,0.9375,15,413.333333333
1.75,0.5,20262787,inserted_20260730_block,1,Matched terminal weighted e-BH,0,0.9375,0.9375,15,1150
1.75,0.5,20262788,inserted_20260730_block,1,SAFE-ALPHA,0,0.5625,0.5625,9,728.222222222
1.75,0.5,20262788,inserted_20260730_block,1,Matched terminal weighted e-BH,0,0.5625,0.5625,9,1199
1.75,0.5,20262789,inserted_20260730_block,1,SAFE-ALPHA,0,0.8125,0.8125,13,760.615384615
1.75,0.5,20262789,inserted_20260730_block,1,Matched terminal weighted e-BH,0,0.8125,0.8125,13,1150.53846154
1.75,0.5,20262790,inserted_20260730_block,1,SAFE-ALPHA,0,0.8125,0.8125,13,926.769230769
1.75,0.5,20262790,inserted_20260730_block,1,Matched terminal weighted e-BH,0,0.75,0.75,12,1165.25
1.75,0.5,20262791,inserted_20260730_block,1,SAFE-ALPHA,0,0.9375,0.9375,15,521.666666667
1.75,0.5,20262791,inserted_20260730_block,1,Matched terminal weighted e-BH,0,0.8125,0.8125,13,1157.46153846
1.75,0.5,20262792,inserted_20260730_block,1,SAFE-ALPHA,0,0.6875,0.6875,11,953.272727273
1.75,0.5,20262792,inserted_20260730_block,1,Matched terminal weighted e-BH,0,0.4375,0.4375,7,1169
1.75,0.5,20262793,inserted_20260730_block,1,SAFE-ALPHA,0,1,1,16,591.625
1.75,0.5,20262793,inserted_20260730_block,1,Matched terminal weighted e-BH,0,1,1,16,1142.75
1.75,0.5,20262794,inserted_20260730_block,1,SAFE-ALPHA,0,0.625,0.625,10,808.5
1.75,0.5,20262794,inserted_20260730_block,1,Matched terminal weighted e-BH,0,0.5625,0.5625,9,1167.33333333
1.75,0.5,20262795,inserted_20260730_block,1,SAFE-ALPHA,0,0.6875,0.6875,11,996.909090909
1.75,0.5,20262795,inserted_20260730_block,1,Matched terminal weighted e-BH,0,0.6875,0.6875,11,1181.27272727
1.75,0.5,20262796,inserted_20260730_block,1,SAFE-ALPHA,0,0.6875,0.6875,11,843.272727273
1.75,0.5,20262796,inserted_20260730_block,1,Matched terminal weighted e-BH,0,0.6875,0.6875,11,1178.54545455
1.75,0.5,20262797,inserted_20260730_block,1,SAFE-ALPHA,0.0588235294118,1,1,17,262.25
1.75,0.5,20262797,inserted_20260730_block,1,Matched terminal weighted e-BH,0,1,1,16,1140.875
1.75,0.5,20262798,inserted_20260730_block,1,SAFE-ALPHA,0,1,1,16,515.375
1.75,0.5,20262798,inserted_20260730_block,1,Matched terminal weighted e-BH,0,0.9375,0.9375,15,1129
1.75,0.5,20262799,inserted_20260730_block,1,SAFE-ALPHA,0,0.6875,0.6875,11,529.636363636
1.75,0.5,20262799,inserted_20260730_block,1,Matched terminal weighted e-BH,0,0.375,0.375,6,1201.5
1.75,0.5,20262800,inserted_20260730_block,1,SAFE-ALPHA,0,0.9375,0.9375,15,415.666666667
1.75,0.5,20262800,inserted_20260730_block,1,Matched terminal weighted e-BH,0,0.875,0.875,14,1161.5
1.75,0.5,20262801,inserted_20260730_block,1,SAFE-ALPHA,0,0.9375,0.9375,15,773.2
1.75,0.5,20262801,inserted_20260730_block,1,Matched terminal weighted e-BH,0,0.9375,0.9375,15,1154
1.75,0.5,20262802,inserted_20260730_block,1,SAFE-ALPHA,0,0.375,0.375,6,1005.16666667
1.75,0.5,20262802,inserted_20260730_block,1,Matched terminal weighted e-BH,0,0.1875,0.1875,3,1179
1.75,0.5,20262803,inserted_20260730_block,1,SAFE-ALPHA,0,0.8125,0.8125,13,684.461538462
1.75,0.5,20262803,inserted_20260730_block,1,Matched terminal weighted e-BH,0,0.3125,0.3125,5,1130
1.75,0.5,20262804,inserted_20260730_block,1,SAFE-ALPHA,0,1,1,16,516.625
1.75,0.5,20262804,inserted_20260730_block,1,Matched terminal weighted e-BH,0,1,1,16,1146.5
1.75,0.5,20262805,inserted_20260730_block,1,SAFE-ALPHA,0,0.5625,0.5625,9,749.333333333
1.75,0.5,20262805,inserted_20260730_block,1,Matched terminal weighted e-BH,0,0.5,0.5,8,1184
1.75,0.5,20262806,inserted_20260730_block,1,SAFE-ALPHA,0,0.9375,0.9375,15,492.666666667
1.75,0.5,20262806,inserted_20260730_block,1,Matched terminal weighted e-BH,0,0.875,0.875,14,1145.42857143
1.75,0.5,20262807,inserted_20260730_block,1,SAFE-ALPHA,0,1,1,16,461.9375
1.75,0.5,20262807,inserted_20260730_block,1,Matched terminal weighted e-BH,0,0.75,0.75,12,1164
1.75,0.5,20262808,inserted_20260730_block,1,SAFE-ALPHA,0,0.9375,0.9375,15,464.666666667
1.75,0.5,20262808,inserted_20260730_block,1,Matched terminal weighted e-BH,0,0.9375,0.9375,15,1154
1.75,0.5,20262809,inserted_20260730_block,1,SAFE-ALPHA,0,1,1,16,276.625
1.75,0.5,20262809,inserted_20260730_block,1,Matched terminal weighted e-BH,0,1,1,16,1139.9375
1.75,0.5,20262810,inserted_20260730_block,1,SAFE-ALPHA,0,0.8125,0.8125,13,879.846153846
1.75,0.5,20262810,inserted_20260730_block,1,Matched terminal weighted e-BH,0,0.8125,0.8125,13,1169
1.75,0.5,20262811,inserted_20260730_block,1,SAFE-ALPHA,0,1,1,16,446.625
1.75,0.5,20262811,inserted_20260730_block,1,Matched terminal weighted e-BH,0,0.9375,0.9375,15,1144
1.75,0.5,20262812,inserted_20260730_block,1,SAFE-ALPHA,0,0.625,0.625,10,422
1.75,0.5,20262812,inserted_20260730_block,1,Matched terminal weighted e-BH,0,0.3125,0.3125,5,1181
1.75,0.5,20262813,inserted_20260730_block,1,SAFE-ALPHA,0,1,1,16,444.4375
1.75,0.5,20262813,inserted_20260730_block,1,Matched terminal weighted e-BH,0,0.9375,0.9375,15,1145
1.75,0.5,20262814,inserted_20260730_block,1,SAFE-ALPHA,0,0.125,0.125,2,296
1.75,0.5,20262814,inserted_20260730_block,1,Matched terminal weighted e-BH,0,0.0625,0.0625,1,1244
1.75,0.5,20262815,inserted_20260730_block,1,SAFE-ALPHA,0,0.9375,0.9375,15,609
1.75,0.5,20262815,inserted_20260730_block,1,Matched terminal weighted e-BH,0,0.875,0.875,14,1161.5
1.75,0.5,20262816,inserted_20260730_block,1,SAFE-ALPHA,0,0.5625,0.5625,9,720.444444444
1.75,0.5,20262816,inserted_20260730_block,1,Matched terminal weighted e-BH,0,0.375,0.375,6,1189
1.75,0.5,20262817,inserted_20260730_block,1,SAFE-ALPHA,0,0.75,0.75,12,567.5
1.75,0.5,20262817,inserted_20260730_block,1,Matched terminal weighted e-BH,0,0.75,0.75,12,1172.75
1.75,0.5,20262818,inserted_20260730_block,1,SAFE-ALPHA,0,0.9375,0.9375,15,593.666666667
1.75,0.5,20262818,inserted_20260730_block,1,Matched terminal weighted e-BH,0,0.9375,0.9375,15,1154
1.75,0.5,20262819,inserted_20260730_block,1,SAFE-ALPHA,0.0588235294118,1,1,17,524.75
1.75,0.5,20262819,inserted_20260730_block,1,Matched terminal weighted e-BH,0,1,1,16,1145.5625
1.75,0.5,20262820,inserted_20260730_block,1,SAFE-ALPHA,0,0.8125,0.8125,13,497.538461538
1.75,0.5,20262820,inserted_20260730_block,1,Matched terminal weighted e-BH,0,0.6875,0.6875,11,1163.54545455
1.75,0.5,20262821,inserted_20260730_block,1,SAFE-ALPHA,0,0.9375,0.9375,15,489.333333333
1.75,0.5,20262821,inserted_20260730_block,1,Matched terminal weighted e-BH,0,0.9375,0.9375,15,1153
1.75,0.5,20262822,inserted_20260730_block,1,SAFE-ALPHA,0,1,1,16,502.875
1.75,0.5,20262822,inserted_20260730_block,1,Matched terminal weighted e-BH,0,1,1,16,1144.625
1.75,0.5,20262823,inserted_20260730_block,1,SAFE-ALPHA,0,0.875,0.875,14,570.642857143
1.75,0.5,20262823,inserted_20260730_block,1,Matched terminal weighted e-BH,0,0.8125,0.8125,13,1166.69230769
1.75,0.5,20262824,inserted_20260730_block,1,SAFE-ALPHA,0,0.75,0.75,12,822.666666667
1.75,0.5,20262824,inserted_20260730_block,1,Matched terminal weighted e-BH,0,0.6875,0.6875,11,1160.81818182
1.75,0.5,20262825,inserted_20260730_block,1,SAFE-ALPHA,0,0.9375,0.9375,15,753.333333333
1.75,0.5,20262825,inserted_20260730_block,1,Matched terminal weighted e-BH,0,0.6875,0.6875,11,1171.72727273
1.75,0.5,20262826,inserted_20260730_block,1,SAFE-ALPHA,0,1,1,16,330.6875
1.75,0.5,20262826,inserted_20260730_block,1,Matched terminal weighted e-BH,0,1,1,16,1135.25
1.75,0.5,20262827,inserted_20260730_block,1,SAFE-ALPHA,0,0.9375,0.9375,15,341
1.75,0.5,20262827,inserted_20260730_block,1,Matched terminal weighted e-BH,0,0.5,0.5,8,1144.625
1.75,0.5,20262828,inserted_20260730_block,1,SAFE-ALPHA,0,0.625,0.625,10,434.5
1.75,0.5,20262828,inserted_20260730_block,1,Matched terminal weighted e-BH,0,0.5625,0.5625,9,1182.33333333
1.75,0.5,20262829,inserted_20260730_block,1,SAFE-ALPHA,0,0.5,0.5,8,895.125
1.75,0.5,20262829,inserted_20260730_block,1,Matched terminal weighted e-BH,0,0.5,0.5,8,1172.75
1.75,0.5,20262830,inserted_20260730_block,1,SAFE-ALPHA,0,1,1,16,588.1875
1.75,0.5,20262830,inserted_20260730_block,1,Matched terminal weighted e-BH,0,1,1,16,1146.5
1.75,0.5,20262831,inserted_20260730_block,1,SAFE-ALPHA,0,0.4375,0.4375,7,851.714285714
1.75,0.5,20262831,inserted_20260730_block,1,Matched terminal weighted e-BH,0,0.375,0.375,6,1156.5
1.75,0.5,20262832,inserted_20260730_block,1,SAFE-ALPHA,0,0.75,0.75,12,836.833333333
1.75,0.5,20262832,inserted_20260730_block,1,Matched terminal weighted e-BH,0,0.75,0.75,12,1176.5
1.75,0.5,20262833,inserted_20260730_block,1,SAFE-ALPHA,0,0.8125,0.8125,13,537.538461538
1.75,0.5,20262833,inserted_20260730_block,1,Matched terminal weighted e-BH,0,0.6875,0.6875,11,1178.54545455
1.75,0.5,20262834,inserted_20260730_block,1,SAFE-ALPHA,0,1,1,16,464.75
1.75,0.5,20262834,inserted_20260730_block,1,Matched terminal weighted e-BH,0,1,1,16,1146.5
1.75,0.5,20262835,inserted_20260730_block,1,SAFE-ALPHA,0,1,1,16,461.3125
1.75,0.5,20262835,inserted_20260730_block,1,Matched terminal weighted e-BH,0,1,1,16,1139
1.75,0.5,20262836,inserted_20260730_block,1,SAFE-ALPHA,0,0.6875,0.6875,11,697.363636364
1.75,0.5,20262836,inserted_20260730_block,1,Matched terminal weighted e-BH,0,0.6875,0.6875,11,1164.90909091
1.75,0.5,20262837,inserted_20260730_block,1,SAFE-ALPHA,0,0.5625,0.5625,9,393.777777778
1.75,0.5,20262837,inserted_20260730_block,1,Matched terminal weighted e-BH,0,0.4375,0.4375,7,1160.42857143
1.75,0.5,20262838,inserted_20260730_block,1,SAFE-ALPHA,0,1,1,16,476.5
1.75,0.5,20262838,inserted_20260730_block,1,Matched terminal weighted e-BH,0,0.8125,0.8125,13,1147.07692308
1.75,0.5,20262839,inserted_20260730_block,1,SAFE-ALPHA,0,0.4375,0.4375,7,757.428571429
1.75,0.5,20262839,inserted_20260730_block,1,Matched terminal weighted e-BH,0,0.4375,0.4375,7,1205.42857143
1.75,0.5,20262840,inserted_20260730_block,1,SAFE-ALPHA,0,0.9375,0.9375,15,642
1.75,0.5,20262840,inserted_20260730_block,1,Matched terminal weighted e-BH,0,0.9375,0.9375,15,1146
1.75,0.5,20262841,inserted_20260730_block,1,SAFE-ALPHA,0,0.9375,0.9375,15,769
1.75,0.5,20262841,inserted_20260730_block,1,Matched terminal weighted e-BH,0,0.9375,0.9375,15,1154
1.75,0.5,20262842,inserted_20260730_block,1,SAFE-ALPHA,0,1,1,16,581.625
1.75,0.5,20262842,inserted_20260730_block,1,Matched terminal weighted e-BH,0,1,1,16,1146.5
1.75,0.5,20262843,inserted_20260730_block,1,SAFE-ALPHA,0,1,1,16,918.5
1.75,0.5,20262843,inserted_20260730_block,1,Matched terminal weighted e-BH,0,0.8125,0.8125,13,1150.53846154
1.75,0.5,20262844,inserted_20260730_block,1,SAFE-ALPHA,0,1,1,16,327.25
1.75,0.5,20262844,inserted_20260730_block,1,Matched terminal weighted e-BH,0,1,1,16,1139.9375
1.75,0.5,20262845,inserted_20260730_block,1,SAFE-ALPHA,0,0.3125,0.3125,5,658
1.75,0.5,20262845,inserted_20260730_block,1,Matched terminal weighted e-BH,0,0.3125,0.3125,5,1217
1.75,0.5,20262846,inserted_20260730_block,1,SAFE-ALPHA,0,0.8125,0.8125,13,892.153846154
1.75,0.5,20262846,inserted_20260730_block,1,Matched terminal weighted e-BH,0,0.6875,0.6875,11,1152.63636364
1.75,0.5,20262847,inserted_20260730_block,1,SAFE-ALPHA,0,0.875,0.875,14,572.428571429
1.75,0.5,20262847,inserted_20260730_block,1,Matched terminal weighted e-BH,0,0.8125,0.8125,13,1159.76923077
1.75,0.5,20262848,inserted_20260730_block,1,SAFE-ALPHA,0,0.6875,0.6875,11,570.545454545
1.75,0.5,20262848,inserted_20260730_block,1,Matched terminal weighted e-BH,0,0.625,0.625,10,1157
1.75,0.5,20262849,inserted_20260730_block,1,SAFE-ALPHA,0,0.4375,0.4375,7,638.857142857
1.75,0.5,20262849,inserted_20260730_block,1,Matched terminal weighted e-BH,0,0.4375,0.4375,7,1201.14285714
1.75,0.5,20262850,inserted_20260730_block,1,SAFE-ALPHA,0,0.9375,0.9375,15,580.666666667
1.75,0.5,20262850,inserted_20260730_block,1,Matched terminal weighted e-BH,0,0.875,0.875,14,1144.35714286
1.75,0.5,20262851,inserted_20260730_block,1,SAFE-ALPHA,0,0.5,0.5,8,767.25
1.75,0.5,20262851,inserted_20260730_block,1,Matched terminal weighted e-BH,0,0.4375,0.4375,7,1211.85714286
1.75,0.5,20262852,inserted_20260730_block,1,SAFE-ALPHA,0,0.875,0.875,14,625.642857143
1.75,0.5,20262852,inserted_20260730_block,1,Matched terminal weighted e-BH,0,0.8125,0.8125,13,1152.84615385
1.75,0.5,20262853,inserted_20260730_block,1,SAFE-ALPHA,0,0.9375,0.9375,15,498.333333333
1.75,0.5,20262853,inserted_20260730_block,1,Matched terminal weighted e-BH,0,0.5,0.5,8,1142.75
1.75,0.5,20262854,inserted_20260730_block,1,SAFE-ALPHA,0,0.6875,0.6875,11,604.181818182
1.75,0.5,20262854,inserted_20260730_block,1,Matched terminal weighted e-BH,0,0.6875,0.6875,11,1171.72727273
1.75,0.5,20262855,inserted_20260730_block,1,SAFE-ALPHA,0,0.625,0.625,10,422.5
1.75,0.5,20262855,inserted_20260730_block,1,Matched terminal weighted e-BH,0,0.5625,0.5625,9,1185.66666667
1.75,0.5,20262856,inserted_20260730_block,1,SAFE-ALPHA,0,0.25,0.25,4,831
1.75,0.5,20262856,inserted_20260730_block,1,Matched terminal weighted e-BH,0,0.25,0.25,4,1236.5
1.75,0.5,20262857,inserted_20260730_block,1,SAFE-ALPHA,0,0,0,0,
1.75,0.5,20262857,inserted_20260730_block,1,Matched terminal weighted e-BH,0,0,0,0,
1.75,0.5,20262858,inserted_20260730_block,1,SAFE-ALPHA,0,0.4375,0.4375,7,733.857142857
1.75,0.5,20262858,inserted_20260730_block,1,Matched terminal weighted e-BH,0,0.375,0.375,6,1211.5
1.75,0.5,20262859,inserted_20260730_block,1,SAFE-ALPHA,0,0.1875,0.1875,3,667.666666667
1.75,0.5,20262859,inserted_20260730_block,1,Matched terminal weighted e-BH,0,0.1875,0.1875,3,1179
1.75,0.5,20262860,inserted_20260730_block,1,SAFE-ALPHA,0,1,1,16,459.125
1.75,0.5,20262860,inserted_20260730_block,1,Matched terminal weighted e-BH,0,1,1,16,1134.3125
1.75,0.5,20262861,inserted_20260730_block,1,SAFE-ALPHA,0,0.5625,0.5625,9,813.777777778
1.75,0.5,20262861,inserted_20260730_block,1,Matched terminal weighted e-BH,0,0.4375,0.4375,7,1186.14285714
1.75,0.5,20262862,inserted_20260730_block,1,SAFE-ALPHA,0,0.6875,0.6875,11,651
1.75,0.5,20262862,inserted_20260730_block,1,Matched terminal weighted e-BH,0,0.5,0.5,8,1202.75
1.75,0.5,20262863,inserted_20260730_block,1,SAFE-ALPHA,0,0.9375,0.9375,15,556
1.75,0.5,20262863,inserted_20260730_block,1,Matched terminal weighted e-BH,0,0.875,0.875,14,1161.5
1.75,0.5,20262864,inserted_20260730_block,1,SAFE-ALPHA,0,1,1,16,569.75
1.75,0.5,20262864,inserted_20260730_block,1,Matched terminal weighted e-BH,0,0.9375,0.9375,15,1142
1.75,0.5,20262865,inserted_20260730_block,1,SAFE-ALPHA,0,0.8125,0.8125,13,597.538461538
1.75,0.5,20262865,inserted_20260730_block,1,Matched terminal weighted e-BH,0,0.75,0.75,12,1161.5
1.75,0.5,20262866,inserted_20260730_block,1,SAFE-ALPHA,0,0.8125,0.8125,13,898.307692308
1.75,0.5,20262866,inserted_20260730_block,1,Matched terminal weighted e-BH,0,0.8125,0.8125,13,1164.38461538
1.75,0.5,20262867,inserted_20260730_block,1,SAFE-ALPHA,0,0.875,0.875,14,752.428571429
1.75,0.5,20262867,inserted_20260730_block,1,Matched terminal weighted e-BH,0,0.75,0.75,12,1154
1.75,0.5,20262868,inserted_20260730_block,1,SAFE-ALPHA,0,0.75,0.75,12,391
1.75,0.5,20262868,inserted_20260730_block,1,Matched terminal weighted e-BH,0,0.1875,0.1875,3,1189
1.75,0.5,20262869,inserted_20260730_block,1,SAFE-ALPHA,0,0.75,0.75,12,773.916666667
1.75,0.5,20262869,inserted_20260730_block,1,Matched terminal weighted e-BH,0,0.6875,0.6875,11,1169
1.75,0.5,20262870,inserted_20260730_block,1,SAFE-ALPHA,0,1,1,16,655.6875
1.75,0.5,20262870,inserted_20260730_block,1,Matched terminal weighted e-BH,0,1,1,16,1146.5
1.75,0.5,20262871,inserted_20260730_block,1,SAFE-ALPHA,0,0.9375,0.9375,15,346.333333333
1.75,0.5,20262871,inserted_20260730_block,1,Matched terminal weighted e-BH,0,0.9375,0.9375,15,1147
1.75,0.5,20262872,inserted_20260730_block,1,SAFE-ALPHA,0,0.875,0.875,14,422.428571429
1.75,0.5,20262872,inserted_20260730_block,1,Matched terminal weighted e-BH,0,0.6875,0.6875,11,1164.90909091
1.75,0.5,20262873,inserted_20260730_block,1,SAFE-ALPHA,0,0.625,0.625,10,473
1.75,0.5,20262873,inserted_20260730_block,1,Matched terminal weighted e-BH,0,0.5,0.5,8,1182.125
1.75,0.5,20262874,inserted_20260730_block,1,SAFE-ALPHA,0,0.6875,0.6875,11,602.363636364
1.75,0.5,20262874,inserted_20260730_block,1,Matched terminal weighted e-BH,0,0.5,0.5,8,1169
1.75,0.5,20262875,inserted_20260730_block,1,SAFE-ALPHA,0,0.875,0.875,14,623.5
1.75,0.5,20262875,inserted_20260730_block,1,Matched terminal weighted e-BH,0,0.75,0.75,12,1159
1.75,0.5,20262876,inserted_20260730_block,1,SAFE-ALPHA,0,0.625,0.625,10,859.5
1.75,0.5,20262876,inserted_20260730_block,1,Matched terminal weighted e-BH,0,0.625,0.625,10,1191.5
1.75,0.5,20262877,inserted_20260730_block,1,SAFE-ALPHA,0,0.8125,0.8125,13,620.615384615
1.75,0.5,20262877,inserted_20260730_block,1,Matched terminal weighted e-BH,0,0.8125,0.8125,13,1159.76923077
1.75,0.5,20262878,inserted_20260730_block,1,SAFE-ALPHA,0,0.625,0.625,10,511
1.75,0.5,20262878,inserted_20260730_block,1,Matched terminal weighted e-BH,0,0.5,0.5,8,1187.75
1.75,0.5,20262879,inserted_20260730_block,1,SAFE-ALPHA,0,0.875,0.875,14,582.785714286
1.75,0.5,20262879,inserted_20260730_block,1,Matched terminal weighted e-BH,0,0.6875,0.6875,11,1169
1.75,0.5,20262880,inserted_20260730_block,1,SAFE-ALPHA,0,0.5,0.5,8,978.5
1.75,0.5,20262880,inserted_20260730_block,1,Matched terminal weighted e-BH,0,0.5,0.5,8,1204.625
1.75,0.5,20262881,inserted_20260730_block,1,SAFE-ALPHA,0,1,1,16,588.8125
1.75,0.5,20262881,inserted_20260730_block,1,Matched terminal weighted e-BH,0,1,1,16,1144.625
1.75,0.5,20262882,inserted_20260730_block,1,SAFE-ALPHA,0,0.625,0.625,10,592.5
1.75,0.5,20262882,inserted_20260730_block,1,Matched terminal weighted e-BH,0,0.3125,0.3125,5,1190
1.75,0.5,20262883,inserted_20260730_block,1,SAFE-ALPHA,0,0.875,0.875,14,647.071428571
1.75,0.5,20262883,inserted_20260730_block,1,Matched terminal weighted e-BH,0,0.8125,0.8125,13,1159.76923077
1.75,0.5,20262884,inserted_20260730_block,1,SAFE-ALPHA,0,0.5,0.5,8,959.125
1.75,0.5,20262884,inserted_20260730_block,1,Matched terminal weighted e-BH,0,0.5,0.5,8,1199
1.75,0.5,20262885,inserted_20260730_block,1,SAFE-ALPHA,0,0.4375,0.4375,7,783.142857143
1.75,0.5,20262885,inserted_20260730_block,1,Matched terminal weighted e-BH,0,0.375,0.375,6,1154
1.75,0.5,20262886,inserted_20260730_block,1,SAFE-ALPHA,0,0.9375,0.9375,15,573
1.75,0.5,20262886,inserted_20260730_block,1,Matched terminal weighted e-BH,0,0.875,0.875,14,1157.21428571
1.75,0.5,20262887,inserted_20260730_block,1,SAFE-ALPHA,0,0.9375,0.9375,15,547.666666667
1.75,0.5,20262887,inserted_20260730_block,1,Matched terminal weighted e-BH,0,0.9375,0.9375,15,1154
1.75,0.5,20262888,inserted_20260730_block,1,SAFE-ALPHA,0,0.875,0.875,14,619.214285714
1.75,0.5,20262888,inserted_20260730_block,1,Matched terminal weighted e-BH,0,0.875,0.875,14,1151.85714286
1.75,0.5,20262889,inserted_20260730_block,1,SAFE-ALPHA,0,0.6875,0.6875,11,697.818181818
1.75,0.5,20262889,inserted_20260730_block,1,Matched terminal weighted e-BH,0,0.6875,0.6875,11,1184
1.75,0.5,20262890,inserted_20260730_block,1,SAFE-ALPHA,0,0.375,0.375,6,735.166666667
1.75,0.5,20262890,inserted_20260730_block,1,Matched terminal weighted e-BH,0,0.375,0.375,6,1149
1.75,0.5,20262891,inserted_20260730_block,1,SAFE-ALPHA,0,0.875,0.875,14,498.5
1.75,0.5,20262891,inserted_20260730_block,1,Matched terminal weighted e-BH,0,0.875,0.875,14,1147.57142857
1.75,0.5,20262892,inserted_20260730_block,1,SAFE-ALPHA,0,0.8125,0.8125,13,609.846153846
1.75,0.5,20262892,inserted_20260730_block,1,Matched terminal weighted e-BH,0,0.625,0.625,10,1185.5
1.75,0.5,20262893,inserted_20260730_block,1,SAFE-ALPHA,0,0.9375,0.9375,15,475
1.75,0.5,20262893,inserted_20260730_block,1,Matched terminal weighted e-BH,0,0.5625,0.5625,9,1175.66666667
1.75,0.5,20262894,inserted_20260730_block,1,SAFE-ALPHA,0,0.25,0.25,4,491
1.75,0.5,20262894,inserted_20260730_block,1,Matched terminal weighted e-BH,0,0.125,0.125,2,1251.5
1.75,0.5,20262895,inserted_20260730_block,1,SAFE-ALPHA,0,0.9375,0.9375,15,507
1.75,0.5,20262895,inserted_20260730_block,1,Matched terminal weighted e-BH,0,0.9375,0.9375,15,1154
1.75,0.5,20262896,inserted_20260730_block,1,SAFE-ALPHA,0,1,1,16,468.5
1.75,0.5,20262896,inserted_20260730_block,1,Matched terminal weighted e-BH,0,1,1,16,1145.5625
1.75,0.5,20262897,inserted_20260730_block,1,SAFE-ALPHA,0,0.6875,0.6875,11,844.181818182
1.75,0.5,20262897,inserted_20260730_block,1,Matched terminal weighted e-BH,0,0.6875,0.6875,11,1141.72727273
1.75,0.5,20262898,inserted_20260730_block,1,SAFE-ALPHA,0,0.9375,0.9375,15,650.666666667
1.75,0.5,20262898,inserted_20260730_block,1,Matched terminal weighted e-BH,0,0.9375,0.9375,15,1151
1.75,0.5,20262899,inserted_20260730_block,1,SAFE-ALPHA,0,0.625,0.625,10,690.5
1.75,0.5,20262899,inserted_20260730_block,1,Matched terminal weighted e-BH,0,0.25,0.25,4,1236.5
1.75,0.5,20262900,inserted_20260730_block,1,SAFE-ALPHA,0,0.8125,0.8125,13,913.307692308
1.75,0.5,20262900,inserted_20260730_block,1,Matched terminal weighted e-BH,0,0.8125,0.8125,13,1149.38461538
1.75,0.5,20262901,inserted_20260730_block,1,SAFE-ALPHA,0,0.875,0.875,14,818.5
1.75,0.5,20262901,inserted_20260730_block,1,Matched terminal weighted e-BH,0,0.875,0.875,14,1150.78571429
1.75,0.5,20262902,inserted_20260730_block,1,SAFE-ALPHA,0,0.3125,0.3125,5,876
1.75,0.5,20262902,inserted_20260730_block,1,Matched terminal weighted e-BH,0,0.25,0.25,4,1172.75
1.75,0.5,20262903,inserted_20260730_block,1,SAFE-ALPHA,0,0.875,0.875,14,774.928571429
1.75,0.5,20262903,inserted_20260730_block,1,Matched terminal weighted e-BH,0,0.875,0.875,14,1161.5
1.75,0.5,20262904,inserted_20260730_block,1,SAFE-ALPHA,0,0.9375,0.9375,15,357
1.75,0.5,20262904,inserted_20260730_block,1,Matched terminal weighted e-BH,0,0.9375,0.9375,15,1154
1.75,0.5,20262905,inserted_20260730_block,1,SAFE-ALPHA,0,0.8125,0.8125,13,765.615384615
1.75,0.5,20262905,inserted_20260730_block,1,Matched terminal weighted e-BH,0,0.8125,0.8125,13,1158.61538462
1.75,0.5,20262906,inserted_20260730_block,1,SAFE-ALPHA,0,0.9375,0.9375,15,599.666666667
1.75,0.5,20262906,inserted_20260730_block,1,Matched terminal weighted e-BH,0,0.9375,0.9375,15,1150
1.75,0.5,20262907,inserted_20260730_block,1,SAFE-ALPHA,0,0.9375,0.9375,15,689.666666667
1.75,0.5,20262907,inserted_20260730_block,1,Matched terminal weighted e-BH,0,0.75,0.75,12,1160.25
1.75,0.5,20262908,inserted_20260730_block,1,SAFE-ALPHA,0,1,1,16,546.625
1.75,0.5,20262908,inserted_20260730_block,1,Matched terminal weighted e-BH,0,1,1,16,1142.75
1.75,0.5,20262909,inserted_20260730_block,1,SAFE-ALPHA,0,0.4375,0.4375,7,744.571428571
1.75,0.5,20262909,inserted_20260730_block,1,Matched terminal weighted e-BH,0,0.4375,0.4375,7,1211.85714286
1.75,0.5,20262910,inserted_20260730_block,1,SAFE-ALPHA,0,0.8125,0.8125,13,600.615384615
1.75,0.5,20262910,inserted_20260730_block,1,Matched terminal weighted e-BH,0,0.8125,0.8125,13,1154
1.75,0.5,20262911,inserted_20260730_block,1,SAFE-ALPHA,0,0.375,0.375,6,910.166666667
1.75,0.5,20262911,inserted_20260730_block,1,Matched terminal weighted e-BH,0,0.375,0.375,6,1186.5
1.75,0.5,20262912,inserted_20260730_block,1,SAFE-ALPHA,0,1,1,16,455.0625
1.75,0.5,20262912,inserted_20260730_block,1,Matched terminal weighted e-BH,0,1,1,16,1146.5
1.75,0.5,20262913,inserted_20260730_block,1,SAFE-ALPHA,0,0.5625,0.5625,9,1040.44444444
1.75,0.5,20262913,inserted_20260730_block,1,Matched terminal weighted e-BH,0,0.3125,0.3125,5,1154
1.75,0.5,20262914,inserted_20260730_block,1,SAFE-ALPHA,0,1,1,16,346.625
1.75,0.5,20262914,inserted_20260730_block,1,Matched terminal weighted e-BH,0,1,1,16,1146.5
1.75,0.5,20262915,inserted_20260730_block,1,SAFE-ALPHA,0,0.875,0.875,14,528.5
1.75,0.5,20262915,inserted_20260730_block,1,Matched terminal weighted e-BH,0,0.8125,0.8125,13,1160.92307692
1.75,0.5,20262916,inserted_20260730_block,1,SAFE-ALPHA,0,0.375,0.375,6,457.666666667
1.75,0.5,20262916,inserted_20260730_block,1,Matched terminal weighted e-BH,0,0.25,0.25,4,1229
1.75,0.5,20262917,inserted_20260730_block,1,SAFE-ALPHA,0,1,1,16,471.9375
1.75,0.5,20262917,inserted_20260730_block,1,Matched terminal weighted e-BH,0,1,1,16,1138.0625
1.75,0.5,20262918,inserted_20260730_block,1,SAFE-ALPHA,0,0.375,0.375,6,344.333333333
1.75,0.5,20262918,inserted_20260730_block,1,Matched terminal weighted e-BH,0,0.1875,0.1875,3,1224
1.75,0.5,20262919,inserted_20260730_block,1,SAFE-ALPHA,0,0.1875,0.1875,3,367.666666667
1.75,0.5,20262919,inserted_20260730_block,1,Matched terminal weighted e-BH,0,0.125,0.125,2,1199
1.75,0.5,20262920,inserted_20260730_block,1,SAFE-ALPHA,0,0,0,0,
1.75,0.5,20262920,inserted_20260730_block,1,Matched terminal weighted e-BH,0,0,0,0,
1.75,0.5,20262921,inserted_20260730_block,1,SAFE-ALPHA,0,1,1,16,631.3125
1.75,0.5,20262921,inserted_20260730_block,1,Matched terminal weighted e-BH,0,1,1,16,1145.5625
1.75,0.5,20262922,inserted_20260730_block,1,SAFE-ALPHA,0,0.875,0.875,14,778.142857143
1.75,0.5,20262922,inserted_20260730_block,1,Matched terminal weighted e-BH,0,0.875,0.875,14,1161.5
1.75,0.5,20262923,inserted_20260730_block,1,SAFE-ALPHA,0,1,1,16,307.5625
1.75,0.5,20262923,inserted_20260730_block,1,Matched terminal weighted e-BH,0,1,1,16,1146.5
1.75,0.5,20262924,inserted_20260730_block,1,SAFE-ALPHA,0,0.0625,0.0625,1,276
1.75,0.5,20262924,inserted_20260730_block,1,Matched terminal weighted e-BH,0,0.0625,0.0625,1,1259
1.75,0.5,20262925,inserted_20260730_block,1,SAFE-ALPHA,0,0.75,0.75,12,738.5
1.75,0.5,20262925,inserted_20260730_block,1,Matched terminal weighted e-BH,0,0.4375,0.4375,7,1171.14285714
1.75,0.5,20262926,inserted_20260730_block,1,SAFE-ALPHA,0,1,1,16,556.9375
1.75,0.5,20262926,inserted_20260730_block,1,Matched terminal weighted e-BH,0,0.875,0.875,14,1145.42857143
1.75,0.5,20262927,inserted_20260730_block,1,SAFE-ALPHA,0,0.25,0.25,4,384.75
1.75,0.5,20262927,inserted_20260730_block,1,Matched terminal weighted e-BH,0,0.125,0.125,2,1244
1.75,0.5,20262928,inserted_20260730_block,1,SAFE-ALPHA,0,0.8125,0.8125,13,499.846153846
1.75,0.5,20262928,inserted_20260730_block,1,Matched terminal weighted e-BH,0,0.75,0.75,12,1170.25
1.75,0.5,20262929,inserted_20260730_block,1,SAFE-ALPHA,0,1,1,16,334.125
1.75,0.5,20262929,inserted_20260730_block,1,Matched terminal weighted e-BH,0,1,1,16,1146.5
1.75,0.5,20262930,inserted_20260730_block,1,SAFE-ALPHA,0,0.5625,0.5625,9,622.111111111
1.75,0.5,20262930,inserted_20260730_block,1,Matched terminal weighted e-BH,0,0.5625,0.5625,9,1199
1.75,0.5,20262931,inserted_20260730_block,1,SAFE-ALPHA,0,0.8125,0.8125,13,375.615384615
1.75,0.5,20262931,inserted_20260730_block,1,Matched terminal weighted e-BH,0,0.8125,0.8125,13,1166.69230769
1.75,0.5,20262932,inserted_20260730_block,1,SAFE-ALPHA,0,0.875,0.875,14,449.571428571
1.75,0.5,20262932,inserted_20260730_block,1,Matched terminal weighted e-BH,0,0.875,0.875,14,1149.71428571
1.75,0.5,20262933,inserted_20260730_block,1,SAFE-ALPHA,0,1,1,16,674.125
1.75,0.5,20262933,inserted_20260730_block,1,Matched terminal weighted e-BH,0,1,1,16,1146.5
1.75,0.5,20262934,inserted_20260730_block,1,SAFE-ALPHA,0,0.75,0.75,12,643.916666667
1.75,0.5,20262934,inserted_20260730_block,1,Matched terminal weighted e-BH,0,0.625,0.625,10,1172
1.75,0.5,20262935,inserted_20260730_block,1,SAFE-ALPHA,0,0.5,0.5,8,711.625
1.75,0.5,20262935,inserted_20260730_block,1,Matched terminal weighted e-BH,0,0.4375,0.4375,7,1214
1.75,0.5,20262936,inserted_20260730_block,1,SAFE-ALPHA,0,0.25,0.25,4,708.5
1.75,0.5,20262936,inserted_20260730_block,1,Matched terminal weighted e-BH,0,0,0,0,
1.75,0.5,20262937,inserted_20260730_block,1,SAFE-ALPHA,0,0.875,0.875,14,436
1.75,0.5,20262937,inserted_20260730_block,1,Matched terminal weighted e-BH,0,0.75,0.75,12,1159
1.75,0.5,20262938,inserted_20260730_block,1,SAFE-ALPHA,0,0.9375,0.9375,15,754.333333333
1.75,0.5,20262938,inserted_20260730_block,1,Matched terminal weighted e-BH,0,0.625,0.625,10,1172
1.75,0.5,20262939,inserted_20260730_block,1,SAFE-ALPHA,0,0.625,0.625,10,659.5
1.75,0.5,20262939,inserted_20260730_block,1,Matched terminal weighted e-BH,0,0.625,0.625,10,1184
1.75,0.5,20262940,inserted_20260730_block,1,SAFE-ALPHA,0,0.75,0.75,12,452.25
1.75,0.5,20262940,inserted_20260730_block,1,Matched terminal weighted e-BH,0,0.75,0.75,12,1174
1.75,0.5,20262941,inserted_20260730_block,1,SAFE-ALPHA,0,0.6875,0.6875,11,572.818181818
1.75,0.5,20262941,inserted_20260730_block,1,Matched terminal weighted e-BH,0,0.375,0.375,6,1186.5
1.75,0.5,20262942,inserted_20260730_block,1,SAFE-ALPHA,0,0.4375,0.4375,7,596.714285714
1.75,0.5,20262942,inserted_20260730_block,1,Matched terminal weighted e-BH,0,0.3125,0.3125,5,1193
1.75,0.5,20262943,inserted_20260730_block,1,SAFE-ALPHA,0,0.9375,0.9375,15,506.666666667
1.75,0.5,20262943,inserted_20260730_block,1,Matched terminal weighted e-BH,0,0.8125,0.8125,13,1166.69230769
1.75,0.5,20262944,inserted_20260730_block,1,SAFE-ALPHA,0,0.9375,0.9375,15,279
1.75,0.5,20262944,inserted_20260730_block,1,Matched terminal weighted e-BH,0,0.9375,0.9375,15,1154
1.75,0.5,20262945,inserted_20260730_block,1,SAFE-ALPHA,0,0.125,0.125,2,663.5
1.75,0.5,20262945,inserted_20260730_block,1,Matched terminal weighted e-BH,0,0.125,0.125,2,1236.5
1.75,0.5,20262946,inserted_20260730_block,1,SAFE-ALPHA,0,0.9375,0.9375,15,631.333333333
1.75,0.5,20262946,inserted_20260730_block,1,Matched terminal weighted e-BH,0,0.8125,0.8125,13,1139
1.75,0.5,20262947,inserted_20260730_block,1,SAFE-ALPHA,0,0.5,0.5,8,974.125
1.75,0.5,20262947,inserted_20260730_block,1,Matched terminal weighted e-BH,0,0.4375,0.4375,7,1196.85714286
1.75,0.5,20262948,inserted_20260730_block,1,SAFE-ALPHA,0,0.5,0.5,8,792.625
1.75,0.5,20262948,inserted_20260730_block,1,Matched terminal weighted e-BH,0,0.5,0.5,8,1167.125
1.75,0.5,20262949,inserted_20260730_block,1,SAFE-ALPHA,0,0.3125,0.3125,5,658
1.75,0.5,20262949,inserted_20260730_block,1,Matched terminal weighted e-BH,0,0.125,0.125,2,1221.5
1.75,0.5,20262950,inserted_20260730_block,1,SAFE-ALPHA,0,0.9375,0.9375,15,370.666666667
1.75,0.5,20262950,inserted_20260730_block,1,Matched terminal weighted e-BH,0,0.875,0.875,14,1150.78571429
1.75,0.5,20262951,inserted_20260730_block,1,SAFE-ALPHA,0,0.75,0.75,12,758.916666667
1.75,0.5,20262951,inserted_20260730_block,1,Matched terminal weighted e-BH,0,0.0625,0.0625,1,1259
1.75,0.5,20262952,inserted_20260730_block,1,SAFE-ALPHA,0,0.4375,0.4375,7,418.142857143
1.75,0.5,20262952,inserted_20260730_block,1,Matched terminal weighted e-BH,0,0.4375,0.4375,7,1166.85714286
1.75,0.5,20262953,inserted_20260730_block,1,SAFE-ALPHA,0,0.75,0.75,12,561
1.75,0.5,20262953,inserted_20260730_block,1,Matched terminal weighted e-BH,0,0.75,0.75,12,1171.5
1.75,0.5,20262954,inserted_20260730_block,1,SAFE-ALPHA,0,0.8125,0.8125,13,662.538461538
1.75,0.5,20262954,inserted_20260730_block,1,Matched terminal weighted e-BH,0,0.75,0.75,12,1169
1.75,0.5,20262955,inserted_20260730_block,1,SAFE-ALPHA,0,0.6875,0.6875,11,1031
1.75,0.5,20262955,inserted_20260730_block,1,Matched terminal weighted e-BH,0,0.6875,0.6875,11,1158.09090909
1.75,0.5,20262956,inserted_20260730_block,1,SAFE-ALPHA,0,0.1875,0.1875,3,1106
1.75,0.5,20262956,inserted_20260730_block,1,Matched terminal weighted e-BH,0,0.1875,0.1875,3,1239
1.75,0.5,20262957,inserted_20260730_block,1,SAFE-ALPHA,0,1,1,16,330.0625
1.75,0.5,20262957,inserted_20260730_block,1,Matched terminal weighted e-BH,0,1,1,16,1140.875
1.75,0.5,20262958,inserted_20260730_block,1,SAFE-ALPHA,0,0.875,0.875,14,401.714285714
1.75,0.5,20262958,inserted_20260730_block,1,Matched terminal weighted e-BH,0,0.875,0.875,14,1161.5
1.75,0.5,20262959,inserted_20260730_block,1,SAFE-ALPHA,0,0.25,0.25,4,984.75
1.75,0.5,20262959,inserted_20260730_block,1,Matched terminal weighted e-BH,0,0.25,0.25,4,1142.75
1.75,0.5,20262960,inserted_20260730_block,1,SAFE-ALPHA,0,1,1,16,522.25
1.75,0.5,20262960,inserted_20260730_block,1,Matched terminal weighted e-BH,0,1,1,16,1146.5
1.75,0.5,20262961,inserted_20260730_block,1,SAFE-ALPHA,0,0.75,0.75,12,504.75
1.75,0.5,20262961,inserted_20260730_block,1,Matched terminal weighted e-BH,0,0.625,0.625,10,1169
1.75,0.5,20262962,inserted_20260730_block,1,SAFE-ALPHA,0,0.9375,0.9375,15,551.333333333
1.75,0.5,20262962,inserted_20260730_block,1,Matched terminal weighted e-BH,0,0.9375,0.9375,15,1144
1.75,0.5,20262963,inserted_20260730_block,1,SAFE-ALPHA,0,0.6875,0.6875,11,765.090909091
1.75,0.5,20262963,inserted_20260730_block,1,Matched terminal weighted e-BH,0,0.0625,0.0625,1,1259
1.75,0.5,20262964,inserted_20260730_block,1,SAFE-ALPHA,0,0.5,0.5,8,736
1.75,0.5,20262964,inserted_20260730_block,1,Matched terminal weighted e-BH,0,0.25,0.25,4,1199
1.75,0.5,20262965,inserted_20260730_block,1,SAFE-ALPHA,0,0.5625,0.5625,9,780.444444444
1.75,0.5,20262965,inserted_20260730_block,1,Matched terminal weighted e-BH,0,0.3125,0.3125,5,1205
1.75,0.5,20262966,inserted_20260730_block,1,SAFE-ALPHA,0,0.4375,0.4375,7,1151
1.75,0.5,20262966,inserted_20260730_block,1,Matched terminal weighted e-BH,0,0.4375,0.4375,7,1171.14285714
1.75,0.5,20262967,inserted_20260730_block,1,SAFE-ALPHA,0,1,1,16,560.375
1.75,0.5,20262967,inserted_20260730_block,1,Matched terminal weighted e-BH,0,1,1,16,1144.625
1.75,0.5,20262968,inserted_20260730_block,1,SAFE-ALPHA,0,0.875,0.875,14,662.785714286
1.75,0.5,20262968,inserted_20260730_block,1,Matched terminal weighted e-BH,0,0.8125,0.8125,13,1162.07692308
1.75,0.5,20262969,inserted_20260730_block,1,SAFE-ALPHA,0,0.5625,0.5625,9,941
1.75,0.5,20262969,inserted_20260730_block,1,Matched terminal weighted e-BH,0,0.5625,0.5625,9,1182.33333333
1.75,0.5,20262970,inserted_20260730_block,1,SAFE-ALPHA,0,0.875,0.875,14,290.285714286
1.75,0.5,20262970,inserted_20260730_block,1,Matched terminal weighted e-BH,0,0.875,0.875,14,1159.35714286
1.75,0.5,20262971,inserted_20260730_block,1,SAFE-ALPHA,0.0588235294118,1,1,17,405.6875
1.75,0.5,20262971,inserted_20260730_block,1,Matched terminal weighted e-BH,0,0.9375,0.9375,15,1147
1.75,0.5,20262972,inserted_20260730_block,1,SAFE-ALPHA,0,1,1,16,533.8125
1.75,0.5,20262972,inserted_20260730_block,1,Matched terminal weighted e-BH,0,0.875,0.875,14,1140.07142857
1.75,0.5,20262973,inserted_20260730_block,1,SAFE-ALPHA,0,0.6875,0.6875,11,890.545454545
1.75,0.5,20262973,inserted_20260730_block,1,Matched terminal weighted e-BH,0,0.625,0.625,10,1191.5
1.75,0.5,20262974,inserted_20260730_block,1,SAFE-ALPHA,0,0.875,0.875,14,469.571428571
1.75,0.5,20262974,inserted_20260730_block,1,Matched terminal weighted e-BH,0,0.875,0.875,14,1159.35714286
1.75,0.5,20262975,inserted_20260730_block,1,SAFE-ALPHA,0,0.8125,0.8125,13,978.307692308
1.75,0.5,20262975,inserted_20260730_block,1,Matched terminal weighted e-BH,0,0.8125,0.8125,13,1164.38461538
1.75,0.5,20262976,inserted_20260730_block,1,SAFE-ALPHA,0,0.0625,0.0625,1,971
1.75,0.5,20262976,inserted_20260730_block,1,Matched terminal weighted e-BH,0,0.0625,0.0625,1,1229
1.75,0.5,20262977,inserted_20260730_block,1,SAFE-ALPHA,0,0.9375,0.9375,15,335.333333333
1.75,0.5,20262977,inserted_20260730_block,1,Matched terminal weighted e-BH,0,0.9375,0.9375,15,1149
1.75,0.5,20262978,inserted_20260730_block,1,SAFE-ALPHA,0,0.875,0.875,14,508.5
1.75,0.5,20262978,inserted_20260730_block,1,Matched terminal weighted e-BH,0,0.8125,0.8125,13,1166.69230769
1.75,0.5,20262979,inserted_20260730_block,1,SAFE-ALPHA,0,0.375,0.375,6,606
1.75,0.5,20262979,inserted_20260730_block,1,Matched terminal weighted e-BH,0,0.3125,0.3125,5,1163
2,0.5,316159,archived_314159_anchor,1,SAFE-ALPHA,0,0.5625,0.5625,9,907.111111111
2,0.5,316159,archived_314159_anchor,1,Matched terminal weighted e-BH,0,0.5625,0.5625,9,1180.66666667
2,0.5,316160,archived_314159_anchor,1,SAFE-ALPHA,0,0.9375,0.9375,15,519
2,0.5,316160,archived_314159_anchor,1,Matched terminal weighted e-BH,0,0.9375,0.9375,15,1143
2,0.5,316161,archived_314159_anchor,1,SAFE-ALPHA,0,0.9375,0.9375,15,416.333333333
2,0.5,316161,archived_314159_anchor,1,Matched terminal weighted e-BH,0,0.9375,0.9375,15,1154
2,0.5,316162,archived_314159_anchor,1,SAFE-ALPHA,0,1,1,16,545.6875
2,0.5,316162,archived_314159_anchor,1,Matched terminal weighted e-BH,0,1,1,16,1145.5625
2,0.5,316163,archived_314159_anchor,1,SAFE-ALPHA,0,1,1,16,440.0625
2,0.5,316163,archived_314159_anchor,1,Matched terminal weighted e-BH,0,0.875,0.875,14,1154
2,0.5,316164,archived_314159_anchor,1,SAFE-ALPHA,0,0.6875,0.6875,11,711
2,0.5,316164,archived_314159_anchor,1,Matched terminal weighted e-BH,0,0.6875,0.6875,11,1184
2,0.5,316165,archived_314159_anchor,1,SAFE-ALPHA,0,0.9375,0.9375,15,507
2,0.5,316165,archived_314159_anchor,1,Matched terminal weighted e-BH,0,0.9375,0.9375,15,1152
2,0.5,316166,archived_314159_anchor,1,SAFE-ALPHA,0,1,1,16,586.625
2,0.5,316166,archived_314159_anchor,1,Matched terminal weighted e-BH,0,1,1,16,1138.0625
2,0.5,316167,archived_314159_anchor,1,SAFE-ALPHA,0,1,1,16,538.8125
2,0.5,316167,archived_314159_anchor,1,Matched terminal weighted e-BH,0,1,1,16,1146.5
2,0.5,316168,archived_314159_anchor,1,SAFE-ALPHA,0,1,1,16,477.5625
2,0.5,316168,archived_314159_anchor,1,Matched terminal weighted e-BH,0,1,1,16,1138.0625
2,0.5,316169,archived_314159_anchor,1,SAFE-ALPHA,0,0.625,0.625,10,833
2,0.5,316169,archived_314159_anchor,1,Matched terminal weighted e-BH,0,0.625,0.625,10,1157
2,0.5,316170,archived_314159_anchor,1,SAFE-ALPHA,0,1,1,16,450.375
2,0.5,316170,archived_314159_anchor,1,Matched terminal weighted e-BH,0,1,1,16,1142.75
2,0.5,316171,archived_314159_anchor,1,SAFE-ALPHA,0,1,1,16,507.5625
2,0.5,316171,archived_314159_anchor,1,Matched terminal weighted e-BH,0,1,1,16,1141.8125
2,0.5,316172,archived_314159_anchor,1,SAFE-ALPHA,0,0.8125,0.8125,13,671
2,0.5,316172,archived_314159_anchor,1,Matched terminal weighted e-BH,0,0.75,0.75,12,1174
2,0.5,316173,archived_314159_anchor,1,SAFE-ALPHA,0,0.875,0.875,14,519.928571429
2,0.5,316173,archived_314159_anchor,1,Matched terminal weighted e-BH,0,0.8125,0.8125,13,1158.61538462
2,0.5,316174,archived_314159_anchor,1,SAFE-ALPHA,0,0.8125,0.8125,13,515.615384615
2,0.5,316174,archived_314159_anchor,1,Matched terminal weighted e-BH,0,0.8125,0.8125,13,1157.46153846
2,0.5,316175,archived_314159_anchor,1,SAFE-ALPHA,0,0.4375,0.4375,7,981.714285714
2,0.5,316175,archived_314159_anchor,1,Matched terminal weighted e-BH,0,0.4375,0.4375,7,1160.42857143
2,0.5,316176,archived_314159_anchor,1,SAFE-ALPHA,0,0.875,0.875,14,525.642857143
2,0.5,316176,archived_314159_anchor,1,Matched terminal weighted e-BH,0,0.75,0.75,12,1165.25
2,0.5,316177,archived_314159_anchor,1,SAFE-ALPHA,0,0.9375,0.9375,15,503
2,0.5,316177,archived_314159_anchor,1,Matched terminal weighted e-BH,0,0.75,0.75,12,1161.5
2,0.5,316178,archived_314159_anchor,1,SAFE-ALPHA,0,1,1,16,659.4375
2,0.5,316178,archived_314159_anchor,1,Matched terminal weighted e-BH,0,1,1,16,1146.5
2,0.5,316179,archived_314159_anchor,1,SAFE-ALPHA,0,1,1,16,405.6875
2,0.5,316179,archived_314159_anchor,1,Matched terminal weighted e-BH,0,1,1,16,1139
2,0.5,316180,archived_314159_anchor,1,SAFE-ALPHA,0,1,1,16,401
2,0.5,316180,archived_314159_anchor,1,Matched terminal weighted e-BH,0,1,1,16,1146.5
2,0.5,316181,archived_314159_anchor,1,SAFE-ALPHA,0,1,1,16,500.375
2,0.5,316181,archived_314159_anchor,1,Matched terminal weighted e-BH,0,1,1,16,1145.5625
2,0.5,316182,archived_314159_anchor,1,SAFE-ALPHA,0,0.9375,0.9375,15,579
2,0.5,316182,archived_314159_anchor,1,Matched terminal weighted e-BH,0,0.875,0.875,14,1156.14285714
2,0.5,316183,archived_314159_anchor,1,SAFE-ALPHA,0,1,1,16,553.8125
2,0.5,316183,archived_314159_anchor,1,Matched terminal weighted e-BH,0,0.9375,0.9375,15,1141
2,0.5,316184,archived_314159_anchor,1,SAFE-ALPHA,0,1,1,16,396.625
2,0.5,316184,archived_314159_anchor,1,Matched terminal weighted e-BH,0,1,1,16,1146.5
2,0.5,316185,archived_314159_anchor,1,SAFE-ALPHA,0,0.4375,0.4375,7,739.571428571
2,0.5,316185,archived_314159_anchor,1,Matched terminal weighted e-BH,0,0.25,0.25,4,1214
2,0.5,316186,archived_314159_anchor,1,SAFE-ALPHA,0,1,1,16,408.5
2,0.5,316186,archived_314159_anchor,1,Matched terminal weighted e-BH,0,1,1,16,1145.5625
2,0.5,316187,archived_314159_anchor,1,SAFE-ALPHA,0,1,1,16,347.25
2,0.5,316187,archived_314159_anchor,1,Matched terminal weighted e-BH,0,1,1,16,1146.5
2,0.5,316188,archived_314159_anchor,1,SAFE-ALPHA,0,0.75,0.75,12,707.25
2,0.5,316188,archived_314159_anchor,1,Matched terminal weighted e-BH,0,0.75,0.75,12,1152.75
2,0.5,316189,archived_314159_anchor,1,SAFE-ALPHA,0,0.9375,0.9375,15,668.666666667
2,0.5,316189,archived_314159_anchor,1,Matched terminal weighted e-BH,0,0.875,0.875,14,1160.42857143
2,0.5,316190,archived_314159_anchor,1,SAFE-ALPHA,0,1,1,16,258.5
2,0.5,316190,archived_314159_anchor,1,Matched terminal weighted e-BH,0,0.9375,0.9375,15,1154
2,0.5,316191,archived_314159_anchor,1,SAFE-ALPHA,0,1,1,16,406.625
2,0.5,316191,archived_314159_anchor,1,Matched terminal weighted e-BH,0,1,1,16,1146.5
2,0.5,316192,archived_314159_anchor,1,SAFE-ALPHA,0,1,1,16,377.5625
2,0.5,316192,archived_314159_anchor,1,Matched terminal weighted e-BH,0,0.9375,0.9375,15,1151
2,0.5,316193,archived_314159_anchor,1,SAFE-ALPHA,0,0.75,0.75,12,720.583333333
2,0.5,316193,archived_314159_anchor,1,Matched terminal weighted e-BH,0,0.625,0.625,10,1167.5
2,0.5,316194,archived_314159_anchor,1,SAFE-ALPHA,0,0.375,0.375,6,858.5
2,0.5,316194,archived_314159_anchor,1,Matched terminal weighted e-BH,0,0.3125,0.3125,5,1190
2,0.5,316195,archived_314159_anchor,1,SAFE-ALPHA,0,0.75,0.75,12,584.333333333
2,0.5,316195,archived_314159_anchor,1,Matched terminal weighted e-BH,0,0.6875,0.6875,11,1167.63636364
2,0.5,316196,archived_314159_anchor,1,SAFE-ALPHA,0,1,1,16,454.125
2,0.5,316196,archived_314159_anchor,1,Matched terminal weighted e-BH,0,1,1,16,1142.75
2,0.5,316197,archived_314159_anchor,1,SAFE-ALPHA,0,1,1,16,381
2,0.5,316197,archived_314159_anchor,1,Matched terminal weighted e-BH,0,1,1,16,1146.5
2,0.5,316198,archived_314159_anchor,1,SAFE-ALPHA,0,1,1,16,294.125
2,0.5,316198,archived_314159_anchor,1,Matched terminal weighted e-BH,0,1,1,16,1146.5
2,0.5,316199,archived_314159_anchor,1,SAFE-ALPHA,0,0.9375,0.9375,15,663
2,0.5,316199,archived_314159_anchor,1,Matched terminal weighted e-BH,0,0.9375,0.9375,15,1154
2,0.5,316200,archived_314159_anchor,1,SAFE-ALPHA,0,0.875,0.875,14,502.785714286
2,0.5,316200,archived_314159_anchor,1,Matched terminal weighted e-BH,0,0.875,0.875,14,1148.64285714
2,0.5,316201,archived_314159_anchor,1,SAFE-ALPHA,0,0.4375,0.4375,7,826
2,0.5,316201,archived_314159_anchor,1,Matched terminal weighted e-BH,0,0.375,0.375,6,1144
2,0.5,316202,archived_314159_anchor,1,SAFE-ALPHA,0,0.9375,0.9375,15,546.666666667
2,0.5,316202,archived_314159_anchor,1,Matched terminal weighted e-BH,0,0.5625,0.5625,9,1145.66666667
2,0.5,316203,archived_314159_anchor,1,SAFE-ALPHA,0,1,1,16,412.25
2,0.5,316203,archived_314159_anchor,1,Matched terminal weighted e-BH,0,1,1,16,1137.125
2,0.5,316204,archived_314159_anchor,1,SAFE-ALPHA,0,1,1,16,413.0625
2,0.5,316204,archived_314159_anchor,1,Matched terminal weighted e-BH,0,0.9375,0.9375,15,1149
2,0.5,316205,archived_314159_anchor,1,SAFE-ALPHA,0,1,1,16,467.5625
2,0.5,316205,archived_314159_anchor,1,Matched terminal weighted e-BH,0,1,1,16,1146.5
2,0.5,316206,archived_314159_anchor,1,SAFE-ALPHA,0,1,1,16,669.125
2,0.5,316206,archived_314159_anchor,1,Matched terminal weighted e-BH,0,1,1,16,1146.5
2,0.5,316207,archived_314159_anchor,1,SAFE-ALPHA,0,1,1,16,349.75
2,0.5,316207,archived_314159_anchor,1,Matched terminal weighted e-BH,0,1,1,16,1146.5
2,0.5,316208,archived_314159_anchor,1,SAFE-ALPHA,0,1,1,16,470.0625
2,0.5,316208,archived_314159_anchor,1,Matched terminal weighted e-BH,0,1,1,16,1144.625
2,0.5,316209,archived_314159_anchor,1,SAFE-ALPHA,0,0.8125,0.8125,13,488.307692308
2,0.5,316209,archived_314159_anchor,1,Matched terminal weighted e-BH,0,0.5625,0.5625,9,1167.33333333
2,0.5,316210,archived_314159_anchor,1,SAFE-ALPHA,0,0.875,0.875,14,556.357142857
2,0.5,316210,archived_314159_anchor,1,Matched terminal weighted e-BH,0,0.875,0.875,14,1161.5
2,0.5,316211,archived_314159_anchor,1,SAFE-ALPHA,0,0.5625,0.5625,9,636
2,0.5,316211,archived_314159_anchor,1,Matched terminal weighted e-BH,0,0.5625,0.5625,9,1175.66666667
2,0.5,316212,archived_314159_anchor,1,SAFE-ALPHA,0,1,1,16,345.6875
2,0.5,316212,archived_314159_anchor,1,Matched terminal weighted e-BH,0,1,1,16,1142.75
2,0.5,316213,archived_314159_anchor,1,SAFE-ALPHA,0,1,1,16,562.875
2,0.5,316213,archived_314159_anchor,1,Matched terminal weighted e-BH,0,1,1,16,1146.5
2,0.5,316214,archived_314159_anchor,1,SAFE-ALPHA,0,1,1,16,362.25
2,0.5,316214,archived_314159_anchor,1,Matched terminal weighted e-BH,0,1,1,16,1146.5
2,0.5,316215,archived_314159_anchor,1,SAFE-ALPHA,0,0.5625,0.5625,9,970.444444444
2,0.5,316215,archived_314159_anchor,1,Matched terminal weighted e-BH,0,0.375,0.375,6,1214
2,0.5,316216,archived_314159_anchor,1,SAFE-ALPHA,0,0.9375,0.9375,15,509.333333333
2,0.5,316216,archived_314159_anchor,1,Matched terminal weighted e-BH,0,0.8125,0.8125,13,1167.84615385
2,0.5,316217,archived_314159_anchor,1,SAFE-ALPHA,0,1,1,16,631.9375
2,0.5,316217,archived_314159_anchor,1,Matched terminal weighted e-BH,0,0.875,0.875,14,1143.28571429
2,0.5,316218,archived_314159_anchor,1,SAFE-ALPHA,0,1,1,16,560.375
2,0.5,316218,archived_314159_anchor,1,Matched terminal weighted e-BH,0,1,1,16,1142.75
2,0.5,316219,archived_314159_anchor,1,SAFE-ALPHA,0,0.9375,0.9375,15,554.333333333
2,0.5,316219,archived_314159_anchor,1,Matched terminal weighted e-BH,0,0.9375,0.9375,15,1152
2,0.5,316220,archived_314159_anchor,1,SAFE-ALPHA,0,0.9375,0.9375,15,546
2,0.5,316220,archived_314159_anchor,1,Matched terminal weighted e-BH,0,0.875,0.875,14,1161.5
2,0.5,316221,archived_314159_anchor,1,SAFE-ALPHA,0,1,1,16,559.75
2,0.5,316221,archived_314159_anchor,1,Matched terminal weighted e-BH,0,0.9375,0.9375,15,1149
2,0.5,316222,archived_314159_anchor,1,SAFE-ALPHA,0,0.8125,0.8125,13,686.384615385
2,0.5,316222,archived_314159_anchor,1,Matched terminal weighted e-BH,0,0.625,0.625,10,1148
2,0.5,316223,archived_314159_anchor,1,SAFE-ALPHA,0,0.8125,0.8125,13,646.384615385
2,0.5,316223,archived_314159_anchor,1,Matched terminal weighted e-BH,0,0.5625,0.5625,9,1137.33333333
2,0.5,316224,archived_314159_anchor,1,SAFE-ALPHA,0,0.9375,0.9375,15,649.333333333
2,0.5,316224,archived_314159_anchor,1,Matched terminal weighted e-BH,0,0.9375,0.9375,15,1149
2,0.5,316225,archived_314159_anchor,1,SAFE-ALPHA,0,0.5,0.5,8,869.5
2,0.5,316225,archived_314159_anchor,1,Matched terminal weighted e-BH,0,0.5,0.5,8,1152.125
2,0.5,316226,archived_314159_anchor,1,SAFE-ALPHA,0,0.875,0.875,14,593.857142857
2,0.5,316226,archived_314159_anchor,1,Matched terminal weighted e-BH,0,0.8125,0.8125,13,1165.53846154
2,0.5,316227,archived_314159_anchor,1,SAFE-ALPHA,0,1,1,16,561.625
2,0.5,316227,archived_314159_anchor,1,Matched terminal weighted e-BH,0,1,1,16,1145.5625
2,0.5,316228,archived_314159_anchor,1,SAFE-ALPHA,0,0.875,0.875,14,753.5
2,0.5,316228,archived_314159_anchor,1,Matched terminal weighted e-BH,0,0.875,0.875,14,1161.5
2,0.5,316229,archived_314159_anchor,1,SAFE-ALPHA,0,1,1,16,347.5625
2,0.5,316229,archived_314159_anchor,1,Matched terminal weighted e-BH,0,1,1,16,1138.0625
2,0.5,316230,archived_314159_anchor,1,SAFE-ALPHA,0,1,1,16,381
2,0.5,316230,archived_314159_anchor,1,Matched terminal weighted e-BH,0,1,1,16,1144.625
2,0.5,316231,archived_314159_anchor,1,SAFE-ALPHA,0,1,1,16,421.625
2,0.5,316231,archived_314159_anchor,1,Matched terminal weighted e-BH,0,0.9375,0.9375,15,1146
2,0.5,316232,archived_314159_anchor,1,SAFE-ALPHA,0,0.875,0.875,14,647.785714286
2,0.5,316232,archived_314159_anchor,1,Matched terminal weighted e-BH,0,0.75,0.75,12,1169
2,0.5,316233,archived_314159_anchor,1,SAFE-ALPHA,0,0.9375,0.9375,15,500.666666667
2,0.5,316233,archived_314159_anchor,1,Matched terminal weighted e-BH,0,0.75,0.75,12,1172.75
2,0.5,316234,archived_314159_anchor,1,SAFE-ALPHA,0,0.8125,0.8125,13,551.384615385
2,0.5,316234,archived_314159_anchor,1,Matched terminal weighted e-BH,0,0.8125,0.8125,13,1166.69230769
2,0.5,316235,archived_314159_anchor,1,SAFE-ALPHA,0,0.75,0.75,12,548.5
2,0.5,316235,archived_314159_anchor,1,Matched terminal weighted e-BH,0,0.75,0.75,12,1169
2,0.5,316236,archived_314159_anchor,1,SAFE-ALPHA,0,0.8125,0.8125,13,551
2,0.5,316236,archived_314159_anchor,1,Matched terminal weighted e-BH,0,0.75,0.75,12,1160.25
2,0.5,316237,archived_314159_anchor,1,SAFE-ALPHA,0,1,1,16,496.9375
2,0.5,316237,archived_314159_anchor,1,Matched terminal weighted e-BH,0,1,1,16,1145.5625
2,0.5,316238,archived_314159_anchor,1,SAFE-ALPHA,0,1,1,16,317.875
2,0.5,316238,archived_314159_anchor,1,Matched terminal weighted e-BH,0,1,1,16,1146.5
2,0.5,316239,archived_314159_anchor,1,SAFE-ALPHA,0,0.9375,0.9375,15,652
2,0.5,316239,archived_314159_anchor,1,Matched terminal weighted e-BH,0,0.9375,0.9375,15,1143
2,0.5,316240,archived_314159_anchor,1,SAFE-ALPHA,0,0.875,0.875,14,826
2,0.5,316240,archived_314159_anchor,1,Matched terminal weighted e-BH,0,0.875,0.875,14,1161.5
2,0.5,316241,archived_314159_anchor,1,SAFE-ALPHA,0,1,1,16,651.9375
2,0.5,316241,archived_314159_anchor,1,Matched terminal weighted e-BH,0,1,1,16,1146.5
2,0.5,316242,archived_314159_anchor,1,SAFE-ALPHA,0,1,1,16,605.375
2,0.5,316242,archived_314159_anchor,1,Matched terminal weighted e-BH,0,1,1,16,1144.625
2,0.5,316243,archived_314159_anchor,1,SAFE-ALPHA,0,1,1,16,411.9375
2,0.5,316243,archived_314159_anchor,1,Matched terminal weighted e-BH,0,1,1,16,1141.8125
2,0.5,316244,archived_314159_anchor,1,SAFE-ALPHA,0,1,1,16,576.9375
2,0.5,316244,archived_314159_anchor,1,Matched terminal weighted e-BH,0,0.9375,0.9375,15,1152
2,0.5,316245,archived_314159_anchor,1,SAFE-ALPHA,0,1,1,16,471.9375
2,0.5,316245,archived_314159_anchor,1,Matched terminal weighted e-BH,0,1,1,16,1146.5
2,0.5,316246,archived_314159_anchor,1,SAFE-ALPHA,0,0.75,0.75,12,696.833333333
2,0.5,316246,archived_314159_anchor,1,Matched terminal weighted e-BH,0,0.6875,0.6875,11,1175.81818182
2,0.5,316247,archived_314159_anchor,1,SAFE-ALPHA,0,0.9375,0.9375,15,554.333333333
2,0.5,316247,archived_314159_anchor,1,Matched terminal weighted e-BH,0,0.9375,0.9375,15,1133
2,0.5,316248,archived_314159_anchor,1,SAFE-ALPHA,0,0.9375,0.9375,15,654.666666667
2,0.5,316248,archived_314159_anchor,1,Matched terminal weighted e-BH,0,0.9375,0.9375,15,1154
2,0.5,316249,archived_314159_anchor,1,SAFE-ALPHA,0,1,1,16,370.0625
2,0.5,316249,archived_314159_anchor,1,Matched terminal weighted e-BH,0,1,1,16,1146.5
2,0.5,316250,archived_314159_anchor,1,SAFE-ALPHA,0,0.4375,0.4375,7,696.714285714
2,0.5,316250,archived_314159_anchor,1,Matched terminal weighted e-BH,0,0.4375,0.4375,7,1186.14285714
2,0.5,316251,archived_314159_anchor,1,SAFE-ALPHA,0,1,1,16,527.25
2,0.5,316251,archived_314159_anchor,1,Matched terminal weighted e-BH,0,1,1,16,1146.5
2,0.5,316252,archived_314159_anchor,1,SAFE-ALPHA,0,1,1,16,424.75
2,0.5,316252,archived_314159_anchor,1,Matched terminal weighted e-BH,0,0.9375,0.9375,15,1154
2,0.5,316253,archived_314159_anchor,1,SAFE-ALPHA,0,1,1,16,444.125
2,0.5,316253,archived_314159_anchor,1,Matched terminal weighted e-BH,0,1,1,16,1145.5625
2,0.5,316254,archived_314159_anchor,1,SAFE-ALPHA,0,1,1,16,519.4375
2,0.5,316254,archived_314159_anchor,1,Matched terminal weighted e-BH,0,1,1,16,1146.5
2,0.5,316255,archived_314159_anchor,1,SAFE-ALPHA,0,0.8125,0.8125,13,717.153846154
2,0.5,316255,archived_314159_anchor,1,Matched terminal weighted e-BH,0,0.8125,0.8125,13,1149.38461538
2,0.5,316256,archived_314159_anchor,1,SAFE-ALPHA,0,1,1,16,507.5625
2,0.5,316256,archived_314159_anchor,1,Matched terminal weighted e-BH,0,1,1,16,1146.5
2,0.5,316257,archived_314159_anchor,1,SAFE-ALPHA,0,0.9375,0.9375,15,470.333333333
2,0.5,316257,archived_314159_anchor,1,Matched terminal weighted e-BH,0,0.9375,0.9375,15,1152
2,0.5,316258,archived_314159_anchor,1,SAFE-ALPHA,0,0.75,0.75,12,363.5
2,0.5,316258,archived_314159_anchor,1,Matched terminal weighted e-BH,0,0.6875,0.6875,11,1162.18181818
2,0.5,316259,archived_314159_anchor,1,SAFE-ALPHA,0,1,1,16,636
2,0.5,316259,archived_314159_anchor,1,Matched terminal weighted e-BH,0,1,1,16,1144.625
2,0.5,316260,archived_314159_anchor,1,SAFE-ALPHA,0,1,1,16,503.5
2,0.5,316260,archived_314159_anchor,1,Matched terminal weighted e-BH,0,1,1,16,1144.625
2,0.5,316261,archived_314159_anchor,1,SAFE-ALPHA,0,0.875,0.875,14,799.214285714
2,0.5,316261,archived_314159_anchor,1,Matched terminal weighted e-BH,0,0.875,0.875,14,1159.35714286
2,0.5,316262,archived_314159_anchor,1,SAFE-ALPHA,0,0.75,0.75,12,616
2,0.5,316262,archived_314159_anchor,1,Matched terminal weighted e-BH,0,0.625,0.625,10,1148
2,0.5,316263,archived_314159_anchor,1,SAFE-ALPHA,0,0.6875,0.6875,11,878.727272727
2,0.5,316263,archived_314159_anchor,1,Matched terminal weighted e-BH,0,0.625,0.625,10,1139
2,0.5,316264,archived_314159_anchor,1,SAFE-ALPHA,0,1,1,16,618.1875
2,0.5,316264,archived_314159_anchor,1,Matched terminal weighted e-BH,0,1,1,16,1145.5625
2,0.5,316265,archived_314159_anchor,1,SAFE-ALPHA,0,0.9375,0.9375,15,585.333333333
2,0.5,316265,archived_314159_anchor,1,Matched terminal weighted e-BH,0,0.9375,0.9375,15,1153
2,0.5,316266,archived_314159_anchor,1,SAFE-ALPHA,0,1,1,16,538.1875
2,0.5,316266,archived_314159_anchor,1,Matched terminal weighted e-BH,0,0.9375,0.9375,15,1145
2,0.5,316267,archived_314159_anchor,1,SAFE-ALPHA,0,1,1,16,413.5
2,0.5,316267,archived_314159_anchor,1,Matched terminal weighted e-BH,0,1,1,16,1146.5
2,0.5,316268,archived_314159_anchor,1,SAFE-ALPHA,0,1,1,16,291.625
2,0.5,316268,archived_314159_anchor,1,Matched terminal weighted e-BH,0,0.9375,0.9375,15,1145
2,0.5,316269,archived_314159_anchor,1,SAFE-ALPHA,0,1,1,16,403.5
2,0.5,316269,archived_314159_anchor,1,Matched terminal weighted e-BH,0,0.875,0.875,14,1155.07142857
2,0.5,316270,archived_314159_anchor,1,SAFE-ALPHA,0,1,1,16,616.9375
2,0.5,316270,archived_314159_anchor,1,Matched terminal weighted e-BH,0,1,1,16,1146.5
2,0.5,316271,archived_314159_anchor,1,SAFE-ALPHA,0,0.8125,0.8125,13,594.846153846
2,0.5,316271,archived_314159_anchor,1,Matched terminal weighted e-BH,0,0.6875,0.6875,11,1181.27272727
2,0.5,316272,archived_314159_anchor,1,SAFE-ALPHA,0,0.5625,0.5625,9,957.111111111
2,0.5,316272,archived_314159_anchor,1,Matched terminal weighted e-BH,0,0.4375,0.4375,7,1158.28571429
2,0.5,316273,archived_314159_anchor,1,SAFE-ALPHA,0,0.875,0.875,14,641.357142857
2,0.5,316273,archived_314159_anchor,1,Matched terminal weighted e-BH,0,0.8125,0.8125,13,1157.46153846
2,0.5,316274,archived_314159_anchor,1,SAFE-ALPHA,0,0.0625,0.0625,1,801
2,0.5,316274,archived_314159_anchor,1,Matched terminal weighted e-BH,0,0,0,0,
2,0.5,316275,archived_314159_anchor,1,SAFE-ALPHA,0,1,1,16,666.3125
2,0.5,316275,archived_314159_anchor,1,Matched terminal weighted e-BH,0,1,1,16,1146.5
2,0.5,316276,archived_314159_anchor,1,SAFE-ALPHA,0,1,1,16,621.625
2,0.5,316276,archived_314159_anchor,1,Matched terminal weighted e-BH,0,1,1,16,1146.5
2,0.5,316277,archived_314159_anchor,1,SAFE-ALPHA,0,0.9375,0.9375,15,568.666666667
2,0.5,316277,archived_314159_anchor,1,Matched terminal weighted e-BH,0,0.875,0.875,14,1148.64285714
2,0.5,316278,archived_314159_anchor,1,SAFE-ALPHA,0,1,1,16,426
2,0.5,316278,archived_314159_anchor,1,Matched terminal weighted e-BH,0,0.875,0.875,14,1155.07142857
2,0.5,316279,archived_314159_anchor,1,SAFE-ALPHA,0,0.9375,0.9375,15,583
2,0.5,316279,archived_314159_anchor,1,Matched terminal weighted e-BH,0,0.875,0.875,14,1156.14285714
2,0.5,316280,archived_314159_anchor,1,SAFE-ALPHA,0,1,1,16,401.9375
2,0.5,316280,archived_314159_anchor,1,Matched terminal weighted e-BH,0,1,1,16,1145.5625
2,0.5,316281,archived_314159_anchor,1,SAFE-ALPHA,0,1,1,16,458.8125
2,0.5,316281,archived_314159_anchor,1,Matched terminal weighted e-BH,0,1,1,16,1146.5
2,0.5,316282,archived_314159_anchor,1,SAFE-ALPHA,0,0.9375,0.9375,15,588.333333333
2,0.5,316282,archived_314159_anchor,1,Matched terminal weighted e-BH,0,0.9375,0.9375,15,1141
2,0.5,316283,archived_314159_anchor,1,SAFE-ALPHA,0,0.8125,0.8125,13,692.153846154
2,0.5,316283,archived_314159_anchor,1,Matched terminal weighted e-BH,0,0.8125,0.8125,13,1166.69230769
2,0.5,316284,archived_314159_anchor,1,SAFE-ALPHA,0,1,1,16,616
2,0.5,316284,archived_314159_anchor,1,Matched terminal weighted e-BH,0,1,1,16,1146.5
2,0.5,316285,archived_314159_anchor,1,SAFE-ALPHA,0,1,1,16,452.875
2,0.5,316285,archived_314159_anchor,1,Matched terminal weighted e-BH,0,1,1,16,1146.5
2,0.5,316286,archived_314159_anchor,1,SAFE-ALPHA,0,1,1,16,564.125
2,0.5,316286,archived_314159_anchor,1,Matched terminal weighted e-BH,0,1,1,16,1146.5
2,0.5,316287,archived_314159_anchor,1,SAFE-ALPHA,0,0.8125,0.8125,13,597.923076923
2,0.5,316287,archived_314159_anchor,1,Matched terminal weighted e-BH,0,0.625,0.625,10,1184
2,0.5,316288,archived_314159_anchor,1,SAFE-ALPHA,0,0.9375,0.9375,15,716.666666667
2,0.5,316288,archived_314159_anchor,1,Matched terminal weighted e-BH,0,0.9375,0.9375,15,1154
2,0.5,316289,archived_314159_anchor,1,SAFE-ALPHA,0,0.9375,0.9375,15,462.666666667
2,0.5,316289,archived_314159_anchor,1,Matched terminal weighted e-BH,0,0.9375,0.9375,15,1152
2,0.5,316290,archived_314159_anchor,1,SAFE-ALPHA,0,0.9375,0.9375,15,616.333333333
2,0.5,316290,archived_314159_anchor,1,Matched terminal weighted e-BH,0,0.9375,0.9375,15,1153
2,0.5,316291,archived_314159_anchor,1,SAFE-ALPHA,0,0.3125,0.3125,5,630
2,0.5,316291,archived_314159_anchor,1,Matched terminal weighted e-BH,0,0.25,0.25,4,1225.25
2,0.5,316292,archived_314159_anchor,1,SAFE-ALPHA,0,1,1,16,386.9375
2,0.5,316292,archived_314159_anchor,1,Matched terminal weighted e-BH,0,1,1,16,1143.6875
2,0.5,316293,archived_314159_anchor,1,SAFE-ALPHA,0,0.9375,0.9375,15,371.666666667
2,0.5,316293,archived_314159_anchor,1,Matched terminal weighted e-BH,0,0.9375,0.9375,15,1152
2,0.5,316294,archived_314159_anchor,1,SAFE-ALPHA,0,1,1,16,466.625
2,0.5,316294,archived_314159_anchor,1,Matched terminal weighted e-BH,0,0.875,0.875,14,1159.35714286
2,0.5,316295,archived_314159_anchor,1,SAFE-ALPHA,0,0.875,0.875,14,661.357142857
2,0.5,316295,archived_314159_anchor,1,Matched terminal weighted e-BH,0,0.875,0.875,14,1159.35714286
2,0.5,316296,archived_314159_anchor,1,SAFE-ALPHA,0,0.875,0.875,14,445.642857143
2,0.5,316296,archived_314159_anchor,1,Matched terminal weighted e-BH,0,0.8125,0.8125,13,1159.76923077
2,0.5,316297,archived_314159_anchor,1,SAFE-ALPHA,0,0.8125,0.8125,13,577.538461538
2,0.5,316297,archived_314159_anchor,1,Matched terminal weighted e-BH,0,0.8125,0.8125,13,1167.84615385
2,0.5,316298,archived_314159_anchor,1,SAFE-ALPHA,0,1,1,16,375.6875
2,0.5,316298,archived_314159_anchor,1,Matched terminal weighted e-BH,0,1,1,16,1145.5625
2,0.5,316299,archived_314159_anchor,1,SAFE-ALPHA,0,1,1,16,627.875
2,0.5,316299,archived_314159_anchor,1,Matched terminal weighted e-BH,0,0.9375,0.9375,15,1147
2,0.5,316300,archived_314159_anchor,1,SAFE-ALPHA,0,0.75,0.75,12,711.416666667
2,0.5,316300,archived_314159_anchor,1,Matched terminal weighted e-BH,0,0.75,0.75,12,1169
2,0.5,316301,archived_314159_anchor,1,SAFE-ALPHA,0,0.9375,0.9375,15,554.666666667
2,0.5,316301,archived_314159_anchor,1,Matched terminal weighted e-BH,0,0.9375,0.9375,15,1150
2,0.5,316302,archived_314159_anchor,1,SAFE-ALPHA,0,0.9375,0.9375,15,444.666666667
2,0.5,316302,archived_314159_anchor,1,Matched terminal weighted e-BH,0,0.9375,0.9375,15,1153
2,0.5,316303,archived_314159_anchor,1,SAFE-ALPHA,0,0.5,0.5,8,592.875
2,0.5,316303,archived_314159_anchor,1,Matched terminal weighted e-BH,0,0.4375,0.4375,7,1186.14285714
2,0.5,316304,archived_314159_anchor,1,SAFE-ALPHA,0,0.9375,0.9375,15,455
2,0.5,316304,archived_314159_anchor,1,Matched terminal weighted e-BH,0,0.9375,0.9375,15,1152
2,0.5,316305,archived_314159_anchor,1,SAFE-ALPHA,0,1,1,16,656.9375
2,0.5,316305,archived_314159_anchor,1,Matched terminal weighted e-BH,0,0.9375,0.9375,15,1152
2,0.5,316306,archived_314159_anchor,1,SAFE-ALPHA,0,1,1,16,266.3125
2,0.5,316306,archived_314159_anchor,1,Matched terminal weighted e-BH,0,1,1,16,1145.5625
2,0.5,316307,archived_314159_anchor,1,SAFE-ALPHA,0,1,1,16,412.5625
2,0.5,316307,archived_314159_anchor,1,Matched terminal weighted e-BH,0,1,1,16,1139.9375
2,0.5,316308,archived_314159_anchor,1,SAFE-ALPHA,0,0.75,0.75,12,624.75
2,0.5,316308,archived_314159_anchor,1,Matched terminal weighted e-BH,0,0.75,0.75,12,1176.5
2,0.5,316309,archived_314159_anchor,1,SAFE-ALPHA,0,0.9375,0.9375,15,409.666666667
2,0.5,316309,archived_314159_anchor,1,Matched terminal weighted e-BH,0,0.9375,0.9375,15,1154
2,0.5,316310,archived_314159_anchor,1,SAFE-ALPHA,0,0.9375,0.9375,15,533.666666667
2,0.5,316310,archived_314159_anchor,1,Matched terminal weighted e-BH,0,0.9375,0.9375,15,1143
2,0.5,316311,archived_314159_anchor,1,SAFE-ALPHA,0,1,1,16,261
2,0.5,316311,archived_314159_anchor,1,Matched terminal weighted e-BH,0,1,1,16,1144.625
2,0.5,316312,archived_314159_anchor,1,SAFE-ALPHA,0,0.9375,0.9375,15,592.333333333
2,0.5,316312,archived_314159_anchor,1,Matched terminal weighted e-BH,0,0.9375,0.9375,15,1154
2,0.5,316313,archived_314159_anchor,1,SAFE-ALPHA,0,1,1,16,487.25
2,0.5,316313,archived_314159_anchor,1,Matched terminal weighted e-BH,0,1,1,16,1146.5
2,0.5,316314,archived_314159_anchor,1,SAFE-ALPHA,0,1,1,16,642.25
2,0.5,316314,archived_314159_anchor,1,Matched terminal weighted e-BH,0,1,1,16,1137.125
2,0.5,316315,archived_314159_anchor,1,SAFE-ALPHA,0,0.9375,0.9375,15,735.333333333
2,0.5,316315,archived_314159_anchor,1,Matched terminal weighted e-BH,0,0.9375,0.9375,15,1146
2,0.5,316316,archived_314159_anchor,1,SAFE-ALPHA,0,1,1,16,378.8125
2,0.5,316316,archived_314159_anchor,1,Matched terminal weighted e-BH,0,1,1,16,1146.5
2,0.5,316317,archived_314159_anchor,1,SAFE-ALPHA,0,0.9375,0.9375,15,360
2,0.5,316317,archived_314159_anchor,1,Matched terminal weighted e-BH,0,0.8125,0.8125,13,1144.76923077
2,0.5,316318,archived_314159_anchor,1,SAFE-ALPHA,0,0.75,0.75,12,528.5
2,0.5,316318,archived_314159_anchor,1,Matched terminal weighted e-BH,0,0.75,0.75,12,1175.25
2,0.5,316319,archived_314159_anchor,1,SAFE-ALPHA,0,1,1,16,496.9375
2,0.5,316319,archived_314159_anchor,1,Matched terminal weighted e-BH,0,1,1,16,1146.5
2,0.5,316320,archived_314159_anchor,1,SAFE-ALPHA,0,0.4375,0.4375,7,506.714285714
2,0.5,316320,archived_314159_anchor,1,Matched terminal weighted e-BH,0,0.1875,0.1875,3,1159
2,0.5,316321,archived_314159_anchor,1,SAFE-ALPHA,0,0.3125,0.3125,5,862
2,0.5,316321,archived_314159_anchor,1,Matched terminal weighted e-BH,0,0.3125,0.3125,5,1169
2,0.5,316322,archived_314159_anchor,1,SAFE-ALPHA,0,1,1,16,406.3125
2,0.5,316322,archived_314159_anchor,1,Matched terminal weighted e-BH,0,0.9375,0.9375,15,1153
2,0.5,316323,archived_314159_anchor,1,SAFE-ALPHA,0,0.75,0.75,12,641
2,0.5,316323,archived_314159_anchor,1,Matched terminal weighted e-BH,0,0.375,0.375,6,1189
2,0.5,316324,archived_314159_anchor,1,SAFE-ALPHA,0,0.875,0.875,14,627.642857143
2,0.5,316324,archived_314159_anchor,1,Matched terminal weighted e-BH,0,0.875,0.875,14,1148.64285714
2,0.5,316325,archived_314159_anchor,1,SAFE-ALPHA,0,1,1,16,325.0625
2,0.5,316325,archived_314159_anchor,1,Matched terminal weighted e-BH,0,1,1,16,1146.5
2,0.5,316326,archived_314159_anchor,1,SAFE-ALPHA,0,0.9375,0.9375,15,442
2,0.5,316326,archived_314159_anchor,1,Matched terminal weighted e-BH,0,0.9375,0.9375,15,1153
2,0.5,316327,archived_314159_anchor,1,SAFE-ALPHA,0,0.8125,0.8125,13,812.153846154
2,0.5,316327,archived_314159_anchor,1,Matched terminal weighted e-BH,0,0.8125,0.8125,13,1157.46153846
2,0.5,316328,archived_314159_anchor,1,SAFE-ALPHA,0,0.375,0.375,6,895.166666667
2,0.5,316328,archived_314159_anchor,1,Matched terminal weighted e-BH,0,0.375,0.375,6,1181.5
2,0.5,316329,archived_314159_anchor,1,SAFE-ALPHA,0,1,1,16,646.625
2,0.5,316329,archived_314159_anchor,1,Matched terminal weighted e-BH,0,0.875,0.875,14,1155.07142857
2,0.5,316330,archived_314159_anchor,1,SAFE-ALPHA,0,1,1,16,438.8125
2,0.5,316330,archived_314159_anchor,1,Matched terminal weighted e-BH,0,1,1,16,1146.5
2,0.5,316331,archived_314159_anchor,1,SAFE-ALPHA,0.0588235294118,1,1,17,302.25
2,0.5,316331,archived_314159_anchor,1,Matched terminal weighted e-BH,0,1,1,16,1146.5
2,0.5,316332,archived_314159_anchor,1,SAFE-ALPHA,0,0.8125,0.8125,13,756.384615385
2,0.5,316332,archived_314159_anchor,1,Matched terminal weighted e-BH,0,0.8125,0.8125,13,1163.23076923
2,0.5,316333,archived_314159_anchor,1,SAFE-ALPHA,0,0.8125,0.8125,13,413.307692308
2,0.5,316333,archived_314159_anchor,1,Matched terminal weighted e-BH,0,0.625,0.625,10,1188.5
2,0.5,316334,archived_314159_anchor,1,SAFE-ALPHA,0,1,1,16,445.6875
2,0.5,316334,archived_314159_anchor,1,Matched terminal weighted e-BH,0,1,1,16,1146.5
2,0.5,316335,archived_314159_anchor,1,SAFE-ALPHA,0,0.9375,0.9375,15,509.666666667
2,0.5,316335,archived_314159_anchor,1,Matched terminal weighted e-BH,0,0.9375,0.9375,15,1151
2,0.5,316336,archived_314159_anchor,1,SAFE-ALPHA,0,0.625,0.625,10,846
2,0.5,316336,archived_314159_anchor,1,Matched terminal weighted e-BH,0,0.625,0.625,10,1148
2,0.5,316337,archived_314159_anchor,1,SAFE-ALPHA,0,1,1,16,375.375
2,0.5,316337,archived_314159_anchor,1,Matched terminal weighted e-BH,0,1,1,16,1146.5
2,0.5,316338,archived_314159_anchor,1,SAFE-ALPHA,0,1,1,16,339.75
2,0.5,316338,archived_314159_anchor,1,Matched terminal weighted e-BH,0,1,1,16,1145.5625
2,0.5,316339,archived_314159_anchor,1,SAFE-ALPHA,0,0.9375,0.9375,15,661.333333333
2,0.5,316339,archived_314159_anchor,1,Matched terminal weighted e-BH,0,0.875,0.875,14,1148.64285714
2,0.5,316340,archived_314159_anchor,1,SAFE-ALPHA,0,0.9375,0.9375,15,598
2,0.5,316340,archived_314159_anchor,1,Matched terminal weighted e-BH,0,0.8125,0.8125,13,1151.69230769
2,0.5,316341,archived_314159_anchor,1,SAFE-ALPHA,0,1,1,16,340.6875
2,0.5,316341,archived_314159_anchor,1,Matched terminal weighted e-BH,0,1,1,16,1146.5
2,0.5,316342,archived_314159_anchor,1,SAFE-ALPHA,0,0.9375,0.9375,15,544.333333333
2,0.5,316342,archived_314159_anchor,1,Matched terminal weighted e-BH,0,0.9375,0.9375,15,1150
2,0.5,316343,archived_314159_anchor,1,SAFE-ALPHA,0,0.5,0.5,8,668.5
2,0.5,316343,archived_314159_anchor,1,Matched terminal weighted e-BH,0,0.4375,0.4375,7,1209.71428571
2,0.5,316344,archived_314159_anchor,1,SAFE-ALPHA,0,0.875,0.875,14,667.071428571
2,0.5,316344,archived_314159_anchor,1,Matched terminal weighted e-BH,0,0.875,0.875,14,1156.14285714
2,0.5,316345,archived_314159_anchor,1,SAFE-ALPHA,0,1,1,16,354.75
2,0.5,316345,archived_314159_anchor,1,Matched terminal weighted e-BH,0,1,1,16,1146.5
2,0.5,316346,archived_314159_anchor,1,SAFE-ALPHA,0,1,1,16,527.875
2,0.5,316346,archived_314159_anchor,1,Matched terminal weighted e-BH,0,1,1,16,1146.5
2,0.5,316347,archived_314159_anchor,1,SAFE-ALPHA,0,0.5,0.5,8,1010.375
2,0.5,316347,archived_314159_anchor,1,Matched terminal weighted e-BH,0,0.4375,0.4375,7,1154
2,0.5,316348,archived_314159_anchor,1,SAFE-ALPHA,0,1,1,16,546.625
2,0.5,316348,archived_314159_anchor,1,Matched terminal weighted e-BH,0,1,1,16,1146.5
2,0.5,316349,archived_314159_anchor,1,SAFE-ALPHA,0,1,1,16,621.3125
2,0.5,316349,archived_314159_anchor,1,Matched terminal weighted e-BH,0,1,1,16,1146.5
2,0.5,316350,archived_314159_anchor,1,SAFE-ALPHA,0,1,1,16,368.5
2,0.5,316350,archived_314159_anchor,1,Matched terminal weighted e-BH,0,1,1,16,1146.5
2,0.5,316351,archived_314159_anchor,1,SAFE-ALPHA,0,0.9375,0.9375,15,399
2,0.5,316351,archived_314159_anchor,1,Matched terminal weighted e-BH,0,0.9375,0.9375,15,1154
2,0.5,316352,archived_314159_anchor,1,SAFE-ALPHA,0,1,1,16,255.375
2,0.5,316352,archived_314159_anchor,1,Matched terminal weighted e-BH,0,1,1,16,1144.625
2,0.5,316353,archived_314159_anchor,1,SAFE-ALPHA,0,0.9375,0.9375,15,522.333333333
2,0.5,316353,archived_314159_anchor,1,Matched terminal weighted e-BH,0,0.8125,0.8125,13,1169
2,0.5,316354,archived_314159_anchor,1,SAFE-ALPHA,0,0.9375,0.9375,15,495.666666667
2,0.5,316354,archived_314159_anchor,1,Matched terminal weighted e-BH,0,0.9375,0.9375,15,1154
2,0.5,316355,archived_314159_anchor,1,SAFE-ALPHA,0,1,1,16,556.9375
2,0.5,316355,archived_314159_anchor,1,Matched terminal weighted e-BH,0,1,1,16,1146.5
2,0.5,316356,archived_314159_anchor,1,SAFE-ALPHA,0,0.875,0.875,14,433.5
2,0.5,316356,archived_314159_anchor,1,Matched terminal weighted e-BH,0,0.875,0.875,14,1161.5
2,0.5,316357,archived_314159_anchor,1,SAFE-ALPHA,0,0.9375,0.9375,15,330
2,0.5,316357,archived_314159_anchor,1,Matched terminal weighted e-BH,0,0.875,0.875,14,1161.5
2,0.5,316358,archived_314159_anchor,1,SAFE-ALPHA,0,0.75,0.75,12,821.416666667
2,0.5,316358,archived_314159_anchor,1,Matched terminal weighted e-BH,0,0.75,0.75,12,1171.5
2,0.5,316359,archived_314159_anchor,1,SAFE-ALPHA,0,0.5625,0.5625,9,821.555555556
2,0.5,316359,archived_314159_anchor,1,Matched terminal weighted e-BH,0,0.4375,0.4375,7,1179.71428571
2,0.5,316360,archived_314159_anchor,1,SAFE-ALPHA,0,1,1,16,245.375
2,0.5,316360,archived_314159_anchor,1,Matched terminal weighted e-BH,0,1,1,16,1145.5625
2,0.5,316361,archived_314159_anchor,1,SAFE-ALPHA,0,0.875,0.875,14,838.5
2,0.5,316361,archived_314159_anchor,1,Matched terminal weighted e-BH,0,0.875,0.875,14,1157.21428571
2,0.5,316362,archived_314159_anchor,1,SAFE-ALPHA,0,0.4375,0.4375,7,908.142857143
2,0.5,316362,archived_314159_anchor,1,Matched terminal weighted e-BH,0,0.3125,0.3125,5,1208
2,0.5,316363,archived_314159_anchor,1,SAFE-ALPHA,0,0.875,0.875,14,667.071428571
2,0.5,316363,archived_314159_anchor,1,Matched terminal weighted e-BH,0,0.875,0.875,14,1161.5
2,0.5,316364,archived_314159_anchor,1,SAFE-ALPHA,0,0.9375,0.9375,15,695
2,0.5,316364,archived_314159_anchor,1,Matched terminal weighted e-BH,0,0.6875,0.6875,11,1147.18181818
2,0.5,316365,archived_314159_anchor,1,SAFE-ALPHA,0,1,1,16,789.125
2,0.5,316365,archived_314159_anchor,1,Matched terminal weighted e-BH,0,0.875,0.875,14,1159.35714286
2,0.5,316366,archived_314159_anchor,1,SAFE-ALPHA,0,1,1,16,373.1875
2,0.5,316366,archived_314159_anchor,1,Matched terminal weighted e-BH,0,1,1,16,1143.6875
2,0.5,316367,archived_314159_anchor,1,SAFE-ALPHA,0,1,1,16,444.125
2,0.5,316367,archived_314159_anchor,1,Matched terminal weighted e-BH,0,1,1,16,1146.5
2,0.5,316368,archived_314159_anchor,1,SAFE-ALPHA,0,1,1,16,505.6875
2,0.5,316368,archived_314159_anchor,1,Matched terminal weighted e-BH,0,1,1,16,1146.5
2,0.5,316369,archived_314159_anchor,1,SAFE-ALPHA,0,1,1,16,366.625
2,0.5,316369,archived_314159_anchor,1,Matched terminal weighted e-BH,0,1,1,16,1145.5625
2,0.5,316370,archived_314159_anchor,1,SAFE-ALPHA,0,0.5625,0.5625,9,703.777777778
2,0.5,316370,archived_314159_anchor,1,Matched terminal weighted e-BH,0,0.5,0.5,8,1185.875
2,0.5,316371,archived_314159_anchor,1,SAFE-ALPHA,0,0.625,0.625,10,460.5
2,0.5,316371,archived_314159_anchor,1,Matched terminal weighted e-BH,0,0.5625,0.5625,9,1175.66666667
2,0.5,316372,archived_314159_anchor,1,SAFE-ALPHA,0,0.9375,0.9375,15,603
2,0.5,316372,archived_314159_anchor,1,Matched terminal weighted e-BH,0,0.9375,0.9375,15,1147
2,0.5,316373,archived_314159_anchor,1,SAFE-ALPHA,0,0.9375,0.9375,15,624
2,0.5,316373,archived_314159_anchor,1,Matched terminal weighted e-BH,0,0.875,0.875,14,1139
2,0.5,316374,archived_314159_anchor,1,SAFE-ALPHA,0,0.875,0.875,14,323.857142857
2,0.5,316374,archived_314159_anchor,1,Matched terminal weighted e-BH,0,0.875,0.875,14,1158.28571429
2,0.5,316375,archived_314159_anchor,1,SAFE-ALPHA,0,1,1,16,647.75
2,0.5,316375,archived_314159_anchor,1,Matched terminal weighted e-BH,0,1,1,16,1143.6875
2,0.5,316376,archived_314159_anchor,1,SAFE-ALPHA,0,0.6875,0.6875,11,1000.09090909
2,0.5,316376,archived_314159_anchor,1,Matched terminal weighted e-BH,0,0.6875,0.6875,11,1166.27272727
2,0.5,316377,archived_314159_anchor,1,SAFE-ALPHA,0,0.9375,0.9375,15,465.333333333
2,0.5,316377,archived_314159_anchor,1,Matched terminal weighted e-BH,0,0.9375,0.9375,15,1151
2,0.5,316378,archived_314159_anchor,1,SAFE-ALPHA,0,1,1,16,272.25
2,0.5,316378,archived_314159_anchor,1,Matched terminal weighted e-BH,0,1,1,16,1138.0625
2,0.5,316379,archived_314159_anchor,1,SAFE-ALPHA,0,1,1,16,576.9375
2,0.5,316379,archived_314159_anchor,1,Matched terminal weighted e-BH,0,1,1,16,1144.625
2,0.5,316380,archived_314159_anchor,1,SAFE-ALPHA,0,0.875,0.875,14,868.5
2,0.5,316380,archived_314159_anchor,1,Matched terminal weighted e-BH,0,0.875,0.875,14,1144.35714286
2,0.5,316381,archived_314159_anchor,1,SAFE-ALPHA,0,0.9375,0.9375,15,439.666666667
2,0.5,316381,archived_314159_anchor,1,Matched terminal weighted e-BH,0,0.9375,0.9375,15,1154
2,0.5,316382,archived_314159_anchor,1,SAFE-ALPHA,0,0.5625,0.5625,9,477.666666667
2,0.5,316382,archived_314159_anchor,1,Matched terminal weighted e-BH,0,0.5625,0.5625,9,1197.33333333
2,0.5,316383,archived_314159_anchor,1,SAFE-ALPHA,0,0.8125,0.8125,13,666.769230769
2,0.5,316383,archived_314159_anchor,1,Matched terminal weighted e-BH,0,0.8125,0.8125,13,1152.84615385
2,0.5,316384,archived_314159_anchor,1,SAFE-ALPHA,0,0.625,0.625,10,826
2,0.5,316384,archived_314159_anchor,1,Matched terminal weighted e-BH,0,0.5625,0.5625,9,1187.33333333
2,0.5,316385,archived_314159_anchor,1,SAFE-ALPHA,0,1,1,16,547.25
2,0.5,316385,archived_314159_anchor,1,Matched terminal weighted e-BH,0,1,1,16,1144.625
2,0.5,316386,archived_314159_anchor,1,SAFE-ALPHA,0,0.75,0.75,12,406.416666667
2,0.5,316386,archived_314159_anchor,1,Matched terminal weighted e-BH,0,0.6875,0.6875,11,1175.81818182
2,0.5,316387,archived_314159_anchor,1,SAFE-ALPHA,0,1,1,16,686.625
2,0.5,316387,archived_314159_anchor,1,Matched terminal weighted e-BH,0,1,1,16,1145.5625
2,0.5,316388,archived_314159_anchor,1,SAFE-ALPHA,0,0.8125,0.8125,13,609.461538462
2,0.5,316388,archived_314159_anchor,1,Matched terminal weighted e-BH,0,0.8125,0.8125,13,1165.53846154
2,0.5,316389,archived_314159_anchor,1,SAFE-ALPHA,0,0.9375,0.9375,15,465.666666667
2,0.5,316389,archived_314159_anchor,1,Matched terminal weighted e-BH,0,0.9375,0.9375,15,1149
2,0.5,316390,archived_314159_anchor,1,SAFE-ALPHA,0,0.875,0.875,14,695.642857143
2,0.5,316390,archived_314159_anchor,1,Matched terminal weighted e-BH,0,0.6875,0.6875,11,1163.54545455
2,0.5,316391,archived_314159_anchor,1,SAFE-ALPHA,0,0.9375,0.9375,15,685.666666667
2,0.5,316391,archived_314159_anchor,1,Matched terminal weighted e-BH,0,0.875,0.875,14,1156.14285714
2,0.5,316392,archived_314159_anchor,1,SAFE-ALPHA,0,0.375,0.375,6,1016
2,0.5,316392,archived_314159_anchor,1,Matched terminal weighted e-BH,0,0.25,0.25,4,1210.25
2,0.5,316393,archived_314159_anchor,1,SAFE-ALPHA,0,0.9375,0.9375,15,662
2,0.5,316393,archived_314159_anchor,1,Matched terminal weighted e-BH,0,0.9375,0.9375,15,1151
2,0.5,316394,archived_314159_anchor,1,SAFE-ALPHA,0,0.5,0.5,8,752.25
2,0.5,316394,archived_314159_anchor,1,Matched terminal weighted e-BH,0,0.5,0.5,8,1161.5
2,0.5,316395,archived_314159_anchor,1,SAFE-ALPHA,0,1,1,16,293.5
2,0.5,316395,archived_314159_anchor,1,Matched terminal weighted e-BH,0,1,1,16,1145.5625
2,0.5,316396,archived_314159_anchor,1,SAFE-ALPHA,0,0.875,0.875,14,418.857142857
2,0.5,316396,archived_314159_anchor,1,Matched terminal weighted e-BH,0,0.8125,0.8125,13,1164.38461538
2,0.5,316397,archived_314159_anchor,1,SAFE-ALPHA,0,1,1,16,395.0625
2,0.5,316397,archived_314159_anchor,1,Matched terminal weighted e-BH,0,1,1,16,1146.5
2,0.5,316398,archived_314159_anchor,1,SAFE-ALPHA,0,0.9375,0.9375,15,439.333333333
2,0.5,316398,archived_314159_anchor,1,Matched terminal weighted e-BH,0,0.9375,0.9375,15,1154
2,0.5,316399,archived_314159_anchor,1,SAFE-ALPHA,0,1,1,16,417.25
2,0.5,316399,archived_314159_anchor,1,Matched terminal weighted e-BH,0,1,1,16,1144.625
2,0.5,316400,archived_314159_anchor,1,SAFE-ALPHA,0,0.9375,0.9375,15,524
2,0.5,316400,archived_314159_anchor,1,Matched terminal weighted e-BH,0,0.9375,0.9375,15,1154
2,0.5,316401,archived_314159_anchor,1,SAFE-ALPHA,0,1,1,16,492.875
2,0.5,316401,archived_314159_anchor,1,Matched terminal weighted e-BH,0,1,1,16,1145.5625
2,0.5,316402,archived_314159_anchor,1,SAFE-ALPHA,0,0.8125,0.8125,13,641.384615385
2,0.5,316402,archived_314159_anchor,1,Matched terminal weighted e-BH,0,0.375,0.375,6,1149
2,0.5,316403,archived_314159_anchor,1,SAFE-ALPHA,0,0.75,0.75,12,764.333333333
2,0.5,316403,archived_314159_anchor,1,Matched terminal weighted e-BH,0,0.6875,0.6875,11,1167.63636364
2,0.5,316404,archived_314159_anchor,1,SAFE-ALPHA,0,0.75,0.75,12,786
2,0.5,316404,archived_314159_anchor,1,Matched terminal weighted e-BH,0,0.75,0.75,12,1174
2,0.5,316405,archived_314159_anchor,1,SAFE-ALPHA,0,0.9375,0.9375,15,482.333333333
2,0.5,316405,archived_314159_anchor,1,Matched terminal weighted e-BH,0,0.9375,0.9375,15,1153
2,0.5,316406,archived_314159_anchor,1,SAFE-ALPHA,0,0.8125,0.8125,13,515.615384615
2,0.5,316406,archived_314159_anchor,1,Matched terminal weighted e-BH,0,0.8125,0.8125,13,1169
2,0.5,316407,archived_314159_anchor,1,SAFE-ALPHA,0,1,1,16,838.1875
2,0.5,316407,archived_314159_anchor,1,Matched terminal weighted e-BH,0,0.875,0.875,14,1161.5
2,0.5,316408,archived_314159_anchor,1,SAFE-ALPHA,0,1,1,16,434.4375
2,0.5,316408,archived_314159_anchor,1,Matched terminal weighted e-BH,0,0.9375,0.9375,15,1154
2.25,0.5,20262980,inserted_20260730_block,1,SAFE-ALPHA,0,1,1,16,440.0625
2.25,0.5,20262980,inserted_20260730_block,1,Matched terminal weighted e-BH,0,1,1,16,1146.5
2.25,0.5,20262981,inserted_20260730_block,1,SAFE-ALPHA,0,1,1,16,480.0625
2.25,0.5,20262981,inserted_20260730_block,1,Matched terminal weighted e-BH,0,1,1,16,1146.5
2.25,0.5,20262982,inserted_20260730_block,1,SAFE-ALPHA,0,1,1,16,368.8125
2.25,0.5,20262982,inserted_20260730_block,1,Matched terminal weighted e-BH,0,1,1,16,1146.5
2.25,0.5,20262983,inserted_20260730_block,1,SAFE-ALPHA,0,1,1,16,337.5625
2.25,0.5,20262983,inserted_20260730_block,1,Matched terminal weighted e-BH,0,1,1,16,1146.5
2.25,0.5,20262984,inserted_20260730_block,1,SAFE-ALPHA,0,1,1,16,520.6875
2.25,0.5,20262984,inserted_20260730_block,1,Matched terminal weighted e-BH,0,1,1,16,1145.5625
2.25,0.5,20262985,inserted_20260730_block,1,SAFE-ALPHA,0,1,1,16,350.375
2.25,0.5,20262985,inserted_20260730_block,1,Matched terminal weighted e-BH,0,1,1,16,1145.5625
2.25,0.5,20262986,inserted_20260730_block,1,SAFE-ALPHA,0,1,1,16,499.75
2.25,0.5,20262986,inserted_20260730_block,1,Matched terminal weighted e-BH,0,0.875,0.875,14,1143.28571429
2.25,0.5,20262987,inserted_20260730_block,1,SAFE-ALPHA,0,1,1,16,612.25
2.25,0.5,20262987,inserted_20260730_block,1,Matched terminal weighted e-BH,0,0.9375,0.9375,15,1144
2.25,0.5,20262988,inserted_20260730_block,1,SAFE-ALPHA,0,1,1,16,396.625
2.25,0.5,20262988,inserted_20260730_block,1,Matched terminal weighted e-BH,0,1,1,16,1146.5
2.25,0.5,20262989,inserted_20260730_block,1,SAFE-ALPHA,0,1,1,16,298.8125
2.25,0.5,20262989,inserted_20260730_block,1,Matched terminal weighted e-BH,0,1,1,16,1146.5
2.25,0.5,20262990,inserted_20260730_block,1,SAFE-ALPHA,0,1,1,16,497.5625
2.25,0.5,20262990,inserted_20260730_block,1,Matched terminal weighted e-BH,0,1,1,16,1146.5
2.25,0.5,20262991,inserted_20260730_block,1,SAFE-ALPHA,0,0.875,0.875,14,656
2.25,0.5,20262991,inserted_20260730_block,1,Matched terminal weighted e-BH,0,0.875,0.875,14,1151.85714286
2.25,0.5,20262992,inserted_20260730_block,1,SAFE-ALPHA,0,0.9375,0.9375,15,700.333333333
2.25,0.5,20262992,inserted_20260730_block,1,Matched terminal weighted e-BH,0,0.875,0.875,14,1158.28571429
2.25,0.5,20262993,inserted_20260730_block,1,SAFE-ALPHA,0,0.9375,0.9375,15,496.666666667
2.25,0.5,20262993,inserted_20260730_block,1,Matched terminal weighted e-BH,0,0.8125,0.8125,13,1158.61538462
2.25,0.5,20262994,inserted_20260730_block,1,SAFE-ALPHA,0,1,1,16,563.5
2.25,0.5,20262994,inserted_20260730_block,1,Matched terminal weighted e-BH,0,1,1,16,1146.5
2.25,0.5,20262995,inserted_20260730_block,1,SAFE-ALPHA,0,1,1,16,273.1875
2.25,0.5,20262995,inserted_20260730_block,1,Matched terminal weighted e-BH,0,1,1,16,1146.5
2.25,0.5,20262996,inserted_20260730_block,1,SAFE-ALPHA,0,1,1,16,493.1875
2.25,0.5,20262996,inserted_20260730_block,1,Matched terminal weighted e-BH,0,1,1,16,1146.5
2.25,0.5,20262997,inserted_20260730_block,1,SAFE-ALPHA,0,1,1,16,471
2.25,0.5,20262997,inserted_20260730_block,1,Matched terminal weighted e-BH,0,1,1,16,1146.5
2.25,0.5,20262998,inserted_20260730_block,1,SAFE-ALPHA,0,0.9375,0.9375,15,396.666666667
2.25,0.5,20262998,inserted_20260730_block,1,Matched terminal weighted e-BH,0,0.9375,0.9375,15,1151
2.25,0.5,20262999,inserted_20260730_block,1,SAFE-ALPHA,0,0.9375,0.9375,15,466
2.25,0.5,20262999,inserted_20260730_block,1,Matched terminal weighted e-BH,0,0.9375,0.9375,15,1153
2.25,0.5,20263000,inserted_20260730_block,1,SAFE-ALPHA,0,1,1,16,393.8125
2.25,0.5,20263000,inserted_20260730_block,1,Matched terminal weighted e-BH,0,1,1,16,1144.625
2.25,0.5,20263001,inserted_20260730_block,1,SAFE-ALPHA,0,1,1,16,338.5
2.25,0.5,20263001,inserted_20260730_block,1,Matched terminal weighted e-BH,0,0.9375,0.9375,15,1150
2.25,0.5,20263002,inserted_20260730_block,1,SAFE-ALPHA,0,1,1,16,527.875
2.25,0.5,20263002,inserted_20260730_block,1,Matched terminal weighted e-BH,0,1,1,16,1146.5
2.25,0.5,20263003,inserted_20260730_block,1,SAFE-ALPHA,0,1,1,16,273.5
2.25,0.5,20263003,inserted_20260730_block,1,Matched terminal weighted e-BH,0,1,1,16,1143.6875
2.25,0.5,20263004,inserted_20260730_block,1,SAFE-ALPHA,0,1,1,16,547.875
2.25,0.5,20263004,inserted_20260730_block,1,Matched terminal weighted e-BH,0,0.9375,0.9375,15,1150
2.25,0.5,20263005,inserted_20260730_block,1,SAFE-ALPHA,0,0.9375,0.9375,15,650
2.25,0.5,20263005,inserted_20260730_block,1,Matched terminal weighted e-BH,0,0.9375,0.9375,15,1153
2.25,0.5,20263006,inserted_20260730_block,1,SAFE-ALPHA,0,1,1,16,384.75
2.25,0.5,20263006,inserted_20260730_block,1,Matched terminal weighted e-BH,0,1,1,16,1146.5
2.25,0.5,20263007,inserted_20260730_block,1,SAFE-ALPHA,0,1,1,16,505.0625
2.25,0.5,20263007,inserted_20260730_block,1,Matched terminal weighted e-BH,0,1,1,16,1145.5625
2.25,0.5,20263008,inserted_20260730_block,1,SAFE-ALPHA,0,1,1,16,525.375
2.25,0.5,20263008,inserted_20260730_block,1,Matched terminal weighted e-BH,0,1,1,16,1146.5
2.25,0.5,20263009,inserted_20260730_block,1,SAFE-ALPHA,0,1,1,16,366.9375
2.25,0.5,20263009,inserted_20260730_block,1,Matched terminal weighted e-BH,0,0.9375,0.9375,15,1154
2.25,0.5,20263010,inserted_20260730_block,1,SAFE-ALPHA,0,0.875,0.875,14,742.428571429
2.25,0.5,20263010,inserted_20260730_block,1,Matched terminal weighted e-BH,0,0.75,0.75,12,1166.5
2.25,0.5,20263011,inserted_20260730_block,1,SAFE-ALPHA,0,1,1,16,462.25
2.25,0.5,20263011,inserted_20260730_block,1,Matched terminal weighted e-BH,0,0.9375,0.9375,15,1148
2.25,0.5,20263012,inserted_20260730_block,1,SAFE-ALPHA,0,0.9375,0.9375,15,460
2.25,0.5,20263012,inserted_20260730_block,1,Matched terminal weighted e-BH,0,0.9375,0.9375,15,1154
2.25,0.5,20263013,inserted_20260730_block,1,SAFE-ALPHA,0,1,1,16,401.625
2.25,0.5,20263013,inserted_20260730_block,1,Matched terminal weighted e-BH,0,1,1,16,1145.5625
2.25,0.5,20263014,inserted_20260730_block,1,SAFE-ALPHA,0,1,1,16,400.0625
2.25,0.5,20263014,inserted_20260730_block,1,Matched terminal weighted e-BH,0,1,1,16,1146.5
2.25,0.5,20263015,inserted_20260730_block,1,SAFE-ALPHA,0,0.9375,0.9375,15,436.333333333
2.25,0.5,20263015,inserted_20260730_block,1,Matched terminal weighted e-BH,0,0.875,0.875,14,1152.92857143
2.25,0.5,20263016,inserted_20260730_block,1,SAFE-ALPHA,0,1,1,16,326.9375
2.25,0.5,20263016,inserted_20260730_block,1,Matched terminal weighted e-BH,0,1,1,16,1146.5
2.25,0.5,20263017,inserted_20260730_block,1,SAFE-ALPHA,0,0.9375,0.9375,15,532.666666667
2.25,0.5,20263017,inserted_20260730_block,1,Matched terminal weighted e-BH,0,0.9375,0.9375,15,1150
2.25,0.5,20263018,inserted_20260730_block,1,SAFE-ALPHA,0,1,1,16,386
2.25,0.5,20263018,inserted_20260730_block,1,Matched terminal weighted e-BH,0,1,1,16,1144.625
2.25,0.5,20263019,inserted_20260730_block,1,SAFE-ALPHA,0,1,1,16,335.0625
2.25,0.5,20263019,inserted_20260730_block,1,Matched terminal weighted e-BH,0,1,1,16,1146.5
2.25,0.5,20263020,inserted_20260730_block,1,SAFE-ALPHA,0,0.6875,0.6875,11,789.181818182
2.25,0.5,20263020,inserted_20260730_block,1,Matched terminal weighted e-BH,0,0.6875,0.6875,11,1184
2.25,0.5,20263021,inserted_20260730_block,1,SAFE-ALPHA,0,1,1,16,386.9375
2.25,0.5,20263021,inserted_20260730_block,1,Matched terminal weighted e-BH,0,1,1,16,1146.5
2.25,0.5,20263022,inserted_20260730_block,1,SAFE-ALPHA,0,1,1,16,393.5
2.25,0.5,20263022,inserted_20260730_block,1,Matched terminal weighted e-BH,0,1,1,16,1146.5
2.25,0.5,20263023,inserted_20260730_block,1,SAFE-ALPHA,0,0.9375,0.9375,15,390.666666667
2.25,0.5,20263023,inserted_20260730_block,1,Matched terminal weighted e-BH,0,0.9375,0.9375,15,1151
2.25,0.5,20263024,inserted_20260730_block,1,SAFE-ALPHA,0,0.9375,0.9375,15,674
2.25,0.5,20263024,inserted_20260730_block,1,Matched terminal weighted e-BH,0,0.9375,0.9375,15,1150
2.25,0.5,20263025,inserted_20260730_block,1,SAFE-ALPHA,0,0.8125,0.8125,13,614.076923077
2.25,0.5,20263025,inserted_20260730_block,1,Matched terminal weighted e-BH,0,0.8125,0.8125,13,1160.92307692
2.25,0.5,20263026,inserted_20260730_block,1,SAFE-ALPHA,0,1,1,16,399.125
2.25,0.5,20263026,inserted_20260730_block,1,Matched terminal weighted e-BH,0,1,1,16,1146.5
2.25,0.5,20263027,inserted_20260730_block,1,SAFE-ALPHA,0.0588235294118,1,1,17,268.5
2.25,0.5,20263027,inserted_20260730_block,1,Matched terminal weighted e-BH,0,1,1,16,1142.75
2.25,0.5,20263028,inserted_20260730_block,1,SAFE-ALPHA,0,1,1,16,324.4375
2.25,0.5,20263028,inserted_20260730_block,1,Matched terminal weighted e-BH,0,1,1,16,1142.75
2.25,0.5,20263029,inserted_20260730_block,1,SAFE-ALPHA,0,1,1,16,360.375
2.25,0.5,20263029,inserted_20260730_block,1,Matched terminal weighted e-BH,0,1,1,16,1146.5
2.25,0.5,20263030,inserted_20260730_block,1,SAFE-ALPHA,0,0.9375,0.9375,15,699.333333333
2.25,0.5,20263030,inserted_20260730_block,1,Matched terminal weighted e-BH,0,0.875,0.875,14,1149.71428571
2.25,0.5,20263031,inserted_20260730_block,1,SAFE-ALPHA,0,0.8125,0.8125,13,493.307692308
2.25,0.5,20263031,inserted_20260730_block,1,Matched terminal weighted e-BH,0,0.8125,0.8125,13,1166.69230769
2.25,0.5,20263032,inserted_20260730_block,1,SAFE-ALPHA,0,0.9375,0.9375,15,453.666666667
2.25,0.5,20263032,inserted_20260730_block,1,Matched terminal weighted e-BH,0,0.9375,0.9375,15,1154
2.25,0.5,20263033,inserted_20260730_block,1,SAFE-ALPHA,0,0.9375,0.9375,15,492.333333333
2.25,0.5,20263033,inserted_20260730_block,1,Matched terminal weighted e-BH,0,0.875,0.875,14,1159.35714286
2.25,0.5,20263034,inserted_20260730_block,1,SAFE-ALPHA,0,1,1,16,291.9375
2.25,0.5,20263034,inserted_20260730_block,1,Matched terminal weighted e-BH,0,1,1,16,1146.5
2.25,0.5,20263035,inserted_20260730_block,1,SAFE-ALPHA,0,1,1,16,523.8125
2.25,0.5,20263035,inserted_20260730_block,1,Matched terminal weighted e-BH,0,1,1,16,1146.5
2.25,0.5,20263036,inserted_20260730_block,1,SAFE-ALPHA,0,1,1,16,606
2.25,0.5,20263036,inserted_20260730_block,1,Matched terminal weighted e-BH,0,1,1,16,1146.5
2.25,0.5,20263037,inserted_20260730_block,1,SAFE-ALPHA,0,0.8125,0.8125,13,598.307692308
2.25,0.5,20263037,inserted_20260730_block,1,Matched terminal weighted e-BH,0,0.8125,0.8125,13,1164.38461538
2.25,0.5,20263038,inserted_20260730_block,1,SAFE-ALPHA,0,1,1,16,370.0625
2.25,0.5,20263038,inserted_20260730_block,1,Matched terminal weighted e-BH,0,1,1,16,1143.6875
2.25,0.5,20263039,inserted_20260730_block,1,SAFE-ALPHA,0,1,1,16,584.75
2.25,0.5,20263039,inserted_20260730_block,1,Matched terminal weighted e-BH,0,1,1,16,1145.5625
2.25,0.5,20263040,inserted_20260730_block,1,SAFE-ALPHA,0,1,1,16,432.5625
2.25,0.5,20263040,inserted_20260730_block,1,Matched terminal weighted e-BH,0,1,1,16,1146.5
2.25,0.5,20263041,inserted_20260730_block,1,SAFE-ALPHA,0,1,1,16,598.1875
2.25,0.5,20263041,inserted_20260730_block,1,Matched terminal weighted e-BH,0,1,1,16,1146.5
2.25,0.5,20263042,inserted_20260730_block,1,SAFE-ALPHA,0,0.875,0.875,14,434.571428571
2.25,0.5,20263042,inserted_20260730_block,1,Matched terminal weighted e-BH,0,0.875,0.875,14,1161.5
2.25,0.5,20263043,inserted_20260730_block,1,SAFE-ALPHA,0,1,1,16,431.9375
2.25,0.5,20263043,inserted_20260730_block,1,Matched terminal weighted e-BH,0,1,1,16,1146.5
2.25,0.5,20263044,inserted_20260730_block,1,SAFE-ALPHA,0,1,1,16,542.5625
2.25,0.5,20263044,inserted_20260730_block,1,Matched terminal weighted e-BH,0,1,1,16,1145.5625
2.25,0.5,20263045,inserted_20260730_block,1,SAFE-ALPHA,0,1,1,16,459.4375
2.25,0.5,20263045,inserted_20260730_block,1,Matched terminal weighted e-BH,0,1,1,16,1146.5
2.25,0.5,20263046,inserted_20260730_block,1,SAFE-ALPHA,0,1,1,16,353.1875
2.25,0.5,20263046,inserted_20260730_block,1,Matched terminal weighted e-BH,0,1,1,16,1146.5
2.25,0.5,20263047,inserted_20260730_block,1,SAFE-ALPHA,0,1,1,16,594.4375
2.25,0.5,20263047,inserted_20260730_block,1,Matched terminal weighted e-BH,0,1,1,16,1146.5
2.25,0.5,20263048,inserted_20260730_block,1,SAFE-ALPHA,0,0.8125,0.8125,13,704.461538462
2.25,0.5,20263048,inserted_20260730_block,1,Matched terminal weighted e-BH,0,0.8125,0.8125,13,1169
2.25,0.5,20263049,inserted_20260730_block,1,SAFE-ALPHA,0,1,1,16,476.3125
2.25,0.5,20263049,inserted_20260730_block,1,Matched terminal weighted e-BH,0,1,1,16,1146.5
2.25,0.5,20263050,inserted_20260730_block,1,SAFE-ALPHA,0,0.75,0.75,12,607.25
2.25,0.5,20263050,inserted_20260730_block,1,Matched terminal weighted e-BH,0,0.6875,0.6875,11,1164.90909091
2.25,0.5,20263051,inserted_20260730_block,1,SAFE-ALPHA,0,1,1,16,309.75
2.25,0.5,20263051,inserted_20260730_block,1,Matched terminal weighted e-BH,0,1,1,16,1146.5
2.25,0.5,20263052,inserted_20260730_block,1,SAFE-ALPHA,0,1,1,16,394.75
2.25,0.5,20263052,inserted_20260730_block,1,Matched terminal weighted e-BH,0,1,1,16,1146.5
2.25,0.5,20263053,inserted_20260730_block,1,SAFE-ALPHA,0,0.8125,0.8125,13,531
2.25,0.5,20263053,inserted_20260730_block,1,Matched terminal weighted e-BH,0,0.75,0.75,12,1170.25
2.25,0.5,20263054,inserted_20260730_block,1,SAFE-ALPHA,0,1,1,16,428.8125
2.25,0.5,20263054,inserted_20260730_block,1,Matched terminal weighted e-BH,0,1,1,16,1146.5
2.25,0.5,20263055,inserted_20260730_block,1,SAFE-ALPHA,0,1,1,16,343.5
2.25,0.5,20263055,inserted_20260730_block,1,Matched terminal weighted e-BH,0,1,1,16,1146.5
2.25,0.5,20263056,inserted_20260730_block,1,SAFE-ALPHA,0,0.875,0.875,14,603.142857143
2.25,0.5,20263056,inserted_20260730_block,1,Matched terminal weighted e-BH,0,0.75,0.75,12,1157.75
2.25,0.5,20263057,inserted_20260730_block,1,SAFE-ALPHA,0,1,1,16,264.4375
2.25,0.5,20263057,inserted_20260730_block,1,Matched terminal weighted e-BH,0,1,1,16,1146.5
2.25,0.5,20263058,inserted_20260730_block,1,SAFE-ALPHA,0,0.875,0.875,14,509.571428571
2.25,0.5,20263058,inserted_20260730_block,1,Matched terminal weighted e-BH,0,0.6875,0.6875,11,1164.90909091
2.25,0.5,20263059,inserted_20260730_block,1,SAFE-ALPHA,0,1,1,16,291.625
2.25,0.5,20263059,inserted_20260730_block,1,Matched terminal weighted e-BH,0,1,1,16,1146.5
2.25,0.5,20263060,inserted_20260730_block,1,SAFE-ALPHA,0,1,1,16,746.9375
2.25,0.5,20263060,inserted_20260730_block,1,Matched terminal weighted e-BH,0,1,1,16,1146.5
2.25,0.5,20263061,inserted_20260730_block,1,SAFE-ALPHA,0,0.9375,0.9375,15,377.666666667
2.25,0.5,20263061,inserted_20260730_block,1,Matched terminal weighted e-BH,0,0.9375,0.9375,15,1150
2.25,0.5,20263062,inserted_20260730_block,1,SAFE-ALPHA,0,0.9375,0.9375,15,587
2.25,0.5,20263062,inserted_20260730_block,1,Matched terminal weighted e-BH,0,0.9375,0.9375,15,1152
2.25,0.5,20263063,inserted_20260730_block,1,SAFE-ALPHA,0,0.9375,0.9375,15,384
2.25,0.5,20263063,inserted_20260730_block,1,Matched terminal weighted e-BH,0,0.9375,0.9375,15,1146
2.25,0.5,20263064,inserted_20260730_block,1,SAFE-ALPHA,0,1,1,16,469.4375
2.25,0.5,20263064,inserted_20260730_block,1,Matched terminal weighted e-BH,0,0.9375,0.9375,15,1142
2.25,0.5,20263065,inserted_20260730_block,1,SAFE-ALPHA,0,1,1,16,247.5625
2.25,0.5,20263065,inserted_20260730_block,1,Matched terminal weighted e-BH,0,0.375,0.375,6,1154
2.25,0.5,20263066,inserted_20260730_block,1,SAFE-ALPHA,0,1,1,16,316
2.25,0.5,20263066,inserted_20260730_block,1,Matched terminal weighted e-BH,0,1,1,16,1146.5
2.25,0.5,20263067,inserted_20260730_block,1,SAFE-ALPHA,0,1,1,16,443.1875
2.25,0.5,20263067,inserted_20260730_block,1,Matched terminal weighted e-BH,0,1,1,16,1146.5
2.25,0.5,20263068,inserted_20260730_block,1,SAFE-ALPHA,0,1,1,16,403.8125
2.25,0.5,20263068,inserted_20260730_block,1,Matched terminal weighted e-BH,0,1,1,16,1146.5
2.25,0.5,20263069,inserted_20260730_block,1,SAFE-ALPHA,0,1,1,16,495.0625
2.25,0.5,20263069,inserted_20260730_block,1,Matched terminal weighted e-BH,0,0.9375,0.9375,15,1140
2.25,0.5,20263070,inserted_20260730_block,1,SAFE-ALPHA,0,1,1,16,533.1875
2.25,0.5,20263070,inserted_20260730_block,1,Matched terminal weighted e-BH,0,1,1,16,1146.5
2.25,0.5,20263071,inserted_20260730_block,1,SAFE-ALPHA,0,1,1,16,441.9375
2.25,0.5,20263071,inserted_20260730_block,1,Matched terminal weighted e-BH,0,1,1,16,1144.625
2.25,0.5,20263072,inserted_20260730_block,1,SAFE-ALPHA,0,1,1,16,568.1875
2.25,0.5,20263072,inserted_20260730_block,1,Matched terminal weighted e-BH,0,1,1,16,1146.5
2.25,0.5,20263073,inserted_20260730_block,1,SAFE-ALPHA,0,0.875,0.875,14,736.357142857
2.25,0.5,20263073,inserted_20260730_block,1,Matched terminal weighted e-BH,0,0.875,0.875,14,1160.42857143
2.25,0.5,20263074,inserted_20260730_block,1,SAFE-ALPHA,0,0.9375,0.9375,15,370.333333333
2.25,0.5,20263074,inserted_20260730_block,1,Matched terminal weighted e-BH,0,0.9375,0.9375,15,1150
2.25,0.5,20263075,inserted_20260730_block,1,SAFE-ALPHA,0,0.8125,0.8125,13,447.538461538
2.25,0.5,20263075,inserted_20260730_block,1,Matched terminal weighted e-BH,0,0.625,0.625,10,1166
2.25,0.5,20263076,inserted_20260730_block,1,SAFE-ALPHA,0,0.9375,0.9375,15,438
2.25,0.5,20263076,inserted_20260730_block,1,Matched terminal weighted e-BH,0,0.875,0.875,14,1154
2.25,0.5,20263077,inserted_20260730_block,1,SAFE-ALPHA,0,1,1,16,350.375
2.25,0.5,20263077,inserted_20260730_block,1,Matched terminal weighted e-BH,0,1,1,16,1140.875
2.25,0.5,20263078,inserted_20260730_block,1,SAFE-ALPHA,0,0.875,0.875,14,460.285714286
2.25,0.5,20263078,inserted_20260730_block,1,Matched terminal weighted e-BH,0,0.8125,0.8125,13,1167.84615385
2.25,0.5,20263079,inserted_20260730_block,1,SAFE-ALPHA,0,0.9375,0.9375,15,454.333333333
2.25,0.5,20263079,inserted_20260730_block,1,Matched terminal weighted e-BH,0,0.875,0.875,14,1159.35714286
2.25,0.5,20263080,inserted_20260730_block,1,SAFE-ALPHA,0,1,1,16,430.375
2.25,0.5,20263080,inserted_20260730_block,1,Matched terminal weighted e-BH,0,1,1,16,1146.5
2.25,0.5,20263081,inserted_20260730_block,1,SAFE-ALPHA,0,1,1,16,381.9375
2.25,0.5,20263081,inserted_20260730_block,1,Matched terminal weighted e-BH,0,1,1,16,1146.5
2.25,0.5,20263082,inserted_20260730_block,1,SAFE-ALPHA,0,1,1,16,474.125
2.25,0.5,20263082,inserted_20260730_block,1,Matched terminal weighted e-BH,0,1,1,16,1146.5
2.25,0.5,20263083,inserted_20260730_block,1,SAFE-ALPHA,0,1,1,16,481.625
2.25,0.5,20263083,inserted_20260730_block,1,Matched terminal weighted e-BH,0,1,1,16,1146.5
2.25,0.5,20263084,inserted_20260730_block,1,SAFE-ALPHA,0,1,1,16,492.25
2.25,0.5,20263084,inserted_20260730_block,1,Matched terminal weighted e-BH,0,1,1,16,1146.5
2.25,0.5,20263085,inserted_20260730_block,1,SAFE-ALPHA,0,1,1,16,258.1875
2.25,0.5,20263085,inserted_20260730_block,1,Matched terminal weighted e-BH,0,1,1,16,1146.5
2.25,0.5,20263086,inserted_20260730_block,1,SAFE-ALPHA,0,1,1,16,363.5
2.25,0.5,20263086,inserted_20260730_block,1,Matched terminal weighted e-BH,0,1,1,16,1145.5625
2.25,0.5,20263087,inserted_20260730_block,1,SAFE-ALPHA,0,1,1,16,428.5
2.25,0.5,20263087,inserted_20260730_block,1,Matched terminal weighted e-BH,0,1,1,16,1144.625
2.25,0.5,20263088,inserted_20260730_block,1,SAFE-ALPHA,0,1,1,16,327.875
2.25,0.5,20263088,inserted_20260730_block,1,Matched terminal weighted e-BH,0,1,1,16,1146.5
2.25,0.5,20263089,inserted_20260730_block,1,SAFE-ALPHA,0,1,1,16,448.8125
2.25,0.5,20263089,inserted_20260730_block,1,Matched terminal weighted e-BH,0,1,1,16,1146.5
2.25,0.5,20263090,inserted_20260730_block,1,SAFE-ALPHA,0,0.9375,0.9375,15,558.333333333
2.25,0.5,20263090,inserted_20260730_block,1,Matched terminal weighted e-BH,0,0.875,0.875,14,1159.35714286
2.25,0.5,20263091,inserted_20260730_block,1,SAFE-ALPHA,0,1,1,16,351.625
2.25,0.5,20263091,inserted_20260730_block,1,Matched terminal weighted e-BH,0,1,1,16,1146.5
2.25,0.5,20263092,inserted_20260730_block,1,SAFE-ALPHA,0,1,1,16,396
2.25,0.5,20263092,inserted_20260730_block,1,Matched terminal weighted e-BH,0,1,1,16,1146.5
2.25,0.5,20263093,inserted_20260730_block,1,SAFE-ALPHA,0,1,1,16,255.6875
2.25,0.5,20263093,inserted_20260730_block,1,Matched terminal weighted e-BH,0,1,1,16,1146.5
2.25,0.5,20263094,inserted_20260730_block,1,SAFE-ALPHA,0,1,1,16,370.0625
2.25,0.5,20263094,inserted_20260730_block,1,Matched terminal weighted e-BH,0,1,1,16,1142.75
2.25,0.5,20263095,inserted_20260730_block,1,SAFE-ALPHA,0,1,1,16,364.75
2.25,0.5,20263095,inserted_20260730_block,1,Matched terminal weighted e-BH,0,1,1,16,1146.5
2.25,0.5,20263096,inserted_20260730_block,1,SAFE-ALPHA,0,1,1,16,595.375
2.25,0.5,20263096,inserted_20260730_block,1,Matched terminal weighted e-BH,0,0.875,0.875,14,1146.5
2.25,0.5,20263097,inserted_20260730_block,1,SAFE-ALPHA,0,0.9375,0.9375,15,431.333333333
2.25,0.5,20263097,inserted_20260730_block,1,Matched terminal weighted e-BH,0,0.9375,0.9375,15,1154
2.25,0.5,20263098,inserted_20260730_block,1,SAFE-ALPHA,0,1,1,16,355.6875
2.25,0.5,20263098,inserted_20260730_block,1,Matched terminal weighted e-BH,0,1,1,16,1146.5
2.25,0.5,20263099,inserted_20260730_block,1,SAFE-ALPHA,0,1,1,16,516.9375
2.25,0.5,20263099,inserted_20260730_block,1,Matched terminal weighted e-BH,0,1,1,16,1146.5
2.25,0.5,20263100,inserted_20260730_block,1,SAFE-ALPHA,0,1,1,16,333.5
2.25,0.5,20263100,inserted_20260730_block,1,Matched terminal weighted e-BH,0,1,1,16,1146.5
2.25,0.5,20263101,inserted_20260730_block,1,SAFE-ALPHA,0,1,1,16,567.25
2.25,0.5,20263101,inserted_20260730_block,1,Matched terminal weighted e-BH,0,1,1,16,1146.5
2.25,0.5,20263102,inserted_20260730_block,1,SAFE-ALPHA,0,1,1,16,279.4375
2.25,0.5,20263102,inserted_20260730_block,1,Matched terminal weighted e-BH,0,1,1,16,1146.5
2.25,0.5,20263103,inserted_20260730_block,1,SAFE-ALPHA,0,0.9375,0.9375,15,645.666666667
2.25,0.5,20263103,inserted_20260730_block,1,Matched terminal weighted e-BH,0,0.8125,0.8125,13,1145.92307692
2.25,0.5,20263104,inserted_20260730_block,1,SAFE-ALPHA,0,1,1,16,271.3125
2.25,0.5,20263104,inserted_20260730_block,1,Matched terminal weighted e-BH,0,1,1,16,1146.5
2.25,0.5,20263105,inserted_20260730_block,1,SAFE-ALPHA,0,1,1,16,385.6875
2.25,0.5,20263105,inserted_20260730_block,1,Matched terminal weighted e-BH,0,1,1,16,1146.5
2.25,0.5,20263106,inserted_20260730_block,1,SAFE-ALPHA,0,1,1,16,457.25
2.25,0.5,20263106,inserted_20260730_block,1,Matched terminal weighted e-BH,0,1,1,16,1146.5
2.25,0.5,20263107,inserted_20260730_block,1,SAFE-ALPHA,0,1,1,16,501.3125
2.25,0.5,20263107,inserted_20260730_block,1,Matched terminal weighted e-BH,0,1,1,16,1146.5
2.25,0.5,20263108,inserted_20260730_block,1,SAFE-ALPHA,0,1,1,16,333.8125
2.25,0.5,20263108,inserted_20260730_block,1,Matched terminal weighted e-BH,0,1,1,16,1146.5
2.25,0.5,20263109,inserted_20260730_block,1,SAFE-ALPHA,0,1,1,16,323.8125
2.25,0.5,20263109,inserted_20260730_block,1,Matched terminal weighted e-BH,0,1,1,16,1146.5
2.25,0.5,20263110,inserted_20260730_block,1,SAFE-ALPHA,0,0.8125,0.8125,13,492.923076923
2.25,0.5,20263110,inserted_20260730_block,1,Matched terminal weighted e-BH,0,0.8125,0.8125,13,1156.30769231
2.25,0.5,20263111,inserted_20260730_block,1,SAFE-ALPHA,0,1,1,16,373.5
2.25,0.5,20263111,inserted_20260730_block,1,Matched terminal weighted e-BH,0,1,1,16,1144.625
2.25,0.5,20263112,inserted_20260730_block,1,SAFE-ALPHA,0,0.9375,0.9375,15,501.666666667
2.25,0.5,20263112,inserted_20260730_block,1,Matched terminal weighted e-BH,0,0.9375,0.9375,15,1146
2.25,0.5,20263113,inserted_20260730_block,1,SAFE-ALPHA,0,1,1,16,511.625
2.25,0.5,20263113,inserted_20260730_block,1,Matched terminal weighted e-BH,0,1,1,16,1146.5
2.25,0.5,20263114,inserted_20260730_block,1,SAFE-ALPHA,0,0.875,0.875,14,506
2.25,0.5,20263114,inserted_20260730_block,1,Matched terminal weighted e-BH,0,0.875,0.875,14,1142.21428571
2.25,0.5,20263115,inserted_20260730_block,1,SAFE-ALPHA,0,1,1,16,363.8125
2.25,0.5,20263115,inserted_20260730_block,1,Matched terminal weighted e-BH,0,1,1,16,1146.5
2.25,0.5,20263116,inserted_20260730_block,1,SAFE-ALPHA,0,1,1,16,482.875
2.25,0.5,20263116,inserted_20260730_block,1,Matched terminal weighted e-BH,0,0.9375,0.9375,15,1154
2.25,0.5,20263117,inserted_20260730_block,1,SAFE-ALPHA,0,1,1,16,443.5
2.25,0.5,20263117,inserted_20260730_block,1,Matched terminal weighted e-BH,0,1,1,16,1146.5
2.25,0.5,20263118,inserted_20260730_block,1,SAFE-ALPHA,0,1,1,16,556
2.25,0.5,20263118,inserted_20260730_block,1,Matched terminal weighted e-BH,0,1,1,16,1146.5
2.25,0.5,20263119,inserted_20260730_block,1,SAFE-ALPHA,0,1,1,16,272.5625
2.25,0.5,20263119,inserted_20260730_block,1,Matched terminal weighted e-BH,0,1,1,16,1146.5
2.25,0.5,20263120,inserted_20260730_block,1,SAFE-ALPHA,0,0.875,0.875,14,418.357142857
2.25,0.5,20263120,inserted_20260730_block,1,Matched terminal weighted e-BH,0,0.875,0.875,14,1152.92857143
2.25,0.5,20263121,inserted_20260730_block,1,SAFE-ALPHA,0,1,1,16,633.375
2.25,0.5,20263121,inserted_20260730_block,1,Matched terminal weighted e-BH,0,1,1,16,1146.5
2.25,0.5,20263122,inserted_20260730_block,1,SAFE-ALPHA,0,1,1,16,379.125
2.25,0.5,20263122,inserted_20260730_block,1,Matched terminal weighted e-BH,0,1,1,16,1146.5
2.25,0.5,20263123,inserted_20260730_block,1,SAFE-ALPHA,0,1,1,16,401
2.25,0.5,20263123,inserted_20260730_block,1,Matched terminal weighted e-BH,0,1,1,16,1146.5
2.25,0.5,20263124,inserted_20260730_block,1,SAFE-ALPHA,0,1,1,16,360.0625
2.25,0.5,20263124,inserted_20260730_block,1,Matched terminal weighted e-BH,0,1,1,16,1146.5
2.25,0.5,20263125,inserted_20260730_block,1,SAFE-ALPHA,0,1,1,16,435.0625
2.25,0.5,20263125,inserted_20260730_block,1,Matched terminal weighted e-BH,0,0.9375,0.9375,15,1148
2.25,0.5,20263126,inserted_20260730_block,1,SAFE-ALPHA,0,1,1,16,478.8125
2.25,0.5,20263126,inserted_20260730_block,1,Matched terminal weighted e-BH,0,1,1,16,1146.5
2.25,0.5,20263127,inserted_20260730_block,1,SAFE-ALPHA,0,0.8125,0.8125,13,477.153846154
2.25,0.5,20263127,inserted_20260730_block,1,Matched terminal weighted e-BH,0,0.625,0.625,10,1170.5
2.25,0.5,20263128,inserted_20260730_block,1,SAFE-ALPHA,0,1,1,16,389.125
2.25,0.5,20263128,inserted_20260730_block,1,Matched terminal weighted e-BH,0,1,1,16,1146.5
2.25,0.5,20263129,inserted_20260730_block,1,SAFE-ALPHA,0,1,1,16,578.5
2.25,0.5,20263129,inserted_20260730_block,1,Matched terminal weighted e-BH,0,1,1,16,1146.5
2.25,0.5,20263130,inserted_20260730_block,1,SAFE-ALPHA,0,1,1,16,301
2.25,0.5,20263130,inserted_20260730_block,1,Matched terminal weighted e-BH,0,1,1,16,1146.5
2.25,0.5,20263131,inserted_20260730_block,1,SAFE-ALPHA,0,1,1,16,266.3125
2.25,0.5,20263131,inserted_20260730_block,1,Matched terminal weighted e-BH,0,1,1,16,1146.5
2.25,0.5,20263132,inserted_20260730_block,1,SAFE-ALPHA,0,0.6875,0.6875,11,822.818181818
2.25,0.5,20263132,inserted_20260730_block,1,Matched terminal weighted e-BH,0,0.6875,0.6875,11,1184
2.25,0.5,20263133,inserted_20260730_block,1,SAFE-ALPHA,0,1,1,16,257.5625
2.25,0.5,20263133,inserted_20260730_block,1,Matched terminal weighted e-BH,0,1,1,16,1146.5
2.25,0.5,20263134,inserted_20260730_block,1,SAFE-ALPHA,0,1,1,16,519.4375
2.25,0.5,20263134,inserted_20260730_block,1,Matched terminal weighted e-BH,0,0.9375,0.9375,15,1152
2.25,0.5,20263135,inserted_20260730_block,1,SAFE-ALPHA,0,0.875,0.875,14,600.285714286
2.25,0.5,20263135,inserted_20260730_block,1,Matched terminal weighted e-BH,0,0.875,0.875,14,1148.64285714
2.25,0.5,20263136,inserted_20260730_block,1,SAFE-ALPHA,0,1,1,16,327.25
2.25,0.5,20263136,inserted_20260730_block,1,Matched terminal weighted e-BH,0,1,1,16,1146.5
2.25,0.5,20263137,inserted_20260730_block,1,SAFE-ALPHA,0,1,1,16,369.4375
2.25,0.5,20263137,inserted_20260730_block,1,Matched terminal weighted e-BH,0,1,1,16,1144.625
2.25,0.5,20263138,inserted_20260730_block,1,SAFE-ALPHA,0,1,1,16,676
2.25,0.5,20263138,inserted_20260730_block,1,Matched terminal weighted e-BH,0,1,1,16,1142.75
2.25,0.5,20263139,inserted_20260730_block,1,SAFE-ALPHA,0,1,1,16,176.625
2.25,0.5,20263139,inserted_20260730_block,1,Matched terminal weighted e-BH,0,1,1,16,1146.5
2.25,0.5,20263140,inserted_20260730_block,1,SAFE-ALPHA,0,0.9375,0.9375,15,517.333333333
2.25,0.5,20263140,inserted_20260730_block,1,Matched terminal weighted e-BH,0,0.875,0.875,14,1160.42857143
2.25,0.5,20263141,inserted_20260730_block,1,SAFE-ALPHA,0,1,1,16,390.6875
2.25,0.5,20263141,inserted_20260730_block,1,Matched terminal weighted e-BH,0,1,1,16,1146.5
2.25,0.5,20263142,inserted_20260730_block,1,SAFE-ALPHA,0,0.8125,0.8125,13,640.230769231
2.25,0.5,20263142,inserted_20260730_block,1,Matched terminal weighted e-BH,0,0.6875,0.6875,11,1174.45454545
2.25,0.5,20263143,inserted_20260730_block,1,SAFE-ALPHA,0,0.9375,0.9375,15,708.333333333
2.25,0.5,20263143,inserted_20260730_block,1,Matched terminal weighted e-BH,0,0.9375,0.9375,15,1154
2.25,0.5,20263144,inserted_20260730_block,1,SAFE-ALPHA,0,1,1,16,266
2.25,0.5,20263144,inserted_20260730_block,1,Matched terminal weighted e-BH,0,1,1,16,1145.5625
2.25,0.5,20263145,inserted_20260730_block,1,SAFE-ALPHA,0,0.6875,0.6875,11,352.818181818
2.25,0.5,20263145,inserted_20260730_block,1,Matched terminal weighted e-BH,0,0.625,0.625,10,1178
2.25,0.5,20263146,inserted_20260730_block,1,SAFE-ALPHA,0,1,1,16,247.5625
2.25,0.5,20263146,inserted_20260730_block,1,Matched terminal weighted e-BH,0,1,1,16,1146.5
2.25,0.5,20263147,inserted_20260730_block,1,SAFE-ALPHA,0,1,1,16,429.4375
2.25,0.5,20263147,inserted_20260730_block,1,Matched terminal weighted e-BH,0,1,1,16,1145.5625
2.25,0.5,20263148,inserted_20260730_block,1,SAFE-ALPHA,0,1,1,16,339.75
2.25,0.5,20263148,inserted_20260730_block,1,Matched terminal weighted e-BH,0,1,1,16,1146.5
2.25,0.5,20263149,inserted_20260730_block,1,SAFE-ALPHA,0,1,1,16,312.25
2.25,0.5,20263149,inserted_20260730_block,1,Matched terminal weighted e-BH,0,1,1,16,1146.5
2.25,0.5,20263150,inserted_20260730_block,1,SAFE-ALPHA,0,1,1,16,406.9375
2.25,0.5,20263150,inserted_20260730_block,1,Matched terminal weighted e-BH,0,1,1,16,1146.5
2.25,0.5,20263151,inserted_20260730_block,1,SAFE-ALPHA,0,1,1,16,420.375
2.25,0.5,20263151,inserted_20260730_block,1,Matched terminal weighted e-BH,0,1,1,16,1145.5625
2.25,0.5,20263152,inserted_20260730_block,1,SAFE-ALPHA,0,1,1,16,377.875
2.25,0.5,20263152,inserted_20260730_block,1,Matched terminal weighted e-BH,0,1,1,16,1146.5
2.25,0.5,20263153,inserted_20260730_block,1,SAFE-ALPHA,0,1,1,16,444.125
2.25,0.5,20263153,inserted_20260730_block,1,Matched terminal weighted e-BH,0,1,1,16,1146.5
2.25,0.5,20263154,inserted_20260730_block,1,SAFE-ALPHA,0,1,1,16,418.1875
2.25,0.5,20263154,inserted_20260730_block,1,Matched terminal weighted e-BH,0,1,1,16,1146.5
2.25,0.5,20263155,inserted_20260730_block,1,SAFE-ALPHA,0,1,1,16,484.4375
2.25,0.5,20263155,inserted_20260730_block,1,Matched terminal weighted e-BH,0,1,1,16,1146.5
2.25,0.5,20263156,inserted_20260730_block,1,SAFE-ALPHA,0,0.875,0.875,14,788.714285714
2.25,0.5,20263156,inserted_20260730_block,1,Matched terminal weighted e-BH,0,0.875,0.875,14,1161.5
2.25,0.5,20263157,inserted_20260730_block,1,SAFE-ALPHA,0,0.9375,0.9375,15,385.333333333
2.25,0.5,20263157,inserted_20260730_block,1,Matched terminal weighted e-BH,0,0.75,0.75,12,1156.5
2.25,0.5,20263158,inserted_20260730_block,1,SAFE-ALPHA,0,0.8125,0.8125,13,615.230769231
2.25,0.5,20263158,inserted_20260730_block,1,Matched terminal weighted e-BH,0,0.8125,0.8125,13,1169
2.25,0.5,20263159,inserted_20260730_block,1,SAFE-ALPHA,0,1,1,16,419.4375
2.25,0.5,20263159,inserted_20260730_block,1,Matched terminal weighted e-BH,0,1,1,16,1145.5625
2.25,0.5,20263160,inserted_20260730_block,1,SAFE-ALPHA,0,1,1,16,334.75
2.25,0.5,20263160,inserted_20260730_block,1,Matched terminal weighted e-BH,0,1,1,16,1146.5
2.25,0.5,20263161,inserted_20260730_block,1,SAFE-ALPHA,0,1,1,16,752.5625
2.25,0.5,20263161,inserted_20260730_block,1,Matched terminal weighted e-BH,0,1,1,16,1146.5
2.25,0.5,20263162,inserted_20260730_block,1,SAFE-ALPHA,0,1,1,16,492.5625
2.25,0.5,20263162,inserted_20260730_block,1,Matched terminal weighted e-BH,0,1,1,16,1142.75
2.25,0.5,20263163,inserted_20260730_block,1,SAFE-ALPHA,0,0.9375,0.9375,15,504.666666667
2.25,0.5,20263163,inserted_20260730_block,1,Matched terminal weighted e-BH,0,0.9375,0.9375,15,1154
2.25,0.5,20263164,inserted_20260730_block,1,SAFE-ALPHA,0,1,1,16,558.8125
2.25,0.5,20263164,inserted_20260730_block,1,Matched terminal weighted e-BH,0,1,1,16,1146.5
2.25,0.5,20263165,inserted_20260730_block,1,SAFE-ALPHA,0,1,1,16,423.8125
2.25,0.5,20263165,inserted_20260730_block,1,Matched terminal weighted e-BH,0,1,1,16,1146.5
2.25,0.5,20263166,inserted_20260730_block,1,SAFE-ALPHA,0,1,1,16,374.125
2.25,0.5,20263166,inserted_20260730_block,1,Matched terminal weighted e-BH,0,0.9375,0.9375,15,1146
2.25,0.5,20263167,inserted_20260730_block,1,SAFE-ALPHA,0,1,1,16,404.125
2.25,0.5,20263167,inserted_20260730_block,1,Matched terminal weighted e-BH,0,1,1,16,1146.5
2.25,0.5,20263168,inserted_20260730_block,1,SAFE-ALPHA,0,1,1,16,466.9375
2.25,0.5,20263168,inserted_20260730_block,1,Matched terminal weighted e-BH,0,0.9375,0.9375,15,1154
2.25,0.5,20263169,inserted_20260730_block,1,SAFE-ALPHA,0,1,1,16,387.5625
2.25,0.5,20263169,inserted_20260730_block,1,Matched terminal weighted e-BH,0,1,1,16,1143.6875
2.25,0.5,20263170,inserted_20260730_block,1,SAFE-ALPHA,0,0.9375,0.9375,15,752.666666667
2.25,0.5,20263170,inserted_20260730_block,1,Matched terminal weighted e-BH,0,0.9375,0.9375,15,1150
2.25,0.5,20263171,inserted_20260730_block,1,SAFE-ALPHA,0,1,1,16,325.6875
2.25,0.5,20263171,inserted_20260730_block,1,Matched terminal weighted e-BH,0,1,1,16,1146.5
2.25,0.5,20263172,inserted_20260730_block,1,SAFE-ALPHA,0,1,1,16,451.9375
2.25,0.5,20263172,inserted_20260730_block,1,Matched terminal weighted e-BH,0,1,1,16,1146.5
2.25,0.5,20263173,inserted_20260730_block,1,SAFE-ALPHA,0,1,1,16,780.6875
2.25,0.5,20263173,inserted_20260730_block,1,Matched terminal weighted e-BH,0,1,1,16,1140.875
2.25,0.5,20263174,inserted_20260730_block,1,SAFE-ALPHA,0,1,1,16,259.4375
2.25,0.5,20263174,inserted_20260730_block,1,Matched terminal weighted e-BH,0,1,1,16,1146.5
2.25,0.5,20263175,inserted_20260730_block,1,SAFE-ALPHA,0,0.6875,0.6875,11,530.090909091
2.25,0.5,20263175,inserted_20260730_block,1,Matched terminal weighted e-BH,0,0.6875,0.6875,11,1184
2.25,0.5,20263176,inserted_20260730_block,1,SAFE-ALPHA,0,0.9375,0.9375,15,643.333333333
2.25,0.5,20263176,inserted_20260730_block,1,Matched terminal weighted e-BH,0,0.875,0.875,14,1151.85714286
2.25,0.5,20263177,inserted_20260730_block,1,SAFE-ALPHA,0,1,1,16,435.375
2.25,0.5,20263177,inserted_20260730_block,1,Matched terminal weighted e-BH,0,1,1,16,1146.5
2.25,0.5,20263178,inserted_20260730_block,1,SAFE-ALPHA,0,1,1,16,501
2.25,0.5,20263178,inserted_20260730_block,1,Matched terminal weighted e-BH,0,1,1,16,1146.5
2.25,0.5,20263179,inserted_20260730_block,1,SAFE-ALPHA,0,1,1,16,356.3125
2.25,0.5,20263179,inserted_20260730_block,1,Matched terminal weighted e-BH,0,1,1,16,1146.5
2.25,0.5,20263180,inserted_20260730_block,1,SAFE-ALPHA,0,1,1,16,360.0625
2.25,0.5,20263180,inserted_20260730_block,1,Matched terminal weighted e-BH,0,1,1,16,1146.5
2.25,0.5,20263181,inserted_20260730_block,1,SAFE-ALPHA,0,0.6875,0.6875,11,712.818181818
2.25,0.5,20263181,inserted_20260730_block,1,Matched terminal weighted e-BH,0,0.6875,0.6875,11,1159.45454545
2.25,0.5,20263182,inserted_20260730_block,1,SAFE-ALPHA,0,1,1,16,417.5625
2.25,0.5,20263182,inserted_20260730_block,1,Matched terminal weighted e-BH,0,0.875,0.875,14,1156.14285714
2.25,0.5,20263183,inserted_20260730_block,1,SAFE-ALPHA,0,0.9375,0.9375,15,546.333333333
2.25,0.5,20263183,inserted_20260730_block,1,Matched terminal weighted e-BH,0,0.8125,0.8125,13,1148.23076923
2.25,0.5,20263184,inserted_20260730_block,1,SAFE-ALPHA,0,1,1,16,395.6875
2.25,0.5,20263184,inserted_20260730_block,1,Matched terminal weighted e-BH,0,1,1,16,1146.5
2.25,0.5,20263185,inserted_20260730_block,1,SAFE-ALPHA,0,1,1,16,485.0625
2.25,0.5,20263185,inserted_20260730_block,1,Matched terminal weighted e-BH,0,1,1,16,1145.5625
2.25,0.5,20263186,inserted_20260730_block,1,SAFE-ALPHA,0,1,1,16,230.6875
2.25,0.5,20263186,inserted_20260730_block,1,Matched terminal weighted e-BH,0,1,1,16,1146.5
2.25,0.5,20263187,inserted_20260730_block,1,SAFE-ALPHA,0,1,1,16,640.6875
2.25,0.5,20263187,inserted_20260730_block,1,Matched terminal weighted e-BH,0,1,1,16,1146.5
2.25,0.5,20263188,inserted_20260730_block,1,SAFE-ALPHA,0,0.625,0.625,10,671
2.25,0.5,20263188,inserted_20260730_block,1,Matched terminal weighted e-BH,0,0.625,0.625,10,1184
2.25,0.5,20263189,inserted_20260730_block,1,SAFE-ALPHA,0,1,1,16,472.25
2.25,0.5,20263189,inserted_20260730_block,1,Matched terminal weighted e-BH,0,1,1,16,1146.5
2.25,0.5,20263190,inserted_20260730_block,1,SAFE-ALPHA,0,1,1,16,546.3125
2.25,0.5,20263190,inserted_20260730_block,1,Matched terminal weighted e-BH,0,1,1,16,1146.5
2.25,0.5,20263191,inserted_20260730_block,1,SAFE-ALPHA,0,1,1,16,258.8125
2.25,0.5,20263191,inserted_20260730_block,1,Matched terminal weighted e-BH,0,1,1,16,1146.5
2.25,0.5,20263192,inserted_20260730_block,1,SAFE-ALPHA,0,1,1,16,656
2.25,0.5,20263192,inserted_20260730_block,1,Matched terminal weighted e-BH,0,1,1,16,1146.5
2.25,0.5,20263193,inserted_20260730_block,1,SAFE-ALPHA,0,0.9375,0.9375,15,444.333333333
2.25,0.5,20263193,inserted_20260730_block,1,Matched terminal weighted e-BH,0,0.9375,0.9375,15,1150
2.25,0.5,20263194,inserted_20260730_block,1,SAFE-ALPHA,0,0.9375,0.9375,15,709.333333333
2.25,0.5,20263194,inserted_20260730_block,1,Matched terminal weighted e-BH,0,0.875,0.875,14,1159.35714286
2.25,0.5,20263195,inserted_20260730_block,1,SAFE-ALPHA,0,1,1,16,542.5625
2.25,0.5,20263195,inserted_20260730_block,1,Matched terminal weighted e-BH,0,1,1,16,1143.6875
2.25,0.5,20263196,inserted_20260730_block,1,SAFE-ALPHA,0,0.9375,0.9375,15,268.333333333
2.25,0.5,20263196,inserted_20260730_block,1,Matched terminal weighted e-BH,0,0.875,0.875,14,1159.35714286
2.25,0.5,20263197,inserted_20260730_block,1,SAFE-ALPHA,0,0.9375,0.9375,15,491.666666667
2.25,0.5,20263197,inserted_20260730_block,1,Matched terminal weighted e-BH,0,0.9375,0.9375,15,1153
2.25,0.5,20263198,inserted_20260730_block,1,SAFE-ALPHA,0,1,1,16,439.125
2.25,0.5,20263198,inserted_20260730_block,1,Matched terminal weighted e-BH,0,1,1,16,1146.5
2.25,0.5,20263199,inserted_20260730_block,1,SAFE-ALPHA,0,0.875,0.875,14,648.142857143
2.25,0.5,20263199,inserted_20260730_block,1,Matched terminal weighted e-BH,0,0.875,0.875,14,1161.5
2.25,0.5,20263200,inserted_20260730_block,1,SAFE-ALPHA,0,0.9375,0.9375,15,643.666666667
2.25,0.5,20263200,inserted_20260730_block,1,Matched terminal weighted e-BH,0,0.9375,0.9375,15,1154
2.25,0.5,20263201,inserted_20260730_block,1,SAFE-ALPHA,0,0.875,0.875,14,401.714285714
2.25,0.5,20263201,inserted_20260730_block,1,Matched terminal weighted e-BH,0,0.875,0.875,14,1159.35714286
2.25,0.5,20263202,inserted_20260730_block,1,SAFE-ALPHA,0,0.9375,0.9375,15,444.666666667
2.25,0.5,20263202,inserted_20260730_block,1,Matched terminal weighted e-BH,0,0.9375,0.9375,15,1154
2.25,0.5,20263203,inserted_20260730_block,1,SAFE-ALPHA,0,0.9375,0.9375,15,576.333333333
2.25,0.5,20263203,inserted_20260730_block,1,Matched terminal weighted e-BH,0,0.9375,0.9375,15,1154
2.25,0.5,20263204,inserted_20260730_block,1,SAFE-ALPHA,0,1,1,16,341
2.25,0.5,20263204,inserted_20260730_block,1,Matched terminal weighted e-BH,0,1,1,16,1146.5
2.25,0.5,20263205,inserted_20260730_block,1,SAFE-ALPHA,0,1,1,16,455.6875
2.25,0.5,20263205,inserted_20260730_block,1,Matched terminal weighted e-BH,0,1,1,16,1146.5
2.25,0.5,20263206,inserted_20260730_block,1,SAFE-ALPHA,0,0.8125,0.8125,13,680.230769231
2.25,0.5,20263206,inserted_20260730_block,1,Matched terminal weighted e-BH,0,0.8125,0.8125,13,1166.69230769
2.25,0.5,20263207,inserted_20260730_block,1,SAFE-ALPHA,0,1,1,16,559.4375
2.25,0.5,20263207,inserted_20260730_block,1,Matched terminal weighted e-BH,0,0.9375,0.9375,15,1147
2.25,0.5,20263208,inserted_20260730_block,1,SAFE-ALPHA,0,1,1,16,442.875
2.25,0.5,20263208,inserted_20260730_block,1,Matched terminal weighted e-BH,0,1,1,16,1146.5
2.25,0.5,20263209,inserted_20260730_block,1,SAFE-ALPHA,0,1,1,16,416
2.25,0.5,20263209,inserted_20260730_block,1,Matched terminal weighted e-BH,0,1,1,16,1146.5
2.25,0.5,20263210,inserted_20260730_block,1,SAFE-ALPHA,0,1,1,16,515.375
2.25,0.5,20263210,inserted_20260730_block,1,Matched terminal weighted e-BH,0,0.9375,0.9375,15,1146
2.25,0.5,20263211,inserted_20260730_block,1,SAFE-ALPHA,0,1,1,16,551.3125
2.25,0.5,20263211,inserted_20260730_block,1,Matched terminal weighted e-BH,0,1,1,16,1145.5625
2.25,0.5,20263212,inserted_20260730_block,1,SAFE-ALPHA,0,1,1,16,300.0625
2.25,0.5,20263212,inserted_20260730_block,1,Matched terminal weighted e-BH,0,1,1,16,1146.5
2.25,0.5,20263213,inserted_20260730_block,1,SAFE-ALPHA,0,0.75,0.75,12,483.083333333
2.25,0.5,20263213,inserted_20260730_block,1,Matched terminal weighted e-BH,0,0.625,0.625,10,1182.5
2.25,0.5,20263214,inserted_20260730_block,1,SAFE-ALPHA,0,1,1,16,238.8125
2.25,0.5,20263214,inserted_20260730_block,1,Matched terminal weighted e-BH,0,1,1,16,1146.5
2.25,0.5,20263215,inserted_20260730_block,1,SAFE-ALPHA,0,1,1,16,359.75
2.25,0.5,20263215,inserted_20260730_block,1,Matched terminal weighted e-BH,0,1,1,16,1146.5
2.25,0.5,20263216,inserted_20260730_block,1,SAFE-ALPHA,0,1,1,16,392.5625
2.25,0.5,20263216,inserted_20260730_block,1,Matched terminal weighted e-BH,0,1,1,16,1143.6875
2.25,0.5,20263217,inserted_20260730_block,1,SAFE-ALPHA,0,1,1,16,286.3125
2.25,0.5,20263217,inserted_20260730_block,1,Matched terminal weighted e-BH,0,1,1,16,1146.5
2.25,0.5,20263218,inserted_20260730_block,1,SAFE-ALPHA,0,1,1,16,382.875
2.25,0.5,20263218,inserted_20260730_block,1,Matched terminal weighted e-BH,0,1,1,16,1146.5
2.25,0.5,20263219,inserted_20260730_block,1,SAFE-ALPHA,0,0.875,0.875,14,509.928571429
2.25,0.5,20263219,inserted_20260730_block,1,Matched terminal weighted e-BH,0,0.75,0.75,12,1155.25
2.25,0.5,20263220,inserted_20260730_block,1,SAFE-ALPHA,0,1,1,16,371.625
2.25,0.5,20263220,inserted_20260730_block,1,Matched terminal weighted e-BH,0,1,1,16,1146.5
2.25,0.5,20263221,inserted_20260730_block,1,SAFE-ALPHA,0,1,1,16,631.9375
2.25,0.5,20263221,inserted_20260730_block,1,Matched terminal weighted e-BH,0,1,1,16,1146.5
2.25,0.5,20263222,inserted_20260730_block,1,SAFE-ALPHA,0,1,1,16,352.875
2.25,0.5,20263222,inserted_20260730_block,1,Matched terminal weighted e-BH,0,1,1,16,1146.5
2.25,0.5,20263223,inserted_20260730_block,1,SAFE-ALPHA,0,1,1,16,344.125
2.25,0.5,20263223,inserted_20260730_block,1,Matched terminal weighted e-BH,0,1,1,16,1146.5
2.25,0.5,20263224,inserted_20260730_block,1,SAFE-ALPHA,0,1,1,16,365.6875
2.25,0.5,20263224,inserted_20260730_block,1,Matched terminal weighted e-BH,0,1,1,16,1146.5
2.25,0.5,20263225,inserted_20260730_block,1,SAFE-ALPHA,0,1,1,16,552.5625
2.25,0.5,20263225,inserted_20260730_block,1,Matched terminal weighted e-BH,0,1,1,16,1146.5
2.25,0.5,20263226,inserted_20260730_block,1,SAFE-ALPHA,0,1,1,16,603.1875
2.25,0.5,20263226,inserted_20260730_block,1,Matched terminal weighted e-BH,0,1,1,16,1144.625
2.25,0.5,20263227,inserted_20260730_block,1,SAFE-ALPHA,0,0.9375,0.9375,15,437.666666667
2.25,0.5,20263227,inserted_20260730_block,1,Matched terminal weighted e-BH,0,0.9375,0.9375,15,1149
2.25,0.5,20263228,inserted_20260730_block,1,SAFE-ALPHA,0,1,1,16,467.875
2.25,0.5,20263228,inserted_20260730_block,1,Matched terminal weighted e-BH,0,1,1,16,1146.5
2.25,0.5,20263229,inserted_20260730_block,1,SAFE-ALPHA,0,1,1,16,357.25
2.25,0.5,20263229,inserted_20260730_block,1,Matched terminal weighted e-BH,0,0.9375,0.9375,15,1150
2.5,0.5,20263230,inserted_20260730_block,1,SAFE-ALPHA,0,1,1,16,497.25
2.5,0.5,20263230,inserted_20260730_block,1,Matched terminal weighted e-BH,0,1,1,16,1146.5
2.5,0.5,20263231,inserted_20260730_block,1,SAFE-ALPHA,0,0.9375,0.9375,15,305
2.5,0.5,20263231,inserted_20260730_block,1,Matched terminal weighted e-BH,0,0.9375,0.9375,15,1147
2.5,0.5,20263232,inserted_20260730_block,1,SAFE-ALPHA,0,1,1,16,316.625
2.5,0.5,20263232,inserted_20260730_block,1,Matched terminal weighted e-BH,0,1,1,16,1146.5
2.5,0.5,20263233,inserted_20260730_block,1,SAFE-ALPHA,0,1,1,16,302.5625
2.5,0.5,20263233,inserted_20260730_block,1,Matched terminal weighted e-BH,0,1,1,16,1146.5
2.5,0.5,20263234,inserted_20260730_block,1,SAFE-ALPHA,0,1,1,16,487.5625
2.5,0.5,20263234,inserted_20260730_block,1,Matched terminal weighted e-BH,0,1,1,16,1146.5
2.5,0.5,20263235,inserted_20260730_block,1,SAFE-ALPHA,0,1,1,16,207.25
2.5,0.5,20263235,inserted_20260730_block,1,Matched terminal weighted e-BH,0,1,1,16,1146.5
2.5,0.5,20263236,inserted_20260730_block,1,SAFE-ALPHA,0,0.8125,0.8125,13,490.615384615
2.5,0.5,20263236,inserted_20260730_block,1,Matched terminal weighted e-BH,0,0.75,0.75,12,1171.5
2.5,0.5,20263237,inserted_20260730_block,1,SAFE-ALPHA,0,1,1,16,301.9375
2.5,0.5,20263237,inserted_20260730_block,1,Matched terminal weighted e-BH,0,1,1,16,1145.5625
2.5,0.5,20263238,inserted_20260730_block,1,SAFE-ALPHA,0,1,1,16,373.8125
2.5,0.5,20263238,inserted_20260730_block,1,Matched terminal weighted e-BH,0,1,1,16,1146.5
2.5,0.5,20263239,inserted_20260730_block,1,SAFE-ALPHA,0,0.9375,0.9375,15,325.666666667
2.5,0.5,20263239,inserted_20260730_block,1,Matched terminal weighted e-BH,0,0.9375,0.9375,15,1154
2.5,0.5,20263240,inserted_20260730_block,1,SAFE-ALPHA,0,1,1,16,521.9375
2.5,0.5,20263240,inserted_20260730_block,1,Matched terminal weighted e-BH,0,1,1,16,1146.5
2.5,0.5,20263241,inserted_20260730_block,1,SAFE-ALPHA,0,0.9375,0.9375,15,494.333333333
2.5,0.5,20263241,inserted_20260730_block,1,Matched terminal weighted e-BH,0,0.9375,0.9375,15,1153
2.5,0.5,20263242,inserted_20260730_block,1,SAFE-ALPHA,0,1,1,16,389.75
2.5,0.5,20263242,inserted_20260730_block,1,Matched terminal weighted e-BH,0,1,1,16,1146.5
2.5,0.5,20263243,inserted_20260730_block,1,SAFE-ALPHA,0,1,1,16,358.8125
2.5,0.5,20263243,inserted_20260730_block,1,Matched terminal weighted e-BH,0,1,1,16,1146.5
2.5,0.5,20263244,inserted_20260730_block,1,SAFE-ALPHA,0,1,1,16,206
2.5,0.5,20263244,inserted_20260730_block,1,Matched terminal weighted e-BH,0,1,1,16,1146.5
2.5,0.5,20263245,inserted_20260730_block,1,SAFE-ALPHA,0,1,1,16,318.5
2.5,0.5,20263245,inserted_20260730_block,1,Matched terminal weighted e-BH,0,1,1,16,1146.5
2.5,0.5,20263246,inserted_20260730_block,1,SAFE-ALPHA,0,1,1,16,323.8125
2.5,0.5,20263246,inserted_20260730_block,1,Matched terminal weighted e-BH,0,1,1,16,1146.5
2.5,0.5,20263247,inserted_20260730_block,1,SAFE-ALPHA,0,1,1,16,502.5625
2.5,0.5,20263247,inserted_20260730_block,1,Matched terminal weighted e-BH,0,1,1,16,1143.6875
2.5,0.5,20263248,inserted_20260730_block,1,SAFE-ALPHA,0,1,1,16,359.125
2.5,0.5,20263248,inserted_20260730_block,1,Matched terminal weighted e-BH,0,1,1,16,1146.5
2.5,0.5,20263249,inserted_20260730_block,1,SAFE-ALPHA,0,1,1,16,284.4375
2.5,0.5,20263249,inserted_20260730_block,1,Matched terminal weighted e-BH,0,1,1,16,1146.5
2.5,0.5,20263250,inserted_20260730_block,1,SAFE-ALPHA,0,1,1,16,410.0625
2.5,0.5,20263250,inserted_20260730_block,1,Matched terminal weighted e-BH,0,1,1,16,1146.5
2.5,0.5,20263251,inserted_20260730_block,1,SAFE-ALPHA,0,1,1,16,271.625
2.5,0.5,20263251,inserted_20260730_block,1,Matched terminal weighted e-BH,0,1,1,16,1146.5
2.5,0.5,20263252,inserted_20260730_block,1,SAFE-ALPHA,0,1,1,16,325.6875
2.5,0.5,20263252,inserted_20260730_block,1,Matched terminal weighted e-BH,0,1,1,16,1146.5
2.5,0.5,20263253,inserted_20260730_block,1,SAFE-ALPHA,0,1,1,16,231.625
2.5,0.5,20263253,inserted_20260730_block,1,Matched terminal weighted e-BH,0,1,1,16,1146.5
2.5,0.5,20263254,inserted_20260730_block,1,SAFE-ALPHA,0,1,1,16,370.0625
2.5,0.5,20263254,inserted_20260730_block,1,Matched terminal weighted e-BH,0,1,1,16,1146.5
2.5,0.5,20263255,inserted_20260730_block,1,SAFE-ALPHA,0,1,1,16,410.375
2.5,0.5,20263255,inserted_20260730_block,1,Matched terminal weighted e-BH,0,1,1,16,1146.5
2.5,0.5,20263256,inserted_20260730_block,1,SAFE-ALPHA,0,1,1,16,247.25
2.5,0.5,20263256,inserted_20260730_block,1,Matched terminal weighted e-BH,0,1,1,16,1146.5
2.5,0.5,20263257,inserted_20260730_block,1,SAFE-ALPHA,0,1,1,16,328.8125
2.5,0.5,20263257,inserted_20260730_block,1,Matched terminal weighted e-BH,0,1,1,16,1146.5
2.5,0.5,20263258,inserted_20260730_block,1,SAFE-ALPHA,0,1,1,16,207.875
2.5,0.5,20263258,inserted_20260730_block,1,Matched terminal weighted e-BH,0,1,1,16,1146.5
2.5,0.5,20263259,inserted_20260730_block,1,SAFE-ALPHA,0,1,1,16,282.875
2.5,0.5,20263259,inserted_20260730_block,1,Matched terminal weighted e-BH,0,1,1,16,1146.5
2.5,0.5,20263260,inserted_20260730_block,1,SAFE-ALPHA,0,1,1,16,199.75
2.5,0.5,20263260,inserted_20260730_block,1,Matched terminal weighted e-BH,0,1,1,16,1146.5
2.5,0.5,20263261,inserted_20260730_block,1,SAFE-ALPHA,0,1,1,16,332.875
2.5,0.5,20263261,inserted_20260730_block,1,Matched terminal weighted e-BH,0,1,1,16,1146.5
2.5,0.5,20263262,inserted_20260730_block,1,SAFE-ALPHA,0,1,1,16,436.625
2.5,0.5,20263262,inserted_20260730_block,1,Matched terminal weighted e-BH,0,1,1,16,1146.5
2.5,0.5,20263263,inserted_20260730_block,1,SAFE-ALPHA,0,1,1,16,368.1875
2.5,0.5,20263263,inserted_20260730_block,1,Matched terminal weighted e-BH,0,1,1,16,1145.5625
2.5,0.5,20263264,inserted_20260730_block,1,SAFE-ALPHA,0,1,1,16,479.125
2.5,0.5,20263264,inserted_20260730_block,1,Matched terminal weighted e-BH,0,1,1,16,1146.5
2.5,0.5,20263265,inserted_20260730_block,1,SAFE-ALPHA,0,1,1,16,254.4375
2.5,0.5,20263265,inserted_20260730_block,1,Matched terminal weighted e-BH,0,1,1,16,1145.5625
2.5,0.5,20263266,inserted_20260730_block,1,SAFE-ALPHA,0,1,1,16,354.4375
2.5,0.5,20263266,inserted_20260730_block,1,Matched terminal weighted e-BH,0,1,1,16,1146.5
2.5,0.5,20263267,inserted_20260730_block,1,SAFE-ALPHA,0,1,1,16,301.625
2.5,0.5,20263267,inserted_20260730_block,1,Matched terminal weighted e-BH,0,0.875,0.875,14,1152.92857143
2.5,0.5,20263268,inserted_20260730_block,1,SAFE-ALPHA,0,1,1,16,541.625
2.5,0.5,20263268,inserted_20260730_block,1,Matched terminal weighted e-BH,0,1,1,16,1146.5
2.5,0.5,20263269,inserted_20260730_block,1,SAFE-ALPHA,0,1,1,16,422.875
2.5,0.5,20263269,inserted_20260730_block,1,Matched terminal weighted e-BH,0,1,1,16,1146.5
2.5,0.5,20263270,inserted_20260730_block,1,SAFE-ALPHA,0,1,1,16,827.25
2.5,0.5,20263270,inserted_20260730_block,1,Matched terminal weighted e-BH,0,1,1,16,1146.5
2.5,0.5,20263271,inserted_20260730_block,1,SAFE-ALPHA,0,1,1,16,350.0625
2.5,0.5,20263271,inserted_20260730_block,1,Matched terminal weighted e-BH,0,1,1,16,1146.5
2.5,0.5,20263272,inserted_20260730_block,1,SAFE-ALPHA,0,1,1,16,390.6875
2.5,0.5,20263272,inserted_20260730_block,1,Matched terminal weighted e-BH,0,1,1,16,1146.5
2.5,0.5,20263273,inserted_20260730_block,1,SAFE-ALPHA,0,1,1,16,335.0625
2.5,0.5,20263273,inserted_20260730_block,1,Matched terminal weighted e-BH,0,1,1,16,1146.5
2.5,0.5,20263274,inserted_20260730_block,1,SAFE-ALPHA,0,1,1,16,567.25
2.5,0.5,20263274,inserted_20260730_block,1,Matched terminal weighted e-BH,0,1,1,16,1146.5
2.5,0.5,20263275,inserted_20260730_block,1,SAFE-ALPHA,0,1,1,16,308.8125
2.5,0.5,20263275,inserted_20260730_block,1,Matched terminal weighted e-BH,0,1,1,16,1146.5
2.5,0.5,20263276,inserted_20260730_block,1,SAFE-ALPHA,0.0588235294118,1,1,17,248.5
2.5,0.5,20263276,inserted_20260730_block,1,Matched terminal weighted e-BH,0,1,1,16,1146.5
2.5,0.5,20263277,inserted_20260730_block,1,SAFE-ALPHA,0,1,1,16,472.25
2.5,0.5,20263277,inserted_20260730_block,1,Matched terminal weighted e-BH,0,0.9375,0.9375,15,1146
2.5,0.5,20263278,inserted_20260730_block,1,SAFE-ALPHA,0,1,1,16,262.25
2.5,0.5,20263278,inserted_20260730_block,1,Matched terminal weighted e-BH,0,1,1,16,1146.5
2.5,0.5,20263279,inserted_20260730_block,1,SAFE-ALPHA,0,0.9375,0.9375,15,595.333333333
2.5,0.5,20263279,inserted_20260730_block,1,Matched terminal weighted e-BH,0,0.9375,0.9375,15,1153
2.5,0.5,20263280,inserted_20260730_block,1,SAFE-ALPHA,0,1,1,16,250.6875
2.5,0.5,20263280,inserted_20260730_block,1,Matched terminal weighted e-BH,0,1,1,16,1146.5
2.5,0.5,20263281,inserted_20260730_block,1,SAFE-ALPHA,0,0.9375,0.9375,15,497.333333333
2.5,0.5,20263281,inserted_20260730_block,1,Matched terminal weighted e-BH,0,0.9375,0.9375,15,1147
2.5,0.5,20263282,inserted_20260730_block,1,SAFE-ALPHA,0,1,1,16,278.8125
2.5,0.5,20263282,inserted_20260730_block,1,Matched terminal weighted e-BH,0,1,1,16,1146.5
2.5,0.5,20263283,inserted_20260730_block,1,SAFE-ALPHA,0,1,1,16,399.4375
2.5,0.5,20263283,inserted_20260730_block,1,Matched terminal weighted e-BH,0,1,1,16,1146.5
2.5,0.5,20263284,inserted_20260730_block,1,SAFE-ALPHA,0,1,1,16,553.8125
2.5,0.5,20263284,inserted_20260730_block,1,Matched terminal weighted e-BH,0,0.9375,0.9375,15,1153
2.5,0.5,20263285,inserted_20260730_block,1,SAFE-ALPHA,0,1,1,16,550.0625
2.5,0.5,20263285,inserted_20260730_block,1,Matched terminal weighted e-BH,0,1,1,16,1146.5
2.5,0.5,20263286,inserted_20260730_block,1,SAFE-ALPHA,0,1,1,16,390.6875
2.5,0.5,20263286,inserted_20260730_block,1,Matched terminal weighted e-BH,0,1,1,16,1146.5
2.5,0.5,20263287,inserted_20260730_block,1,SAFE-ALPHA,0,1,1,16,302.875
2.5,0.5,20263287,inserted_20260730_block,1,Matched terminal weighted e-BH,0,1,1,16,1143.6875
2.5,0.5,20263288,inserted_20260730_block,1,SAFE-ALPHA,0,1,1,16,399.4375
2.5,0.5,20263288,inserted_20260730_block,1,Matched terminal weighted e-BH,0,1,1,16,1146.5
2.5,0.5,20263289,inserted_20260730_block,1,SAFE-ALPHA,0,1,1,16,322.25
2.5,0.5,20263289,inserted_20260730_block,1,Matched terminal weighted e-BH,0,1,1,16,1146.5
2.5,0.5,20263290,inserted_20260730_block,1,SAFE-ALPHA,0,0.9375,0.9375,15,463.666666667
2.5,0.5,20263290,inserted_20260730_block,1,Matched terminal weighted e-BH,0,0.9375,0.9375,15,1148
2.5,0.5,20263291,inserted_20260730_block,1,SAFE-ALPHA,0,1,1,16,232.875
2.5,0.5,20263291,inserted_20260730_block,1,Matched terminal weighted e-BH,0,1,1,16,1146.5
2.5,0.5,20263292,inserted_20260730_block,1,SAFE-ALPHA,0,1,1,16,416
2.5,0.5,20263292,inserted_20260730_block,1,Matched terminal weighted e-BH,0,1,1,16,1146.5
2.5,0.5,20263293,inserted_20260730_block,1,SAFE-ALPHA,0,0.875,0.875,14,495.642857143
2.5,0.5,20263293,inserted_20260730_block,1,Matched terminal weighted e-BH,0,0.6875,0.6875,11,1155.36363636
2.5,0.5,20263294,inserted_20260730_block,1,SAFE-ALPHA,0,1,1,16,442.25
2.5,0.5,20263294,inserted_20260730_block,1,Matched terminal weighted e-BH,0,1,1,16,1146.5
2.5,0.5,20263295,inserted_20260730_block,1,SAFE-ALPHA,0,0.875,0.875,14,588.142857143
2.5,0.5,20263295,inserted_20260730_block,1,Matched terminal weighted e-BH,0,0.875,0.875,14,1155.07142857
2.5,0.5,20263296,inserted_20260730_block,1,SAFE-ALPHA,0,1,1,16,508.8125
2.5,0.5,20263296,inserted_20260730_block,1,Matched terminal weighted e-BH,0,1,1,16,1146.5
2.5,0.5,20263297,inserted_20260730_block,1,SAFE-ALPHA,0,1,1,16,337.875
2.5,0.5,20263297,inserted_20260730_block,1,Matched terminal weighted e-BH,0,1,1,16,1146.5
2.5,0.5,20263298,inserted_20260730_block,1,SAFE-ALPHA,0,1,1,16,430.375
2.5,0.5,20263298,inserted_20260730_block,1,Matched terminal weighted e-BH,0,1,1,16,1146.5
2.5,0.5,20263299,inserted_20260730_block,1,SAFE-ALPHA,0,0.9375,0.9375,15,735.333333333
2.5,0.5,20263299,inserted_20260730_block,1,Matched terminal weighted e-BH,0,0.9375,0.9375,15,1144
2.5,0.5,20263300,inserted_20260730_block,1,SAFE-ALPHA,0,0.9375,0.9375,15,666.666666667
2.5,0.5,20263300,inserted_20260730_block,1,Matched terminal weighted e-BH,0,0.9375,0.9375,15,1145
2.5,0.5,20263301,inserted_20260730_block,1,SAFE-ALPHA,0,1,1,16,276.625
2.5,0.5,20263301,inserted_20260730_block,1,Matched terminal weighted e-BH,0,1,1,16,1146.5
2.5,0.5,20263302,inserted_20260730_block,1,SAFE-ALPHA,0,1,1,16,327.875
2.5,0.5,20263302,inserted_20260730_block,1,Matched terminal weighted e-BH,0,1,1,16,1144.625
2.5,0.5,20263303,inserted_20260730_block,1,SAFE-ALPHA,0,1,1,16,236.9375
2.5,0.5,20263303,inserted_20260730_block,1,Matched terminal weighted e-BH,0,1,1,16,1146.5
2.5,0.5,20263304,inserted_20260730_block,1,SAFE-ALPHA,0,1,1,16,266.9375
2.5,0.5,20263304,inserted_20260730_block,1,Matched terminal weighted e-BH,0,1,1,16,1146.5
2.5,0.5,20263305,inserted_20260730_block,1,SAFE-ALPHA,0,1,1,16,365.375
2.5,0.5,20263305,inserted_20260730_block,1,Matched terminal weighted e-BH,0,1,1,16,1145.5625
2.5,0.5,20263306,inserted_20260730_block,1,SAFE-ALPHA,0,1,1,16,296.9375
2.5,0.5,20263306,inserted_20260730_block,1,Matched terminal weighted e-BH,0,1,1,16,1146.5
2.5,0.5,20263307,inserted_20260730_block,1,SAFE-ALPHA,0,1,1,16,365.0625
2.5,0.5,20263307,inserted_20260730_block,1,Matched terminal weighted e-BH,0,1,1,16,1146.5
2.5,0.5,20263308,inserted_20260730_block,1,SAFE-ALPHA,0,1,1,16,294.75
2.5,0.5,20263308,inserted_20260730_block,1,Matched terminal weighted e-BH,0,1,1,16,1143.6875
2.5,0.5,20263309,inserted_20260730_block,1,SAFE-ALPHA,0,1,1,16,563.5
2.5,0.5,20263309,inserted_20260730_block,1,Matched terminal weighted e-BH,0,1,1,16,1146.5
2.5,0.5,20263310,inserted_20260730_block,1,SAFE-ALPHA,0,1,1,16,314.4375
2.5,0.5,20263310,inserted_20260730_block,1,Matched terminal weighted e-BH,0,1,1,16,1146.5
2.5,0.5,20263311,inserted_20260730_block,1,SAFE-ALPHA,0,1,1,16,379.4375
2.5,0.5,20263311,inserted_20260730_block,1,Matched terminal weighted e-BH,0,0.9375,0.9375,15,1154
2.5,0.5,20263312,inserted_20260730_block,1,SAFE-ALPHA,0,1,1,16,291
2.5,0.5,20263312,inserted_20260730_block,1,Matched terminal weighted e-BH,0,0.9375,0.9375,15,1146
2.5,0.5,20263313,inserted_20260730_block,1,SAFE-ALPHA,0,1,1,16,286.9375
2.5,0.5,20263313,inserted_20260730_block,1,Matched terminal weighted e-BH,0,1,1,16,1146.5
2.5,0.5,20263314,inserted_20260730_block,1,SAFE-ALPHA,0,1,1,16,638.5
2.5,0.5,20263314,inserted_20260730_block,1,Matched terminal weighted e-BH,0,1,1,16,1146.5
2.5,0.5,20263315,inserted_20260730_block,1,SAFE-ALPHA,0,1,1,16,414.125
2.5,0.5,20263315,inserted_20260730_block,1,Matched terminal weighted e-BH,0,1,1,16,1146.5
2.5,0.5,20263316,inserted_20260730_block,1,SAFE-ALPHA,0,1,1,16,368.8125
2.5,0.5,20263316,inserted_20260730_block,1,Matched terminal weighted e-BH,0,1,1,16,1146.5
2.5,0.5,20263317,inserted_20260730_block,1,SAFE-ALPHA,0,1,1,16,471
2.5,0.5,20263317,inserted_20260730_block,1,Matched terminal weighted e-BH,0,0.9375,0.9375,15,1154
2.5,0.5,20263318,inserted_20260730_block,1,SAFE-ALPHA,0,1,1,16,283.5
2.5,0.5,20263318,inserted_20260730_block,1,Matched terminal weighted e-BH,0,1,1,16,1146.5
2.5,0.5,20263319,inserted_20260730_block,1,SAFE-ALPHA,0,1,1,16,342.5625
2.5,0.5,20263319,inserted_20260730_block,1,Matched terminal weighted e-BH,0,1,1,16,1146.5
2.5,0.5,20263320,inserted_20260730_block,1,SAFE-ALPHA,0,1,1,16,344.75
2.5,0.5,20263320,inserted_20260730_block,1,Matched terminal weighted e-BH,0,0.875,0.875,14,1158.28571429
2.5,0.5,20263321,inserted_20260730_block,1,SAFE-ALPHA,0,1,1,16,274.75
2.5,0.5,20263321,inserted_20260730_block,1,Matched terminal weighted e-BH,0,1,1,16,1146.5
2.5,0.5,20263322,inserted_20260730_block,1,SAFE-ALPHA,0,1,1,16,345.6875
2.5,0.5,20263322,inserted_20260730_block,1,Matched terminal weighted e-BH,0,1,1,16,1146.5
2.5,0.5,20263323,inserted_20260730_block,1,SAFE-ALPHA,0,1,1,16,414.75
2.5,0.5,20263323,inserted_20260730_block,1,Matched terminal weighted e-BH,0,0.9375,0.9375,15,1154
2.5,0.5,20263324,inserted_20260730_block,1,SAFE-ALPHA,0,1,1,16,363.8125
2.5,0.5,20263324,inserted_20260730_block,1,Matched terminal weighted e-BH,0,1,1,16,1146.5
2.5,0.5,20263325,inserted_20260730_block,1,SAFE-ALPHA,0,1,1,16,339.75
2.5,0.5,20263325,inserted_20260730_block,1,Matched terminal weighted e-BH,0,1,1,16,1146.5
2.5,0.5,20263326,inserted_20260730_block,1,SAFE-ALPHA,0,1,1,16,404.125
2.5,0.5,20263326,inserted_20260730_block,1,Matched terminal weighted e-BH,0,1,1,16,1146.5
2.5,0.5,20263327,inserted_20260730_block,1,SAFE-ALPHA,0,1,1,16,352.25
2.5,0.5,20263327,inserted_20260730_block,1,Matched terminal weighted e-BH,0,1,1,16,1146.5
2.5,0.5,20263328,inserted_20260730_block,1,SAFE-ALPHA,0,1,1,16,407.875
2.5,0.5,20263328,inserted_20260730_block,1,Matched terminal weighted e-BH,0,0.9375,0.9375,15,1151
2.5,0.5,20263329,inserted_20260730_block,1,SAFE-ALPHA,0,1,1,16,466.625
2.5,0.5,20263329,inserted_20260730_block,1,Matched terminal weighted e-BH,0,1,1,16,1146.5
2.5,0.5,20263330,inserted_20260730_block,1,SAFE-ALPHA,0,0.9375,0.9375,15,496.333333333
2.5,0.5,20263330,inserted_20260730_block,1,Matched terminal weighted e-BH,0,0.8125,0.8125,13,1162.07692308
2.5,0.5,20263331,inserted_20260730_block,1,SAFE-ALPHA,0,1,1,16,355.375
2.5,0.5,20263331,inserted_20260730_block,1,Matched terminal weighted e-BH,0,1,1,16,1146.5
2.5,0.5,20263332,inserted_20260730_block,1,SAFE-ALPHA,0,0.9375,0.9375,15,407.333333333
2.5,0.5,20263332,inserted_20260730_block,1,Matched terminal weighted e-BH,0,0.9375,0.9375,15,1154
2.5,0.5,20263333,inserted_20260730_block,1,SAFE-ALPHA,0,1,1,16,228.1875
2.5,0.5,20263333,inserted_20260730_block,1,Matched terminal weighted e-BH,0,1,1,16,1146.5
2.5,0.5,20263334,inserted_20260730_block,1,SAFE-ALPHA,0,1,1,16,310.6875
2.5,0.5,20263334,inserted_20260730_block,1,Matched terminal weighted e-BH,0,1,1,16,1146.5
2.5,0.5,20263335,inserted_20260730_block,1,SAFE-ALPHA,0,1,1,16,301.3125
2.5,0.5,20263335,inserted_20260730_block,1,Matched terminal weighted e-BH,0,1,1,16,1146.5
2.5,0.5,20263336,inserted_20260730_block,1,SAFE-ALPHA,0,1,1,16,367.875
2.5,0.5,20263336,inserted_20260730_block,1,Matched terminal weighted e-BH,0,1,1,16,1146.5
2.5,0.5,20263337,inserted_20260730_block,1,SAFE-ALPHA,0,1,1,16,409.125
2.5,0.5,20263337,inserted_20260730_block,1,Matched terminal weighted e-BH,0,1,1,16,1146.5
2.5,0.5,20263338,inserted_20260730_block,1,SAFE-ALPHA,0,1,1,16,486
2.5,0.5,20263338,inserted_20260730_block,1,Matched terminal weighted e-BH,0,1,1,16,1146.5
2.5,0.5,20263339,inserted_20260730_block,1,SAFE-ALPHA,0,1,1,16,439.75
2.5,0.5,20263339,inserted_20260730_block,1,Matched terminal weighted e-BH,0,1,1,16,1144.625
2.5,0.5,20263340,inserted_20260730_block,1,SAFE-ALPHA,0,1,1,16,701.625
2.5,0.5,20263340,inserted_20260730_block,1,Matched terminal weighted e-BH,0,1,1,16,1146.5
2.5,0.5,20263341,inserted_20260730_block,1,SAFE-ALPHA,0,1,1,16,504.125
2.5,0.5,20263341,inserted_20260730_block,1,Matched terminal weighted e-BH,0,1,1,16,1146.5
2.5,0.5,20263342,inserted_20260730_block,1,SAFE-ALPHA,0,1,1,16,541.625
2.5,0.5,20263342,inserted_20260730_block,1,Matched terminal weighted e-BH,0,1,1,16,1146.5
2.5,0.5,20263343,inserted_20260730_block,1,SAFE-ALPHA,0,1,1,16,196
2.5,0.5,20263343,inserted_20260730_block,1,Matched terminal weighted e-BH,0,1,1,16,1146.5
2.5,0.5,20263344,inserted_20260730_block,1,SAFE-ALPHA,0,1,1,16,288.5
2.5,0.5,20263344,inserted_20260730_block,1,Matched terminal weighted e-BH,0,1,1,16,1146.5
2.5,0.5,20263345,inserted_20260730_block,1,SAFE-ALPHA,0,1,1,16,236.625
2.5,0.5,20263345,inserted_20260730_block,1,Matched terminal weighted e-BH,0,1,1,16,1146.5
2.5,0.5,20263346,inserted_20260730_block,1,SAFE-ALPHA,0,1,1,16,458.5
2.5,0.5,20263346,inserted_20260730_block,1,Matched terminal weighted e-BH,0,1,1,16,1146.5
2.5,0.5,20263347,inserted_20260730_block,1,SAFE-ALPHA,0,1,1,16,323.8125
2.5,0.5,20263347,inserted_20260730_block,1,Matched terminal weighted e-BH,0,1,1,16,1146.5
2.5,0.5,20263348,inserted_20260730_block,1,SAFE-ALPHA,0,1,1,16,542.5625
2.5,0.5,20263348,inserted_20260730_block,1,Matched terminal weighted e-BH,0,1,1,16,1143.6875
2.5,0.5,20263349,inserted_20260730_block,1,SAFE-ALPHA,0,1,1,16,588.1875
2.5,0.5,20263349,inserted_20260730_block,1,Matched terminal weighted e-BH,0,1,1,16,1146.5
2.5,0.5,20263350,inserted_20260730_block,1,SAFE-ALPHA,0,1,1,16,464.125
2.5,0.5,20263350,inserted_20260730_block,1,Matched terminal weighted e-BH,0,1,1,16,1146.5
2.5,0.5,20263351,inserted_20260730_block,1,SAFE-ALPHA,0,1,1,16,321.625
2.5,0.5,20263351,inserted_20260730_block,1,Matched terminal weighted e-BH,0,1,1,16,1146.5
2.5,0.5,20263352,inserted_20260730_block,1,SAFE-ALPHA,0,1,1,16,458.1875
2.5,0.5,20263352,inserted_20260730_block,1,Matched terminal weighted e-BH,0,1,1,16,1146.5
2.5,0.5,20263353,inserted_20260730_block,1,SAFE-ALPHA,0,1,1,16,363.5
2.5,0.5,20263353,inserted_20260730_block,1,Matched terminal weighted e-BH,0,1,1,16,1146.5
2.5,0.5,20263354,inserted_20260730_block,1,SAFE-ALPHA,0,1,1,16,396
2.5,0.5,20263354,inserted_20260730_block,1,Matched terminal weighted e-BH,0,1,1,16,1146.5
2.5,0.5,20263355,inserted_20260730_block,1,SAFE-ALPHA,0,1,1,16,305.6875
2.5,0.5,20263355,inserted_20260730_block,1,Matched terminal weighted e-BH,0,1,1,16,1146.5
2.5,0.5,20263356,inserted_20260730_block,1,SAFE-ALPHA,0,1,1,16,384.125
2.5,0.5,20263356,inserted_20260730_block,1,Matched terminal weighted e-BH,0,1,1,16,1146.5
2.5,0.5,20263357,inserted_20260730_block,1,SAFE-ALPHA,0,1,1,16,287.25
2.5,0.5,20263357,inserted_20260730_block,1,Matched terminal weighted e-BH,0,1,1,16,1146.5
2.5,0.5,20263358,inserted_20260730_block,1,SAFE-ALPHA,0,1,1,16,244.125
2.5,0.5,20263358,inserted_20260730_block,1,Matched terminal weighted e-BH,0,1,1,16,1146.5
2.5,0.5,20263359,inserted_20260730_block,1,SAFE-ALPHA,0,1,1,16,270.375
2.5,0.5,20263359,inserted_20260730_block,1,Matched terminal weighted e-BH,0,1,1,16,1146.5
2.5,0.5,20263360,inserted_20260730_block,1,SAFE-ALPHA,0,0.9375,0.9375,15,752.666666667
2.5,0.5,20263360,inserted_20260730_block,1,Matched terminal weighted e-BH,0,0.8125,0.8125,13,1165.53846154
2.5,0.5,20263361,inserted_20260730_block,1,SAFE-ALPHA,0,0.9375,0.9375,15,441.333333333
2.5,0.5,20263361,inserted_20260730_block,1,Matched terminal weighted e-BH,0,0.9375,0.9375,15,1153
2.5,0.5,20263362,inserted_20260730_block,1,SAFE-ALPHA,0,1,1,16,460.0625
2.5,0.5,20263362,inserted_20260730_block,1,Matched terminal weighted e-BH,0,1,1,16,1146.5
2.5,0.5,20263363,inserted_20260730_block,1,SAFE-ALPHA,0,1,1,16,343.1875
2.5,0.5,20263363,inserted_20260730_block,1,Matched terminal weighted e-BH,0,1,1,16,1146.5
2.5,0.5,20263364,inserted_20260730_block,1,SAFE-ALPHA,0,0.9375,0.9375,15,502
2.5,0.5,20263364,inserted_20260730_block,1,Matched terminal weighted e-BH,0,0.9375,0.9375,15,1152
2.5,0.5,20263365,inserted_20260730_block,1,SAFE-ALPHA,0,1,1,16,648.8125
2.5,0.5,20263365,inserted_20260730_block,1,Matched terminal weighted e-BH,0,1,1,16,1146.5
2.5,0.5,20263366,inserted_20260730_block,1,SAFE-ALPHA,0,1,1,16,241.625
2.5,0.5,20263366,inserted_20260730_block,1,Matched terminal weighted e-BH,0,1,1,16,1146.5
2.5,0.5,20263367,inserted_20260730_block,1,SAFE-ALPHA,0,1,1,16,241.625
2.5,0.5,20263367,inserted_20260730_block,1,Matched terminal weighted e-BH,0,1,1,16,1146.5
2.5,0.5,20263368,inserted_20260730_block,1,SAFE-ALPHA,0,1,1,16,469.4375
2.5,0.5,20263368,inserted_20260730_block,1,Matched terminal weighted e-BH,0,1,1,16,1146.5
2.5,0.5,20263369,inserted_20260730_block,1,SAFE-ALPHA,0,1,1,16,503.1875
2.5,0.5,20263369,inserted_20260730_block,1,Matched terminal weighted e-BH,0,1,1,16,1146.5
2.5,0.5,20263370,inserted_20260730_block,1,SAFE-ALPHA,0,1,1,16,431.3125
2.5,0.5,20263370,inserted_20260730_block,1,Matched terminal weighted e-BH,0,1,1,16,1146.5
2.5,0.5,20263371,inserted_20260730_block,1,SAFE-ALPHA,0,0.9375,0.9375,15,613.666666667
2.5,0.5,20263371,inserted_20260730_block,1,Matched terminal weighted e-BH,0,0.8125,0.8125,13,1157.46153846
2.5,0.5,20263372,inserted_20260730_block,1,SAFE-ALPHA,0,1,1,16,379.75
2.5,0.5,20263372,inserted_20260730_block,1,Matched terminal weighted e-BH,0,1,1,16,1146.5
2.5,0.5,20263373,inserted_20260730_block,1,SAFE-ALPHA,0,1,1,16,279.125
2.5,0.5,20263373,inserted_20260730_block,1,Matched terminal weighted e-BH,0,1,1,16,1146.5
2.5,0.5,20263374,inserted_20260730_block,1,SAFE-ALPHA,0,0.9375,0.9375,15,410
2.5,0.5,20263374,inserted_20260730_block,1,Matched terminal weighted e-BH,0,0.9375,0.9375,15,1143
2.5,0.5,20263375,inserted_20260730_block,1,SAFE-ALPHA,0,1,1,16,278.5
2.5,0.5,20263375,inserted_20260730_block,1,Matched terminal weighted e-BH,0,1,1,16,1146.5
2.5,0.5,20263376,inserted_20260730_block,1,SAFE-ALPHA,0,1,1,16,416
2.5,0.5,20263376,inserted_20260730_block,1,Matched terminal weighted e-BH,0,1,1,16,1146.5
2.5,0.5,20263377,inserted_20260730_block,1,SAFE-ALPHA,0,1,1,16,262.875
2.5,0.5,20263377,inserted_20260730_block,1,Matched terminal weighted e-BH,0,1,1,16,1145.5625
2.5,0.5,20263378,inserted_20260730_block,1,SAFE-ALPHA,0,1,1,16,307.5625
2.5,0.5,20263378,inserted_20260730_block,1,Matched terminal weighted e-BH,0,1,1,16,1145.5625
2.5,0.5,20263379,inserted_20260730_block,1,SAFE-ALPHA,0,1,1,16,286.9375
2.5,0.5,20263379,inserted_20260730_block,1,Matched terminal weighted e-BH,0,1,1,16,1146.5
2.5,0.5,20263380,inserted_20260730_block,1,SAFE-ALPHA,0,1,1,16,372.5625
2.5,0.5,20263380,inserted_20260730_block,1,Matched terminal weighted e-BH,0,1,1,16,1146.5
2.5,0.5,20263381,inserted_20260730_block,1,SAFE-ALPHA,0,1,1,16,406.9375
2.5,0.5,20263381,inserted_20260730_block,1,Matched terminal weighted e-BH,0,1,1,16,1146.5
2.5,0.5,20263382,inserted_20260730_block,1,SAFE-ALPHA,0,1,1,16,391
2.5,0.5,20263382,inserted_20260730_block,1,Matched terminal weighted e-BH,0,1,1,16,1146.5
2.5,0.5,20263383,inserted_20260730_block,1,SAFE-ALPHA,0,0.8125,0.8125,13,454.461538462
2.5,0.5,20263383,inserted_20260730_block,1,Matched terminal weighted e-BH,0,0.5625,0.5625,9,1169
2.5,0.5,20263384,inserted_20260730_block,1,SAFE-ALPHA,0,1,1,16,264.4375
2.5,0.5,20263384,inserted_20260730_block,1,Matched terminal weighted e-BH,0,1,1,16,1144.625
2.5,0.5,20263385,inserted_20260730_block,1,SAFE-ALPHA,0,0.9375,0.9375,15,691.666666667
2.5,0.5,20263385,inserted_20260730_block,1,Matched terminal weighted e-BH,0,0.9375,0.9375,15,1154
2.5,0.5,20263386,inserted_20260730_block,1,SAFE-ALPHA,0,0.875,0.875,14,538.142857143
2.5,0.5,20263386,inserted_20260730_block,1,Matched terminal weighted e-BH,0,0.875,0.875,14,1161.5
2.5,0.5,20263387,inserted_20260730_block,1,SAFE-ALPHA,0,1,1,16,317.25
2.5,0.5,20263387,inserted_20260730_block,1,Matched terminal weighted e-BH,0,1,1,16,1146.5
2.5,0.5,20263388,inserted_20260730_block,1,SAFE-ALPHA,0,0.6875,0.6875,11,506.454545455
2.5,0.5,20263388,inserted_20260730_block,1,Matched terminal weighted e-BH,0,0.5,0.5,8,1180.25
2.5,0.5,20263389,inserted_20260730_block,1,SAFE-ALPHA,0,1,1,16,381.625
2.5,0.5,20263389,inserted_20260730_block,1,Matched terminal weighted e-BH,0,1,1,16,1146.5
2.5,0.5,20263390,inserted_20260730_block,1,SAFE-ALPHA,0,1,1,16,259.75
2.5,0.5,20263390,inserted_20260730_block,1,Matched terminal weighted e-BH,0,1,1,16,1146.5
2.5,0.5,20263391,inserted_20260730_block,1,SAFE-ALPHA,0,0.9375,0.9375,15,452
2.5,0.5,20263391,inserted_20260730_block,1,Matched terminal weighted e-BH,0,0.9375,0.9375,15,1153
2.5,0.5,20263392,inserted_20260730_block,1,SAFE-ALPHA,0,0.9375,0.9375,15,615.666666667
2.5,0.5,20263392,inserted_20260730_block,1,Matched terminal weighted e-BH,0,0.9375,0.9375,15,1154
2.5,0.5,20263393,inserted_20260730_block,1,SAFE-ALPHA,0,1,1,16,369.4375
2.5,0.5,20263393,inserted_20260730_block,1,Matched terminal weighted e-BH,0,1,1,16,1145.5625
2.5,0.5,20263394,inserted_20260730_block,1,SAFE-ALPHA,0,1,1,16,276.625
2.5,0.5,20263394,inserted_20260730_block,1,Matched terminal weighted e-BH,0,1,1,16,1146.5
2.5,0.5,20263395,inserted_20260730_block,1,SAFE-ALPHA,0,1,1,16,428.1875
2.5,0.5,20263395,inserted_20260730_block,1,Matched terminal weighted e-BH,0,1,1,16,1142.75
2.5,0.5,20263396,inserted_20260730_block,1,SAFE-ALPHA,0,1,1,16,316.625
2.5,0.5,20263396,inserted_20260730_block,1,Matched terminal weighted e-BH,0,1,1,16,1146.5
2.5,0.5,20263397,inserted_20260730_block,1,SAFE-ALPHA,0,1,1,16,374.125
2.5,0.5,20263397,inserted_20260730_block,1,Matched terminal weighted e-BH,0,1,1,16,1146.5
2.5,0.5,20263398,inserted_20260730_block,1,SAFE-ALPHA,0,1,1,16,350.0625
2.5,0.5,20263398,inserted_20260730_block,1,Matched terminal weighted e-BH,0,1,1,16,1146.5
2.5,0.5,20263399,inserted_20260730_block,1,SAFE-ALPHA,0,1,1,16,298.5
2.5,0.5,20263399,inserted_20260730_block,1,Matched terminal weighted e-BH,0,1,1,16,1146.5
2.5,0.5,20263400,inserted_20260730_block,1,SAFE-ALPHA,0,1,1,16,361
2.5,0.5,20263400,inserted_20260730_block,1,Matched terminal weighted e-BH,0,1,1,16,1146.5
2.5,0.5,20263401,inserted_20260730_block,1,SAFE-ALPHA,0,1,1,16,315.375
2.5,0.5,20263401,inserted_20260730_block,1,Matched terminal weighted e-BH,0,1,1,16,1145.5625
2.5,0.5,20263402,inserted_20260730_block,1,SAFE-ALPHA,0,0.9375,0.9375,15,441
2.5,0.5,20263402,inserted_20260730_block,1,Matched terminal weighted e-BH,0,0.9375,0.9375,15,1144
2.5,0.5,20263403,inserted_20260730_block,1,SAFE-ALPHA,0,1,1,16,284.125
2.5,0.5,20263403,inserted_20260730_block,1,Matched terminal weighted e-BH,0,1,1,16,1146.5
2.5,0.5,20263404,inserted_20260730_block,1,SAFE-ALPHA,0,1,1,16,416
2.5,0.5,20263404,inserted_20260730_block,1,Matched terminal weighted e-BH,0,1,1,16,1146.5
2.5,0.5,20263405,inserted_20260730_block,1,SAFE-ALPHA,0,1,1,16,387.5625
2.5,0.5,20263405,inserted_20260730_block,1,Matched terminal weighted e-BH,0,1,1,16,1146.5
2.5,0.5,20263406,inserted_20260730_block,1,SAFE-ALPHA,0,1,1,16,315.0625
2.5,0.5,20263406,inserted_20260730_block,1,Matched terminal weighted e-BH,0,1,1,16,1146.5
2.5,0.5,20263407,inserted_20260730_block,1,SAFE-ALPHA,0,1,1,16,350.0625
2.5,0.5,20263407,inserted_20260730_block,1,Matched terminal weighted e-BH,0,1,1,16,1146.5
2.5,0.5,20263408,inserted_20260730_block,1,SAFE-ALPHA,0,1,1,16,360.6875
2.5,0.5,20263408,inserted_20260730_block,1,Matched terminal weighted e-BH,0,1,1,16,1146.5
2.5,0.5,20263409,inserted_20260730_block,1,SAFE-ALPHA,0,0.9375,0.9375,15,867
2.5,0.5,20263409,inserted_20260730_block,1,Matched terminal weighted e-BH,0,0.875,0.875,14,1136.85714286
2.5,0.5,20263410,inserted_20260730_block,1,SAFE-ALPHA,0,1,1,16,344.4375
2.5,0.5,20263410,inserted_20260730_block,1,Matched terminal weighted e-BH,0,1,1,16,1144.625
2.5,0.5,20263411,inserted_20260730_block,1,SAFE-ALPHA,0,1,1,16,405.6875
2.5,0.5,20263411,inserted_20260730_block,1,Matched terminal weighted e-BH,0,1,1,16,1146.5
2.5,0.5,20263412,inserted_20260730_block,1,SAFE-ALPHA,0,1,1,16,307.25
2.5,0.5,20263412,inserted_20260730_block,1,Matched terminal weighted e-BH,0,1,1,16,1146.5
2.5,0.5,20263413,inserted_20260730_block,1,SAFE-ALPHA,0,0.9375,0.9375,15,377
2.5,0.5,20263413,inserted_20260730_block,1,Matched terminal weighted e-BH,0,0.9375,0.9375,15,1153
2.5,0.5,20263414,inserted_20260730_block,1,SAFE-ALPHA,0,1,1,16,417.5625
2.5,0.5,20263414,inserted_20260730_block,1,Matched terminal weighted e-BH,0,1,1,16,1146.5
2.5,0.5,20263415,inserted_20260730_block,1,SAFE-ALPHA,0,0.75,0.75,12,316
2.5,0.5,20263415,inserted_20260730_block,1,Matched terminal weighted e-BH,0,0.625,0.625,10,1173.5
2.5,0.5,20263416,inserted_20260730_block,1,SAFE-ALPHA,0,1,1,16,481.625
2.5,0.5,20263416,inserted_20260730_block,1,Matched terminal weighted e-BH,0,0.9375,0.9375,15,1151
2.5,0.5,20263417,inserted_20260730_block,1,SAFE-ALPHA,0,1,1,16,356.9375
2.5,0.5,20263417,inserted_20260730_block,1,Matched terminal weighted e-BH,0,1,1,16,1146.5
2.5,0.5,20263418,inserted_20260730_block,1,SAFE-ALPHA,0,1,1,16,506.625
2.5,0.5,20263418,inserted_20260730_block,1,Matched terminal weighted e-BH,0,0.9375,0.9375,15,1151
2.5,0.5,20263419,inserted_20260730_block,1,SAFE-ALPHA,0,1,1,16,514.4375
2.5,0.5,20263419,inserted_20260730_block,1,Matched terminal weighted e-BH,0,1,1,16,1146.5
2.5,0.5,20263420,inserted_20260730_block,1,SAFE-ALPHA,0,1,1,16,422.5625
2.5,0.5,20263420,inserted_20260730_block,1,Matched terminal weighted e-BH,0,1,1,16,1146.5
2.5,0.5,20263421,inserted_20260730_block,1,SAFE-ALPHA,0,1,1,16,605.0625
2.5,0.5,20263421,inserted_20260730_block,1,Matched terminal weighted e-BH,0,1,1,16,1146.5
2.5,0.5,20263422,inserted_20260730_block,1,SAFE-ALPHA,0,1,1,16,198.1875
2.5,0.5,20263422,inserted_20260730_block,1,Matched terminal weighted e-BH,0,0.875,0.875,14,1156.14285714
2.5,0.5,20263423,inserted_20260730_block,1,SAFE-ALPHA,0,1,1,16,435.6875
2.5,0.5,20263423,inserted_20260730_block,1,Matched terminal weighted e-BH,0,1,1,16,1146.5
2.5,0.5,20263424,inserted_20260730_block,1,SAFE-ALPHA,0,1,1,16,258.5
2.5,0.5,20263424,inserted_20260730_block,1,Matched terminal weighted e-BH,0,1,1,16,1146.5
2.5,0.5,20263425,inserted_20260730_block,1,SAFE-ALPHA,0,1,1,16,298.8125
2.5,0.5,20263425,inserted_20260730_block,1,Matched terminal weighted e-BH,0,1,1,16,1146.5
2.5,0.5,20263426,inserted_20260730_block,1,SAFE-ALPHA,0,1,1,16,260.0625
2.5,0.5,20263426,inserted_20260730_block,1,Matched terminal weighted e-BH,0,1,1,16,1146.5
2.5,0.5,20263427,inserted_20260730_block,1,SAFE-ALPHA,0,1,1,16,345.0625
2.5,0.5,20263427,inserted_20260730_block,1,Matched terminal weighted e-BH,0,1,1,16,1146.5
2.5,0.5,20263428,inserted_20260730_block,1,SAFE-ALPHA,0,1,1,16,274.75
2.5,0.5,20263428,inserted_20260730_block,1,Matched terminal weighted e-BH,0,1,1,16,1146.5
2.5,0.5,20263429,inserted_20260730_block,1,SAFE-ALPHA,0,1,1,16,501.9375
2.5,0.5,20263429,inserted_20260730_block,1,Matched terminal weighted e-BH,0,1,1,16,1146.5
2.5,0.5,20263430,inserted_20260730_block,1,SAFE-ALPHA,0,1,1,16,402.875
2.5,0.5,20263430,inserted_20260730_block,1,Matched terminal weighted e-BH,0,1,1,16,1146.5
2.5,0.5,20263431,inserted_20260730_block,1,SAFE-ALPHA,0,1,1,16,321
2.5,0.5,20263431,inserted_20260730_block,1,Matched terminal weighted e-BH,0,1,1,16,1146.5
2.5,0.5,20263432,inserted_20260730_block,1,SAFE-ALPHA,0,1,1,16,382.25
2.5,0.5,20263432,inserted_20260730_block,1,Matched terminal weighted e-BH,0,1,1,16,1146.5
2.5,0.5,20263433,inserted_20260730_block,1,SAFE-ALPHA,0,1,1,16,515.6875
2.5,0.5,20263433,inserted_20260730_block,1,Matched terminal weighted e-BH,0,1,1,16,1146.5
2.5,0.5,20263434,inserted_20260730_block,1,SAFE-ALPHA,0,1,1,16,406
2.5,0.5,20263434,inserted_20260730_block,1,Matched terminal weighted e-BH,0,1,1,16,1146.5
2.5,0.5,20263435,inserted_20260730_block,1,SAFE-ALPHA,0,1,1,16,375.6875
2.5,0.5,20263435,inserted_20260730_block,1,Matched terminal weighted e-BH,0,1,1,16,1146.5
2.5,0.5,20263436,inserted_20260730_block,1,SAFE-ALPHA,0,1,1,16,329.75
2.5,0.5,20263436,inserted_20260730_block,1,Matched terminal weighted e-BH,0,1,1,16,1146.5
2.5,0.5,20263437,inserted_20260730_block,1,SAFE-ALPHA,0,1,1,16,381.3125
2.5,0.5,20263437,inserted_20260730_block,1,Matched terminal weighted e-BH,0,1,1,16,1146.5
2.5,0.5,20263438,inserted_20260730_block,1,SAFE-ALPHA,0,1,1,16,321.625
2.5,0.5,20263438,inserted_20260730_block,1,Matched terminal weighted e-BH,0,1,1,16,1146.5
2.5,0.5,20263439,inserted_20260730_block,1,SAFE-ALPHA,0,1,1,16,594.125
2.5,0.5,20263439,inserted_20260730_block,1,Matched terminal weighted e-BH,0,1,1,16,1146.5
2.5,0.5,20263440,inserted_20260730_block,1,SAFE-ALPHA,0,0.9375,0.9375,15,440
2.5,0.5,20263440,inserted_20260730_block,1,Matched terminal weighted e-BH,0,0.9375,0.9375,15,1152
2.5,0.5,20263441,inserted_20260730_block,1,SAFE-ALPHA,0,1,1,16,395.0625
2.5,0.5,20263441,inserted_20260730_block,1,Matched terminal weighted e-BH,0,1,1,16,1146.5
2.5,0.5,20263442,inserted_20260730_block,1,SAFE-ALPHA,0,1,1,16,396
2.5,0.5,20263442,inserted_20260730_block,1,Matched terminal weighted e-BH,0,1,1,16,1145.5625
2.5,0.5,20263443,inserted_20260730_block,1,SAFE-ALPHA,0,1,1,16,281.3125
2.5,0.5,20263443,inserted_20260730_block,1,Matched terminal weighted e-BH,0,1,1,16,1146.5
2.5,0.5,20263444,inserted_20260730_block,1,SAFE-ALPHA,0,0.9375,0.9375,15,566.666666667
2.5,0.5,20263444,inserted_20260730_block,1,Matched terminal weighted e-BH,0,0.875,0.875,14,1161.5
2.5,0.5,20263445,inserted_20260730_block,1,SAFE-ALPHA,0,1,1,16,306.625
2.5,0.5,20263445,inserted_20260730_block,1,Matched terminal weighted e-BH,0,1,1,16,1146.5
2.5,0.5,20263446,inserted_20260730_block,1,SAFE-ALPHA,0,1,1,16,380.0625
2.5,0.5,20263446,inserted_20260730_block,1,Matched terminal weighted e-BH,0,1,1,16,1146.5
2.5,0.5,20263447,inserted_20260730_block,1,SAFE-ALPHA,0,1,1,16,404.4375
2.5,0.5,20263447,inserted_20260730_block,1,Matched terminal weighted e-BH,0,1,1,16,1146.5
2.5,0.5,20263448,inserted_20260730_block,1,SAFE-ALPHA,0,1,1,16,284.75
2.5,0.5,20263448,inserted_20260730_block,1,Matched terminal weighted e-BH,0,1,1,16,1146.5
2.5,0.5,20263449,inserted_20260730_block,1,SAFE-ALPHA,0,1,1,16,424.75
2.5,0.5,20263449,inserted_20260730_block,1,Matched terminal weighted e-BH,0,1,1,16,1146.5
2.5,0.5,20263450,inserted_20260730_block,1,SAFE-ALPHA,0,1,1,16,268.5
2.5,0.5,20263450,inserted_20260730_block,1,Matched terminal weighted e-BH,0,1,1,16,1146.5
2.5,0.5,20263451,inserted_20260730_block,1,SAFE-ALPHA,0,1,1,16,435.0625
2.5,0.5,20263451,inserted_20260730_block,1,Matched terminal weighted e-BH,0,1,1,16,1146.5
2.5,0.5,20263452,inserted_20260730_block,1,SAFE-ALPHA,0,1,1,16,296.9375
2.5,0.5,20263452,inserted_20260730_block,1,Matched terminal weighted e-BH,0,1,1,16,1146.5
2.5,0.5,20263453,inserted_20260730_block,1,SAFE-ALPHA,0,1,1,16,439.4375
2.5,0.5,20263453,inserted_20260730_block,1,Matched terminal weighted e-BH,0,1,1,16,1146.5
2.5,0.5,20263454,inserted_20260730_block,1,SAFE-ALPHA,0,1,1,16,277.5625
2.5,0.5,20263454,inserted_20260730_block,1,Matched terminal weighted e-BH,0,1,1,16,1146.5
2.5,0.5,20263455,inserted_20260730_block,1,SAFE-ALPHA,0,1,1,16,325.6875
2.5,0.5,20263455,inserted_20260730_block,1,Matched terminal weighted e-BH,0,1,1,16,1146.5
2.5,0.5,20263456,inserted_20260730_block,1,SAFE-ALPHA,0,0.9375,0.9375,15,462
2.5,0.5,20263456,inserted_20260730_block,1,Matched terminal weighted e-BH,0,0.9375,0.9375,15,1152
2.5,0.5,20263457,inserted_20260730_block,1,SAFE-ALPHA,0,1,1,16,396
2.5,0.5,20263457,inserted_20260730_block,1,Matched terminal weighted e-BH,0,0.9375,0.9375,15,1151
2.5,0.5,20263458,inserted_20260730_block,1,SAFE-ALPHA,0,1,1,16,364.125
2.5,0.5,20263458,inserted_20260730_block,1,Matched terminal weighted e-BH,0,1,1,16,1145.5625
2.5,0.5,20263459,inserted_20260730_block,1,SAFE-ALPHA,0,1,1,16,413.1875
2.5,0.5,20263459,inserted_20260730_block,1,Matched terminal weighted e-BH,0,1,1,16,1146.5
2.5,0.5,20263460,inserted_20260730_block,1,SAFE-ALPHA,0,1,1,16,370.6875
2.5,0.5,20263460,inserted_20260730_block,1,Matched terminal weighted e-BH,0,1,1,16,1146.5
2.5,0.5,20263461,inserted_20260730_block,1,SAFE-ALPHA,0,1,1,16,385.375
2.5,0.5,20263461,inserted_20260730_block,1,Matched terminal weighted e-BH,0,1,1,16,1145.5625
2.5,0.5,20263462,inserted_20260730_block,1,SAFE-ALPHA,0,1,1,16,320.6875
2.5,0.5,20263462,inserted_20260730_block,1,Matched terminal weighted e-BH,0,1,1,16,1146.5
2.5,0.5,20263463,inserted_20260730_block,1,SAFE-ALPHA,0,1,1,16,400.6875
2.5,0.5,20263463,inserted_20260730_block,1,Matched terminal weighted e-BH,0,1,1,16,1146.5
2.5,0.5,20263464,inserted_20260730_block,1,SAFE-ALPHA,0,1,1,16,266.625
2.5,0.5,20263464,inserted_20260730_block,1,Matched terminal weighted e-BH,0,1,1,16,1146.5
2.5,0.5,20263465,inserted_20260730_block,1,SAFE-ALPHA,0,1,1,16,393.5
2.5,0.5,20263465,inserted_20260730_block,1,Matched terminal weighted e-BH,0,0.9375,0.9375,15,1147
2.5,0.5,20263466,inserted_20260730_block,1,SAFE-ALPHA,0,1,1,16,414.125
2.5,0.5,20263466,inserted_20260730_block,1,Matched terminal weighted e-BH,0,1,1,16,1146.5
2.5,0.5,20263467,inserted_20260730_block,1,SAFE-ALPHA,0,1,1,16,361.3125
2.5,0.5,20263467,inserted_20260730_block,1,Matched terminal weighted e-BH,0,1,1,16,1146.5
2.5,0.5,20263468,inserted_20260730_block,1,SAFE-ALPHA,0,1,1,16,321.9375
2.5,0.5,20263468,inserted_20260730_block,1,Matched terminal weighted e-BH,0,1,1,16,1140.875
2.5,0.5,20263469,inserted_20260730_block,1,SAFE-ALPHA,0,0.8125,0.8125,13,650.615384615
2.5,0.5,20263469,inserted_20260730_block,1,Matched terminal weighted e-BH,0,0.75,0.75,12,1159
2.5,0.5,20263470,inserted_20260730_block,1,SAFE-ALPHA,0,1,1,16,251
2.5,0.5,20263470,inserted_20260730_block,1,Matched terminal weighted e-BH,0,1,1,16,1146.5
2.5,0.5,20263471,inserted_20260730_block,1,SAFE-ALPHA,0,1,1,16,347.5625
2.5,0.5,20263471,inserted_20260730_block,1,Matched terminal weighted e-BH,0,1,1,16,1146.5
2.5,0.5,20263472,inserted_20260730_block,1,SAFE-ALPHA,0,1,1,16,516.9375
2.5,0.5,20263472,inserted_20260730_block,1,Matched terminal weighted e-BH,0,1,1,16,1146.5
2.5,0.5,20263473,inserted_20260730_block,1,SAFE-ALPHA,0,1,1,16,362.875
2.5,0.5,20263473,inserted_20260730_block,1,Matched terminal weighted e-BH,0,1,1,16,1146.5
2.5,0.5,20263474,inserted_20260730_block,1,SAFE-ALPHA,0,1,1,16,278.1875
2.5,0.5,20263474,inserted_20260730_block,1,Matched terminal weighted e-BH,0,1,1,16,1146.5
2.5,0.5,20263475,inserted_20260730_block,1,SAFE-ALPHA,0,1,1,16,254.4375
2.5,0.5,20263475,inserted_20260730_block,1,Matched terminal weighted e-BH,0,1,1,16,1146.5
2.5,0.5,20263476,inserted_20260730_block,1,SAFE-ALPHA,0,1,1,16,477.875
2.5,0.5,20263476,inserted_20260730_block,1,Matched terminal weighted e-BH,0,1,1,16,1146.5
2.5,0.5,20263477,inserted_20260730_block,1,SAFE-ALPHA,0,1,1,16,364.4375
2.5,0.5,20263477,inserted_20260730_block,1,Matched terminal weighted e-BH,0,1,1,16,1146.5
2.5,0.5,20263478,inserted_20260730_block,1,SAFE-ALPHA,0,1,1,16,485.375
2.5,0.5,20263478,inserted_20260730_block,1,Matched terminal weighted e-BH,0,1,1,16,1146.5
2.5,0.5,20263479,inserted_20260730_block,1,SAFE-ALPHA,0,0.875,0.875,14,606.357142857
2.5,0.5,20263479,inserted_20260730_block,1,Matched terminal weighted e-BH,0,0.875,0.875,14,1140.07142857
2.75,0.5,20263480,inserted_20260730_block,1,SAFE-ALPHA,0,1,1,16,397.875
2.75,0.5,20263480,inserted_20260730_block,1,Matched terminal weighted e-BH,0,1,1,16,1146.5
2.75,0.5,20263481,inserted_20260730_block,1,SAFE-ALPHA,0,1,1,16,441
2.75,0.5,20263481,inserted_20260730_block,1,Matched terminal weighted e-BH,0,0.875,0.875,14,1150.78571429
2.75,0.5,20263482,inserted_20260730_block,1,SAFE-ALPHA,0,1,1,16,284.125
2.75,0.5,20263482,inserted_20260730_block,1,Matched terminal weighted e-BH,0,1,1,16,1146.5
2.75,0.5,20263483,inserted_20260730_block,1,SAFE-ALPHA,0,1,1,16,402.25
2.75,0.5,20263483,inserted_20260730_block,1,Matched terminal weighted e-BH,0,1,1,16,1146.5
2.75,0.5,20263484,inserted_20260730_block,1,SAFE-ALPHA,0,1,1,16,279.75
2.75,0.5,20263484,inserted_20260730_block,1,Matched terminal weighted e-BH,0,1,1,16,1146.5
2.75,0.5,20263485,inserted_20260730_block,1,SAFE-ALPHA,0,1,1,16,342.25
2.75,0.5,20263485,inserted_20260730_block,1,Matched terminal weighted e-BH,0,1,1,16,1146.5
2.75,0.5,20263486,inserted_20260730_block,1,SAFE-ALPHA,0,1,1,16,268.1875
2.75,0.5,20263486,inserted_20260730_block,1,Matched terminal weighted e-BH,0,1,1,16,1146.5
2.75,0.5,20263487,inserted_20260730_block,1,SAFE-ALPHA,0,1,1,16,347.875
2.75,0.5,20263487,inserted_20260730_block,1,Matched terminal weighted e-BH,0,1,1,16,1146.5
2.75,0.5,20263488,inserted_20260730_block,1,SAFE-ALPHA,0,0.9375,0.9375,15,470
2.75,0.5,20263488,inserted_20260730_block,1,Matched terminal weighted e-BH,0,0.9375,0.9375,15,1149
2.75,0.5,20263489,inserted_20260730_block,1,SAFE-ALPHA,0,1,1,16,256.625
2.75,0.5,20263489,inserted_20260730_block,1,Matched terminal weighted e-BH,0,1,1,16,1146.5
2.75,0.5,20263490,inserted_20260730_block,1,SAFE-ALPHA,0,1,1,16,297.5625
2.75,0.5,20263490,inserted_20260730_block,1,Matched terminal weighted e-BH,0,1,1,16,1146.5
2.75,0.5,20263491,inserted_20260730_block,1,SAFE-ALPHA,0,1,1,16,210.6875
2.75,0.5,20263491,inserted_20260730_block,1,Matched terminal weighted e-BH,0,1,1,16,1146.5
2.75,0.5,20263492,inserted_20260730_block,1,SAFE-ALPHA,0,1,1,16,443.5
2.75,0.5,20263492,inserted_20260730_block,1,Matched terminal weighted e-BH,0,1,1,16,1146.5
2.75,0.5,20263493,inserted_20260730_block,1,SAFE-ALPHA,0,1,1,16,250.6875
2.75,0.5,20263493,inserted_20260730_block,1,Matched terminal weighted e-BH,0,1,1,16,1146.5
2.75,0.5,20263494,inserted_20260730_block,1,SAFE-ALPHA,0,1,1,16,212.25
2.75,0.5,20263494,inserted_20260730_block,1,Matched terminal weighted e-BH,0,1,1,16,1146.5
2.75,0.5,20263495,inserted_20260730_block,1,SAFE-ALPHA,0,1,1,16,233.1875
2.75,0.5,20263495,inserted_20260730_block,1,Matched terminal weighted e-BH,0,1,1,16,1144.625
2.75,0.5,20263496,inserted_20260730_block,1,SAFE-ALPHA,0,1,1,16,404.75
2.75,0.5,20263496,inserted_20260730_block,1,Matched terminal weighted e-BH,0,1,1,16,1146.5
2.75,0.5,20263497,inserted_20260730_block,1,SAFE-ALPHA,0,1,1,16,316
2.75,0.5,20263497,inserted_20260730_block,1,Matched terminal weighted e-BH,0,1,1,16,1146.5
2.75,0.5,20263498,inserted_20260730_block,1,SAFE-ALPHA,0,1,1,16,321.625
2.75,0.5,20263498,inserted_20260730_block,1,Matched terminal weighted e-BH,0,1,1,16,1146.5
2.75,0.5,20263499,inserted_20260730_block,1,SAFE-ALPHA,0,1,1,16,411.625
2.75,0.5,20263499,inserted_20260730_block,1,Matched terminal weighted e-BH,0,1,1,16,1146.5
2.75,0.5,20263500,inserted_20260730_block,1,SAFE-ALPHA,0,1,1,16,364.75
2.75,0.5,20263500,inserted_20260730_block,1,Matched terminal weighted e-BH,0,1,1,16,1146.5
2.75,0.5,20263501,inserted_20260730_block,1,SAFE-ALPHA,0,1,1,16,441.3125
2.75,0.5,20263501,inserted_20260730_block,1,Matched terminal weighted e-BH,0,1,1,16,1146.5
2.75,0.5,20263502,inserted_20260730_block,1,SAFE-ALPHA,0,1,1,16,634.125
2.75,0.5,20263502,inserted_20260730_block,1,Matched terminal weighted e-BH,0,1,1,16,1146.5
2.75,0.5,20263503,inserted_20260730_block,1,SAFE-ALPHA,0,1,1,16,304.4375
2.75,0.5,20263503,inserted_20260730_block,1,Matched terminal weighted e-BH,0,1,1,16,1146.5
2.75,0.5,20263504,inserted_20260730_block,1,SAFE-ALPHA,0,1,1,16,306.3125
2.75,0.5,20263504,inserted_20260730_block,1,Matched terminal weighted e-BH,0,1,1,16,1146.5
2.75,0.5,20263505,inserted_20260730_block,1,SAFE-ALPHA,0,1,1,16,299.75
2.75,0.5,20263505,inserted_20260730_block,1,Matched terminal weighted e-BH,0,1,1,16,1146.5
2.75,0.5,20263506,inserted_20260730_block,1,SAFE-ALPHA,0,1,1,16,212.25
2.75,0.5,20263506,inserted_20260730_block,1,Matched terminal weighted e-BH,0,1,1,16,1146.5
2.75,0.5,20263507,inserted_20260730_block,1,SAFE-ALPHA,0,1,1,16,342.5625
2.75,0.5,20263507,inserted_20260730_block,1,Matched terminal weighted e-BH,0,1,1,16,1146.5
2.75,0.5,20263508,inserted_20260730_block,1,SAFE-ALPHA,0,1,1,16,331.625
2.75,0.5,20263508,inserted_20260730_block,1,Matched terminal weighted e-BH,0,1,1,16,1146.5
2.75,0.5,20263509,inserted_20260730_block,1,SAFE-ALPHA,0,0.9375,0.9375,15,393
2.75,0.5,20263509,inserted_20260730_block,1,Matched terminal weighted e-BH,0,0.9375,0.9375,15,1154
2.75,0.5,20263510,inserted_20260730_block,1,SAFE-ALPHA,0,1,1,16,206.9375
2.75,0.5,20263510,inserted_20260730_block,1,Matched terminal weighted e-BH,0,1,1,16,1145.5625
2.75,0.5,20263511,inserted_20260730_block,1,SAFE-ALPHA,0,1,1,16,400.375
2.75,0.5,20263511,inserted_20260730_block,1,Matched terminal weighted e-BH,0,1,1,16,1146.5
2.75,0.5,20263512,inserted_20260730_block,1,SAFE-ALPHA,0,1,1,16,313.1875
2.75,0.5,20263512,inserted_20260730_block,1,Matched terminal weighted e-BH,0,1,1,16,1146.5
2.75,0.5,20263513,inserted_20260730_block,1,SAFE-ALPHA,0,1,1,16,273.8125
2.75,0.5,20263513,inserted_20260730_block,1,Matched terminal weighted e-BH,0,1,1,16,1146.5
2.75,0.5,20263514,inserted_20260730_block,1,SAFE-ALPHA,0,1,1,16,386.625
2.75,0.5,20263514,inserted_20260730_block,1,Matched terminal weighted e-BH,0,1,1,16,1146.5
2.75,0.5,20263515,inserted_20260730_block,1,SAFE-ALPHA,0,1,1,16,176.3125
2.75,0.5,20263515,inserted_20260730_block,1,Matched terminal weighted e-BH,0,1,1,16,1146.5
2.75,0.5,20263516,inserted_20260730_block,1,SAFE-ALPHA,0,1,1,16,419.4375
2.75,0.5,20263516,inserted_20260730_block,1,Matched terminal weighted e-BH,0,1,1,16,1146.5
2.75,0.5,20263517,inserted_20260730_block,1,SAFE-ALPHA,0,1,1,16,281.3125
2.75,0.5,20263517,inserted_20260730_block,1,Matched terminal weighted e-BH,0,1,1,16,1146.5
2.75,0.5,20263518,inserted_20260730_block,1,SAFE-ALPHA,0,1,1,16,271.625
2.75,0.5,20263518,inserted_20260730_block,1,Matched terminal weighted e-BH,0,1,1,16,1140.875
2.75,0.5,20263519,inserted_20260730_block,1,SAFE-ALPHA,0,1,1,16,245.375
2.75,0.5,20263519,inserted_20260730_block,1,Matched terminal weighted e-BH,0,1,1,16,1146.5
2.75,0.5,20263520,inserted_20260730_block,1,SAFE-ALPHA,0,1,1,16,250.0625
2.75,0.5,20263520,inserted_20260730_block,1,Matched terminal weighted e-BH,0,1,1,16,1146.5
2.75,0.5,20263521,inserted_20260730_block,1,SAFE-ALPHA,0,1,1,16,291
2.75,0.5,20263521,inserted_20260730_block,1,Matched terminal weighted e-BH,0,1,1,16,1146.5
2.75,0.5,20263522,inserted_20260730_block,1,SAFE-ALPHA,0,1,1,16,321.625
2.75,0.5,20263522,inserted_20260730_block,1,Matched terminal weighted e-BH,0,1,1,16,1146.5
2.75,0.5,20263523,inserted_20260730_block,1,SAFE-ALPHA,0,1,1,16,338.1875
2.75,0.5,20263523,inserted_20260730_block,1,Matched terminal weighted e-BH,0,1,1,16,1146.5
2.75,0.5,20263524,inserted_20260730_block,1,SAFE-ALPHA,0,1,1,16,301
2.75,0.5,20263524,inserted_20260730_block,1,Matched terminal weighted e-BH,0,1,1,16,1146.5
2.75,0.5,20263525,inserted_20260730_block,1,SAFE-ALPHA,0,1,1,16,271
2.75,0.5,20263525,inserted_20260730_block,1,Matched terminal weighted e-BH,0,1,1,16,1146.5
2.75,0.5,20263526,inserted_20260730_block,1,SAFE-ALPHA,0,1,1,16,288.8125
2.75,0.5,20263526,inserted_20260730_block,1,Matched terminal weighted e-BH,0,1,1,16,1146.5
2.75,0.5,20263527,inserted_20260730_block,1,SAFE-ALPHA,0,1,1,16,450.375
2.75,0.5,20263527,inserted_20260730_block,1,Matched terminal weighted e-BH,0,1,1,16,1146.5
2.75,0.5,20263528,inserted_20260730_block,1,SAFE-ALPHA,0,1,1,16,370.0625
2.75,0.5,20263528,inserted_20260730_block,1,Matched terminal weighted e-BH,0,1,1,16,1146.5
2.75,0.5,20263529,inserted_20260730_block,1,SAFE-ALPHA,0,1,1,16,511
2.75,0.5,20263529,inserted_20260730_block,1,Matched terminal weighted e-BH,0,1,1,16,1146.5
2.75,0.5,20263530,inserted_20260730_block,1,SAFE-ALPHA,0,1,1,16,217.5625
2.75,0.5,20263530,inserted_20260730_block,1,Matched terminal weighted e-BH,0,1,1,16,1146.5
2.75,0.5,20263531,inserted_20260730_block,1,SAFE-ALPHA,0,0.9375,0.9375,15,278.333333333
2.75,0.5,20263531,inserted_20260730_block,1,Matched terminal weighted e-BH,0,0.9375,0.9375,15,1154
2.75,0.5,20263532,inserted_20260730_block,1,SAFE-ALPHA,0,1,1,16,390.0625
2.75,0.5,20263532,inserted_20260730_block,1,Matched terminal weighted e-BH,0,1,1,16,1146.5
2.75,0.5,20263533,inserted_20260730_block,1,SAFE-ALPHA,0,1,1,16,306.3125
2.75,0.5,20263533,inserted_20260730_block,1,Matched terminal weighted e-BH,0,1,1,16,1146.5
2.75,0.5,20263534,inserted_20260730_block,1,SAFE-ALPHA,0,1,1,16,285.375
2.75,0.5,20263534,inserted_20260730_block,1,Matched terminal weighted e-BH,0,1,1,16,1146.5
2.75,0.5,20263535,inserted_20260730_block,1,SAFE-ALPHA,0,1,1,16,516.3125
2.75,0.5,20263535,inserted_20260730_block,1,Matched terminal weighted e-BH,0,1,1,16,1146.5
2.75,0.5,20263536,inserted_20260730_block,1,SAFE-ALPHA,0,1,1,16,289.4375
2.75,0.5,20263536,inserted_20260730_block,1,Matched terminal weighted e-BH,0,1,1,16,1146.5
2.75,0.5,20263537,inserted_20260730_block,1,SAFE-ALPHA,0,1,1,16,258.5
2.75,0.5,20263537,inserted_20260730_block,1,Matched terminal weighted e-BH,0,1,1,16,1146.5
2.75,0.5,20263538,inserted_20260730_block,1,SAFE-ALPHA,0,1,1,16,385.0625
2.75,0.5,20263538,inserted_20260730_block,1,Matched terminal weighted e-BH,0,1,1,16,1146.5
2.75,0.5,20263539,inserted_20260730_block,1,SAFE-ALPHA,0,1,1,16,316.625
2.75,0.5,20263539,inserted_20260730_block,1,Matched terminal weighted e-BH,0,1,1,16,1146.5
2.75,0.5,20263540,inserted_20260730_block,1,SAFE-ALPHA,0,1,1,16,391.3125
2.75,0.5,20263540,inserted_20260730_block,1,Matched terminal weighted e-BH,0,1,1,16,1146.5
2.75,0.5,20263541,inserted_20260730_block,1,SAFE-ALPHA,0,1,1,16,315.6875
2.75,0.5,20263541,inserted_20260730_block,1,Matched terminal weighted e-BH,0,1,1,16,1146.5
2.75,0.5,20263542,inserted_20260730_block,1,SAFE-ALPHA,0,1,1,16,283.8125
2.75,0.5,20263542,inserted_20260730_block,1,Matched terminal weighted e-BH,0,1,1,16,1146.5
2.75,0.5,20263543,inserted_20260730_block,1,SAFE-ALPHA,0,1,1,16,496
2.75,0.5,20263543,inserted_20260730_block,1,Matched terminal weighted e-BH,0,1,1,16,1146.5
2.75,0.5,20263544,inserted_20260730_block,1,SAFE-ALPHA,0,1,1,16,436.9375
2.75,0.5,20263544,inserted_20260730_block,1,Matched terminal weighted e-BH,0,1,1,16,1146.5
2.75,0.5,20263545,inserted_20260730_block,1,SAFE-ALPHA,0,1,1,16,302.25
2.75,0.5,20263545,inserted_20260730_block,1,Matched terminal weighted e-BH,0,1,1,16,1146.5
2.75,0.5,20263546,inserted_20260730_block,1,SAFE-ALPHA,0,1,1,16,397.5625
2.75,0.5,20263546,inserted_20260730_block,1,Matched terminal weighted e-BH,0,1,1,16,1146.5
2.75,0.5,20263547,inserted_20260730_block,1,SAFE-ALPHA,0,1,1,16,309.125
2.75,0.5,20263547,inserted_20260730_block,1,Matched terminal weighted e-BH,0,1,1,16,1146.5
2.75,0.5,20263548,inserted_20260730_block,1,SAFE-ALPHA,0,1,1,16,380.6875
2.75,0.5,20263548,inserted_20260730_block,1,Matched terminal weighted e-BH,0,1,1,16,1146.5
2.75,0.5,20263549,inserted_20260730_block,1,SAFE-ALPHA,0,1,1,16,249.4375
2.75,0.5,20263549,inserted_20260730_block,1,Matched terminal weighted e-BH,0,1,1,16,1146.5
2.75,0.5,20263550,inserted_20260730_block,1,SAFE-ALPHA,0,0.875,0.875,14,549.928571429
2.75,0.5,20263550,inserted_20260730_block,1,Matched terminal weighted e-BH,0,0.875,0.875,14,1161.5
2.75,0.5,20263551,inserted_20260730_block,1,SAFE-ALPHA,0,1,1,16,496.625
2.75,0.5,20263551,inserted_20260730_block,1,Matched terminal weighted e-BH,0,1,1,16,1146.5
2.75,0.5,20263552,inserted_20260730_block,1,SAFE-ALPHA,0,1,1,16,400.0625
2.75,0.5,20263552,inserted_20260730_block,1,Matched terminal weighted e-BH,0,1,1,16,1146.5
2.75,0.5,20263553,inserted_20260730_block,1,SAFE-ALPHA,0,1,1,16,352.25
2.75,0.5,20263553,inserted_20260730_block,1,Matched terminal weighted e-BH,0,1,1,16,1146.5
2.75,0.5,20263554,inserted_20260730_block,1,SAFE-ALPHA,0,1,1,16,261.3125
2.75,0.5,20263554,inserted_20260730_block,1,Matched terminal weighted e-BH,0,1,1,16,1146.5
2.75,0.5,20263555,inserted_20260730_block,1,SAFE-ALPHA,0,1,1,16,251.625
2.75,0.5,20263555,inserted_20260730_block,1,Matched terminal weighted e-BH,0,1,1,16,1146.5
2.75,0.5,20263556,inserted_20260730_block,1,SAFE-ALPHA,0,1,1,16,212.875
2.75,0.5,20263556,inserted_20260730_block,1,Matched terminal weighted e-BH,0,1,1,16,1146.5
2.75,0.5,20263557,inserted_20260730_block,1,SAFE-ALPHA,0,1,1,16,331.9375
2.75,0.5,20263557,inserted_20260730_block,1,Matched terminal weighted e-BH,0,1,1,16,1146.5
2.75,0.5,20263558,inserted_20260730_block,1,SAFE-ALPHA,0,1,1,16,270.375
2.75,0.5,20263558,inserted_20260730_block,1,Matched terminal weighted e-BH,0,1,1,16,1146.5
2.75,0.5,20263559,inserted_20260730_block,1,SAFE-ALPHA,0,1,1,16,276.9375
2.75,0.5,20263559,inserted_20260730_block,1,Matched terminal weighted e-BH,0,1,1,16,1146.5
2.75,0.5,20263560,inserted_20260730_block,1,SAFE-ALPHA,0,1,1,16,374.125
2.75,0.5,20263560,inserted_20260730_block,1,Matched terminal weighted e-BH,0,1,1,16,1146.5
2.75,0.5,20263561,inserted_20260730_block,1,SAFE-ALPHA,0,1,1,16,643.1875
2.75,0.5,20263561,inserted_20260730_block,1,Matched terminal weighted e-BH,0,1,1,16,1146.5
2.75,0.5,20263562,inserted_20260730_block,1,SAFE-ALPHA,0,1,1,16,203.1875
2.75,0.5,20263562,inserted_20260730_block,1,Matched terminal weighted e-BH,0,1,1,16,1146.5
2.75,0.5,20263563,inserted_20260730_block,1,SAFE-ALPHA,0,1,1,16,252.25
2.75,0.5,20263563,inserted_20260730_block,1,Matched terminal weighted e-BH,0,1,1,16,1146.5
2.75,0.5,20263564,inserted_20260730_block,1,SAFE-ALPHA,0,1,1,16,427.875
2.75,0.5,20263564,inserted_20260730_block,1,Matched terminal weighted e-BH,0,1,1,16,1146.5
2.75,0.5,20263565,inserted_20260730_block,1,SAFE-ALPHA,0,1,1,16,212.5625
2.75,0.5,20263565,inserted_20260730_block,1,Matched terminal weighted e-BH,0,1,1,16,1146.5
2.75,0.5,20263566,inserted_20260730_block,1,SAFE-ALPHA,0,1,1,16,360.0625
2.75,0.5,20263566,inserted_20260730_block,1,Matched terminal weighted e-BH,0,1,1,16,1146.5
2.75,0.5,20263567,inserted_20260730_block,1,SAFE-ALPHA,0,1,1,16,404.125
2.75,0.5,20263567,inserted_20260730_block,1,Matched terminal weighted e-BH,0,1,1,16,1146.5
2.75,0.5,20263568,inserted_20260730_block,1,SAFE-ALPHA,0,1,1,16,246.3125
2.75,0.5,20263568,inserted_20260730_block,1,Matched terminal weighted e-BH,0,1,1,16,1146.5
2.75,0.5,20263569,inserted_20260730_block,1,SAFE-ALPHA,0,1,1,16,446.625
2.75,0.5,20263569,inserted_20260730_block,1,Matched terminal weighted e-BH,0,0.9375,0.9375,15,1147
2.75,0.5,20263570,inserted_20260730_block,1,SAFE-ALPHA,0,1,1,16,354.4375
2.75,0.5,20263570,inserted_20260730_block,1,Matched terminal weighted e-BH,0,1,1,16,1146.5
2.75,0.5,20263571,inserted_20260730_block,1,SAFE-ALPHA,0,1,1,16,487.5625
2.75,0.5,20263571,inserted_20260730_block,1,Matched terminal weighted e-BH,0,1,1,16,1146.5
2.75,0.5,20263572,inserted_20260730_block,1,SAFE-ALPHA,0,0.9375,0.9375,15,453
2.75,0.5,20263572,inserted_20260730_block,1,Matched terminal weighted e-BH,0,0.9375,0.9375,15,1154
2.75,0.5,20263573,inserted_20260730_block,1,SAFE-ALPHA,0,1,1,16,491.3125
2.75,0.5,20263573,inserted_20260730_block,1,Matched terminal weighted e-BH,0,1,1,16,1146.5
2.75,0.5,20263574,inserted_20260730_block,1,SAFE-ALPHA,0,1,1,16,212.5625
2.75,0.5,20263574,inserted_20260730_block,1,Matched terminal weighted e-BH,0,1,1,16,1146.5
2.75,0.5,20263575,inserted_20260730_block,1,SAFE-ALPHA,0,0.9375,0.9375,15,410.333333333
2.75,0.5,20263575,inserted_20260730_block,1,Matched terminal weighted e-BH,0,0.9375,0.9375,15,1139
2.75,0.5,20263576,inserted_20260730_block,1,SAFE-ALPHA,0,1,1,16,421.9375
2.75,0.5,20263576,inserted_20260730_block,1,Matched terminal weighted e-BH,0,1,1,16,1146.5
2.75,0.5,20263577,inserted_20260730_block,1,SAFE-ALPHA,0,1,1,16,418.5
2.75,0.5,20263577,inserted_20260730_block,1,Matched terminal weighted e-BH,0,1,1,16,1146.5
2.75,0.5,20263578,inserted_20260730_block,1,SAFE-ALPHA,0,1,1,16,341.9375
2.75,0.5,20263578,inserted_20260730_block,1,Matched terminal weighted e-BH,0,1,1,16,1146.5
2.75,0.5,20263579,inserted_20260730_block,1,SAFE-ALPHA,0,1,1,16,261.3125
2.75,0.5,20263579,inserted_20260730_block,1,Matched terminal weighted e-BH,0,1,1,16,1146.5
2.75,0.5,20263580,inserted_20260730_block,1,SAFE-ALPHA,0,1,1,16,288.8125
2.75,0.5,20263580,inserted_20260730_block,1,Matched terminal weighted e-BH,0,1,1,16,1146.5
2.75,0.5,20263581,inserted_20260730_block,1,SAFE-ALPHA,0,1,1,16,389.125
2.75,0.5,20263581,inserted_20260730_block,1,Matched terminal weighted e-BH,0,1,1,16,1146.5
2.75,0.5,20263582,inserted_20260730_block,1,SAFE-ALPHA,0,1,1,16,460.0625
2.75,0.5,20263582,inserted_20260730_block,1,Matched terminal weighted e-BH,0,1,1,16,1146.5
2.75,0.5,20263583,inserted_20260730_block,1,SAFE-ALPHA,0,1,1,16,334.125
2.75,0.5,20263583,inserted_20260730_block,1,Matched terminal weighted e-BH,0,1,1,16,1146.5
2.75,0.5,20263584,inserted_20260730_block,1,SAFE-ALPHA,0,1,1,16,257.5625
2.75,0.5,20263584,inserted_20260730_block,1,Matched terminal weighted e-BH,0,1,1,16,1145.5625
2.75,0.5,20263585,inserted_20260730_block,1,SAFE-ALPHA,0,1,1,16,286.9375
2.75,0.5,20263585,inserted_20260730_block,1,Matched terminal weighted e-BH,0,1,1,16,1146.5
2.75,0.5,20263586,inserted_20260730_block,1,SAFE-ALPHA,0,1,1,16,296.3125
2.75,0.5,20263586,inserted_20260730_block,1,Matched terminal weighted e-BH,0,1,1,16,1146.5
2.75,0.5,20263587,inserted_20260730_block,1,SAFE-ALPHA,0,1,1,16,260.0625
2.75,0.5,20263587,inserted_20260730_block,1,Matched terminal weighted e-BH,0,1,1,16,1146.5
2.75,0.5,20263588,inserted_20260730_block,1,SAFE-ALPHA,0,1,1,16,467.875
2.75,0.5,20263588,inserted_20260730_block,1,Matched terminal weighted e-BH,0,1,1,16,1146.5
2.75,0.5,20263589,inserted_20260730_block,1,SAFE-ALPHA,0,1,1,16,316.9375
2.75,0.5,20263589,inserted_20260730_block,1,Matched terminal weighted e-BH,0,1,1,16,1146.5
2.75,0.5,20263590,inserted_20260730_block,1,SAFE-ALPHA,0,1,1,16,402.5625
2.75,0.5,20263590,inserted_20260730_block,1,Matched terminal weighted e-BH,0,1,1,16,1146.5
2.75,0.5,20263591,inserted_20260730_block,1,SAFE-ALPHA,0,1,1,16,189.4375
2.75,0.5,20263591,inserted_20260730_block,1,Matched terminal weighted e-BH,0,1,1,16,1146.5
2.75,0.5,20263592,inserted_20260730_block,1,SAFE-ALPHA,0,1,1,16,159.75
2.75,0.5,20263592,inserted_20260730_block,1,Matched terminal weighted e-BH,0,1,1,16,1146.5
2.75,0.5,20263593,inserted_20260730_block,1,SAFE-ALPHA,0,1,1,16,525.6875
2.75,0.5,20263593,inserted_20260730_block,1,Matched terminal weighted e-BH,0,1,1,16,1146.5
2.75,0.5,20263594,inserted_20260730_block,1,SAFE-ALPHA,0,1,1,16,274.4375
2.75,0.5,20263594,inserted_20260730_block,1,Matched terminal weighted e-BH,0,1,1,16,1146.5
2.75,0.5,20263595,inserted_20260730_block,1,SAFE-ALPHA,0,1,1,16,212.25
2.75,0.5,20263595,inserted_20260730_block,1,Matched terminal weighted e-BH,0,1,1,16,1146.5
2.75,0.5,20263596,inserted_20260730_block,1,SAFE-ALPHA,0,1,1,16,300.0625
2.75,0.5,20263596,inserted_20260730_block,1,Matched terminal weighted e-BH,0,1,1,16,1146.5
2.75,0.5,20263597,inserted_20260730_block,1,SAFE-ALPHA,0,1,1,16,600.375
2.75,0.5,20263597,inserted_20260730_block,1,Matched terminal weighted e-BH,0,1,1,16,1146.5
2.75,0.5,20263598,inserted_20260730_block,1,SAFE-ALPHA,0,1,1,16,275.6875
2.75,0.5,20263598,inserted_20260730_block,1,Matched terminal weighted e-BH,0,1,1,16,1146.5
2.75,0.5,20263599,inserted_20260730_block,1,SAFE-ALPHA,0,1,1,16,374.75
2.75,0.5,20263599,inserted_20260730_block,1,Matched terminal weighted e-BH,0,1,1,16,1146.5
2.75,0.5,20263600,inserted_20260730_block,1,SAFE-ALPHA,0,1,1,16,377.25
2.75,0.5,20263600,inserted_20260730_block,1,Matched terminal weighted e-BH,0,1,1,16,1146.5
2.75,0.5,20263601,inserted_20260730_block,1,SAFE-ALPHA,0,1,1,16,384.125
2.75,0.5,20263601,inserted_20260730_block,1,Matched terminal weighted e-BH,0,1,1,16,1146.5
2.75,0.5,20263602,inserted_20260730_block,1,SAFE-ALPHA,0,1,1,16,228.1875
2.75,0.5,20263602,inserted_20260730_block,1,Matched terminal weighted e-BH,0,1,1,16,1146.5
2.75,0.5,20263603,inserted_20260730_block,1,SAFE-ALPHA,0,1,1,16,359.4375
2.75,0.5,20263603,inserted_20260730_block,1,Matched terminal weighted e-BH,0,1,1,16,1146.5
2.75,0.5,20263604,inserted_20260730_block,1,SAFE-ALPHA,0,1,1,16,342.5625
2.75,0.5,20263604,inserted_20260730_block,1,Matched terminal weighted e-BH,0,1,1,16,1146.5
2.75,0.5,20263605,inserted_20260730_block,1,SAFE-ALPHA,0,1,1,16,294.75
2.75,0.5,20263605,inserted_20260730_block,1,Matched terminal weighted e-BH,0,1,1,16,1146.5
2.75,0.5,20263606,inserted_20260730_block,1,SAFE-ALPHA,0,1,1,16,260.375
2.75,0.5,20263606,inserted_20260730_block,1,Matched terminal weighted e-BH,0,1,1,16,1146.5
2.75,0.5,20263607,inserted_20260730_block,1,SAFE-ALPHA,0,1,1,16,318.8125
2.75,0.5,20263607,inserted_20260730_block,1,Matched terminal weighted e-BH,0,1,1,16,1146.5
2.75,0.5,20263608,inserted_20260730_block,1,SAFE-ALPHA,0,1,1,16,193.8125
2.75,0.5,20263608,inserted_20260730_block,1,Matched terminal weighted e-BH,0,1,1,16,1145.5625
2.75,0.5,20263609,inserted_20260730_block,1,SAFE-ALPHA,0,1,1,16,347.875
2.75,0.5,20263609,inserted_20260730_block,1,Matched terminal weighted e-BH,0,1,1,16,1146.5
2.75,0.5,20263610,inserted_20260730_block,1,SAFE-ALPHA,0,1,1,16,378.5
2.75,0.5,20263610,inserted_20260730_block,1,Matched terminal weighted e-BH,0,1,1,16,1146.5
2.75,0.5,20263611,inserted_20260730_block,1,SAFE-ALPHA,0,1,1,16,468.1875
2.75,0.5,20263611,inserted_20260730_block,1,Matched terminal weighted e-BH,0,1,1,16,1146.5
2.75,0.5,20263612,inserted_20260730_block,1,SAFE-ALPHA,0,1,1,16,302.875
2.75,0.5,20263612,inserted_20260730_block,1,Matched terminal weighted e-BH,0,1,1,16,1146.5
2.75,0.5,20263613,inserted_20260730_block,1,SAFE-ALPHA,0,1,1,16,545.375
2.75,0.5,20263613,inserted_20260730_block,1,Matched terminal weighted e-BH,0,1,1,16,1146.5
2.75,0.5,20263614,inserted_20260730_block,1,SAFE-ALPHA,0,1,1,16,293.5
2.75,0.5,20263614,inserted_20260730_block,1,Matched terminal weighted e-BH,0,1,1,16,1146.5
2.75,0.5,20263615,inserted_20260730_block,1,SAFE-ALPHA,0,1,1,16,298.8125
2.75,0.5,20263615,inserted_20260730_block,1,Matched terminal weighted e-BH,0,1,1,16,1146.5
2.75,0.5,20263616,inserted_20260730_block,1,SAFE-ALPHA,0,1,1,16,537.875
2.75,0.5,20263616,inserted_20260730_block,1,Matched terminal weighted e-BH,0,1,1,16,1146.5
2.75,0.5,20263617,inserted_20260730_block,1,SAFE-ALPHA,0,1,1,16,355.6875
2.75,0.5,20263617,inserted_20260730_block,1,Matched terminal weighted e-BH,0,1,1,16,1146.5
2.75,0.5,20263618,inserted_20260730_block,1,SAFE-ALPHA,0,1,1,16,330.0625
2.75,0.5,20263618,inserted_20260730_block,1,Matched terminal weighted e-BH,0,1,1,16,1146.5
2.75,0.5,20263619,inserted_20260730_block,1,SAFE-ALPHA,0,1,1,16,430.375
2.75,0.5,20263619,inserted_20260730_block,1,Matched terminal weighted e-BH,0,1,1,16,1146.5
2.75,0.5,20263620,inserted_20260730_block,1,SAFE-ALPHA,0,1,1,16,341
2.75,0.5,20263620,inserted_20260730_block,1,Matched terminal weighted e-BH,0,1,1,16,1146.5
2.75,0.5,20263621,inserted_20260730_block,1,SAFE-ALPHA,0,1,1,16,389.4375
2.75,0.5,20263621,inserted_20260730_block,1,Matched terminal weighted e-BH,0,1,1,16,1146.5
2.75,0.5,20263622,inserted_20260730_block,1,SAFE-ALPHA,0,1,1,16,376.3125
2.75,0.5,20263622,inserted_20260730_block,1,Matched terminal weighted e-BH,0,1,1,16,1146.5
2.75,0.5,20263623,inserted_20260730_block,1,SAFE-ALPHA,0,1,1,16,340.375
2.75,0.5,20263623,inserted_20260730_block,1,Matched terminal weighted e-BH,0,1,1,16,1146.5
2.75,0.5,20263624,inserted_20260730_block,1,SAFE-ALPHA,0,1,1,16,331.3125
2.75,0.5,20263624,inserted_20260730_block,1,Matched terminal weighted e-BH,0,1,1,16,1146.5
2.75,0.5,20263625,inserted_20260730_block,1,SAFE-ALPHA,0,1,1,16,338.8125
2.75,0.5,20263625,inserted_20260730_block,1,Matched terminal weighted e-BH,0,1,1,16,1146.5
2.75,0.5,20263626,inserted_20260730_block,1,SAFE-ALPHA,0,1,1,16,279.125
2.75,0.5,20263626,inserted_20260730_block,1,Matched terminal weighted e-BH,0,1,1,16,1146.5
2.75,0.5,20263627,inserted_20260730_block,1,SAFE-ALPHA,0,1,1,16,295.0625
2.75,0.5,20263627,inserted_20260730_block,1,Matched terminal weighted e-BH,0,1,1,16,1146.5
2.75,0.5,20263628,inserted_20260730_block,1,SAFE-ALPHA,0,1,1,16,411
2.75,0.5,20263628,inserted_20260730_block,1,Matched terminal weighted e-BH,0,1,1,16,1146.5
2.75,0.5,20263629,inserted_20260730_block,1,SAFE-ALPHA,0,1,1,16,335.6875
2.75,0.5,20263629,inserted_20260730_block,1,Matched terminal weighted e-BH,0,1,1,16,1146.5
2.75,0.5,20263630,inserted_20260730_block,1,SAFE-ALPHA,0,1,1,16,339.75
2.75,0.5,20263630,inserted_20260730_block,1,Matched terminal weighted e-BH,0,1,1,16,1146.5
2.75,0.5,20263631,inserted_20260730_block,1,SAFE-ALPHA,0,1,1,16,301.3125
2.75,0.5,20263631,inserted_20260730_block,1,Matched terminal weighted e-BH,0,1,1,16,1146.5
2.75,0.5,20263632,inserted_20260730_block,1,SAFE-ALPHA,0,1,1,16,363.5
2.75,0.5,20263632,inserted_20260730_block,1,Matched terminal weighted e-BH,0,1,1,16,1144.625
2.75,0.5,20263633,inserted_20260730_block,1,SAFE-ALPHA,0,1,1,16,563.8125
2.75,0.5,20263633,inserted_20260730_block,1,Matched terminal weighted e-BH,0,1,1,16,1146.5
2.75,0.5,20263634,inserted_20260730_block,1,SAFE-ALPHA,0,1,1,16,192.25
2.75,0.5,20263634,inserted_20260730_block,1,Matched terminal weighted e-BH,0,1,1,16,1146.5
2.75,0.5,20263635,inserted_20260730_block,1,SAFE-ALPHA,0,1,1,16,337.25
2.75,0.5,20263635,inserted_20260730_block,1,Matched terminal weighted e-BH,0,1,1,16,1146.5
2.75,0.5,20263636,inserted_20260730_block,1,SAFE-ALPHA,0,1,1,16,343.1875
2.75,0.5,20263636,inserted_20260730_block,1,Matched terminal weighted e-BH,0,1,1,16,1146.5
2.75,0.5,20263637,inserted_20260730_block,1,SAFE-ALPHA,0,1,1,16,330.6875
2.75,0.5,20263637,inserted_20260730_block,1,Matched terminal weighted e-BH,0,1,1,16,1146.5
2.75,0.5,20263638,inserted_20260730_block,1,SAFE-ALPHA,0,0.9375,0.9375,15,684.333333333
2.75,0.5,20263638,inserted_20260730_block,1,Matched terminal weighted e-BH,0,0.875,0.875,14,1146.5
2.75,0.5,20263639,inserted_20260730_block,1,SAFE-ALPHA,0,1,1,16,434.4375
2.75,0.5,20263639,inserted_20260730_block,1,Matched terminal weighted e-BH,0,0.9375,0.9375,15,1152
2.75,0.5,20263640,inserted_20260730_block,1,SAFE-ALPHA,0,1,1,16,249.125
2.75,0.5,20263640,inserted_20260730_block,1,Matched terminal weighted e-BH,0,1,1,16,1146.5
2.75,0.5,20263641,inserted_20260730_block,1,SAFE-ALPHA,0,1,1,16,221.625
2.75,0.5,20263641,inserted_20260730_block,1,Matched terminal weighted e-BH,0,1,1,16,1145.5625
2.75,0.5,20263642,inserted_20260730_block,1,SAFE-ALPHA,0,1,1,16,329.125
2.75,0.5,20263642,inserted_20260730_block,1,Matched terminal weighted e-BH,0,1,1,16,1146.5
2.75,0.5,20263643,inserted_20260730_block,1,SAFE-ALPHA,0,1,1,16,241.9375
2.75,0.5,20263643,inserted_20260730_block,1,Matched terminal weighted e-BH,0,1,1,16,1146.5
2.75,0.5,20263644,inserted_20260730_block,1,SAFE-ALPHA,0,1,1,16,419.125
2.75,0.5,20263644,inserted_20260730_block,1,Matched terminal weighted e-BH,0,1,1,16,1146.5
2.75,0.5,20263645,inserted_20260730_block,1,SAFE-ALPHA,0,1,1,16,266.3125
2.75,0.5,20263645,inserted_20260730_block,1,Matched terminal weighted e-BH,0,1,1,16,1146.5
2.75,0.5,20263646,inserted_20260730_block,1,SAFE-ALPHA,0,1,1,16,464.75
2.75,0.5,20263646,inserted_20260730_block,1,Matched terminal weighted e-BH,0,1,1,16,1144.625
2.75,0.5,20263647,inserted_20260730_block,1,SAFE-ALPHA,0,1,1,16,311.9375
2.75,0.5,20263647,inserted_20260730_block,1,Matched terminal weighted e-BH,0,1,1,16,1146.5
2.75,0.5,20263648,inserted_20260730_block,1,SAFE-ALPHA,0,1,1,16,352.875
2.75,0.5,20263648,inserted_20260730_block,1,Matched terminal weighted e-BH,0,1,1,16,1146.5
2.75,0.5,20263649,inserted_20260730_block,1,SAFE-ALPHA,0,1,1,16,362.5625
2.75,0.5,20263649,inserted_20260730_block,1,Matched terminal weighted e-BH,0,1,1,16,1146.5
2.75,0.5,20263650,inserted_20260730_block,1,SAFE-ALPHA,0,1,1,16,371.9375
2.75,0.5,20263650,inserted_20260730_block,1,Matched terminal weighted e-BH,0,1,1,16,1146.5
2.75,0.5,20263651,inserted_20260730_block,1,SAFE-ALPHA,0,1,1,16,260.6875
2.75,0.5,20263651,inserted_20260730_block,1,Matched terminal weighted e-BH,0,1,1,16,1146.5
2.75,0.5,20263652,inserted_20260730_block,1,SAFE-ALPHA,0,1,1,16,466.625
2.75,0.5,20263652,inserted_20260730_block,1,Matched terminal weighted e-BH,0,1,1,16,1146.5
2.75,0.5,20263653,inserted_20260730_block,1,SAFE-ALPHA,0,1,1,16,328.5
2.75,0.5,20263653,inserted_20260730_block,1,Matched terminal weighted e-BH,0,1,1,16,1146.5
2.75,0.5,20263654,inserted_20260730_block,1,SAFE-ALPHA,0,1,1,16,331.625
2.75,0.5,20263654,inserted_20260730_block,1,Matched terminal weighted e-BH,0,1,1,16,1146.5
2.75,0.5,20263655,inserted_20260730_block,1,SAFE-ALPHA,0,1,1,16,262.5625
2.75,0.5,20263655,inserted_20260730_block,1,Matched terminal weighted e-BH,0,1,1,16,1146.5
2.75,0.5,20263656,inserted_20260730_block,1,SAFE-ALPHA,0,1,1,16,352.5625
2.75,0.5,20263656,inserted_20260730_block,1,Matched terminal weighted e-BH,0,1,1,16,1146.5
2.75,0.5,20263657,inserted_20260730_block,1,SAFE-ALPHA,0,1,1,16,273.8125
2.75,0.5,20263657,inserted_20260730_block,1,Matched terminal weighted e-BH,0,1,1,16,1146.5
2.75,0.5,20263658,inserted_20260730_block,1,SAFE-ALPHA,0,1,1,16,209.75
2.75,0.5,20263658,inserted_20260730_block,1,Matched terminal weighted e-BH,0,1,1,16,1146.5
2.75,0.5,20263659,inserted_20260730_block,1,SAFE-ALPHA,0,1,1,16,280.0625
2.75,0.5,20263659,inserted_20260730_block,1,Matched terminal weighted e-BH,0,1,1,16,1146.5
2.75,0.5,20263660,inserted_20260730_block,1,SAFE-ALPHA,0,1,1,16,282.25
2.75,0.5,20263660,inserted_20260730_block,1,Matched terminal weighted e-BH,0,1,1,16,1146.5
2.75,0.5,20263661,inserted_20260730_block,1,SAFE-ALPHA,0,1,1,16,318.1875
2.75,0.5,20263661,inserted_20260730_block,1,Matched terminal weighted e-BH,0,1,1,16,1146.5
2.75,0.5,20263662,inserted_20260730_block,1,SAFE-ALPHA,0,1,1,16,243.1875
2.75,0.5,20263662,inserted_20260730_block,1,Matched terminal weighted e-BH,0,1,1,16,1146.5
2.75,0.5,20263663,inserted_20260730_block,1,SAFE-ALPHA,0,1,1,16,338.5
2.75,0.5,20263663,inserted_20260730_block,1,Matched terminal weighted e-BH,0,1,1,16,1146.5
2.75,0.5,20263664,inserted_20260730_block,1,SAFE-ALPHA,0,1,1,16,260.6875
2.75,0.5,20263664,inserted_20260730_block,1,Matched terminal weighted e-BH,0,1,1,16,1146.5
2.75,0.5,20263665,inserted_20260730_block,1,SAFE-ALPHA,0,1,1,16,254.125
2.75,0.5,20263665,inserted_20260730_block,1,Matched terminal weighted e-BH,0,1,1,16,1146.5
2.75,0.5,20263666,inserted_20260730_block,1,SAFE-ALPHA,0,1,1,16,473.1875
2.75,0.5,20263666,inserted_20260730_block,1,Matched terminal weighted e-BH,0,1,1,16,1146.5
2.75,0.5,20263667,inserted_20260730_block,1,SAFE-ALPHA,0,1,1,16,347.5625
2.75,0.5,20263667,inserted_20260730_block,1,Matched terminal weighted e-BH,0,1,1,16,1146.5
2.75,0.5,20263668,inserted_20260730_block,1,SAFE-ALPHA,0,1,1,16,359.4375
2.75,0.5,20263668,inserted_20260730_block,1,Matched terminal weighted e-BH,0,1,1,16,1146.5
2.75,0.5,20263669,inserted_20260730_block,1,SAFE-ALPHA,0,1,1,16,344.125
2.75,0.5,20263669,inserted_20260730_block,1,Matched terminal weighted e-BH,0,1,1,16,1146.5
2.75,0.5,20263670,inserted_20260730_block,1,SAFE-ALPHA,0,1,1,16,287.25
2.75,0.5,20263670,inserted_20260730_block,1,Matched terminal weighted e-BH,0,1,1,16,1146.5
2.75,0.5,20263671,inserted_20260730_block,1,SAFE-ALPHA,0,1,1,16,260.375
2.75,0.5,20263671,inserted_20260730_block,1,Matched terminal weighted e-BH,0,1,1,16,1146.5
2.75,0.5,20263672,inserted_20260730_block,1,SAFE-ALPHA,0,1,1,16,247.5625
2.75,0.5,20263672,inserted_20260730_block,1,Matched terminal weighted e-BH,0,1,1,16,1146.5
2.75,0.5,20263673,inserted_20260730_block,1,SAFE-ALPHA,0,1,1,16,290.375
2.75,0.5,20263673,inserted_20260730_block,1,Matched terminal weighted e-BH,0,1,1,16,1146.5
2.75,0.5,20263674,inserted_20260730_block,1,SAFE-ALPHA,0,1,1,16,282.25
2.75,0.5,20263674,inserted_20260730_block,1,Matched terminal weighted e-BH,0,1,1,16,1146.5
2.75,0.5,20263675,inserted_20260730_block,1,SAFE-ALPHA,0,1,1,16,480.6875
2.75,0.5,20263675,inserted_20260730_block,1,Matched terminal weighted e-BH,0,1,1,16,1146.5
2.75,0.5,20263676,inserted_20260730_block,1,SAFE-ALPHA,0,1,1,16,512.875
2.75,0.5,20263676,inserted_20260730_block,1,Matched terminal weighted e-BH,0,1,1,16,1146.5
2.75,0.5,20263677,inserted_20260730_block,1,SAFE-ALPHA,0,1,1,16,226.9375
2.75,0.5,20263677,inserted_20260730_block,1,Matched terminal weighted e-BH,0,1,1,16,1146.5
2.75,0.5,20263678,inserted_20260730_block,1,SAFE-ALPHA,0,1,1,16,511.625
2.75,0.5,20263678,inserted_20260730_block,1,Matched terminal weighted e-BH,0,1,1,16,1146.5
2.75,0.5,20263679,inserted_20260730_block,1,SAFE-ALPHA,0,1,1,16,385.375
2.75,0.5,20263679,inserted_20260730_block,1,Matched terminal weighted e-BH,0,1,1,16,1146.5
2.75,0.5,20263680,inserted_20260730_block,1,SAFE-ALPHA,0,1,1,16,286.625
2.75,0.5,20263680,inserted_20260730_block,1,Matched terminal weighted e-BH,0,1,1,16,1146.5
2.75,0.5,20263681,inserted_20260730_block,1,SAFE-ALPHA,0,1,1,16,163.1875
2.75,0.5,20263681,inserted_20260730_block,1,Matched terminal weighted e-BH,0,1,1,16,1146.5
2.75,0.5,20263682,inserted_20260730_block,1,SAFE-ALPHA,0,1,1,16,273.1875
2.75,0.5,20263682,inserted_20260730_block,1,Matched terminal weighted e-BH,0,1,1,16,1146.5
2.75,0.5,20263683,inserted_20260730_block,1,SAFE-ALPHA,0,1,1,16,371.625
2.75,0.5,20263683,inserted_20260730_block,1,Matched terminal weighted e-BH,0,1,1,16,1146.5
2.75,0.5,20263684,inserted_20260730_block,1,SAFE-ALPHA,0,1,1,16,435.6875
2.75,0.5,20263684,inserted_20260730_block,1,Matched terminal weighted e-BH,0,1,1,16,1146.5
2.75,0.5,20263685,inserted_20260730_block,1,SAFE-ALPHA,0,1,1,16,188.1875
2.75,0.5,20263685,inserted_20260730_block,1,Matched terminal weighted e-BH,0,1,1,16,1146.5
2.75,0.5,20263686,inserted_20260730_block,1,SAFE-ALPHA,0,1,1,16,266.9375
2.75,0.5,20263686,inserted_20260730_block,1,Matched terminal weighted e-BH,0,1,1,16,1146.5
2.75,0.5,20263687,inserted_20260730_block,1,SAFE-ALPHA,0,1,1,16,305.375
2.75,0.5,20263687,inserted_20260730_block,1,Matched terminal weighted e-BH,0,1,1,16,1146.5
2.75,0.5,20263688,inserted_20260730_block,1,SAFE-ALPHA,0,1,1,16,271.3125
2.75,0.5,20263688,inserted_20260730_block,1,Matched terminal weighted e-BH,0,1,1,16,1146.5
2.75,0.5,20263689,inserted_20260730_block,1,SAFE-ALPHA,0,1,1,16,460.6875
2.75,0.5,20263689,inserted_20260730_block,1,Matched terminal weighted e-BH,0,1,1,16,1146.5
2.75,0.5,20263690,inserted_20260730_block,1,SAFE-ALPHA,0,1,1,16,491
2.75,0.5,20263690,inserted_20260730_block,1,Matched terminal weighted e-BH,0,1,1,16,1146.5
2.75,0.5,20263691,inserted_20260730_block,1,SAFE-ALPHA,0,1,1,16,324.75
2.75,0.5,20263691,inserted_20260730_block,1,Matched terminal weighted e-BH,0,1,1,16,1146.5
2.75,0.5,20263692,inserted_20260730_block,1,SAFE-ALPHA,0,1,1,16,275.6875
2.75,0.5,20263692,inserted_20260730_block,1,Matched terminal weighted e-BH,0,1,1,16,1146.5
2.75,0.5,20263693,inserted_20260730_block,1,SAFE-ALPHA,0,1,1,16,325.6875
2.75,0.5,20263693,inserted_20260730_block,1,Matched terminal weighted e-BH,0,1,1,16,1146.5
2.75,0.5,20263694,inserted_20260730_block,1,SAFE-ALPHA,0,1,1,16,323.8125
2.75,0.5,20263694,inserted_20260730_block,1,Matched terminal weighted e-BH,0,1,1,16,1146.5
2.75,0.5,20263695,inserted_20260730_block,1,SAFE-ALPHA,0,1,1,16,320.375
2.75,0.5,20263695,inserted_20260730_block,1,Matched terminal weighted e-BH,0,1,1,16,1146.5
2.75,0.5,20263696,inserted_20260730_block,1,SAFE-ALPHA,0,1,1,16,252.5625
2.75,0.5,20263696,inserted_20260730_block,1,Matched terminal weighted e-BH,0,1,1,16,1146.5
2.75,0.5,20263697,inserted_20260730_block,1,SAFE-ALPHA,0,1,1,16,258.1875
2.75,0.5,20263697,inserted_20260730_block,1,Matched terminal weighted e-BH,0,1,1,16,1146.5
2.75,0.5,20263698,inserted_20260730_block,1,SAFE-ALPHA,0,1,1,16,400.375
2.75,0.5,20263698,inserted_20260730_block,1,Matched terminal weighted e-BH,0,1,1,16,1146.5
2.75,0.5,20263699,inserted_20260730_block,1,SAFE-ALPHA,0,1,1,16,256.3125
2.75,0.5,20263699,inserted_20260730_block,1,Matched terminal weighted e-BH,0,1,1,16,1146.5
2.75,0.5,20263700,inserted_20260730_block,1,SAFE-ALPHA,0,1,1,16,323.8125
2.75,0.5,20263700,inserted_20260730_block,1,Matched terminal weighted e-BH,0,1,1,16,1146.5
2.75,0.5,20263701,inserted_20260730_block,1,SAFE-ALPHA,0,1,1,16,267.25
2.75,0.5,20263701,inserted_20260730_block,1,Matched terminal weighted e-BH,0,1,1,16,1146.5
2.75,0.5,20263702,inserted_20260730_block,1,SAFE-ALPHA,0,1,1,16,306.3125
2.75,0.5,20263702,inserted_20260730_block,1,Matched terminal weighted e-BH,0,1,1,16,1146.5
2.75,0.5,20263703,inserted_20260730_block,1,SAFE-ALPHA,0,1,1,16,281.625
2.75,0.5,20263703,inserted_20260730_block,1,Matched terminal weighted e-BH,0,1,1,16,1146.5
2.75,0.5,20263704,inserted_20260730_block,1,SAFE-ALPHA,0,1,1,16,235.6875
2.75,0.5,20263704,inserted_20260730_block,1,Matched terminal weighted e-BH,0,1,1,16,1146.5
2.75,0.5,20263705,inserted_20260730_block,1,SAFE-ALPHA,0,1,1,16,179.75
2.75,0.5,20263705,inserted_20260730_block,1,Matched terminal weighted e-BH,0,1,1,16,1146.5
2.75,0.5,20263706,inserted_20260730_block,1,SAFE-ALPHA,0,0.9375,0.9375,15,339
2.75,0.5,20263706,inserted_20260730_block,1,Matched terminal weighted e-BH,0,0.9375,0.9375,15,1154
2.75,0.5,20263707,inserted_20260730_block,1,SAFE-ALPHA,0,1,1,16,227.875
2.75,0.5,20263707,inserted_20260730_block,1,Matched terminal weighted e-BH,0,1,1,16,1146.5
2.75,0.5,20263708,inserted_20260730_block,1,SAFE-ALPHA,0,1,1,16,408.1875
2.75,0.5,20263708,inserted_20260730_block,1,Matched terminal weighted e-BH,0,1,1,16,1146.5
2.75,0.5,20263709,inserted_20260730_block,1,SAFE-ALPHA,0,1,1,16,223.1875
2.75,0.5,20263709,inserted_20260730_block,1,Matched terminal weighted e-BH,0,1,1,16,1146.5
2.75,0.5,20263710,inserted_20260730_block,1,SAFE-ALPHA,0,1,1,16,435.375
2.75,0.5,20263710,inserted_20260730_block,1,Matched terminal weighted e-BH,0,1,1,16,1146.5
2.75,0.5,20263711,inserted_20260730_block,1,SAFE-ALPHA,0,1,1,16,307.5625
2.75,0.5,20263711,inserted_20260730_block,1,Matched terminal weighted e-BH,0,1,1,16,1146.5
2.75,0.5,20263712,inserted_20260730_block,1,SAFE-ALPHA,0,1,1,16,270.0625
2.75,0.5,20263712,inserted_20260730_block,1,Matched terminal weighted e-BH,0,1,1,16,1146.5
2.75,0.5,20263713,inserted_20260730_block,1,SAFE-ALPHA,0,1,1,16,263.8125
2.75,0.5,20263713,inserted_20260730_block,1,Matched terminal weighted e-BH,0,1,1,16,1146.5
2.75,0.5,20263714,inserted_20260730_block,1,SAFE-ALPHA,0,1,1,16,291
2.75,0.5,20263714,inserted_20260730_block,1,Matched terminal weighted e-BH,0,1,1,16,1146.5
2.75,0.5,20263715,inserted_20260730_block,1,SAFE-ALPHA,0,1,1,16,297.25
2.75,0.5,20263715,inserted_20260730_block,1,Matched terminal weighted e-BH,0,1,1,16,1146.5
2.75,0.5,20263716,inserted_20260730_block,1,SAFE-ALPHA,0,1,1,16,377.875
2.75,0.5,20263716,inserted_20260730_block,1,Matched terminal weighted e-BH,0,1,1,16,1146.5
2.75,0.5,20263717,inserted_20260730_block,1,SAFE-ALPHA,0,1,1,16,208.5
2.75,0.5,20263717,inserted_20260730_block,1,Matched terminal weighted e-BH,0,1,1,16,1146.5
2.75,0.5,20263718,inserted_20260730_block,1,SAFE-ALPHA,0,1,1,16,292.25
2.75,0.5,20263718,inserted_20260730_block,1,Matched terminal weighted e-BH,0,1,1,16,1146.5
2.75,0.5,20263719,inserted_20260730_block,1,SAFE-ALPHA,0,1,1,16,347.25
2.75,0.5,20263719,inserted_20260730_block,1,Matched terminal weighted e-BH,0,1,1,16,1146.5
2.75,0.5,20263720,inserted_20260730_block,1,SAFE-ALPHA,0,1,1,16,236
2.75,0.5,20263720,inserted_20260730_block,1,Matched terminal weighted e-BH,0,1,1,16,1146.5
2.75,0.5,20263721,inserted_20260730_block,1,SAFE-ALPHA,0,1,1,16,240.0625
2.75,0.5,20263721,inserted_20260730_block,1,Matched terminal weighted e-BH,0,1,1,16,1146.5
2.75,0.5,20263722,inserted_20260730_block,1,SAFE-ALPHA,0,1,1,16,284.4375
2.75,0.5,20263722,inserted_20260730_block,1,Matched terminal weighted e-BH,0,1,1,16,1146.5
2.75,0.5,20263723,inserted_20260730_block,1,SAFE-ALPHA,0,1,1,16,361.9375
2.75,0.5,20263723,inserted_20260730_block,1,Matched terminal weighted e-BH,0,1,1,16,1146.5
2.75,0.5,20263724,inserted_20260730_block,1,SAFE-ALPHA,0,1,1,16,453.5
2.75,0.5,20263724,inserted_20260730_block,1,Matched terminal weighted e-BH,0,1,1,16,1146.5
2.75,0.5,20263725,inserted_20260730_block,1,SAFE-ALPHA,0,1,1,16,550.0625
2.75,0.5,20263725,inserted_20260730_block,1,Matched terminal weighted e-BH,0,1,1,16,1146.5
2.75,0.5,20263726,inserted_20260730_block,1,SAFE-ALPHA,0,1,1,16,476.9375
2.75,0.5,20263726,inserted_20260730_block,1,Matched terminal weighted e-BH,0,1,1,16,1146.5
2.75,0.5,20263727,inserted_20260730_block,1,SAFE-ALPHA,0,1,1,16,276.3125
2.75,0.5,20263727,inserted_20260730_block,1,Matched terminal weighted e-BH,0,1,1,16,1146.5
2.75,0.5,20263728,inserted_20260730_block,1,SAFE-ALPHA,0,1,1,16,306.9375
2.75,0.5,20263728,inserted_20260730_block,1,Matched terminal weighted e-BH,0,1,1,16,1146.5
2.75,0.5,20263729,inserted_20260730_block,1,SAFE-ALPHA,0,0.9375,0.9375,15,591
2.75,0.5,20263729,inserted_20260730_block,1,Matched terminal weighted e-BH,0,0.9375,0.9375,15,1154
3,0.5,316409,archived_314159_anchor,1,SAFE-ALPHA,0,1,1,16,218.1875
3,0.5,316409,archived_314159_anchor,1,Matched terminal weighted e-BH,0,1,1,16,1146.5
3,0.5,316410,archived_314159_anchor,1,SAFE-ALPHA,0,1,1,16,236.625
3,0.5,316410,archived_314159_anchor,1,Matched terminal weighted e-BH,0,1,1,16,1146.5
3,0.5,316411,archived_314159_anchor,1,SAFE-ALPHA,0,1,1,16,217.5625
3,0.5,316411,archived_314159_anchor,1,Matched terminal weighted e-BH,0,1,1,16,1146.5
3,0.5,316412,archived_314159_anchor,1,SAFE-ALPHA,0,1,1,16,254.75
3,0.5,316412,archived_314159_anchor,1,Matched terminal weighted e-BH,0,1,1,16,1146.5
3,0.5,316413,archived_314159_anchor,1,SAFE-ALPHA,0,1,1,16,332.875
3,0.5,316413,archived_314159_anchor,1,Matched terminal weighted e-BH,0,1,1,16,1146.5
3,0.5,316414,archived_314159_anchor,1,SAFE-ALPHA,0,1,1,16,423.1875
3,0.5,316414,archived_314159_anchor,1,Matched terminal weighted e-BH,0,1,1,16,1146.5
3,0.5,316415,archived_314159_anchor,1,SAFE-ALPHA,0,1,1,16,276.625
3,0.5,316415,archived_314159_anchor,1,Matched terminal weighted e-BH,0,1,1,16,1146.5
3,0.5,316416,archived_314159_anchor,1,SAFE-ALPHA,0,1,1,16,283.1875
3,0.5,316416,archived_314159_anchor,1,Matched terminal weighted e-BH,0,1,1,16,1146.5
3,0.5,316417,archived_314159_anchor,1,SAFE-ALPHA,0,1,1,16,298.5
3,0.5,316417,archived_314159_anchor,1,Matched terminal weighted e-BH,0,1,1,16,1146.5
3,0.5,316418,archived_314159_anchor,1,SAFE-ALPHA,0,1,1,16,296.9375
3,0.5,316418,archived_314159_anchor,1,Matched terminal weighted e-BH,0,1,1,16,1146.5
3,0.5,316419,archived_314159_anchor,1,SAFE-ALPHA,0,1,1,16,256.9375
3,0.5,316419,archived_314159_anchor,1,Matched terminal weighted e-BH,0,1,1,16,1146.5
3,0.5,316420,archived_314159_anchor,1,SAFE-ALPHA,0,1,1,16,271.9375
3,0.5,316420,archived_314159_anchor,1,Matched terminal weighted e-BH,0,1,1,16,1146.5
3,0.5,316421,archived_314159_anchor,1,SAFE-ALPHA,0,1,1,16,213.1875
3,0.5,316421,archived_314159_anchor,1,Matched terminal weighted e-BH,0,1,1,16,1146.5
3,0.5,316422,archived_314159_anchor,1,SAFE-ALPHA,0,1,1,16,315.375
3,0.5,316422,archived_314159_anchor,1,Matched terminal weighted e-BH,0,1,1,16,1146.5
3,0.5,316423,archived_314159_anchor,1,SAFE-ALPHA,0,1,1,16,219.4375
3,0.5,316423,archived_314159_anchor,1,Matched terminal weighted e-BH,0,1,1,16,1146.5
3,0.5,316424,archived_314159_anchor,1,SAFE-ALPHA,0,1,1,16,217.25
3,0.5,316424,archived_314159_anchor,1,Matched terminal weighted e-BH,0,1,1,16,1146.5
3,0.5,316425,archived_314159_anchor,1,SAFE-ALPHA,0,1,1,16,287.25
3,0.5,316425,archived_314159_anchor,1,Matched terminal weighted e-BH,0,1,1,16,1146.5
3,0.5,316426,archived_314159_anchor,1,SAFE-ALPHA,0,1,1,16,251
3,0.5,316426,archived_314159_anchor,1,Matched terminal weighted e-BH,0,1,1,16,1146.5
3,0.5,316427,archived_314159_anchor,1,SAFE-ALPHA,0,1,1,16,258.5
3,0.5,316427,archived_314159_anchor,1,Matched terminal weighted e-BH,0,1,1,16,1146.5
3,0.5,316428,archived_314159_anchor,1,SAFE-ALPHA,0,1,1,16,249.125
3,0.5,316428,archived_314159_anchor,1,Matched terminal weighted e-BH,0,1,1,16,1146.5
3,0.5,316429,archived_314159_anchor,1,SAFE-ALPHA,0,1,1,16,315.375
3,0.5,316429,archived_314159_anchor,1,Matched terminal weighted e-BH,0,1,1,16,1146.5
3,0.5,316430,archived_314159_anchor,1,SAFE-ALPHA,0,1,1,16,228.5
3,0.5,316430,archived_314159_anchor,1,Matched terminal weighted e-BH,0,1,1,16,1146.5
3,0.5,316431,archived_314159_anchor,1,SAFE-ALPHA,0,1,1,16,213.5
3,0.5,316431,archived_314159_anchor,1,Matched terminal weighted e-BH,0,1,1,16,1146.5
3,0.5,316432,archived_314159_anchor,1,SAFE-ALPHA,0,1,1,16,364.4375
3,0.5,316432,archived_314159_anchor,1,Matched terminal weighted e-BH,0,1,1,16,1146.5
3,0.5,316433,archived_314159_anchor,1,SAFE-ALPHA,0,1,1,16,203.5
3,0.5,316433,archived_314159_anchor,1,Matched terminal weighted e-BH,0,1,1,16,1146.5
3,0.5,316434,archived_314159_anchor,1,SAFE-ALPHA,0,1,1,16,494.4375
3,0.5,316434,archived_314159_anchor,1,Matched terminal weighted e-BH,0,1,1,16,1146.5
3,0.5,316435,archived_314159_anchor,1,SAFE-ALPHA,0,1,1,16,376.3125
3,0.5,316435,archived_314159_anchor,1,Matched terminal weighted e-BH,0,1,1,16,1146.5
3,0.5,316436,archived_314159_anchor,1,SAFE-ALPHA,0,1,1,16,230.375
3,0.5,316436,archived_314159_anchor,1,Matched terminal weighted e-BH,0,1,1,16,1146.5
3,0.5,316437,archived_314159_anchor,1,SAFE-ALPHA,0,1,1,16,185.375
3,0.5,316437,archived_314159_anchor,1,Matched terminal weighted e-BH,0,1,1,16,1146.5
3,0.5,316438,archived_314159_anchor,1,SAFE-ALPHA,0,1,1,16,380.6875
3,0.5,316438,archived_314159_anchor,1,Matched terminal weighted e-BH,0,1,1,16,1146.5
3,0.5,316439,archived_314159_anchor,1,SAFE-ALPHA,0,1,1,16,357.875
3,0.5,316439,archived_314159_anchor,1,Matched terminal weighted e-BH,0,1,1,16,1146.5
3,0.5,316440,archived_314159_anchor,1,SAFE-ALPHA,0,1,1,16,395.375
3,0.5,316440,archived_314159_anchor,1,Matched terminal weighted e-BH,0,1,1,16,1146.5
3,0.5,316441,archived_314159_anchor,1,SAFE-ALPHA,0,1,1,16,466
3,0.5,316441,archived_314159_anchor,1,Matched terminal weighted e-BH,0,1,1,16,1146.5
3,0.5,316442,archived_314159_anchor,1,SAFE-ALPHA,0,1,1,16,305.6875
3,0.5,316442,archived_314159_anchor,1,Matched terminal weighted e-BH,0,1,1,16,1146.5
3,0.5,316443,archived_314159_anchor,1,SAFE-ALPHA,0,1,1,16,346.3125
3,0.5,316443,archived_314159_anchor,1,Matched terminal weighted e-BH,0,1,1,16,1146.5
3,0.5,316444,archived_314159_anchor,1,SAFE-ALPHA,0,1,1,16,334.75
3,0.5,316444,archived_314159_anchor,1,Matched terminal weighted e-BH,0,1,1,16,1146.5
3,0.5,316445,archived_314159_anchor,1,SAFE-ALPHA,0,1,1,16,256.9375
3,0.5,316445,archived_314159_anchor,1,Matched terminal weighted e-BH,0,1,1,16,1146.5
3,0.5,316446,archived_314159_anchor,1,SAFE-ALPHA,0,1,1,16,231.3125
3,0.5,316446,archived_314159_anchor,1,Matched terminal weighted e-BH,0,1,1,16,1146.5
3,0.5,316447,archived_314159_anchor,1,SAFE-ALPHA,0,1,1,16,249.125
3,0.5,316447,archived_314159_anchor,1,Matched terminal weighted e-BH,0,1,1,16,1146.5
3,0.5,316448,archived_314159_anchor,1,SAFE-ALPHA,0,1,1,16,427.875
3,0.5,316448,archived_314159_anchor,1,Matched terminal weighted e-BH,0,1,1,16,1146.5
3,0.5,316449,archived_314159_anchor,1,SAFE-ALPHA,0,1,1,16,272.25
3,0.5,316449,archived_314159_anchor,1,Matched terminal weighted e-BH,0,1,1,16,1146.5
3,0.5,316450,archived_314159_anchor,1,SAFE-ALPHA,0,1,1,16,308.8125
3,0.5,316450,archived_314159_anchor,1,Matched terminal weighted e-BH,0,1,1,16,1146.5
3,0.5,316451,archived_314159_anchor,1,SAFE-ALPHA,0,1,1,16,177.25
3,0.5,316451,archived_314159_anchor,1,Matched terminal weighted e-BH,0,1,1,16,1146.5
3,0.5,316452,archived_314159_anchor,1,SAFE-ALPHA,0,1,1,16,196.9375
3,0.5,316452,archived_314159_anchor,1,Matched terminal weighted e-BH,0,1,1,16,1146.5
3,0.5,316453,archived_314159_anchor,1,SAFE-ALPHA,0,1,1,16,221.3125
3,0.5,316453,archived_314159_anchor,1,Matched terminal weighted e-BH,0,1,1,16,1146.5
3,0.5,316454,archived_314159_anchor,1,SAFE-ALPHA,0,1,1,16,272.25
3,0.5,316454,archived_314159_anchor,1,Matched terminal weighted e-BH,0,1,1,16,1146.5
3,0.5,316455,archived_314159_anchor,1,SAFE-ALPHA,0,1,1,16,269.4375
3,0.5,316455,archived_314159_anchor,1,Matched terminal weighted e-BH,0,1,1,16,1146.5
3,0.5,316456,archived_314159_anchor,1,SAFE-ALPHA,0,1,1,16,289.125
3,0.5,316456,archived_314159_anchor,1,Matched terminal weighted e-BH,0,1,1,16,1146.5
3,0.5,316457,archived_314159_anchor,1,SAFE-ALPHA,0,1,1,16,246.625
3,0.5,316457,archived_314159_anchor,1,Matched terminal weighted e-BH,0,1,1,16,1146.5
3,0.5,316458,archived_314159_anchor,1,SAFE-ALPHA,0,1,1,16,336.625
3,0.5,316458,archived_314159_anchor,1,Matched terminal weighted e-BH,0,1,1,16,1146.5
3,0.5,316459,archived_314159_anchor,1,SAFE-ALPHA,0,1,1,16,290.6875
3,0.5,316459,archived_314159_anchor,1,Matched terminal weighted e-BH,0,1,1,16,1146.5
3,0.5,316460,archived_314159_anchor,1,SAFE-ALPHA,0,1,1,16,207.875
3,0.5,316460,archived_314159_anchor,1,Matched terminal weighted e-BH,0,1,1,16,1146.5
3,0.5,316461,archived_314159_anchor,1,SAFE-ALPHA,0.111111111111,1,1,18,157.875
3,0.5,316461,archived_314159_anchor,1,Matched terminal weighted e-BH,0,1,1,16,1146.5
3,0.5,316462,archived_314159_anchor,1,SAFE-ALPHA,0,1,1,16,346.625
3,0.5,316462,archived_314159_anchor,1,Matched terminal weighted e-BH,0,1,1,16,1146.5
3,0.5,316463,archived_314159_anchor,1,SAFE-ALPHA,0,1,1,16,251.9375
3,0.5,316463,archived_314159_anchor,1,Matched terminal weighted e-BH,0,1,1,16,1146.5
3,0.5,316464,archived_314159_anchor,1,SAFE-ALPHA,0,1,1,16,244.4375
3,0.5,316464,archived_314159_anchor,1,Matched terminal weighted e-BH,0,1,1,16,1146.5
3,0.5,316465,archived_314159_anchor,1,SAFE-ALPHA,0,1,1,16,342.5625
3,0.5,316465,archived_314159_anchor,1,Matched terminal weighted e-BH,0,1,1,16,1146.5
3,0.5,316466,archived_314159_anchor,1,SAFE-ALPHA,0,1,1,16,376
3,0.5,316466,archived_314159_anchor,1,Matched terminal weighted e-BH,0,1,1,16,1146.5
3,0.5,316467,archived_314159_anchor,1,SAFE-ALPHA,0,1,1,16,256.9375
3,0.5,316467,archived_314159_anchor,1,Matched terminal weighted e-BH,0,1,1,16,1146.5
3,0.5,316468,archived_314159_anchor,1,SAFE-ALPHA,0,1,1,16,253.8125
3,0.5,316468,archived_314159_anchor,1,Matched terminal weighted e-BH,0,1,1,16,1146.5
3,0.5,316469,archived_314159_anchor,1,SAFE-ALPHA,0,1,1,16,486.9375
3,0.5,316469,archived_314159_anchor,1,Matched terminal weighted e-BH,0,1,1,16,1146.5
3,0.5,316470,archived_314159_anchor,1,SAFE-ALPHA,0,1,1,16,310.6875
3,0.5,316470,archived_314159_anchor,1,Matched terminal weighted e-BH,0,1,1,16,1146.5
3,0.5,316471,archived_314159_anchor,1,SAFE-ALPHA,0,1,1,16,208.8125
3,0.5,316471,archived_314159_anchor,1,Matched terminal weighted e-BH,0,1,1,16,1146.5
3,0.5,316472,archived_314159_anchor,1,SAFE-ALPHA,0,1,1,16,300.0625
3,0.5,316472,archived_314159_anchor,1,Matched terminal weighted e-BH,0,1,1,16,1146.5
3,0.5,316473,archived_314159_anchor,1,SAFE-ALPHA,0,1,1,16,260.6875
3,0.5,316473,archived_314159_anchor,1,Matched terminal weighted e-BH,0,1,1,16,1146.5
3,0.5,316474,archived_314159_anchor,1,SAFE-ALPHA,0,1,1,16,379.75
3,0.5,316474,archived_314159_anchor,1,Matched terminal weighted e-BH,0,1,1,16,1146.5
3,0.5,316475,archived_314159_anchor,1,SAFE-ALPHA,0,1,1,16,234.4375
3,0.5,316475,archived_314159_anchor,1,Matched terminal weighted e-BH,0,1,1,16,1146.5
3,0.5,316476,archived_314159_anchor,1,SAFE-ALPHA,0,1,1,16,319.4375
3,0.5,316476,archived_314159_anchor,1,Matched terminal weighted e-BH,0,1,1,16,1146.5
3,0.5,316477,archived_314159_anchor,1,SAFE-ALPHA,0,1,1,16,219.75
3,0.5,316477,archived_314159_anchor,1,Matched terminal weighted e-BH,0,1,1,16,1146.5
3,0.5,316478,archived_314159_anchor,1,SAFE-ALPHA,0,1,1,16,301.3125
3,0.5,316478,archived_314159_anchor,1,Matched terminal weighted e-BH,0,1,1,16,1146.5
3,0.5,316479,archived_314159_anchor,1,SAFE-ALPHA,0,1,1,16,424.4375
3,0.5,316479,archived_314159_anchor,1,Matched terminal weighted e-BH,0,1,1,16,1146.5
3,0.5,316480,archived_314159_anchor,1,SAFE-ALPHA,0,1,1,16,295.0625
3,0.5,316480,archived_314159_anchor,1,Matched terminal weighted e-BH,0,1,1,16,1146.5
3,0.5,316481,archived_314159_anchor,1,SAFE-ALPHA,0,1,1,16,196.9375
3,0.5,316481,archived_314159_anchor,1,Matched terminal weighted e-BH,0,1,1,16,1146.5
3,0.5,316482,archived_314159_anchor,1,SAFE-ALPHA,0,1,1,16,226
3,0.5,316482,archived_314159_anchor,1,Matched terminal weighted e-BH,0,1,1,16,1146.5
3,0.5,316483,archived_314159_anchor,1,SAFE-ALPHA,0,1,1,16,204.125
3,0.5,316483,archived_314159_anchor,1,Matched terminal weighted e-BH,0,1,1,16,1146.5
3,0.5,316484,archived_314159_anchor,1,SAFE-ALPHA,0,1,1,16,229.75
3,0.5,316484,archived_314159_anchor,1,Matched terminal weighted e-BH,0,1,1,16,1146.5
3,0.5,316485,archived_314159_anchor,1,SAFE-ALPHA,0,1,1,16,230.375
3,0.5,316485,archived_314159_anchor,1,Matched terminal weighted e-BH,0,1,1,16,1146.5
3,0.5,316486,archived_314159_anchor,1,SAFE-ALPHA,0,1,1,16,283.8125
3,0.5,316486,archived_314159_anchor,1,Matched terminal weighted e-BH,0,1,1,16,1146.5
3,0.5,316487,archived_314159_anchor,1,SAFE-ALPHA,0,1,1,16,293.1875
3,0.5,316487,archived_314159_anchor,1,Matched terminal weighted e-BH,0,1,1,16,1146.5
3,0.5,316488,archived_314159_anchor,1,SAFE-ALPHA,0,1,1,16,360.0625
3,0.5,316488,archived_314159_anchor,1,Matched terminal weighted e-BH,0,1,1,16,1146.5
3,0.5,316489,archived_314159_anchor,1,SAFE-ALPHA,0,1,1,16,324.75
3,0.5,316489,archived_314159_anchor,1,Matched terminal weighted e-BH,0,1,1,16,1146.5
3,0.5,316490,archived_314159_anchor,1,SAFE-ALPHA,0,1,1,16,337.875
3,0.5,316490,archived_314159_anchor,1,Matched terminal weighted e-BH,0,1,1,16,1146.5
3,0.5,316491,archived_314159_anchor,1,SAFE-ALPHA,0,1,1,16,356.625
3,0.5,316491,archived_314159_anchor,1,Matched terminal weighted e-BH,0,1,1,16,1146.5
3,0.5,316492,archived_314159_anchor,1,SAFE-ALPHA,0,1,1,16,282.5625
3,0.5,316492,archived_314159_anchor,1,Matched terminal weighted e-BH,0,1,1,16,1146.5
3,0.5,316493,archived_314159_anchor,1,SAFE-ALPHA,0,1,1,16,383.1875
3,0.5,316493,archived_314159_anchor,1,Matched terminal weighted e-BH,0,1,1,16,1146.5
3,0.5,316494,archived_314159_anchor,1,SAFE-ALPHA,0,1,1,16,201.9375
3,0.5,316494,archived_314159_anchor,1,Matched terminal weighted e-BH,0,1,1,16,1146.5
3,0.5,316495,archived_314159_anchor,1,SAFE-ALPHA,0,1,1,16,413.5
3,0.5,316495,archived_314159_anchor,1,Matched terminal weighted e-BH,0,1,1,16,1146.5
3,0.5,316496,archived_314159_anchor,1,SAFE-ALPHA,0,1,1,16,222.875
3,0.5,316496,archived_314159_anchor,1,Matched terminal weighted e-BH,0,1,1,16,1146.5
3,0.5,316497,archived_314159_anchor,1,SAFE-ALPHA,0,1,1,16,427.875
3,0.5,316497,archived_314159_anchor,1,Matched terminal weighted e-BH,0,1,1,16,1146.5
3,0.5,316498,archived_314159_anchor,1,SAFE-ALPHA,0,1,1,16,305.0625
3,0.5,316498,archived_314159_anchor,1,Matched terminal weighted e-BH,0,1,1,16,1146.5
3,0.5,316499,archived_314159_anchor,1,SAFE-ALPHA,0,1,1,16,330.0625
3,0.5,316499,archived_314159_anchor,1,Matched terminal weighted e-BH,0,1,1,16,1146.5
3,0.5,316500,archived_314159_anchor,1,SAFE-ALPHA,0,1,1,16,324.75
3,0.5,316500,archived_314159_anchor,1,Matched terminal weighted e-BH,0,1,1,16,1146.5
3,0.5,316501,archived_314159_anchor,1,SAFE-ALPHA,0,1,1,16,321.3125
3,0.5,316501,archived_314159_anchor,1,Matched terminal weighted e-BH,0,1,1,16,1146.5
3,0.5,316502,archived_314159_anchor,1,SAFE-ALPHA,0,1,1,16,318.1875
3,0.5,316502,archived_314159_anchor,1,Matched terminal weighted e-BH,0,1,1,16,1146.5
3,0.5,316503,archived_314159_anchor,1,SAFE-ALPHA,0,1,1,16,217.25
3,0.5,316503,archived_314159_anchor,1,Matched terminal weighted e-BH,0,1,1,16,1146.5
3,0.5,316504,archived_314159_anchor,1,SAFE-ALPHA,0,1,1,16,316.625
3,0.5,316504,archived_314159_anchor,1,Matched terminal weighted e-BH,0,1,1,16,1146.5
3,0.5,316505,archived_314159_anchor,1,SAFE-ALPHA,0,1,1,16,256.3125
3,0.5,316505,archived_314159_anchor,1,Matched terminal weighted e-BH,0,1,1,16,1146.5
3,0.5,316506,archived_314159_anchor,1,SAFE-ALPHA,0,1,1,16,280.375
3,0.5,316506,archived_314159_anchor,1,Matched terminal weighted e-BH,0,1,1,16,1146.5
3,0.5,316507,archived_314159_anchor,1,SAFE-ALPHA,0,1,1,16,387.5625
3,0.5,316507,archived_314159_anchor,1,Matched terminal weighted e-BH,0,1,1,16,1146.5
3,0.5,316508,archived_314159_anchor,1,SAFE-ALPHA,0,1,1,16,201.625
3,0.5,316508,archived_314159_anchor,1,Matched terminal weighted e-BH,0,1,1,16,1146.5
3,0.5,316509,archived_314159_anchor,1,SAFE-ALPHA,0,1,1,16,297.5625
3,0.5,316509,archived_314159_anchor,1,Matched terminal weighted e-BH,0,1,1,16,1146.5
3,0.5,316510,archived_314159_anchor,1,SAFE-ALPHA,0,1,1,16,211.9375
3,0.5,316510,archived_314159_anchor,1,Matched terminal weighted e-BH,0,1,1,16,1146.5
3,0.5,316511,archived_314159_anchor,1,SAFE-ALPHA,0,1,1,16,254.75
3,0.5,316511,archived_314159_anchor,1,Matched terminal weighted e-BH,0,1,1,16,1146.5
3,0.5,316512,archived_314159_anchor,1,SAFE-ALPHA,0,1,1,16,325.0625
3,0.5,316512,archived_314159_anchor,1,Matched terminal weighted e-BH,0,1,1,16,1146.5
3,0.5,316513,archived_314159_anchor,1,SAFE-ALPHA,0,1,1,16,308.8125
3,0.5,316513,archived_314159_anchor,1,Matched terminal weighted e-BH,0,1,1,16,1146.5
3,0.5,316514,archived_314159_anchor,1,SAFE-ALPHA,0,1,1,16,417.25
3,0.5,316514,archived_314159_anchor,1,Matched terminal weighted e-BH,0,1,1,16,1146.5
3,0.5,316515,archived_314159_anchor,1,SAFE-ALPHA,0,1,1,16,247.875
3,0.5,316515,archived_314159_anchor,1,Matched terminal weighted e-BH,0,1,1,16,1146.5
3,0.5,316516,archived_314159_anchor,1,SAFE-ALPHA,0,1,1,16,387.5625
3,0.5,316516,archived_314159_anchor,1,Matched terminal weighted e-BH,0,1,1,16,1146.5
3,0.5,316517,archived_314159_anchor,1,SAFE-ALPHA,0,1,1,16,239.4375
3,0.5,316517,archived_314159_anchor,1,Matched terminal weighted e-BH,0,1,1,16,1146.5
3,0.5,316518,archived_314159_anchor,1,SAFE-ALPHA,0,1,1,16,283.1875
3,0.5,316518,archived_314159_anchor,1,Matched terminal weighted e-BH,0,1,1,16,1146.5
3,0.5,316519,archived_314159_anchor,1,SAFE-ALPHA,0,1,1,16,229.75
3,0.5,316519,archived_314159_anchor,1,Matched terminal weighted e-BH,0,1,1,16,1146.5
3,0.5,316520,archived_314159_anchor,1,SAFE-ALPHA,0,1,1,16,282.25
3,0.5,316520,archived_314159_anchor,1,Matched terminal weighted e-BH,0,1,1,16,1146.5
3,0.5,316521,archived_314159_anchor,1,SAFE-ALPHA,0,1,1,16,290.6875
3,0.5,316521,archived_314159_anchor,1,Matched terminal weighted e-BH,0,1,1,16,1146.5
3,0.5,316522,archived_314159_anchor,1,SAFE-ALPHA,0,1,1,16,205.375
3,0.5,316522,archived_314159_anchor,1,Matched terminal weighted e-BH,0,1,1,16,1146.5
3,0.5,316523,archived_314159_anchor,1,SAFE-ALPHA,0,1,1,16,385.0625
3,0.5,316523,archived_314159_anchor,1,Matched terminal weighted e-BH,0,1,1,16,1146.5
3,0.5,316524,archived_314159_anchor,1,SAFE-ALPHA,0,1,1,16,399.125
3,0.5,316524,archived_314159_anchor,1,Matched terminal weighted e-BH,0,1,1,16,1146.5
3,0.5,316525,archived_314159_anchor,1,SAFE-ALPHA,0,1,1,16,274.125
3,0.5,316525,archived_314159_anchor,1,Matched terminal weighted e-BH,0,1,1,16,1146.5
3,0.5,316526,archived_314159_anchor,1,SAFE-ALPHA,0,1,1,16,344.75
3,0.5,316526,archived_314159_anchor,1,Matched terminal weighted e-BH,0,1,1,16,1146.5
3,0.5,316527,archived_314159_anchor,1,SAFE-ALPHA,0,1,1,16,187.5625
3,0.5,316527,archived_314159_anchor,1,Matched terminal weighted e-BH,0,1,1,16,1146.5
3,0.5,316528,archived_314159_anchor,1,SAFE-ALPHA,0,1,1,16,246
3,0.5,316528,archived_314159_anchor,1,Matched terminal weighted e-BH,0,1,1,16,1146.5
3,0.5,316529,archived_314159_anchor,1,SAFE-ALPHA,0,1,1,16,235.6875
3,0.5,316529,archived_314159_anchor,1,Matched terminal weighted e-BH,0,1,1,16,1146.5
3,0.5,316530,archived_314159_anchor,1,SAFE-ALPHA,0,1,1,16,227.5625
3,0.5,316530,archived_314159_anchor,1,Matched terminal weighted e-BH,0,1,1,16,1146.5
3,0.5,316531,archived_314159_anchor,1,SAFE-ALPHA,0,1,1,16,340.0625
3,0.5,316531,archived_314159_anchor,1,Matched terminal weighted e-BH,0,1,1,16,1146.5
3,0.5,316532,archived_314159_anchor,1,SAFE-ALPHA,0,1,1,16,444.75
3,0.5,316532,archived_314159_anchor,1,Matched terminal weighted e-BH,0,1,1,16,1146.5
3,0.5,316533,archived_314159_anchor,1,SAFE-ALPHA,0,1,1,16,556.9375
3,0.5,316533,archived_314159_anchor,1,Matched terminal weighted e-BH,0,1,1,16,1146.5
3,0.5,316534,archived_314159_anchor,1,SAFE-ALPHA,0,1,1,16,441.3125
3,0.5,316534,archived_314159_anchor,1,Matched terminal weighted e-BH,0,1,1,16,1146.5
3,0.5,316535,archived_314159_anchor,1,SAFE-ALPHA,0,1,1,16,463.5
3,0.5,316535,archived_314159_anchor,1,Matched terminal weighted e-BH,0,1,1,16,1146.5
3,0.5,316536,archived_314159_anchor,1,SAFE-ALPHA,0,1,1,16,346
3,0.5,316536,archived_314159_anchor,1,Matched terminal weighted e-BH,0,1,1,16,1146.5
3,0.5,316537,archived_314159_anchor,1,SAFE-ALPHA,0,1,1,16,383.1875
3,0.5,316537,archived_314159_anchor,1,Matched terminal weighted e-BH,0,1,1,16,1146.5
3,0.5,316538,archived_314159_anchor,1,SAFE-ALPHA,0,1,1,16,322.25
3,0.5,316538,archived_314159_anchor,1,Matched terminal weighted e-BH,0,1,1,16,1146.5
3,0.5,316539,archived_314159_anchor,1,SAFE-ALPHA,0,1,1,16,246.625
3,0.5,316539,archived_314159_anchor,1,Matched terminal weighted e-BH,0,1,1,16,1146.5
3,0.5,316540,archived_314159_anchor,1,SAFE-ALPHA,0,1,1,16,470.375
3,0.5,316540,archived_314159_anchor,1,Matched terminal weighted e-BH,0,1,1,16,1146.5
3,0.5,316541,archived_314159_anchor,1,SAFE-ALPHA,0,1,1,16,509.125
3,0.5,316541,archived_314159_anchor,1,Matched terminal weighted e-BH,0,1,1,16,1146.5
3,0.5,316542,archived_314159_anchor,1,SAFE-ALPHA,0,1,1,16,249.125
3,0.5,316542,archived_314159_anchor,1,Matched terminal weighted e-BH,0,1,1,16,1146.5
3,0.5,316543,archived_314159_anchor,1,SAFE-ALPHA,0,1,1,16,302.25
3,0.5,316543,archived_314159_anchor,1,Matched terminal weighted e-BH,0,1,1,16,1146.5
3,0.5,316544,archived_314159_anchor,1,SAFE-ALPHA,0,1,1,16,260.375
3,0.5,316544,archived_314159_anchor,1,Matched terminal weighted e-BH,0,1,1,16,1146.5
3,0.5,316545,archived_314159_anchor,1,SAFE-ALPHA,0,1,1,16,375.6875
3,0.5,316545,archived_314159_anchor,1,Matched terminal weighted e-BH,0,1,1,16,1146.5
3,0.5,316546,archived_314159_anchor,1,SAFE-ALPHA,0,1,1,16,248.1875
3,0.5,316546,archived_314159_anchor,1,Matched terminal weighted e-BH,0,1,1,16,1146.5
3,0.5,316547,archived_314159_anchor,1,SAFE-ALPHA,0,1,1,16,381.625
3,0.5,316547,archived_314159_anchor,1,Matched terminal weighted e-BH,0,1,1,16,1146.5
3,0.5,316548,archived_314159_anchor,1,SAFE-ALPHA,0,1,1,16,280.375
3,0.5,316548,archived_314159_anchor,1,Matched terminal weighted e-BH,0,1,1,16,1146.5
3,0.5,316549,archived_314159_anchor,1,SAFE-ALPHA,0,1,1,16,196.625
3,0.5,316549,archived_314159_anchor,1,Matched terminal weighted e-BH,0,1,1,16,1146.5
3,0.5,316550,archived_314159_anchor,1,SAFE-ALPHA,0,1,1,16,473.1875
3,0.5,316550,archived_314159_anchor,1,Matched terminal weighted e-BH,0,1,1,16,1146.5
3,0.5,316551,archived_314159_anchor,1,SAFE-ALPHA,0,1,1,16,263.5
3,0.5,316551,archived_314159_anchor,1,Matched terminal weighted e-BH,0,1,1,16,1146.5
3,0.5,316552,archived_314159_anchor,1,SAFE-ALPHA,0,1,1,16,215.0625
3,0.5,316552,archived_314159_anchor,1,Matched terminal weighted e-BH,0,1,1,16,1146.5
3,0.5,316553,archived_314159_anchor,1,SAFE-ALPHA,0,1,1,16,418.5
3,0.5,316553,archived_314159_anchor,1,Matched terminal weighted e-BH,0,1,1,16,1146.5
3,0.5,316554,archived_314159_anchor,1,SAFE-ALPHA,0,1,1,16,256.625
3,0.5,316554,archived_314159_anchor,1,Matched terminal weighted e-BH,0,1,1,16,1146.5
3,0.5,316555,archived_314159_anchor,1,SAFE-ALPHA,0,1,1,16,405.6875
3,0.5,316555,archived_314159_anchor,1,Matched terminal weighted e-BH,0,1,1,16,1146.5
3,0.5,316556,archived_314159_anchor,1,SAFE-ALPHA,0,1,1,16,251
3,0.5,316556,archived_314159_anchor,1,Matched terminal weighted e-BH,0,1,1,16,1146.5
3,0.5,316557,archived_314159_anchor,1,SAFE-ALPHA,0,1,1,16,510.6875
3,0.5,316557,archived_314159_anchor,1,Matched terminal weighted e-BH,0,1,1,16,1146.5
3,0.5,316558,archived_314159_anchor,1,SAFE-ALPHA,0,1,1,16,296
3,0.5,316558,archived_314159_anchor,1,Matched terminal weighted e-BH,0,1,1,16,1146.5
3,0.5,316559,archived_314159_anchor,1,SAFE-ALPHA,0,1,1,16,253.5
3,0.5,316559,archived_314159_anchor,1,Matched terminal weighted e-BH,0,1,1,16,1146.5
3,0.5,316560,archived_314159_anchor,1,SAFE-ALPHA,0,1,1,16,352.25
3,0.5,316560,archived_314159_anchor,1,Matched terminal weighted e-BH,0,1,1,16,1146.5
3,0.5,316561,archived_314159_anchor,1,SAFE-ALPHA,0,1,1,16,211.9375
3,0.5,316561,archived_314159_anchor,1,Matched terminal weighted e-BH,0,1,1,16,1146.5
3,0.5,316562,archived_314159_anchor,1,SAFE-ALPHA,0,0.9375,0.9375,15,540.666666667
3,0.5,316562,archived_314159_anchor,1,Matched terminal weighted e-BH,0,0.9375,0.9375,15,1154
3,0.5,316563,archived_314159_anchor,1,SAFE-ALPHA,0,1,1,16,420.375
3,0.5,316563,archived_314159_anchor,1,Matched terminal weighted e-BH,0,1,1,16,1146.5
3,0.5,316564,archived_314159_anchor,1,SAFE-ALPHA,0,1,1,16,272.5625
3,0.5,316564,archived_314159_anchor,1,Matched terminal weighted e-BH,0,1,1,16,1146.5
3,0.5,316565,archived_314159_anchor,1,SAFE-ALPHA,0,1,1,16,244.125
3,0.5,316565,archived_314159_anchor,1,Matched terminal weighted e-BH,0,1,1,16,1146.5
3,0.5,316566,archived_314159_anchor,1,SAFE-ALPHA,0,1,1,16,266.9375
3,0.5,316566,archived_314159_anchor,1,Matched terminal weighted e-BH,0,1,1,16,1146.5
3,0.5,316567,archived_314159_anchor,1,SAFE-ALPHA,0,1,1,16,256.625
3,0.5,316567,archived_314159_anchor,1,Matched terminal weighted e-BH,0,1,1,16,1146.5
3,0.5,316568,archived_314159_anchor,1,SAFE-ALPHA,0,1,1,16,269.125
3,0.5,316568,archived_314159_anchor,1,Matched terminal weighted e-BH,0,1,1,16,1146.5
3,0.5,316569,archived_314159_anchor,1,SAFE-ALPHA,0,1,1,16,202.875
3,0.5,316569,archived_314159_anchor,1,Matched terminal weighted e-BH,0,1,1,16,1146.5
3,0.5,316570,archived_314159_anchor,1,SAFE-ALPHA,0,1,1,16,280.6875
3,0.5,316570,archived_314159_anchor,1,Matched terminal weighted e-BH,0,1,1,16,1146.5
3,0.5,316571,archived_314159_anchor,1,SAFE-ALPHA,0,1,1,16,340.6875
3,0.5,316571,archived_314159_anchor,1,Matched terminal weighted e-BH,0,1,1,16,1146.5
3,0.5,316572,archived_314159_anchor,1,SAFE-ALPHA,0,1,1,16,202.5625
3,0.5,316572,archived_314159_anchor,1,Matched terminal weighted e-BH,0,1,1,16,1146.5
3,0.5,316573,archived_314159_anchor,1,SAFE-ALPHA,0,1,1,16,236.625
3,0.5,316573,archived_314159_anchor,1,Matched terminal weighted e-BH,0,1,1,16,1146.5
3,0.5,316574,archived_314159_anchor,1,SAFE-ALPHA,0,1,1,16,404.75
3,0.5,316574,archived_314159_anchor,1,Matched terminal weighted e-BH,0,1,1,16,1146.5
3,0.5,316575,archived_314159_anchor,1,SAFE-ALPHA,0,1,1,16,381.625
3,0.5,316575,archived_314159_anchor,1,Matched terminal weighted e-BH,0,1,1,16,1146.5
3,0.5,316576,archived_314159_anchor,1,SAFE-ALPHA,0,1,1,16,270.375
3,0.5,316576,archived_314159_anchor,1,Matched terminal weighted e-BH,0,1,1,16,1146.5
3,0.5,316577,archived_314159_anchor,1,SAFE-ALPHA,0,1,1,16,357.5625
3,0.5,316577,archived_314159_anchor,1,Matched terminal weighted e-BH,0,1,1,16,1146.5
3,0.5,316578,archived_314159_anchor,1,SAFE-ALPHA,0,1,1,16,280.0625
3,0.5,316578,archived_314159_anchor,1,Matched terminal weighted e-BH,0,1,1,16,1146.5
3,0.5,316579,archived_314159_anchor,1,SAFE-ALPHA,0,1,1,16,335.6875
3,0.5,316579,archived_314159_anchor,1,Matched terminal weighted e-BH,0,1,1,16,1146.5
3,0.5,316580,archived_314159_anchor,1,SAFE-ALPHA,0,1,1,16,256.3125
3,0.5,316580,archived_314159_anchor,1,Matched terminal weighted e-BH,0,1,1,16,1146.5
3,0.5,316581,archived_314159_anchor,1,SAFE-ALPHA,0,1,1,16,318.5
3,0.5,316581,archived_314159_anchor,1,Matched terminal weighted e-BH,0,1,1,16,1146.5
3,0.5,316582,archived_314159_anchor,1,SAFE-ALPHA,0,1,1,16,214.75
3,0.5,316582,archived_314159_anchor,1,Matched terminal weighted e-BH,0,1,1,16,1146.5
3,0.5,316583,archived_314159_anchor,1,SAFE-ALPHA,0,1,1,16,349.125
3,0.5,316583,archived_314159_anchor,1,Matched terminal weighted e-BH,0,1,1,16,1146.5
3,0.5,316584,archived_314159_anchor,1,SAFE-ALPHA,0,1,1,16,339.4375
3,0.5,316584,archived_314159_anchor,1,Matched terminal weighted e-BH,0,1,1,16,1146.5
3,0.5,316585,archived_314159_anchor,1,SAFE-ALPHA,0,1,1,16,316.9375
3,0.5,316585,archived_314159_anchor,1,Matched terminal weighted e-BH,0,1,1,16,1146.5
3,0.5,316586,archived_314159_anchor,1,SAFE-ALPHA,0,1,1,16,411.625
3,0.5,316586,archived_314159_anchor,1,Matched terminal weighted e-BH,0,1,1,16,1146.5
3,0.5,316587,archived_314159_anchor,1,SAFE-ALPHA,0,1,1,16,278.5
3,0.5,316587,archived_314159_anchor,1,Matched terminal weighted e-BH,0,1,1,16,1146.5
3,0.5,316588,archived_314159_anchor,1,SAFE-ALPHA,0,1,1,16,322.5625
3,0.5,316588,archived_314159_anchor,1,Matched terminal weighted e-BH,0,1,1,16,1146.5
3,0.5,316589,archived_314159_anchor,1,SAFE-ALPHA,0,1,1,16,125.375
3,0.5,316589,archived_314159_anchor,1,Matched terminal weighted e-BH,0,1,1,16,1146.5
3,0.5,316590,archived_314159_anchor,1,SAFE-ALPHA,0,1,1,16,320.6875
3,0.5,316590,archived_314159_anchor,1,Matched terminal weighted e-BH,0,1,1,16,1146.5
3,0.5,316591,archived_314159_anchor,1,SAFE-ALPHA,0,1,1,16,297.875
3,0.5,316591,archived_314159_anchor,1,Matched terminal weighted e-BH,0,1,1,16,1146.5
3,0.5,316592,archived_314159_anchor,1,SAFE-ALPHA,0,1,1,16,214.75
3,0.5,316592,archived_314159_anchor,1,Matched terminal weighted e-BH,0,1,1,16,1146.5
3,0.5,316593,archived_314159_anchor,1,SAFE-ALPHA,0,1,1,16,270.6875
3,0.5,316593,archived_314159_anchor,1,Matched terminal weighted e-BH,0,1,1,16,1146.5
3,0.5,316594,archived_314159_anchor,1,SAFE-ALPHA,0,1,1,16,243.8125
3,0.5,316594,archived_314159_anchor,1,Matched terminal weighted e-BH,0,1,1,16,1146.5
3,0.5,316595,archived_314159_anchor,1,SAFE-ALPHA,0,1,1,16,304.125
3,0.5,316595,archived_314159_anchor,1,Matched terminal weighted e-BH,0,1,1,16,1146.5
3,0.5,316596,archived_314159_anchor,1,SAFE-ALPHA,0,1,1,16,274.4375
3,0.5,316596,archived_314159_anchor,1,Matched terminal weighted e-BH,0,1,1,16,1146.5
3,0.5,316597,archived_314159_anchor,1,SAFE-ALPHA,0,1,1,16,341.3125
3,0.5,316597,archived_314159_anchor,1,Matched terminal weighted e-BH,0,1,1,16,1146.5
3,0.5,316598,archived_314159_anchor,1,SAFE-ALPHA,0,1,1,16,273.8125
3,0.5,316598,archived_314159_anchor,1,Matched terminal weighted e-BH,0,1,1,16,1146.5
3,0.5,316599,archived_314159_anchor,1,SAFE-ALPHA,0,1,1,16,198.8125
3,0.5,316599,archived_314159_anchor,1,Matched terminal weighted e-BH,0,1,1,16,1146.5
3,0.5,316600,archived_314159_anchor,1,SAFE-ALPHA,0,1,1,16,326
3,0.5,316600,archived_314159_anchor,1,Matched terminal weighted e-BH,0,1,1,16,1146.5
3,0.5,316601,archived_314159_anchor,1,SAFE-ALPHA,0,1,1,16,315.6875
3,0.5,316601,archived_314159_anchor,1,Matched terminal weighted e-BH,0,1,1,16,1146.5
3,0.5,316602,archived_314159_anchor,1,SAFE-ALPHA,0,1,1,16,292.875
3,0.5,316602,archived_314159_anchor,1,Matched terminal weighted e-BH,0,1,1,16,1146.5
3,0.5,316603,archived_314159_anchor,1,SAFE-ALPHA,0,1,1,16,201.9375
3,0.5,316603,archived_314159_anchor,1,Matched terminal weighted e-BH,0,1,1,16,1146.5
3,0.5,316604,archived_314159_anchor,1,SAFE-ALPHA,0,1,1,16,296
3,0.5,316604,archived_314159_anchor,1,Matched terminal weighted e-BH,0,1,1,16,1146.5
3,0.5,316605,archived_314159_anchor,1,SAFE-ALPHA,0,1,1,16,250.0625
3,0.5,316605,archived_314159_anchor,1,Matched terminal weighted e-BH,0,1,1,16,1146.5
3,0.5,316606,archived_314159_anchor,1,SAFE-ALPHA,0,1,1,16,283.5
3,0.5,316606,archived_314159_anchor,1,Matched terminal weighted e-BH,0,1,1,16,1146.5
3,0.5,316607,archived_314159_anchor,1,SAFE-ALPHA,0,1,1,16,200.6875
3,0.5,316607,archived_314159_anchor,1,Matched terminal weighted e-BH,0,1,1,16,1146.5
3,0.5,316608,archived_314159_anchor,1,SAFE-ALPHA,0,1,1,16,260.6875
3,0.5,316608,archived_314159_anchor,1,Matched terminal weighted e-BH,0,1,1,16,1146.5
3,0.5,316609,archived_314159_anchor,1,SAFE-ALPHA,0,1,1,16,281.625
3,0.5,316609,archived_314159_anchor,1,Matched terminal weighted e-BH,0,1,1,16,1146.5
3,0.5,316610,archived_314159_anchor,1,SAFE-ALPHA,0,1,1,16,200.375
3,0.5,316610,archived_314159_anchor,1,Matched terminal weighted e-BH,0,1,1,16,1146.5
3,0.5,316611,archived_314159_anchor,1,SAFE-ALPHA,0,1,1,16,221.625
3,0.5,316611,archived_314159_anchor,1,Matched terminal weighted e-BH,0,1,1,16,1146.5
3,0.5,316612,archived_314159_anchor,1,SAFE-ALPHA,0,1,1,16,229.125
3,0.5,316612,archived_314159_anchor,1,Matched terminal weighted e-BH,0,1,1,16,1146.5
3,0.5,316613,archived_314159_anchor,1,SAFE-ALPHA,0,1,1,16,410.6875
3,0.5,316613,archived_314159_anchor,1,Matched terminal weighted e-BH,0,1,1,16,1146.5
3,0.5,316614,archived_314159_anchor,1,SAFE-ALPHA,0,1,1,16,194.125
3,0.5,316614,archived_314159_anchor,1,Matched terminal weighted e-BH,0,1,1,16,1146.5
3,0.5,316615,archived_314159_anchor,1,SAFE-ALPHA,0,1,1,16,354.75
3,0.5,316615,archived_314159_anchor,1,Matched terminal weighted e-BH,0,1,1,16,1146.5
3,0.5,316616,archived_314159_anchor,1,SAFE-ALPHA,0,1,1,16,297.875
3,0.5,316616,archived_314159_anchor,1,Matched terminal weighted e-BH,0,1,1,16,1146.5
3,0.5,316617,archived_314159_anchor,1,SAFE-ALPHA,0,1,1,16,389.75
3,0.5,316617,archived_314159_anchor,1,Matched terminal weighted e-BH,0,1,1,16,1146.5
3,0.5,316618,archived_314159_anchor,1,SAFE-ALPHA,0,1,1,16,288.1875
3,0.5,316618,archived_314159_anchor,1,Matched terminal weighted e-BH,0,1,1,16,1146.5
3,0.5,316619,archived_314159_anchor,1,SAFE-ALPHA,0,1,1,16,205.6875
3,0.5,316619,archived_314159_anchor,1,Matched terminal weighted e-BH,0,1,1,16,1146.5
3,0.5,316620,archived_314159_anchor,1,SAFE-ALPHA,0,1,1,16,205.375
3,0.5,316620,archived_314159_anchor,1,Matched terminal weighted e-BH,0,1,1,16,1146.5
3,0.5,316621,archived_314159_anchor,1,SAFE-ALPHA,0,1,1,16,287.25
3,0.5,316621,archived_314159_anchor,1,Matched terminal weighted e-BH,0,1,1,16,1146.5
3,0.5,316622,archived_314159_anchor,1,SAFE-ALPHA,0,1,1,16,201.9375
3,0.5,316622,archived_314159_anchor,1,Matched terminal weighted e-BH,0,1,1,16,1146.5
3,0.5,316623,archived_314159_anchor,1,SAFE-ALPHA,0,1,1,16,234.75
3,0.5,316623,archived_314159_anchor,1,Matched terminal weighted e-BH,0,1,1,16,1146.5
3,0.5,316624,archived_314159_anchor,1,SAFE-ALPHA,0,1,1,16,560.0625
3,0.5,316624,archived_314159_anchor,1,Matched terminal weighted e-BH,0,1,1,16,1146.5
3,0.5,316625,archived_314159_anchor,1,SAFE-ALPHA,0,1,1,16,266
3,0.5,316625,archived_314159_anchor,1,Matched terminal weighted e-BH,0,1,1,16,1146.5
3,0.5,316626,archived_314159_anchor,1,SAFE-ALPHA,0,1,1,16,268.8125
3,0.5,316626,archived_314159_anchor,1,Matched terminal weighted e-BH,0,1,1,16,1146.5
3,0.5,316627,archived_314159_anchor,1,SAFE-ALPHA,0,1,1,16,365.0625
3,0.5,316627,archived_314159_anchor,1,Matched terminal weighted e-BH,0,1,1,16,1146.5
3,0.5,316628,archived_314159_anchor,1,SAFE-ALPHA,0,1,1,16,328.1875
3,0.5,316628,archived_314159_anchor,1,Matched terminal weighted e-BH,0,1,1,16,1146.5
3,0.5,316629,archived_314159_anchor,1,SAFE-ALPHA,0,1,1,16,431.3125
3,0.5,316629,archived_314159_anchor,1,Matched terminal weighted e-BH,0,1,1,16,1146.5
3,0.5,316630,archived_314159_anchor,1,SAFE-ALPHA,0,1,1,16,205.375
3,0.5,316630,archived_314159_anchor,1,Matched terminal weighted e-BH,0,1,1,16,1146.5
3,0.5,316631,archived_314159_anchor,1,SAFE-ALPHA,0,1,1,16,283.1875
3,0.5,316631,archived_314159_anchor,1,Matched terminal weighted e-BH,0,1,1,16,1146.5
3,0.5,316632,archived_314159_anchor,1,SAFE-ALPHA,0,1,1,16,253.8125
3,0.5,316632,archived_314159_anchor,1,Matched terminal weighted e-BH,0,1,1,16,1146.5
3,0.5,316633,archived_314159_anchor,1,SAFE-ALPHA,0,1,1,16,319.125
3,0.5,316633,archived_314159_anchor,1,Matched terminal weighted e-BH,0,1,1,16,1146.5
3,0.5,316634,archived_314159_anchor,1,SAFE-ALPHA,0,1,1,16,244.75
3,0.5,316634,archived_314159_anchor,1,Matched terminal weighted e-BH,0,1,1,16,1146.5
3,0.5,316635,archived_314159_anchor,1,SAFE-ALPHA,0,1,1,16,182.875
3,0.5,316635,archived_314159_anchor,1,Matched terminal weighted e-BH,0,1,1,16,1146.5
3,0.5,316636,archived_314159_anchor,1,SAFE-ALPHA,0,1,1,16,416.9375
3,0.5,316636,archived_314159_anchor,1,Matched terminal weighted e-BH,0,1,1,16,1146.5
3,0.5,316637,archived_314159_anchor,1,SAFE-ALPHA,0,1,1,16,212.875
3,0.5,316637,archived_314159_anchor,1,Matched terminal weighted e-BH,0,1,1,16,1146.5
3,0.5,316638,archived_314159_anchor,1,SAFE-ALPHA,0,1,1,16,412.5625
3,0.5,316638,archived_314159_anchor,1,Matched terminal weighted e-BH,0,1,1,16,1146.5
3,0.5,316639,archived_314159_anchor,1,SAFE-ALPHA,0,1,1,16,247.875
3,0.5,316639,archived_314159_anchor,1,Matched terminal weighted e-BH,0,1,1,16,1146.5
3,0.5,316640,archived_314159_anchor,1,SAFE-ALPHA,0,1,1,16,254.125
3,0.5,316640,archived_314159_anchor,1,Matched terminal weighted e-BH,0,1,1,16,1146.5
3,0.5,316641,archived_314159_anchor,1,SAFE-ALPHA,0,1,1,16,396.625
3,0.5,316641,archived_314159_anchor,1,Matched terminal weighted e-BH,0,1,1,16,1145.5625
3,0.5,316642,archived_314159_anchor,1,SAFE-ALPHA,0,1,1,16,353.8125
3,0.5,316642,archived_314159_anchor,1,Matched terminal weighted e-BH,0,1,1,16,1146.5
3,0.5,316643,archived_314159_anchor,1,SAFE-ALPHA,0,1,1,16,237.25
3,0.5,316643,archived_314159_anchor,1,Matched terminal weighted e-BH,0,1,1,16,1146.5
3,0.5,316644,archived_314159_anchor,1,SAFE-ALPHA,0,1,1,16,309.125
3,0.5,316644,archived_314159_anchor,1,Matched terminal weighted e-BH,0,1,1,16,1146.5
3,0.5,316645,archived_314159_anchor,1,SAFE-ALPHA,0,1,1,16,276.3125
3,0.5,316645,archived_314159_anchor,1,Matched terminal weighted e-BH,0,1,1,16,1146.5
3,0.5,316646,archived_314159_anchor,1,SAFE-ALPHA,0,1,1,16,228.8125
3,0.5,316646,archived_314159_anchor,1,Matched terminal weighted e-BH,0,1,1,16,1146.5
3,0.5,316647,archived_314159_anchor,1,SAFE-ALPHA,0,1,1,16,223.5
3,0.5,316647,archived_314159_anchor,1,Matched terminal weighted e-BH,0,1,1,16,1146.5
3,0.5,316648,archived_314159_anchor,1,SAFE-ALPHA,0,1,1,16,541.3125
3,0.5,316648,archived_314159_anchor,1,Matched terminal weighted e-BH,0,1,1,16,1146.5
3,0.5,316649,archived_314159_anchor,1,SAFE-ALPHA,0,1,1,16,200.6875
3,0.5,316649,archived_314159_anchor,1,Matched terminal weighted e-BH,0,1,1,16,1146.5
3,0.5,316650,archived_314159_anchor,1,SAFE-ALPHA,0,1,1,16,259.4375
3,0.5,316650,archived_314159_anchor,1,Matched terminal weighted e-BH,0,1,1,16,1146.5
3,0.5,316651,archived_314159_anchor,1,SAFE-ALPHA,0,1,1,16,338.8125
3,0.5,316651,archived_314159_anchor,1,Matched terminal weighted e-BH,0,1,1,16,1146.5
3,0.5,316652,archived_314159_anchor,1,SAFE-ALPHA,0,1,1,16,261.3125
3,0.5,316652,archived_314159_anchor,1,Matched terminal weighted e-BH,0,1,1,16,1146.5
3,0.5,316653,archived_314159_anchor,1,SAFE-ALPHA,0,1,1,16,277.875
3,0.5,316653,archived_314159_anchor,1,Matched terminal weighted e-BH,0,1,1,16,1146.5
3,0.5,316654,archived_314159_anchor,1,SAFE-ALPHA,0,1,1,16,233.1875
3,0.5,316654,archived_314159_anchor,1,Matched terminal weighted e-BH,0,1,1,16,1146.5
3,0.5,316655,archived_314159_anchor,1,SAFE-ALPHA,0,1,1,16,350.0625
3,0.5,316655,archived_314159_anchor,1,Matched terminal weighted e-BH,0,1,1,16,1146.5
3,0.5,316656,archived_314159_anchor,1,SAFE-ALPHA,0,1,1,16,196
3,0.5,316656,archived_314159_anchor,1,Matched terminal weighted e-BH,0,1,1,16,1146.5
3,0.5,316657,archived_314159_anchor,1,SAFE-ALPHA,0,1,1,16,268.8125
3,0.5,316657,archived_314159_anchor,1,Matched terminal weighted e-BH,0,1,1,16,1146.5
3,0.5,316658,archived_314159_anchor,1,SAFE-ALPHA,0,1,1,16,270.6875
3,0.5,316658,archived_314159_anchor,1,Matched terminal weighted e-BH,0,1,1,16,1146.5
