design,annual_sharpe,correlation,seed,rank_bin,true_proposals,true_promotions
telescoping-fixed,1.5,0.5,315909,1-5,5,5
telescoping-fixed,1.5,0.5,315909,6-10,5,5
telescoping-fixed,1.5,0.5,315909,11-20,6,6
telescoping-fixed,1.5,0.5,315909,21-35,0,0
telescoping-fixed,1.5,0.5,315909,36-50,0,0
campaign75-fixed-daily,1.5,0.5,315909,1-5,5,5
campaign75-fixed-daily,1.5,0.5,315909,6-10,5,5
campaign75-fixed-daily,1.5,0.5,315909,11-20,6,6
campaign75-fixed-daily,1.5,0.5,315909,21-35,0,0
campaign75-fixed-daily,1.5,0.5,315909,36-50,0,0
telescoping-fixed,1.5,0.5,315910,1-5,5,5
telescoping-fixed,1.5,0.5,315910,6-10,4,4
telescoping-fixed,1.5,0.5,315910,11-20,6,6
telescoping-fixed,1.5,0.5,315910,21-35,1,0
telescoping-fixed,1.5,0.5,315910,36-50,0,0
campaign75-fixed-daily,1.5,0.5,315910,1-5,5,5
campaign75-fixed-daily,1.5,0.5,315910,6-10,4,4
campaign75-fixed-daily,1.5,0.5,315910,11-20,6,6
campaign75-fixed-daily,1.5,0.5,315910,21-35,1,0
campaign75-fixed-daily,1.5,0.5,315910,36-50,0,0
telescoping-fixed,1.5,0.5,315911,1-5,5,4
telescoping-fixed,1.5,0.5,315911,6-10,5,4
telescoping-fixed,1.5,0.5,315911,11-20,4,2
telescoping-fixed,1.5,0.5,315911,21-35,2,0
telescoping-fixed,1.5,0.5,315911,36-50,0,0
campaign75-fixed-daily,1.5,0.5,315911,1-5,5,4
campaign75-fixed-daily,1.5,0.5,315911,6-10,5,4
campaign75-fixed-daily,1.5,0.5,315911,11-20,4,3
campaign75-fixed-daily,1.5,0.5,315911,21-35,2,0
campaign75-fixed-daily,1.5,0.5,315911,36-50,0,0
telescoping-fixed,1.5,0.5,315912,1-5,5,2
telescoping-fixed,1.5,0.5,315912,6-10,4,2
telescoping-fixed,1.5,0.5,315912,11-20,7,1
telescoping-fixed,1.5,0.5,315912,21-35,0,0
telescoping-fixed,1.5,0.5,315912,36-50,0,0
campaign75-fixed-daily,1.5,0.5,315912,1-5,5,1
campaign75-fixed-daily,1.5,0.5,315912,6-10,4,2
campaign75-fixed-daily,1.5,0.5,315912,11-20,7,3
campaign75-fixed-daily,1.5,0.5,315912,21-35,0,0
campaign75-fixed-daily,1.5,0.5,315912,36-50,0,0
telescoping-fixed,1.5,0.5,315913,1-5,5,4
telescoping-fixed,1.5,0.5,315913,6-10,5,5
telescoping-fixed,1.5,0.5,315913,11-20,6,5
telescoping-fixed,1.5,0.5,315913,21-35,0,0
telescoping-fixed,1.5,0.5,315913,36-50,0,0
campaign75-fixed-daily,1.5,0.5,315913,1-5,5,4
campaign75-fixed-daily,1.5,0.5,315913,6-10,5,5
campaign75-fixed-daily,1.5,0.5,315913,11-20,6,5
campaign75-fixed-daily,1.5,0.5,315913,21-35,0,0
campaign75-fixed-daily,1.5,0.5,315913,36-50,0,0
telescoping-fixed,1.5,0.5,315914,1-5,5,5
telescoping-fixed,1.5,0.5,315914,6-10,5,5
telescoping-fixed,1.5,0.5,315914,11-20,6,3
telescoping-fixed,1.5,0.5,315914,21-35,0,0
telescoping-fixed,1.5,0.5,315914,36-50,0,0
campaign75-fixed-daily,1.5,0.5,315914,1-5,5,5
campaign75-fixed-daily,1.5,0.5,315914,6-10,5,5
campaign75-fixed-daily,1.5,0.5,315914,11-20,6,4
campaign75-fixed-daily,1.5,0.5,315914,21-35,0,0
campaign75-fixed-daily,1.5,0.5,315914,36-50,0,0
telescoping-fixed,1.5,0.5,315915,1-5,5,5
telescoping-fixed,1.5,0.5,315915,6-10,5,4
telescoping-fixed,1.5,0.5,315915,11-20,4,1
telescoping-fixed,1.5,0.5,315915,21-35,2,0
telescoping-fixed,1.5,0.5,315915,36-50,0,0
campaign75-fixed-daily,1.5,0.5,315915,1-5,5,5
campaign75-fixed-daily,1.5,0.5,315915,6-10,5,4
campaign75-fixed-daily,1.5,0.5,315915,11-20,4,3
campaign75-fixed-daily,1.5,0.5,315915,21-35,2,0
campaign75-fixed-daily,1.5,0.5,315915,36-50,0,0
telescoping-fixed,1.5,0.5,315916,1-5,5,5
telescoping-fixed,1.5,0.5,315916,6-10,5,4
telescoping-fixed,1.5,0.5,315916,11-20,4,1
telescoping-fixed,1.5,0.5,315916,21-35,2,0
telescoping-fixed,1.5,0.5,315916,36-50,0,0
campaign75-fixed-daily,1.5,0.5,315916,1-5,5,5
campaign75-fixed-daily,1.5,0.5,315916,6-10,5,5
campaign75-fixed-daily,1.5,0.5,315916,11-20,4,3
campaign75-fixed-daily,1.5,0.5,315916,21-35,2,0
campaign75-fixed-daily,1.5,0.5,315916,36-50,0,0
telescoping-fixed,1.5,0.5,315917,1-5,5,1
telescoping-fixed,1.5,0.5,315917,6-10,5,1
telescoping-fixed,1.5,0.5,315917,11-20,3,0
telescoping-fixed,1.5,0.5,315917,21-35,3,0
telescoping-fixed,1.5,0.5,315917,36-50,0,0
campaign75-fixed-daily,1.5,0.5,315917,1-5,5,1
campaign75-fixed-daily,1.5,0.5,315917,6-10,5,2
campaign75-fixed-daily,1.5,0.5,315917,11-20,3,1
campaign75-fixed-daily,1.5,0.5,315917,21-35,3,0
campaign75-fixed-daily,1.5,0.5,315917,36-50,0,0
telescoping-fixed,1.5,0.5,315918,1-5,5,5
telescoping-fixed,1.5,0.5,315918,6-10,4,4
telescoping-fixed,1.5,0.5,315918,11-20,7,2
telescoping-fixed,1.5,0.5,315918,21-35,0,0
telescoping-fixed,1.5,0.5,315918,36-50,0,0
campaign75-fixed-daily,1.5,0.5,315918,1-5,5,5
campaign75-fixed-daily,1.5,0.5,315918,6-10,4,4
campaign75-fixed-daily,1.5,0.5,315918,11-20,7,6
campaign75-fixed-daily,1.5,0.5,315918,21-35,0,0
campaign75-fixed-daily,1.5,0.5,315918,36-50,0,0
telescoping-fixed,1.5,0.5,315919,1-5,5,2
telescoping-fixed,1.5,0.5,315919,6-10,5,1
telescoping-fixed,1.5,0.5,315919,11-20,4,0
telescoping-fixed,1.5,0.5,315919,21-35,2,0
telescoping-fixed,1.5,0.5,315919,36-50,0,0
campaign75-fixed-daily,1.5,0.5,315919,1-5,5,1
campaign75-fixed-daily,1.5,0.5,315919,6-10,5,1
campaign75-fixed-daily,1.5,0.5,315919,11-20,4,0
campaign75-fixed-daily,1.5,0.5,315919,21-35,2,0
campaign75-fixed-daily,1.5,0.5,315919,36-50,0,0
telescoping-fixed,1.5,0.5,315920,1-5,5,1
telescoping-fixed,1.5,0.5,315920,6-10,5,1
telescoping-fixed,1.5,0.5,315920,11-20,6,0
telescoping-fixed,1.5,0.5,315920,21-35,0,0
telescoping-fixed,1.5,0.5,315920,36-50,0,0
campaign75-fixed-daily,1.5,0.5,315920,1-5,5,0
campaign75-fixed-daily,1.5,0.5,315920,6-10,5,1
campaign75-fixed-daily,1.5,0.5,315920,11-20,6,0
campaign75-fixed-daily,1.5,0.5,315920,21-35,0,0
campaign75-fixed-daily,1.5,0.5,315920,36-50,0,0
telescoping-fixed,1.5,0.5,315921,1-5,5,5
telescoping-fixed,1.5,0.5,315921,6-10,5,5
telescoping-fixed,1.5,0.5,315921,11-20,6,4
telescoping-fixed,1.5,0.5,315921,21-35,0,0
telescoping-fixed,1.5,0.5,315921,36-50,0,0
campaign75-fixed-daily,1.5,0.5,315921,1-5,5,5
campaign75-fixed-daily,1.5,0.5,315921,6-10,5,5
campaign75-fixed-daily,1.5,0.5,315921,11-20,6,6
campaign75-fixed-daily,1.5,0.5,315921,21-35,0,0
campaign75-fixed-daily,1.5,0.5,315921,36-50,0,0
telescoping-fixed,1.5,0.5,315922,1-5,5,5
telescoping-fixed,1.5,0.5,315922,6-10,5,5
telescoping-fixed,1.5,0.5,315922,11-20,6,6
telescoping-fixed,1.5,0.5,315922,21-35,0,0
telescoping-fixed,1.5,0.5,315922,36-50,0,0
campaign75-fixed-daily,1.5,0.5,315922,1-5,5,5
campaign75-fixed-daily,1.5,0.5,315922,6-10,5,5
campaign75-fixed-daily,1.5,0.5,315922,11-20,6,6
campaign75-fixed-daily,1.5,0.5,315922,21-35,0,0
campaign75-fixed-daily,1.5,0.5,315922,36-50,0,0
telescoping-fixed,1.5,0.5,315923,1-5,5,5
telescoping-fixed,1.5,0.5,315923,6-10,5,4
telescoping-fixed,1.5,0.5,315923,11-20,4,1
telescoping-fixed,1.5,0.5,315923,21-35,2,0
telescoping-fixed,1.5,0.5,315923,36-50,0,0
campaign75-fixed-daily,1.5,0.5,315923,1-5,5,5
campaign75-fixed-daily,1.5,0.5,315923,6-10,5,5
campaign75-fixed-daily,1.5,0.5,315923,11-20,4,2
campaign75-fixed-daily,1.5,0.5,315923,21-35,2,2
campaign75-fixed-daily,1.5,0.5,315923,36-50,0,0
telescoping-fixed,1.5,0.5,315924,1-5,5,5
telescoping-fixed,1.5,0.5,315924,6-10,5,5
telescoping-fixed,1.5,0.5,315924,11-20,3,3
telescoping-fixed,1.5,0.5,315924,21-35,2,1
telescoping-fixed,1.5,0.5,315924,36-50,1,0
campaign75-fixed-daily,1.5,0.5,315924,1-5,5,5
campaign75-fixed-daily,1.5,0.5,315924,6-10,5,5
campaign75-fixed-daily,1.5,0.5,315924,11-20,3,3
campaign75-fixed-daily,1.5,0.5,315924,21-35,2,2
campaign75-fixed-daily,1.5,0.5,315924,36-50,1,0
telescoping-fixed,1.5,0.5,315925,1-5,5,5
telescoping-fixed,1.5,0.5,315925,6-10,5,5
telescoping-fixed,1.5,0.5,315925,11-20,5,0
telescoping-fixed,1.5,0.5,315925,21-35,0,0
telescoping-fixed,1.5,0.5,315925,36-50,1,0
campaign75-fixed-daily,1.5,0.5,315925,1-5,5,5
campaign75-fixed-daily,1.5,0.5,315925,6-10,5,5
campaign75-fixed-daily,1.5,0.5,315925,11-20,5,2
campaign75-fixed-daily,1.5,0.5,315925,21-35,0,0
campaign75-fixed-daily,1.5,0.5,315925,36-50,1,0
telescoping-fixed,1.5,0.5,315926,1-5,5,0
telescoping-fixed,1.5,0.5,315926,6-10,5,0
telescoping-fixed,1.5,0.5,315926,11-20,6,0
telescoping-fixed,1.5,0.5,315926,21-35,0,0
telescoping-fixed,1.5,0.5,315926,36-50,0,0
campaign75-fixed-daily,1.5,0.5,315926,1-5,5,0
campaign75-fixed-daily,1.5,0.5,315926,6-10,5,0
campaign75-fixed-daily,1.5,0.5,315926,11-20,6,0
campaign75-fixed-daily,1.5,0.5,315926,21-35,0,0
campaign75-fixed-daily,1.5,0.5,315926,36-50,0,0
telescoping-fixed,1.5,0.5,315927,1-5,5,5
telescoping-fixed,1.5,0.5,315927,6-10,5,5
telescoping-fixed,1.5,0.5,315927,11-20,6,3
telescoping-fixed,1.5,0.5,315927,21-35,0,0
telescoping-fixed,1.5,0.5,315927,36-50,0,0
campaign75-fixed-daily,1.5,0.5,315927,1-5,5,5
campaign75-fixed-daily,1.5,0.5,315927,6-10,5,5
campaign75-fixed-daily,1.5,0.5,315927,11-20,6,5
campaign75-fixed-daily,1.5,0.5,315927,21-35,0,0
campaign75-fixed-daily,1.5,0.5,315927,36-50,0,0
telescoping-fixed,1.5,0.5,315928,1-5,5,5
telescoping-fixed,1.5,0.5,315928,6-10,4,4
telescoping-fixed,1.5,0.5,315928,11-20,7,5
telescoping-fixed,1.5,0.5,315928,21-35,0,0
telescoping-fixed,1.5,0.5,315928,36-50,0,0
campaign75-fixed-daily,1.5,0.5,315928,1-5,5,5
campaign75-fixed-daily,1.5,0.5,315928,6-10,4,4
campaign75-fixed-daily,1.5,0.5,315928,11-20,7,6
campaign75-fixed-daily,1.5,0.5,315928,21-35,0,0
campaign75-fixed-daily,1.5,0.5,315928,36-50,0,0
telescoping-fixed,1.5,0.5,315929,1-5,5,4
telescoping-fixed,1.5,0.5,315929,6-10,5,3
telescoping-fixed,1.5,0.5,315929,11-20,6,2
telescoping-fixed,1.5,0.5,315929,21-35,0,0
telescoping-fixed,1.5,0.5,315929,36-50,0,0
campaign75-fixed-daily,1.5,0.5,315929,1-5,5,4
campaign75-fixed-daily,1.5,0.5,315929,6-10,5,3
campaign75-fixed-daily,1.5,0.5,315929,11-20,6,3
campaign75-fixed-daily,1.5,0.5,315929,21-35,0,0
campaign75-fixed-daily,1.5,0.5,315929,36-50,0,0
telescoping-fixed,1.5,0.5,315930,1-5,5,5
telescoping-fixed,1.5,0.5,315930,6-10,4,0
telescoping-fixed,1.5,0.5,315930,11-20,6,0
telescoping-fixed,1.5,0.5,315930,21-35,1,0
telescoping-fixed,1.5,0.5,315930,36-50,0,0
campaign75-fixed-daily,1.5,0.5,315930,1-5,5,5
campaign75-fixed-daily,1.5,0.5,315930,6-10,4,1
campaign75-fixed-daily,1.5,0.5,315930,11-20,6,2
campaign75-fixed-daily,1.5,0.5,315930,21-35,1,0
campaign75-fixed-daily,1.5,0.5,315930,36-50,0,0
telescoping-fixed,1.5,0.5,315931,1-5,5,5
telescoping-fixed,1.5,0.5,315931,6-10,5,3
telescoping-fixed,1.5,0.5,315931,11-20,6,3
telescoping-fixed,1.5,0.5,315931,21-35,0,0
telescoping-fixed,1.5,0.5,315931,36-50,0,0
campaign75-fixed-daily,1.5,0.5,315931,1-5,5,5
campaign75-fixed-daily,1.5,0.5,315931,6-10,5,3
campaign75-fixed-daily,1.5,0.5,315931,11-20,6,3
campaign75-fixed-daily,1.5,0.5,315931,21-35,0,0
campaign75-fixed-daily,1.5,0.5,315931,36-50,0,0
telescoping-fixed,1.5,0.5,315932,1-5,5,3
telescoping-fixed,1.5,0.5,315932,6-10,5,2
telescoping-fixed,1.5,0.5,315932,11-20,5,2
telescoping-fixed,1.5,0.5,315932,21-35,1,0
telescoping-fixed,1.5,0.5,315932,36-50,0,0
campaign75-fixed-daily,1.5,0.5,315932,1-5,5,3
campaign75-fixed-daily,1.5,0.5,315932,6-10,5,2
campaign75-fixed-daily,1.5,0.5,315932,11-20,5,2
campaign75-fixed-daily,1.5,0.5,315932,21-35,1,0
campaign75-fixed-daily,1.5,0.5,315932,36-50,0,0
telescoping-fixed,1.5,0.5,315933,1-5,5,5
telescoping-fixed,1.5,0.5,315933,6-10,5,5
telescoping-fixed,1.5,0.5,315933,11-20,6,3
telescoping-fixed,1.5,0.5,315933,21-35,0,0
telescoping-fixed,1.5,0.5,315933,36-50,0,0
campaign75-fixed-daily,1.5,0.5,315933,1-5,5,5
campaign75-fixed-daily,1.5,0.5,315933,6-10,5,5
campaign75-fixed-daily,1.5,0.5,315933,11-20,6,4
campaign75-fixed-daily,1.5,0.5,315933,21-35,0,0
campaign75-fixed-daily,1.5,0.5,315933,36-50,0,0
telescoping-fixed,1.5,0.5,315934,1-5,5,3
telescoping-fixed,1.5,0.5,315934,6-10,5,1
telescoping-fixed,1.5,0.5,315934,11-20,6,1
telescoping-fixed,1.5,0.5,315934,21-35,0,0
telescoping-fixed,1.5,0.5,315934,36-50,0,0
campaign75-fixed-daily,1.5,0.5,315934,1-5,5,3
campaign75-fixed-daily,1.5,0.5,315934,6-10,5,2
campaign75-fixed-daily,1.5,0.5,315934,11-20,6,1
campaign75-fixed-daily,1.5,0.5,315934,21-35,0,0
campaign75-fixed-daily,1.5,0.5,315934,36-50,0,0
telescoping-fixed,1.5,0.5,315935,1-5,5,5
telescoping-fixed,1.5,0.5,315935,6-10,5,5
telescoping-fixed,1.5,0.5,315935,11-20,6,3
telescoping-fixed,1.5,0.5,315935,21-35,0,0
telescoping-fixed,1.5,0.5,315935,36-50,0,0
campaign75-fixed-daily,1.5,0.5,315935,1-5,5,5
campaign75-fixed-daily,1.5,0.5,315935,6-10,5,4
campaign75-fixed-daily,1.5,0.5,315935,11-20,6,3
campaign75-fixed-daily,1.5,0.5,315935,21-35,0,0
campaign75-fixed-daily,1.5,0.5,315935,36-50,0,0
telescoping-fixed,1.5,0.5,315936,1-5,5,3
telescoping-fixed,1.5,0.5,315936,6-10,5,1
telescoping-fixed,1.5,0.5,315936,11-20,6,0
telescoping-fixed,1.5,0.5,315936,21-35,0,0
telescoping-fixed,1.5,0.5,315936,36-50,0,0
campaign75-fixed-daily,1.5,0.5,315936,1-5,5,2
campaign75-fixed-daily,1.5,0.5,315936,6-10,5,1
campaign75-fixed-daily,1.5,0.5,315936,11-20,6,2
campaign75-fixed-daily,1.5,0.5,315936,21-35,0,0
campaign75-fixed-daily,1.5,0.5,315936,36-50,0,0
telescoping-fixed,1.5,0.5,315937,1-5,5,5
telescoping-fixed,1.5,0.5,315937,6-10,4,2
telescoping-fixed,1.5,0.5,315937,11-20,7,3
telescoping-fixed,1.5,0.5,315937,21-35,0,0
telescoping-fixed,1.5,0.5,315937,36-50,0,0
campaign75-fixed-daily,1.5,0.5,315937,1-5,5,5
campaign75-fixed-daily,1.5,0.5,315937,6-10,4,2
campaign75-fixed-daily,1.5,0.5,315937,11-20,7,6
campaign75-fixed-daily,1.5,0.5,315937,21-35,0,0
campaign75-fixed-daily,1.5,0.5,315937,36-50,0,0
telescoping-fixed,1.5,0.5,315938,1-5,5,5
telescoping-fixed,1.5,0.5,315938,6-10,5,4
telescoping-fixed,1.5,0.5,315938,11-20,6,3
telescoping-fixed,1.5,0.5,315938,21-35,0,0
telescoping-fixed,1.5,0.5,315938,36-50,0,0
campaign75-fixed-daily,1.5,0.5,315938,1-5,5,5
campaign75-fixed-daily,1.5,0.5,315938,6-10,5,4
campaign75-fixed-daily,1.5,0.5,315938,11-20,6,4
campaign75-fixed-daily,1.5,0.5,315938,21-35,0,0
campaign75-fixed-daily,1.5,0.5,315938,36-50,0,0
telescoping-fixed,1.5,0.5,315939,1-5,5,5
telescoping-fixed,1.5,0.5,315939,6-10,5,5
telescoping-fixed,1.5,0.5,315939,11-20,5,4
telescoping-fixed,1.5,0.5,315939,21-35,1,0
telescoping-fixed,1.5,0.5,315939,36-50,0,0
campaign75-fixed-daily,1.5,0.5,315939,1-5,5,5
campaign75-fixed-daily,1.5,0.5,315939,6-10,5,5
campaign75-fixed-daily,1.5,0.5,315939,11-20,5,5
campaign75-fixed-daily,1.5,0.5,315939,21-35,1,1
campaign75-fixed-daily,1.5,0.5,315939,36-50,0,0
telescoping-fixed,1.5,0.5,315940,1-5,5,5
telescoping-fixed,1.5,0.5,315940,6-10,5,3
telescoping-fixed,1.5,0.5,315940,11-20,6,4
telescoping-fixed,1.5,0.5,315940,21-35,0,0
telescoping-fixed,1.5,0.5,315940,36-50,0,0
campaign75-fixed-daily,1.5,0.5,315940,1-5,5,5
campaign75-fixed-daily,1.5,0.5,315940,6-10,5,3
campaign75-fixed-daily,1.5,0.5,315940,11-20,6,4
campaign75-fixed-daily,1.5,0.5,315940,21-35,0,0
campaign75-fixed-daily,1.5,0.5,315940,36-50,0,0
telescoping-fixed,1.5,0.5,315941,1-5,5,0
telescoping-fixed,1.5,0.5,315941,6-10,5,0
telescoping-fixed,1.5,0.5,315941,11-20,6,0
telescoping-fixed,1.5,0.5,315941,21-35,0,0
telescoping-fixed,1.5,0.5,315941,36-50,0,0
campaign75-fixed-daily,1.5,0.5,315941,1-5,5,0
campaign75-fixed-daily,1.5,0.5,315941,6-10,5,0
campaign75-fixed-daily,1.5,0.5,315941,11-20,6,0
campaign75-fixed-daily,1.5,0.5,315941,21-35,0,0
campaign75-fixed-daily,1.5,0.5,315941,36-50,0,0
telescoping-fixed,1.5,0.5,315942,1-5,5,2
telescoping-fixed,1.5,0.5,315942,6-10,5,3
telescoping-fixed,1.5,0.5,315942,11-20,6,0
telescoping-fixed,1.5,0.5,315942,21-35,0,0
telescoping-fixed,1.5,0.5,315942,36-50,0,0
campaign75-fixed-daily,1.5,0.5,315942,1-5,5,2
campaign75-fixed-daily,1.5,0.5,315942,6-10,5,3
campaign75-fixed-daily,1.5,0.5,315942,11-20,6,1
campaign75-fixed-daily,1.5,0.5,315942,21-35,0,0
campaign75-fixed-daily,1.5,0.5,315942,36-50,0,0
telescoping-fixed,1.5,0.5,315943,1-5,5,5
telescoping-fixed,1.5,0.5,315943,6-10,5,5
telescoping-fixed,1.5,0.5,315943,11-20,5,4
telescoping-fixed,1.5,0.5,315943,21-35,1,0
telescoping-fixed,1.5,0.5,315943,36-50,0,0
campaign75-fixed-daily,1.5,0.5,315943,1-5,5,5
campaign75-fixed-daily,1.5,0.5,315943,6-10,5,5
campaign75-fixed-daily,1.5,0.5,315943,11-20,5,5
campaign75-fixed-daily,1.5,0.5,315943,21-35,1,0
campaign75-fixed-daily,1.5,0.5,315943,36-50,0,0
telescoping-fixed,1.5,0.5,315944,1-5,5,5
telescoping-fixed,1.5,0.5,315944,6-10,5,5
telescoping-fixed,1.5,0.5,315944,11-20,6,6
telescoping-fixed,1.5,0.5,315944,21-35,0,0
telescoping-fixed,1.5,0.5,315944,36-50,0,0
campaign75-fixed-daily,1.5,0.5,315944,1-5,5,5
campaign75-fixed-daily,1.5,0.5,315944,6-10,5,5
campaign75-fixed-daily,1.5,0.5,315944,11-20,6,6
campaign75-fixed-daily,1.5,0.5,315944,21-35,0,0
campaign75-fixed-daily,1.5,0.5,315944,36-50,0,0
telescoping-fixed,1.5,0.5,315945,1-5,5,5
telescoping-fixed,1.5,0.5,315945,6-10,5,3
telescoping-fixed,1.5,0.5,315945,11-20,6,2
telescoping-fixed,1.5,0.5,315945,21-35,0,0
telescoping-fixed,1.5,0.5,315945,36-50,0,0
campaign75-fixed-daily,1.5,0.5,315945,1-5,5,5
campaign75-fixed-daily,1.5,0.5,315945,6-10,5,4
campaign75-fixed-daily,1.5,0.5,315945,11-20,6,3
campaign75-fixed-daily,1.5,0.5,315945,21-35,0,0
campaign75-fixed-daily,1.5,0.5,315945,36-50,0,0
telescoping-fixed,1.5,0.5,315946,1-5,4,2
telescoping-fixed,1.5,0.5,315946,6-10,5,4
telescoping-fixed,1.5,0.5,315946,11-20,6,0
telescoping-fixed,1.5,0.5,315946,21-35,1,0
telescoping-fixed,1.5,0.5,315946,36-50,0,0
campaign75-fixed-daily,1.5,0.5,315946,1-5,4,2
campaign75-fixed-daily,1.5,0.5,315946,6-10,5,4
campaign75-fixed-daily,1.5,0.5,315946,11-20,6,1
campaign75-fixed-daily,1.5,0.5,315946,21-35,1,0
campaign75-fixed-daily,1.5,0.5,315946,36-50,0,0
telescoping-fixed,1.5,0.5,315947,1-5,5,5
telescoping-fixed,1.5,0.5,315947,6-10,5,2
telescoping-fixed,1.5,0.5,315947,11-20,5,1
telescoping-fixed,1.5,0.5,315947,21-35,1,0
telescoping-fixed,1.5,0.5,315947,36-50,0,0
campaign75-fixed-daily,1.5,0.5,315947,1-5,5,5
campaign75-fixed-daily,1.5,0.5,315947,6-10,5,2
campaign75-fixed-daily,1.5,0.5,315947,11-20,5,2
campaign75-fixed-daily,1.5,0.5,315947,21-35,1,0
campaign75-fixed-daily,1.5,0.5,315947,36-50,0,0
telescoping-fixed,1.5,0.5,315948,1-5,5,1
telescoping-fixed,1.5,0.5,315948,6-10,5,0
telescoping-fixed,1.5,0.5,315948,11-20,5,0
telescoping-fixed,1.5,0.5,315948,21-35,1,0
telescoping-fixed,1.5,0.5,315948,36-50,0,0
campaign75-fixed-daily,1.5,0.5,315948,1-5,5,0
campaign75-fixed-daily,1.5,0.5,315948,6-10,5,0
campaign75-fixed-daily,1.5,0.5,315948,11-20,5,0
campaign75-fixed-daily,1.5,0.5,315948,21-35,1,0
campaign75-fixed-daily,1.5,0.5,315948,36-50,0,0
telescoping-fixed,1.5,0.5,315949,1-5,5,5
telescoping-fixed,1.5,0.5,315949,6-10,5,5
telescoping-fixed,1.5,0.5,315949,11-20,4,2
telescoping-fixed,1.5,0.5,315949,21-35,2,0
telescoping-fixed,1.5,0.5,315949,36-50,0,0
campaign75-fixed-daily,1.5,0.5,315949,1-5,5,5
campaign75-fixed-daily,1.5,0.5,315949,6-10,5,5
campaign75-fixed-daily,1.5,0.5,315949,11-20,4,3
campaign75-fixed-daily,1.5,0.5,315949,21-35,2,0
campaign75-fixed-daily,1.5,0.5,315949,36-50,0,0
telescoping-fixed,1.5,0.5,315950,1-5,5,3
telescoping-fixed,1.5,0.5,315950,6-10,5,4
telescoping-fixed,1.5,0.5,315950,11-20,5,1
telescoping-fixed,1.5,0.5,315950,21-35,1,0
telescoping-fixed,1.5,0.5,315950,36-50,0,0
campaign75-fixed-daily,1.5,0.5,315950,1-5,5,3
campaign75-fixed-daily,1.5,0.5,315950,6-10,5,5
campaign75-fixed-daily,1.5,0.5,315950,11-20,5,3
campaign75-fixed-daily,1.5,0.5,315950,21-35,1,0
campaign75-fixed-daily,1.5,0.5,315950,36-50,0,0
telescoping-fixed,1.5,0.5,315951,1-5,5,1
telescoping-fixed,1.5,0.5,315951,6-10,5,0
telescoping-fixed,1.5,0.5,315951,11-20,6,0
telescoping-fixed,1.5,0.5,315951,21-35,0,0
telescoping-fixed,1.5,0.5,315951,36-50,0,0
campaign75-fixed-daily,1.5,0.5,315951,1-5,5,0
campaign75-fixed-daily,1.5,0.5,315951,6-10,5,0
campaign75-fixed-daily,1.5,0.5,315951,11-20,6,1
campaign75-fixed-daily,1.5,0.5,315951,21-35,0,0
campaign75-fixed-daily,1.5,0.5,315951,36-50,0,0
telescoping-fixed,1.5,0.5,315952,1-5,5,5
telescoping-fixed,1.5,0.5,315952,6-10,5,5
telescoping-fixed,1.5,0.5,315952,11-20,5,3
telescoping-fixed,1.5,0.5,315952,21-35,1,0
telescoping-fixed,1.5,0.5,315952,36-50,0,0
campaign75-fixed-daily,1.5,0.5,315952,1-5,5,5
campaign75-fixed-daily,1.5,0.5,315952,6-10,5,5
campaign75-fixed-daily,1.5,0.5,315952,11-20,5,4
campaign75-fixed-daily,1.5,0.5,315952,21-35,1,1
campaign75-fixed-daily,1.5,0.5,315952,36-50,0,0
telescoping-fixed,1.5,0.5,315953,1-5,5,5
telescoping-fixed,1.5,0.5,315953,6-10,5,5
telescoping-fixed,1.5,0.5,315953,11-20,5,4
telescoping-fixed,1.5,0.5,315953,21-35,1,0
telescoping-fixed,1.5,0.5,315953,36-50,0,0
campaign75-fixed-daily,1.5,0.5,315953,1-5,5,5
campaign75-fixed-daily,1.5,0.5,315953,6-10,5,5
campaign75-fixed-daily,1.5,0.5,315953,11-20,5,5
campaign75-fixed-daily,1.5,0.5,315953,21-35,1,0
campaign75-fixed-daily,1.5,0.5,315953,36-50,0,0
telescoping-fixed,1.5,0.5,315954,1-5,5,5
telescoping-fixed,1.5,0.5,315954,6-10,5,5
telescoping-fixed,1.5,0.5,315954,11-20,6,5
telescoping-fixed,1.5,0.5,315954,21-35,0,0
telescoping-fixed,1.5,0.5,315954,36-50,0,0
campaign75-fixed-daily,1.5,0.5,315954,1-5,5,5
campaign75-fixed-daily,1.5,0.5,315954,6-10,5,5
campaign75-fixed-daily,1.5,0.5,315954,11-20,6,6
campaign75-fixed-daily,1.5,0.5,315954,21-35,0,0
campaign75-fixed-daily,1.5,0.5,315954,36-50,0,0
telescoping-fixed,1.5,0.5,315955,1-5,5,3
telescoping-fixed,1.5,0.5,315955,6-10,5,2
telescoping-fixed,1.5,0.5,315955,11-20,6,0
telescoping-fixed,1.5,0.5,315955,21-35,0,0
telescoping-fixed,1.5,0.5,315955,36-50,0,0
campaign75-fixed-daily,1.5,0.5,315955,1-5,5,0
campaign75-fixed-daily,1.5,0.5,315955,6-10,5,1
campaign75-fixed-daily,1.5,0.5,315955,11-20,6,0
campaign75-fixed-daily,1.5,0.5,315955,21-35,0,0
campaign75-fixed-daily,1.5,0.5,315955,36-50,0,0
telescoping-fixed,1.5,0.5,315956,1-5,5,4
telescoping-fixed,1.5,0.5,315956,6-10,5,3
telescoping-fixed,1.5,0.5,315956,11-20,4,1
telescoping-fixed,1.5,0.5,315956,21-35,2,1
telescoping-fixed,1.5,0.5,315956,36-50,0,0
campaign75-fixed-daily,1.5,0.5,315956,1-5,5,4
campaign75-fixed-daily,1.5,0.5,315956,6-10,5,4
campaign75-fixed-daily,1.5,0.5,315956,11-20,4,2
campaign75-fixed-daily,1.5,0.5,315956,21-35,2,2
campaign75-fixed-daily,1.5,0.5,315956,36-50,0,0
telescoping-fixed,1.5,0.5,315957,1-5,5,5
telescoping-fixed,1.5,0.5,315957,6-10,5,4
telescoping-fixed,1.5,0.5,315957,11-20,5,4
telescoping-fixed,1.5,0.5,315957,21-35,1,0
telescoping-fixed,1.5,0.5,315957,36-50,0,0
campaign75-fixed-daily,1.5,0.5,315957,1-5,5,5
campaign75-fixed-daily,1.5,0.5,315957,6-10,5,4
campaign75-fixed-daily,1.5,0.5,315957,11-20,5,5
campaign75-fixed-daily,1.5,0.5,315957,21-35,1,1
campaign75-fixed-daily,1.5,0.5,315957,36-50,0,0
telescoping-fixed,1.5,0.5,315958,1-5,5,5
telescoping-fixed,1.5,0.5,315958,6-10,4,4
telescoping-fixed,1.5,0.5,315958,11-20,7,6
telescoping-fixed,1.5,0.5,315958,21-35,0,0
telescoping-fixed,1.5,0.5,315958,36-50,0,0
campaign75-fixed-daily,1.5,0.5,315958,1-5,5,5
campaign75-fixed-daily,1.5,0.5,315958,6-10,4,4
campaign75-fixed-daily,1.5,0.5,315958,11-20,7,7
campaign75-fixed-daily,1.5,0.5,315958,21-35,0,0
campaign75-fixed-daily,1.5,0.5,315958,36-50,0,0
telescoping-fixed,1.5,0.5,315959,1-5,5,5
telescoping-fixed,1.5,0.5,315959,6-10,5,4
telescoping-fixed,1.5,0.5,315959,11-20,4,2
telescoping-fixed,1.5,0.5,315959,21-35,2,0
telescoping-fixed,1.5,0.5,315959,36-50,0,0
campaign75-fixed-daily,1.5,0.5,315959,1-5,5,5
campaign75-fixed-daily,1.5,0.5,315959,6-10,5,4
campaign75-fixed-daily,1.5,0.5,315959,11-20,4,2
campaign75-fixed-daily,1.5,0.5,315959,21-35,2,0
campaign75-fixed-daily,1.5,0.5,315959,36-50,0,0
telescoping-fixed,1.5,0.5,315960,1-5,5,5
telescoping-fixed,1.5,0.5,315960,6-10,5,5
telescoping-fixed,1.5,0.5,315960,11-20,6,3
telescoping-fixed,1.5,0.5,315960,21-35,0,0
telescoping-fixed,1.5,0.5,315960,36-50,0,0
campaign75-fixed-daily,1.5,0.5,315960,1-5,5,5
campaign75-fixed-daily,1.5,0.5,315960,6-10,5,5
campaign75-fixed-daily,1.5,0.5,315960,11-20,6,3
campaign75-fixed-daily,1.5,0.5,315960,21-35,0,0
campaign75-fixed-daily,1.5,0.5,315960,36-50,0,0
telescoping-fixed,1.5,0.5,315961,1-5,5,5
telescoping-fixed,1.5,0.5,315961,6-10,5,4
telescoping-fixed,1.5,0.5,315961,11-20,5,2
telescoping-fixed,1.5,0.5,315961,21-35,1,0
telescoping-fixed,1.5,0.5,315961,36-50,0,0
campaign75-fixed-daily,1.5,0.5,315961,1-5,5,5
campaign75-fixed-daily,1.5,0.5,315961,6-10,5,4
campaign75-fixed-daily,1.5,0.5,315961,11-20,5,4
campaign75-fixed-daily,1.5,0.5,315961,21-35,1,0
campaign75-fixed-daily,1.5,0.5,315961,36-50,0,0
telescoping-fixed,1.5,0.5,315962,1-5,5,0
telescoping-fixed,1.5,0.5,315962,6-10,5,0
telescoping-fixed,1.5,0.5,315962,11-20,5,0
telescoping-fixed,1.5,0.5,315962,21-35,1,0
telescoping-fixed,1.5,0.5,315962,36-50,0,0
campaign75-fixed-daily,1.5,0.5,315962,1-5,5,0
campaign75-fixed-daily,1.5,0.5,315962,6-10,5,0
campaign75-fixed-daily,1.5,0.5,315962,11-20,5,0
campaign75-fixed-daily,1.5,0.5,315962,21-35,1,0
campaign75-fixed-daily,1.5,0.5,315962,36-50,0,0
telescoping-fixed,1.5,0.5,315963,1-5,5,4
telescoping-fixed,1.5,0.5,315963,6-10,5,4
telescoping-fixed,1.5,0.5,315963,11-20,5,4
telescoping-fixed,1.5,0.5,315963,21-35,1,0
telescoping-fixed,1.5,0.5,315963,36-50,0,0
campaign75-fixed-daily,1.5,0.5,315963,1-5,5,4
campaign75-fixed-daily,1.5,0.5,315963,6-10,5,4
campaign75-fixed-daily,1.5,0.5,315963,11-20,5,4
campaign75-fixed-daily,1.5,0.5,315963,21-35,1,0
campaign75-fixed-daily,1.5,0.5,315963,36-50,0,0
telescoping-fixed,1.5,0.5,315964,1-5,5,5
telescoping-fixed,1.5,0.5,315964,6-10,5,3
telescoping-fixed,1.5,0.5,315964,11-20,5,1
telescoping-fixed,1.5,0.5,315964,21-35,1,0
telescoping-fixed,1.5,0.5,315964,36-50,0,0
campaign75-fixed-daily,1.5,0.5,315964,1-5,5,5
campaign75-fixed-daily,1.5,0.5,315964,6-10,5,3
campaign75-fixed-daily,1.5,0.5,315964,11-20,5,2
campaign75-fixed-daily,1.5,0.5,315964,21-35,1,1
campaign75-fixed-daily,1.5,0.5,315964,36-50,0,0
telescoping-fixed,1.5,0.5,315965,1-5,5,5
telescoping-fixed,1.5,0.5,315965,6-10,5,5
telescoping-fixed,1.5,0.5,315965,11-20,5,1
telescoping-fixed,1.5,0.5,315965,21-35,0,0
telescoping-fixed,1.5,0.5,315965,36-50,1,0
campaign75-fixed-daily,1.5,0.5,315965,1-5,5,5
campaign75-fixed-daily,1.5,0.5,315965,6-10,5,5
campaign75-fixed-daily,1.5,0.5,315965,11-20,5,2
campaign75-fixed-daily,1.5,0.5,315965,21-35,0,0
campaign75-fixed-daily,1.5,0.5,315965,36-50,1,0
telescoping-fixed,1.5,0.5,315966,1-5,5,5
telescoping-fixed,1.5,0.5,315966,6-10,5,3
telescoping-fixed,1.5,0.5,315966,11-20,6,2
telescoping-fixed,1.5,0.5,315966,21-35,0,0
telescoping-fixed,1.5,0.5,315966,36-50,0,0
campaign75-fixed-daily,1.5,0.5,315966,1-5,5,5
campaign75-fixed-daily,1.5,0.5,315966,6-10,5,3
campaign75-fixed-daily,1.5,0.5,315966,11-20,6,4
campaign75-fixed-daily,1.5,0.5,315966,21-35,0,0
campaign75-fixed-daily,1.5,0.5,315966,36-50,0,0
telescoping-fixed,1.5,0.5,315967,1-5,5,3
telescoping-fixed,1.5,0.5,315967,6-10,4,1
telescoping-fixed,1.5,0.5,315967,11-20,5,0
telescoping-fixed,1.5,0.5,315967,21-35,2,0
telescoping-fixed,1.5,0.5,315967,36-50,0,0
campaign75-fixed-daily,1.5,0.5,315967,1-5,5,3
campaign75-fixed-daily,1.5,0.5,315967,6-10,4,1
campaign75-fixed-daily,1.5,0.5,315967,11-20,5,2
campaign75-fixed-daily,1.5,0.5,315967,21-35,2,1
campaign75-fixed-daily,1.5,0.5,315967,36-50,0,0
telescoping-fixed,1.5,0.5,315968,1-5,5,5
telescoping-fixed,1.5,0.5,315968,6-10,5,3
telescoping-fixed,1.5,0.5,315968,11-20,6,1
telescoping-fixed,1.5,0.5,315968,21-35,0,0
telescoping-fixed,1.5,0.5,315968,36-50,0,0
campaign75-fixed-daily,1.5,0.5,315968,1-5,5,5
campaign75-fixed-daily,1.5,0.5,315968,6-10,5,3
campaign75-fixed-daily,1.5,0.5,315968,11-20,6,2
campaign75-fixed-daily,1.5,0.5,315968,21-35,0,0
campaign75-fixed-daily,1.5,0.5,315968,36-50,0,0
telescoping-fixed,1.5,0.5,315969,1-5,5,3
telescoping-fixed,1.5,0.5,315969,6-10,5,2
telescoping-fixed,1.5,0.5,315969,11-20,4,1
telescoping-fixed,1.5,0.5,315969,21-35,2,0
telescoping-fixed,1.5,0.5,315969,36-50,0,0
campaign75-fixed-daily,1.5,0.5,315969,1-5,5,3
campaign75-fixed-daily,1.5,0.5,315969,6-10,5,3
campaign75-fixed-daily,1.5,0.5,315969,11-20,4,1
campaign75-fixed-daily,1.5,0.5,315969,21-35,2,0
campaign75-fixed-daily,1.5,0.5,315969,36-50,0,0
telescoping-fixed,1.5,0.5,315970,1-5,5,5
telescoping-fixed,1.5,0.5,315970,6-10,5,4
telescoping-fixed,1.5,0.5,315970,11-20,6,1
telescoping-fixed,1.5,0.5,315970,21-35,0,0
telescoping-fixed,1.5,0.5,315970,36-50,0,0
campaign75-fixed-daily,1.5,0.5,315970,1-5,5,5
campaign75-fixed-daily,1.5,0.5,315970,6-10,5,5
campaign75-fixed-daily,1.5,0.5,315970,11-20,6,4
campaign75-fixed-daily,1.5,0.5,315970,21-35,0,0
campaign75-fixed-daily,1.5,0.5,315970,36-50,0,0
telescoping-fixed,1.5,0.5,315971,1-5,5,4
telescoping-fixed,1.5,0.5,315971,6-10,4,3
telescoping-fixed,1.5,0.5,315971,11-20,6,2
telescoping-fixed,1.5,0.5,315971,21-35,1,0
telescoping-fixed,1.5,0.5,315971,36-50,0,0
campaign75-fixed-daily,1.5,0.5,315971,1-5,5,4
campaign75-fixed-daily,1.5,0.5,315971,6-10,4,3
campaign75-fixed-daily,1.5,0.5,315971,11-20,6,5
campaign75-fixed-daily,1.5,0.5,315971,21-35,1,0
campaign75-fixed-daily,1.5,0.5,315971,36-50,0,0
telescoping-fixed,1.5,0.5,315972,1-5,5,5
telescoping-fixed,1.5,0.5,315972,6-10,4,1
telescoping-fixed,1.5,0.5,315972,11-20,6,0
telescoping-fixed,1.5,0.5,315972,21-35,1,0
telescoping-fixed,1.5,0.5,315972,36-50,0,0
campaign75-fixed-daily,1.5,0.5,315972,1-5,5,4
campaign75-fixed-daily,1.5,0.5,315972,6-10,4,1
campaign75-fixed-daily,1.5,0.5,315972,11-20,6,1
campaign75-fixed-daily,1.5,0.5,315972,21-35,1,0
campaign75-fixed-daily,1.5,0.5,315972,36-50,0,0
telescoping-fixed,1.5,0.5,315973,1-5,5,5
telescoping-fixed,1.5,0.5,315973,6-10,5,1
telescoping-fixed,1.5,0.5,315973,11-20,6,0
telescoping-fixed,1.5,0.5,315973,21-35,0,0
telescoping-fixed,1.5,0.5,315973,36-50,0,0
campaign75-fixed-daily,1.5,0.5,315973,1-5,5,4
campaign75-fixed-daily,1.5,0.5,315973,6-10,5,1
campaign75-fixed-daily,1.5,0.5,315973,11-20,6,0
campaign75-fixed-daily,1.5,0.5,315973,21-35,0,0
campaign75-fixed-daily,1.5,0.5,315973,36-50,0,0
telescoping-fixed,1.5,0.5,315974,1-5,5,3
telescoping-fixed,1.5,0.5,315974,6-10,4,2
telescoping-fixed,1.5,0.5,315974,11-20,6,3
telescoping-fixed,1.5,0.5,315974,21-35,1,0
telescoping-fixed,1.5,0.5,315974,36-50,0,0
campaign75-fixed-daily,1.5,0.5,315974,1-5,5,3
campaign75-fixed-daily,1.5,0.5,315974,6-10,4,2
campaign75-fixed-daily,1.5,0.5,315974,11-20,6,4
campaign75-fixed-daily,1.5,0.5,315974,21-35,1,0
campaign75-fixed-daily,1.5,0.5,315974,36-50,0,0
telescoping-fixed,1.5,0.5,315975,1-5,5,0
telescoping-fixed,1.5,0.5,315975,6-10,5,0
telescoping-fixed,1.5,0.5,315975,11-20,6,0
telescoping-fixed,1.5,0.5,315975,21-35,0,0
telescoping-fixed,1.5,0.5,315975,36-50,0,0
campaign75-fixed-daily,1.5,0.5,315975,1-5,5,0
campaign75-fixed-daily,1.5,0.5,315975,6-10,5,0
campaign75-fixed-daily,1.5,0.5,315975,11-20,6,0
campaign75-fixed-daily,1.5,0.5,315975,21-35,0,0
campaign75-fixed-daily,1.5,0.5,315975,36-50,0,0
telescoping-fixed,1.5,0.5,315976,1-5,5,5
telescoping-fixed,1.5,0.5,315976,6-10,5,4
telescoping-fixed,1.5,0.5,315976,11-20,5,3
telescoping-fixed,1.5,0.5,315976,21-35,1,0
telescoping-fixed,1.5,0.5,315976,36-50,0,0
campaign75-fixed-daily,1.5,0.5,315976,1-5,5,5
campaign75-fixed-daily,1.5,0.5,315976,6-10,5,5
campaign75-fixed-daily,1.5,0.5,315976,11-20,5,4
campaign75-fixed-daily,1.5,0.5,315976,21-35,1,1
campaign75-fixed-daily,1.5,0.5,315976,36-50,0,0
telescoping-fixed,1.5,0.5,315977,1-5,5,5
telescoping-fixed,1.5,0.5,315977,6-10,5,5
telescoping-fixed,1.5,0.5,315977,11-20,6,3
telescoping-fixed,1.5,0.5,315977,21-35,0,0
telescoping-fixed,1.5,0.5,315977,36-50,0,0
campaign75-fixed-daily,1.5,0.5,315977,1-5,5,5
campaign75-fixed-daily,1.5,0.5,315977,6-10,5,5
campaign75-fixed-daily,1.5,0.5,315977,11-20,6,5
campaign75-fixed-daily,1.5,0.5,315977,21-35,0,0
campaign75-fixed-daily,1.5,0.5,315977,36-50,0,0
telescoping-fixed,1.5,0.5,315978,1-5,5,5
telescoping-fixed,1.5,0.5,315978,6-10,4,1
telescoping-fixed,1.5,0.5,315978,11-20,5,0
telescoping-fixed,1.5,0.5,315978,21-35,1,0
telescoping-fixed,1.5,0.5,315978,36-50,1,0
campaign75-fixed-daily,1.5,0.5,315978,1-5,5,5
campaign75-fixed-daily,1.5,0.5,315978,6-10,4,1
campaign75-fixed-daily,1.5,0.5,315978,11-20,5,0
campaign75-fixed-daily,1.5,0.5,315978,21-35,1,0
campaign75-fixed-daily,1.5,0.5,315978,36-50,1,0
telescoping-fixed,1.5,0.5,315979,1-5,5,4
telescoping-fixed,1.5,0.5,315979,6-10,5,5
telescoping-fixed,1.5,0.5,315979,11-20,6,3
telescoping-fixed,1.5,0.5,315979,21-35,0,0
telescoping-fixed,1.5,0.5,315979,36-50,0,0
campaign75-fixed-daily,1.5,0.5,315979,1-5,5,4
campaign75-fixed-daily,1.5,0.5,315979,6-10,5,5
campaign75-fixed-daily,1.5,0.5,315979,11-20,6,5
campaign75-fixed-daily,1.5,0.5,315979,21-35,0,0
campaign75-fixed-daily,1.5,0.5,315979,36-50,0,0
telescoping-fixed,1.5,0.5,315980,1-5,5,3
telescoping-fixed,1.5,0.5,315980,6-10,5,1
telescoping-fixed,1.5,0.5,315980,11-20,5,0
telescoping-fixed,1.5,0.5,315980,21-35,1,0
telescoping-fixed,1.5,0.5,315980,36-50,0,0
campaign75-fixed-daily,1.5,0.5,315980,1-5,5,3
campaign75-fixed-daily,1.5,0.5,315980,6-10,5,1
campaign75-fixed-daily,1.5,0.5,315980,11-20,5,0
campaign75-fixed-daily,1.5,0.5,315980,21-35,1,0
campaign75-fixed-daily,1.5,0.5,315980,36-50,0,0
telescoping-fixed,1.5,0.5,315981,1-5,5,5
telescoping-fixed,1.5,0.5,315981,6-10,5,2
telescoping-fixed,1.5,0.5,315981,11-20,6,0
telescoping-fixed,1.5,0.5,315981,21-35,0,0
telescoping-fixed,1.5,0.5,315981,36-50,0,0
campaign75-fixed-daily,1.5,0.5,315981,1-5,5,4
campaign75-fixed-daily,1.5,0.5,315981,6-10,5,3
campaign75-fixed-daily,1.5,0.5,315981,11-20,6,3
campaign75-fixed-daily,1.5,0.5,315981,21-35,0,0
campaign75-fixed-daily,1.5,0.5,315981,36-50,0,0
telescoping-fixed,1.5,0.5,315982,1-5,5,5
telescoping-fixed,1.5,0.5,315982,6-10,4,4
telescoping-fixed,1.5,0.5,315982,11-20,7,4
telescoping-fixed,1.5,0.5,315982,21-35,0,0
telescoping-fixed,1.5,0.5,315982,36-50,0,0
campaign75-fixed-daily,1.5,0.5,315982,1-5,5,5
campaign75-fixed-daily,1.5,0.5,315982,6-10,4,4
campaign75-fixed-daily,1.5,0.5,315982,11-20,7,5
campaign75-fixed-daily,1.5,0.5,315982,21-35,0,0
campaign75-fixed-daily,1.5,0.5,315982,36-50,0,0
telescoping-fixed,1.5,0.5,315983,1-5,5,5
telescoping-fixed,1.5,0.5,315983,6-10,5,5
telescoping-fixed,1.5,0.5,315983,11-20,5,5
telescoping-fixed,1.5,0.5,315983,21-35,1,0
telescoping-fixed,1.5,0.5,315983,36-50,0,0
campaign75-fixed-daily,1.5,0.5,315983,1-5,5,5
campaign75-fixed-daily,1.5,0.5,315983,6-10,5,5
campaign75-fixed-daily,1.5,0.5,315983,11-20,5,5
campaign75-fixed-daily,1.5,0.5,315983,21-35,1,0
campaign75-fixed-daily,1.5,0.5,315983,36-50,0,0
telescoping-fixed,1.5,0.5,315984,1-5,5,5
telescoping-fixed,1.5,0.5,315984,6-10,5,5
telescoping-fixed,1.5,0.5,315984,11-20,6,3
telescoping-fixed,1.5,0.5,315984,21-35,0,0
telescoping-fixed,1.5,0.5,315984,36-50,0,0
campaign75-fixed-daily,1.5,0.5,315984,1-5,5,5
campaign75-fixed-daily,1.5,0.5,315984,6-10,5,5
campaign75-fixed-daily,1.5,0.5,315984,11-20,6,5
campaign75-fixed-daily,1.5,0.5,315984,21-35,0,0
campaign75-fixed-daily,1.5,0.5,315984,36-50,0,0
telescoping-fixed,1.5,0.5,315985,1-5,5,5
telescoping-fixed,1.5,0.5,315985,6-10,5,1
telescoping-fixed,1.5,0.5,315985,11-20,5,0
telescoping-fixed,1.5,0.5,315985,21-35,1,0
telescoping-fixed,1.5,0.5,315985,36-50,0,0
campaign75-fixed-daily,1.5,0.5,315985,1-5,5,3
campaign75-fixed-daily,1.5,0.5,315985,6-10,5,2
campaign75-fixed-daily,1.5,0.5,315985,11-20,5,0
campaign75-fixed-daily,1.5,0.5,315985,21-35,1,0
campaign75-fixed-daily,1.5,0.5,315985,36-50,0,0
telescoping-fixed,1.5,0.5,315986,1-5,5,5
telescoping-fixed,1.5,0.5,315986,6-10,5,5
telescoping-fixed,1.5,0.5,315986,11-20,6,6
telescoping-fixed,1.5,0.5,315986,21-35,0,0
telescoping-fixed,1.5,0.5,315986,36-50,0,0
campaign75-fixed-daily,1.5,0.5,315986,1-5,5,5
campaign75-fixed-daily,1.5,0.5,315986,6-10,5,5
campaign75-fixed-daily,1.5,0.5,315986,11-20,6,6
campaign75-fixed-daily,1.5,0.5,315986,21-35,0,0
campaign75-fixed-daily,1.5,0.5,315986,36-50,0,0
telescoping-fixed,1.5,0.5,315987,1-5,5,4
telescoping-fixed,1.5,0.5,315987,6-10,5,0
telescoping-fixed,1.5,0.5,315987,11-20,4,0
telescoping-fixed,1.5,0.5,315987,21-35,2,0
telescoping-fixed,1.5,0.5,315987,36-50,0,0
campaign75-fixed-daily,1.5,0.5,315987,1-5,5,4
campaign75-fixed-daily,1.5,0.5,315987,6-10,5,1
campaign75-fixed-daily,1.5,0.5,315987,11-20,4,0
campaign75-fixed-daily,1.5,0.5,315987,21-35,2,0
campaign75-fixed-daily,1.5,0.5,315987,36-50,0,0
telescoping-fixed,1.5,0.5,315988,1-5,5,5
telescoping-fixed,1.5,0.5,315988,6-10,5,5
telescoping-fixed,1.5,0.5,315988,11-20,5,2
telescoping-fixed,1.5,0.5,315988,21-35,1,1
telescoping-fixed,1.5,0.5,315988,36-50,0,0
campaign75-fixed-daily,1.5,0.5,315988,1-5,5,5
campaign75-fixed-daily,1.5,0.5,315988,6-10,5,5
campaign75-fixed-daily,1.5,0.5,315988,11-20,5,4
campaign75-fixed-daily,1.5,0.5,315988,21-35,1,1
campaign75-fixed-daily,1.5,0.5,315988,36-50,0,0
telescoping-fixed,1.5,0.5,315989,1-5,5,1
telescoping-fixed,1.5,0.5,315989,6-10,5,0
telescoping-fixed,1.5,0.5,315989,11-20,6,0
telescoping-fixed,1.5,0.5,315989,21-35,0,0
telescoping-fixed,1.5,0.5,315989,36-50,0,0
campaign75-fixed-daily,1.5,0.5,315989,1-5,5,0
campaign75-fixed-daily,1.5,0.5,315989,6-10,5,0
campaign75-fixed-daily,1.5,0.5,315989,11-20,6,0
campaign75-fixed-daily,1.5,0.5,315989,21-35,0,0
campaign75-fixed-daily,1.5,0.5,315989,36-50,0,0
telescoping-fixed,1.5,0.5,315990,1-5,5,5
telescoping-fixed,1.5,0.5,315990,6-10,5,5
telescoping-fixed,1.5,0.5,315990,11-20,5,5
telescoping-fixed,1.5,0.5,315990,21-35,1,0
telescoping-fixed,1.5,0.5,315990,36-50,0,0
campaign75-fixed-daily,1.5,0.5,315990,1-5,5,5
campaign75-fixed-daily,1.5,0.5,315990,6-10,5,5
campaign75-fixed-daily,1.5,0.5,315990,11-20,5,5
campaign75-fixed-daily,1.5,0.5,315990,21-35,1,1
campaign75-fixed-daily,1.5,0.5,315990,36-50,0,0
telescoping-fixed,1.5,0.5,315991,1-5,5,5
telescoping-fixed,1.5,0.5,315991,6-10,5,4
telescoping-fixed,1.5,0.5,315991,11-20,4,0
telescoping-fixed,1.5,0.5,315991,21-35,2,0
telescoping-fixed,1.5,0.5,315991,36-50,0,0
campaign75-fixed-daily,1.5,0.5,315991,1-5,5,5
campaign75-fixed-daily,1.5,0.5,315991,6-10,5,5
campaign75-fixed-daily,1.5,0.5,315991,11-20,4,0
campaign75-fixed-daily,1.5,0.5,315991,21-35,2,0
campaign75-fixed-daily,1.5,0.5,315991,36-50,0,0
telescoping-fixed,1.5,0.5,315992,1-5,5,3
telescoping-fixed,1.5,0.5,315992,6-10,5,1
telescoping-fixed,1.5,0.5,315992,11-20,5,2
telescoping-fixed,1.5,0.5,315992,21-35,1,0
telescoping-fixed,1.5,0.5,315992,36-50,0,0
campaign75-fixed-daily,1.5,0.5,315992,1-5,5,1
campaign75-fixed-daily,1.5,0.5,315992,6-10,5,1
campaign75-fixed-daily,1.5,0.5,315992,11-20,5,2
campaign75-fixed-daily,1.5,0.5,315992,21-35,1,0
campaign75-fixed-daily,1.5,0.5,315992,36-50,0,0
telescoping-fixed,1.5,0.5,315993,1-5,5,5
telescoping-fixed,1.5,0.5,315993,6-10,4,4
telescoping-fixed,1.5,0.5,315993,11-20,6,5
telescoping-fixed,1.5,0.5,315993,21-35,1,1
telescoping-fixed,1.5,0.5,315993,36-50,0,0
campaign75-fixed-daily,1.5,0.5,315993,1-5,5,5
campaign75-fixed-daily,1.5,0.5,315993,6-10,4,4
campaign75-fixed-daily,1.5,0.5,315993,11-20,6,6
campaign75-fixed-daily,1.5,0.5,315993,21-35,1,1
campaign75-fixed-daily,1.5,0.5,315993,36-50,0,0
telescoping-fixed,1.5,0.5,315994,1-5,5,5
telescoping-fixed,1.5,0.5,315994,6-10,5,5
telescoping-fixed,1.5,0.5,315994,11-20,6,2
telescoping-fixed,1.5,0.5,315994,21-35,0,0
telescoping-fixed,1.5,0.5,315994,36-50,0,0
campaign75-fixed-daily,1.5,0.5,315994,1-5,5,4
campaign75-fixed-daily,1.5,0.5,315994,6-10,5,5
campaign75-fixed-daily,1.5,0.5,315994,11-20,6,5
campaign75-fixed-daily,1.5,0.5,315994,21-35,0,0
campaign75-fixed-daily,1.5,0.5,315994,36-50,0,0
telescoping-fixed,1.5,0.5,315995,1-5,5,5
telescoping-fixed,1.5,0.5,315995,6-10,5,4
telescoping-fixed,1.5,0.5,315995,11-20,5,2
telescoping-fixed,1.5,0.5,315995,21-35,0,0
telescoping-fixed,1.5,0.5,315995,36-50,1,0
campaign75-fixed-daily,1.5,0.5,315995,1-5,5,5
campaign75-fixed-daily,1.5,0.5,315995,6-10,5,5
campaign75-fixed-daily,1.5,0.5,315995,11-20,5,3
campaign75-fixed-daily,1.5,0.5,315995,21-35,0,0
campaign75-fixed-daily,1.5,0.5,315995,36-50,1,0
telescoping-fixed,1.5,0.5,315996,1-5,5,5
telescoping-fixed,1.5,0.5,315996,6-10,5,1
telescoping-fixed,1.5,0.5,315996,11-20,5,0
telescoping-fixed,1.5,0.5,315996,21-35,1,0
telescoping-fixed,1.5,0.5,315996,36-50,0,0
campaign75-fixed-daily,1.5,0.5,315996,1-5,5,5
campaign75-fixed-daily,1.5,0.5,315996,6-10,5,1
campaign75-fixed-daily,1.5,0.5,315996,11-20,5,2
campaign75-fixed-daily,1.5,0.5,315996,21-35,1,0
campaign75-fixed-daily,1.5,0.5,315996,36-50,0,0
telescoping-fixed,1.5,0.5,315997,1-5,5,4
telescoping-fixed,1.5,0.5,315997,6-10,5,4
telescoping-fixed,1.5,0.5,315997,11-20,6,2
telescoping-fixed,1.5,0.5,315997,21-35,0,0
telescoping-fixed,1.5,0.5,315997,36-50,0,0
campaign75-fixed-daily,1.5,0.5,315997,1-5,5,4
campaign75-fixed-daily,1.5,0.5,315997,6-10,5,4
campaign75-fixed-daily,1.5,0.5,315997,11-20,6,2
campaign75-fixed-daily,1.5,0.5,315997,21-35,0,0
campaign75-fixed-daily,1.5,0.5,315997,36-50,0,0
telescoping-fixed,1.5,0.5,315998,1-5,5,5
telescoping-fixed,1.5,0.5,315998,6-10,5,4
telescoping-fixed,1.5,0.5,315998,11-20,6,4
telescoping-fixed,1.5,0.5,315998,21-35,0,0
telescoping-fixed,1.5,0.5,315998,36-50,0,0
campaign75-fixed-daily,1.5,0.5,315998,1-5,5,5
campaign75-fixed-daily,1.5,0.5,315998,6-10,5,5
campaign75-fixed-daily,1.5,0.5,315998,11-20,6,6
campaign75-fixed-daily,1.5,0.5,315998,21-35,0,0
campaign75-fixed-daily,1.5,0.5,315998,36-50,0,0
telescoping-fixed,1.5,0.5,315999,1-5,5,5
telescoping-fixed,1.5,0.5,315999,6-10,5,5
telescoping-fixed,1.5,0.5,315999,11-20,6,0
telescoping-fixed,1.5,0.5,315999,21-35,0,0
telescoping-fixed,1.5,0.5,315999,36-50,0,0
campaign75-fixed-daily,1.5,0.5,315999,1-5,5,5
campaign75-fixed-daily,1.5,0.5,315999,6-10,5,5
campaign75-fixed-daily,1.5,0.5,315999,11-20,6,2
campaign75-fixed-daily,1.5,0.5,315999,21-35,0,0
campaign75-fixed-daily,1.5,0.5,315999,36-50,0,0
telescoping-fixed,1.5,0.5,316000,1-5,5,5
telescoping-fixed,1.5,0.5,316000,6-10,5,4
telescoping-fixed,1.5,0.5,316000,11-20,6,2
telescoping-fixed,1.5,0.5,316000,21-35,0,0
telescoping-fixed,1.5,0.5,316000,36-50,0,0
campaign75-fixed-daily,1.5,0.5,316000,1-5,5,5
campaign75-fixed-daily,1.5,0.5,316000,6-10,5,4
campaign75-fixed-daily,1.5,0.5,316000,11-20,6,3
campaign75-fixed-daily,1.5,0.5,316000,21-35,0,0
campaign75-fixed-daily,1.5,0.5,316000,36-50,0,0
telescoping-fixed,1.5,0.5,316001,1-5,5,4
telescoping-fixed,1.5,0.5,316001,6-10,5,2
telescoping-fixed,1.5,0.5,316001,11-20,6,2
telescoping-fixed,1.5,0.5,316001,21-35,0,0
telescoping-fixed,1.5,0.5,316001,36-50,0,0
campaign75-fixed-daily,1.5,0.5,316001,1-5,5,4
campaign75-fixed-daily,1.5,0.5,316001,6-10,5,3
campaign75-fixed-daily,1.5,0.5,316001,11-20,6,5
campaign75-fixed-daily,1.5,0.5,316001,21-35,0,0
campaign75-fixed-daily,1.5,0.5,316001,36-50,0,0
telescoping-fixed,1.5,0.5,316002,1-5,5,4
telescoping-fixed,1.5,0.5,316002,6-10,5,3
telescoping-fixed,1.5,0.5,316002,11-20,5,3
telescoping-fixed,1.5,0.5,316002,21-35,1,0
telescoping-fixed,1.5,0.5,316002,36-50,0,0
campaign75-fixed-daily,1.5,0.5,316002,1-5,5,1
campaign75-fixed-daily,1.5,0.5,316002,6-10,5,3
campaign75-fixed-daily,1.5,0.5,316002,11-20,5,3
campaign75-fixed-daily,1.5,0.5,316002,21-35,1,0
campaign75-fixed-daily,1.5,0.5,316002,36-50,0,0
telescoping-fixed,1.5,0.5,316003,1-5,5,0
telescoping-fixed,1.5,0.5,316003,6-10,5,0
telescoping-fixed,1.5,0.5,316003,11-20,6,0
telescoping-fixed,1.5,0.5,316003,21-35,0,0
telescoping-fixed,1.5,0.5,316003,36-50,0,0
campaign75-fixed-daily,1.5,0.5,316003,1-5,5,0
campaign75-fixed-daily,1.5,0.5,316003,6-10,5,0
campaign75-fixed-daily,1.5,0.5,316003,11-20,6,0
campaign75-fixed-daily,1.5,0.5,316003,21-35,0,0
campaign75-fixed-daily,1.5,0.5,316003,36-50,0,0
telescoping-fixed,1.5,0.5,316004,1-5,5,5
telescoping-fixed,1.5,0.5,316004,6-10,5,4
telescoping-fixed,1.5,0.5,316004,11-20,4,0
telescoping-fixed,1.5,0.5,316004,21-35,2,0
telescoping-fixed,1.5,0.5,316004,36-50,0,0
campaign75-fixed-daily,1.5,0.5,316004,1-5,5,5
campaign75-fixed-daily,1.5,0.5,316004,6-10,5,4
campaign75-fixed-daily,1.5,0.5,316004,11-20,4,3
campaign75-fixed-daily,1.5,0.5,316004,21-35,2,0
campaign75-fixed-daily,1.5,0.5,316004,36-50,0,0
telescoping-fixed,1.5,0.5,316005,1-5,5,0
telescoping-fixed,1.5,0.5,316005,6-10,5,0
telescoping-fixed,1.5,0.5,316005,11-20,4,0
telescoping-fixed,1.5,0.5,316005,21-35,2,0
telescoping-fixed,1.5,0.5,316005,36-50,0,0
campaign75-fixed-daily,1.5,0.5,316005,1-5,5,0
campaign75-fixed-daily,1.5,0.5,316005,6-10,5,0
campaign75-fixed-daily,1.5,0.5,316005,11-20,4,0
campaign75-fixed-daily,1.5,0.5,316005,21-35,2,0
campaign75-fixed-daily,1.5,0.5,316005,36-50,0,0
telescoping-fixed,1.5,0.5,316006,1-5,5,5
telescoping-fixed,1.5,0.5,316006,6-10,5,5
telescoping-fixed,1.5,0.5,316006,11-20,6,4
telescoping-fixed,1.5,0.5,316006,21-35,0,0
telescoping-fixed,1.5,0.5,316006,36-50,0,0
campaign75-fixed-daily,1.5,0.5,316006,1-5,5,5
campaign75-fixed-daily,1.5,0.5,316006,6-10,5,5
campaign75-fixed-daily,1.5,0.5,316006,11-20,6,5
campaign75-fixed-daily,1.5,0.5,316006,21-35,0,0
campaign75-fixed-daily,1.5,0.5,316006,36-50,0,0
telescoping-fixed,1.5,0.5,316007,1-5,5,1
telescoping-fixed,1.5,0.5,316007,6-10,5,0
telescoping-fixed,1.5,0.5,316007,11-20,6,0
telescoping-fixed,1.5,0.5,316007,21-35,0,0
telescoping-fixed,1.5,0.5,316007,36-50,0,0
campaign75-fixed-daily,1.5,0.5,316007,1-5,5,1
campaign75-fixed-daily,1.5,0.5,316007,6-10,5,0
campaign75-fixed-daily,1.5,0.5,316007,11-20,6,0
campaign75-fixed-daily,1.5,0.5,316007,21-35,0,0
campaign75-fixed-daily,1.5,0.5,316007,36-50,0,0
telescoping-fixed,1.5,0.5,316008,1-5,5,3
telescoping-fixed,1.5,0.5,316008,6-10,5,0
telescoping-fixed,1.5,0.5,316008,11-20,6,0
telescoping-fixed,1.5,0.5,316008,21-35,0,0
telescoping-fixed,1.5,0.5,316008,36-50,0,0
campaign75-fixed-daily,1.5,0.5,316008,1-5,5,3
campaign75-fixed-daily,1.5,0.5,316008,6-10,5,3
campaign75-fixed-daily,1.5,0.5,316008,11-20,6,1
campaign75-fixed-daily,1.5,0.5,316008,21-35,0,0
campaign75-fixed-daily,1.5,0.5,316008,36-50,0,0
telescoping-fixed,1.5,0.5,316009,1-5,5,2
telescoping-fixed,1.5,0.5,316009,6-10,4,3
telescoping-fixed,1.5,0.5,316009,11-20,6,3
telescoping-fixed,1.5,0.5,316009,21-35,1,0
telescoping-fixed,1.5,0.5,316009,36-50,0,0
campaign75-fixed-daily,1.5,0.5,316009,1-5,5,3
campaign75-fixed-daily,1.5,0.5,316009,6-10,4,3
campaign75-fixed-daily,1.5,0.5,316009,11-20,6,3
campaign75-fixed-daily,1.5,0.5,316009,21-35,1,0
campaign75-fixed-daily,1.5,0.5,316009,36-50,0,0
telescoping-fixed,1.5,0.5,316010,1-5,5,5
telescoping-fixed,1.5,0.5,316010,6-10,5,3
telescoping-fixed,1.5,0.5,316010,11-20,4,2
telescoping-fixed,1.5,0.5,316010,21-35,2,0
telescoping-fixed,1.5,0.5,316010,36-50,0,0
campaign75-fixed-daily,1.5,0.5,316010,1-5,5,5
campaign75-fixed-daily,1.5,0.5,316010,6-10,5,3
campaign75-fixed-daily,1.5,0.5,316010,11-20,4,3
campaign75-fixed-daily,1.5,0.5,316010,21-35,2,1
campaign75-fixed-daily,1.5,0.5,316010,36-50,0,0
telescoping-fixed,1.5,0.5,316011,1-5,5,5
telescoping-fixed,1.5,0.5,316011,6-10,5,5
telescoping-fixed,1.5,0.5,316011,11-20,5,5
telescoping-fixed,1.5,0.5,316011,21-35,1,1
telescoping-fixed,1.5,0.5,316011,36-50,0,0
campaign75-fixed-daily,1.5,0.5,316011,1-5,5,5
campaign75-fixed-daily,1.5,0.5,316011,6-10,5,5
campaign75-fixed-daily,1.5,0.5,316011,11-20,5,5
campaign75-fixed-daily,1.5,0.5,316011,21-35,1,1
campaign75-fixed-daily,1.5,0.5,316011,36-50,0,0
telescoping-fixed,1.5,0.5,316012,1-5,5,3
telescoping-fixed,1.5,0.5,316012,6-10,5,1
telescoping-fixed,1.5,0.5,316012,11-20,6,0
telescoping-fixed,1.5,0.5,316012,21-35,0,0
telescoping-fixed,1.5,0.5,316012,36-50,0,0
campaign75-fixed-daily,1.5,0.5,316012,1-5,5,3
campaign75-fixed-daily,1.5,0.5,316012,6-10,5,1
campaign75-fixed-daily,1.5,0.5,316012,11-20,6,0
campaign75-fixed-daily,1.5,0.5,316012,21-35,0,0
campaign75-fixed-daily,1.5,0.5,316012,36-50,0,0
telescoping-fixed,1.5,0.5,316013,1-5,5,3
telescoping-fixed,1.5,0.5,316013,6-10,5,0
telescoping-fixed,1.5,0.5,316013,11-20,5,0
telescoping-fixed,1.5,0.5,316013,21-35,1,0
telescoping-fixed,1.5,0.5,316013,36-50,0,0
campaign75-fixed-daily,1.5,0.5,316013,1-5,5,1
campaign75-fixed-daily,1.5,0.5,316013,6-10,5,0
campaign75-fixed-daily,1.5,0.5,316013,11-20,5,1
campaign75-fixed-daily,1.5,0.5,316013,21-35,1,0
campaign75-fixed-daily,1.5,0.5,316013,36-50,0,0
telescoping-fixed,1.5,0.5,316014,1-5,5,4
telescoping-fixed,1.5,0.5,316014,6-10,5,5
telescoping-fixed,1.5,0.5,316014,11-20,6,3
telescoping-fixed,1.5,0.5,316014,21-35,0,0
telescoping-fixed,1.5,0.5,316014,36-50,0,0
campaign75-fixed-daily,1.5,0.5,316014,1-5,5,4
campaign75-fixed-daily,1.5,0.5,316014,6-10,5,5
campaign75-fixed-daily,1.5,0.5,316014,11-20,6,5
campaign75-fixed-daily,1.5,0.5,316014,21-35,0,0
campaign75-fixed-daily,1.5,0.5,316014,36-50,0,0
telescoping-fixed,1.5,0.5,316015,1-5,5,4
telescoping-fixed,1.5,0.5,316015,6-10,5,3
telescoping-fixed,1.5,0.5,316015,11-20,5,0
telescoping-fixed,1.5,0.5,316015,21-35,1,0
telescoping-fixed,1.5,0.5,316015,36-50,0,0
campaign75-fixed-daily,1.5,0.5,316015,1-5,5,4
campaign75-fixed-daily,1.5,0.5,316015,6-10,5,4
campaign75-fixed-daily,1.5,0.5,316015,11-20,5,1
campaign75-fixed-daily,1.5,0.5,316015,21-35,1,0
campaign75-fixed-daily,1.5,0.5,316015,36-50,0,0
telescoping-fixed,1.5,0.5,316016,1-5,5,5
telescoping-fixed,1.5,0.5,316016,6-10,5,5
telescoping-fixed,1.5,0.5,316016,11-20,6,4
telescoping-fixed,1.5,0.5,316016,21-35,0,0
telescoping-fixed,1.5,0.5,316016,36-50,0,0
campaign75-fixed-daily,1.5,0.5,316016,1-5,5,5
campaign75-fixed-daily,1.5,0.5,316016,6-10,5,5
campaign75-fixed-daily,1.5,0.5,316016,11-20,6,5
campaign75-fixed-daily,1.5,0.5,316016,21-35,0,0
campaign75-fixed-daily,1.5,0.5,316016,36-50,0,0
telescoping-fixed,1.5,0.5,316017,1-5,4,3
telescoping-fixed,1.5,0.5,316017,6-10,5,2
telescoping-fixed,1.5,0.5,316017,11-20,5,0
telescoping-fixed,1.5,0.5,316017,21-35,2,0
telescoping-fixed,1.5,0.5,316017,36-50,0,0
campaign75-fixed-daily,1.5,0.5,316017,1-5,4,3
campaign75-fixed-daily,1.5,0.5,316017,6-10,5,2
campaign75-fixed-daily,1.5,0.5,316017,11-20,5,2
campaign75-fixed-daily,1.5,0.5,316017,21-35,2,0
campaign75-fixed-daily,1.5,0.5,316017,36-50,0,0
telescoping-fixed,1.5,0.5,316018,1-5,5,5
telescoping-fixed,1.5,0.5,316018,6-10,4,3
telescoping-fixed,1.5,0.5,316018,11-20,5,0
telescoping-fixed,1.5,0.5,316018,21-35,2,0
telescoping-fixed,1.5,0.5,316018,36-50,0,0
campaign75-fixed-daily,1.5,0.5,316018,1-5,5,4
campaign75-fixed-daily,1.5,0.5,316018,6-10,4,3
campaign75-fixed-daily,1.5,0.5,316018,11-20,5,1
campaign75-fixed-daily,1.5,0.5,316018,21-35,2,0
campaign75-fixed-daily,1.5,0.5,316018,36-50,0,0
telescoping-fixed,1.5,0.5,316019,1-5,5,2
telescoping-fixed,1.5,0.5,316019,6-10,5,0
telescoping-fixed,1.5,0.5,316019,11-20,5,0
telescoping-fixed,1.5,0.5,316019,21-35,1,0
telescoping-fixed,1.5,0.5,316019,36-50,0,0
campaign75-fixed-daily,1.5,0.5,316019,1-5,5,0
campaign75-fixed-daily,1.5,0.5,316019,6-10,5,0
campaign75-fixed-daily,1.5,0.5,316019,11-20,5,0
campaign75-fixed-daily,1.5,0.5,316019,21-35,1,0
campaign75-fixed-daily,1.5,0.5,316019,36-50,0,0
telescoping-fixed,1.5,0.5,316020,1-5,5,5
telescoping-fixed,1.5,0.5,316020,6-10,5,5
telescoping-fixed,1.5,0.5,316020,11-20,6,5
telescoping-fixed,1.5,0.5,316020,21-35,0,0
telescoping-fixed,1.5,0.5,316020,36-50,0,0
campaign75-fixed-daily,1.5,0.5,316020,1-5,5,5
campaign75-fixed-daily,1.5,0.5,316020,6-10,5,5
campaign75-fixed-daily,1.5,0.5,316020,11-20,6,6
campaign75-fixed-daily,1.5,0.5,316020,21-35,0,0
campaign75-fixed-daily,1.5,0.5,316020,36-50,0,0
telescoping-fixed,1.5,0.5,316021,1-5,5,4
telescoping-fixed,1.5,0.5,316021,6-10,5,1
telescoping-fixed,1.5,0.5,316021,11-20,5,2
telescoping-fixed,1.5,0.5,316021,21-35,1,0
telescoping-fixed,1.5,0.5,316021,36-50,0,0
campaign75-fixed-daily,1.5,0.5,316021,1-5,5,3
campaign75-fixed-daily,1.5,0.5,316021,6-10,5,1
campaign75-fixed-daily,1.5,0.5,316021,11-20,5,2
campaign75-fixed-daily,1.5,0.5,316021,21-35,1,0
campaign75-fixed-daily,1.5,0.5,316021,36-50,0,0
telescoping-fixed,1.5,0.5,316022,1-5,5,2
telescoping-fixed,1.5,0.5,316022,6-10,5,1
telescoping-fixed,1.5,0.5,316022,11-20,5,3
telescoping-fixed,1.5,0.5,316022,21-35,1,0
telescoping-fixed,1.5,0.5,316022,36-50,0,0
campaign75-fixed-daily,1.5,0.5,316022,1-5,5,2
campaign75-fixed-daily,1.5,0.5,316022,6-10,5,1
campaign75-fixed-daily,1.5,0.5,316022,11-20,5,3
campaign75-fixed-daily,1.5,0.5,316022,21-35,1,0
campaign75-fixed-daily,1.5,0.5,316022,36-50,0,0
telescoping-fixed,1.5,0.5,316023,1-5,5,5
telescoping-fixed,1.5,0.5,316023,6-10,5,4
telescoping-fixed,1.5,0.5,316023,11-20,6,2
telescoping-fixed,1.5,0.5,316023,21-35,0,0
telescoping-fixed,1.5,0.5,316023,36-50,0,0
campaign75-fixed-daily,1.5,0.5,316023,1-5,5,5
campaign75-fixed-daily,1.5,0.5,316023,6-10,5,4
campaign75-fixed-daily,1.5,0.5,316023,11-20,6,3
campaign75-fixed-daily,1.5,0.5,316023,21-35,0,0
campaign75-fixed-daily,1.5,0.5,316023,36-50,0,0
telescoping-fixed,1.5,0.5,316024,1-5,5,4
telescoping-fixed,1.5,0.5,316024,6-10,5,3
telescoping-fixed,1.5,0.5,316024,11-20,6,3
telescoping-fixed,1.5,0.5,316024,21-35,0,0
telescoping-fixed,1.5,0.5,316024,36-50,0,0
campaign75-fixed-daily,1.5,0.5,316024,1-5,5,4
campaign75-fixed-daily,1.5,0.5,316024,6-10,5,3
campaign75-fixed-daily,1.5,0.5,316024,11-20,6,4
campaign75-fixed-daily,1.5,0.5,316024,21-35,0,0
campaign75-fixed-daily,1.5,0.5,316024,36-50,0,0
telescoping-fixed,1.5,0.5,316025,1-5,5,4
telescoping-fixed,1.5,0.5,316025,6-10,5,1
telescoping-fixed,1.5,0.5,316025,11-20,4,0
telescoping-fixed,1.5,0.5,316025,21-35,2,0
telescoping-fixed,1.5,0.5,316025,36-50,0,0
campaign75-fixed-daily,1.5,0.5,316025,1-5,5,1
campaign75-fixed-daily,1.5,0.5,316025,6-10,5,0
campaign75-fixed-daily,1.5,0.5,316025,11-20,4,0
campaign75-fixed-daily,1.5,0.5,316025,21-35,2,0
campaign75-fixed-daily,1.5,0.5,316025,36-50,0,0
telescoping-fixed,1.5,0.5,316026,1-5,5,0
telescoping-fixed,1.5,0.5,316026,6-10,5,0
telescoping-fixed,1.5,0.5,316026,11-20,6,0
telescoping-fixed,1.5,0.5,316026,21-35,0,0
telescoping-fixed,1.5,0.5,316026,36-50,0,0
campaign75-fixed-daily,1.5,0.5,316026,1-5,5,0
campaign75-fixed-daily,1.5,0.5,316026,6-10,5,0
campaign75-fixed-daily,1.5,0.5,316026,11-20,6,0
campaign75-fixed-daily,1.5,0.5,316026,21-35,0,0
campaign75-fixed-daily,1.5,0.5,316026,36-50,0,0
telescoping-fixed,1.5,0.5,316027,1-5,5,3
telescoping-fixed,1.5,0.5,316027,6-10,5,2
telescoping-fixed,1.5,0.5,316027,11-20,6,0
telescoping-fixed,1.5,0.5,316027,21-35,0,0
telescoping-fixed,1.5,0.5,316027,36-50,0,0
campaign75-fixed-daily,1.5,0.5,316027,1-5,5,3
campaign75-fixed-daily,1.5,0.5,316027,6-10,5,2
campaign75-fixed-daily,1.5,0.5,316027,11-20,6,1
campaign75-fixed-daily,1.5,0.5,316027,21-35,0,0
campaign75-fixed-daily,1.5,0.5,316027,36-50,0,0
telescoping-fixed,1.5,0.5,316028,1-5,5,5
telescoping-fixed,1.5,0.5,316028,6-10,4,4
telescoping-fixed,1.5,0.5,316028,11-20,6,2
telescoping-fixed,1.5,0.5,316028,21-35,1,0
telescoping-fixed,1.5,0.5,316028,36-50,0,0
campaign75-fixed-daily,1.5,0.5,316028,1-5,5,5
campaign75-fixed-daily,1.5,0.5,316028,6-10,4,4
campaign75-fixed-daily,1.5,0.5,316028,11-20,6,3
campaign75-fixed-daily,1.5,0.5,316028,21-35,1,0
campaign75-fixed-daily,1.5,0.5,316028,36-50,0,0
telescoping-fixed,1.5,0.5,316029,1-5,5,1
telescoping-fixed,1.5,0.5,316029,6-10,5,0
telescoping-fixed,1.5,0.5,316029,11-20,5,0
telescoping-fixed,1.5,0.5,316029,21-35,0,0
telescoping-fixed,1.5,0.5,316029,36-50,1,0
campaign75-fixed-daily,1.5,0.5,316029,1-5,5,1
campaign75-fixed-daily,1.5,0.5,316029,6-10,5,0
campaign75-fixed-daily,1.5,0.5,316029,11-20,5,0
campaign75-fixed-daily,1.5,0.5,316029,21-35,0,0
campaign75-fixed-daily,1.5,0.5,316029,36-50,1,0
telescoping-fixed,1.5,0.5,316030,1-5,5,5
telescoping-fixed,1.5,0.5,316030,6-10,5,2
telescoping-fixed,1.5,0.5,316030,11-20,6,5
telescoping-fixed,1.5,0.5,316030,21-35,0,0
telescoping-fixed,1.5,0.5,316030,36-50,0,0
campaign75-fixed-daily,1.5,0.5,316030,1-5,5,5
campaign75-fixed-daily,1.5,0.5,316030,6-10,5,4
campaign75-fixed-daily,1.5,0.5,316030,11-20,6,6
campaign75-fixed-daily,1.5,0.5,316030,21-35,0,0
campaign75-fixed-daily,1.5,0.5,316030,36-50,0,0
telescoping-fixed,1.5,0.5,316031,1-5,5,2
telescoping-fixed,1.5,0.5,316031,6-10,5,3
telescoping-fixed,1.5,0.5,316031,11-20,5,1
telescoping-fixed,1.5,0.5,316031,21-35,1,0
telescoping-fixed,1.5,0.5,316031,36-50,0,0
campaign75-fixed-daily,1.5,0.5,316031,1-5,5,2
campaign75-fixed-daily,1.5,0.5,316031,6-10,5,4
campaign75-fixed-daily,1.5,0.5,316031,11-20,5,2
campaign75-fixed-daily,1.5,0.5,316031,21-35,1,0
campaign75-fixed-daily,1.5,0.5,316031,36-50,0,0
telescoping-fixed,1.5,0.5,316032,1-5,5,5
telescoping-fixed,1.5,0.5,316032,6-10,5,5
telescoping-fixed,1.5,0.5,316032,11-20,5,5
telescoping-fixed,1.5,0.5,316032,21-35,1,0
telescoping-fixed,1.5,0.5,316032,36-50,0,0
campaign75-fixed-daily,1.5,0.5,316032,1-5,5,5
campaign75-fixed-daily,1.5,0.5,316032,6-10,5,5
campaign75-fixed-daily,1.5,0.5,316032,11-20,5,5
campaign75-fixed-daily,1.5,0.5,316032,21-35,1,0
campaign75-fixed-daily,1.5,0.5,316032,36-50,0,0
telescoping-fixed,1.5,0.5,316033,1-5,5,1
telescoping-fixed,1.5,0.5,316033,6-10,5,0
telescoping-fixed,1.5,0.5,316033,11-20,4,0
telescoping-fixed,1.5,0.5,316033,21-35,2,0
telescoping-fixed,1.5,0.5,316033,36-50,0,0
campaign75-fixed-daily,1.5,0.5,316033,1-5,5,1
campaign75-fixed-daily,1.5,0.5,316033,6-10,5,0
campaign75-fixed-daily,1.5,0.5,316033,11-20,4,0
campaign75-fixed-daily,1.5,0.5,316033,21-35,2,0
campaign75-fixed-daily,1.5,0.5,316033,36-50,0,0
telescoping-fixed,1.5,0.5,316034,1-5,5,5
telescoping-fixed,1.5,0.5,316034,6-10,5,5
telescoping-fixed,1.5,0.5,316034,11-20,5,3
telescoping-fixed,1.5,0.5,316034,21-35,0,0
telescoping-fixed,1.5,0.5,316034,36-50,1,0
campaign75-fixed-daily,1.5,0.5,316034,1-5,5,5
campaign75-fixed-daily,1.5,0.5,316034,6-10,5,5
campaign75-fixed-daily,1.5,0.5,316034,11-20,5,4
campaign75-fixed-daily,1.5,0.5,316034,21-35,0,0
campaign75-fixed-daily,1.5,0.5,316034,36-50,1,0
telescoping-fixed,1.5,0.5,316035,1-5,5,4
telescoping-fixed,1.5,0.5,316035,6-10,5,3
telescoping-fixed,1.5,0.5,316035,11-20,6,0
telescoping-fixed,1.5,0.5,316035,21-35,0,0
telescoping-fixed,1.5,0.5,316035,36-50,0,0
campaign75-fixed-daily,1.5,0.5,316035,1-5,5,3
campaign75-fixed-daily,1.5,0.5,316035,6-10,5,3
campaign75-fixed-daily,1.5,0.5,316035,11-20,6,0
campaign75-fixed-daily,1.5,0.5,316035,21-35,0,0
campaign75-fixed-daily,1.5,0.5,316035,36-50,0,0
telescoping-fixed,1.5,0.5,316036,1-5,5,5
telescoping-fixed,1.5,0.5,316036,6-10,5,5
telescoping-fixed,1.5,0.5,316036,11-20,6,3
telescoping-fixed,1.5,0.5,316036,21-35,0,0
telescoping-fixed,1.5,0.5,316036,36-50,0,0
campaign75-fixed-daily,1.5,0.5,316036,1-5,5,5
campaign75-fixed-daily,1.5,0.5,316036,6-10,5,5
campaign75-fixed-daily,1.5,0.5,316036,11-20,6,6
campaign75-fixed-daily,1.5,0.5,316036,21-35,0,0
campaign75-fixed-daily,1.5,0.5,316036,36-50,0,0
telescoping-fixed,1.5,0.5,316037,1-5,5,5
telescoping-fixed,1.5,0.5,316037,6-10,4,4
telescoping-fixed,1.5,0.5,316037,11-20,5,5
telescoping-fixed,1.5,0.5,316037,21-35,2,0
telescoping-fixed,1.5,0.5,316037,36-50,0,0
campaign75-fixed-daily,1.5,0.5,316037,1-5,5,5
campaign75-fixed-daily,1.5,0.5,316037,6-10,4,4
campaign75-fixed-daily,1.5,0.5,316037,11-20,5,5
campaign75-fixed-daily,1.5,0.5,316037,21-35,2,2
campaign75-fixed-daily,1.5,0.5,316037,36-50,0,0
telescoping-fixed,1.5,0.5,316038,1-5,5,5
telescoping-fixed,1.5,0.5,316038,6-10,5,3
telescoping-fixed,1.5,0.5,316038,11-20,6,4
telescoping-fixed,1.5,0.5,316038,21-35,0,0
telescoping-fixed,1.5,0.5,316038,36-50,0,0
campaign75-fixed-daily,1.5,0.5,316038,1-5,5,5
campaign75-fixed-daily,1.5,0.5,316038,6-10,5,4
campaign75-fixed-daily,1.5,0.5,316038,11-20,6,5
campaign75-fixed-daily,1.5,0.5,316038,21-35,0,0
campaign75-fixed-daily,1.5,0.5,316038,36-50,0,0
telescoping-fixed,1.5,0.5,316039,1-5,5,4
telescoping-fixed,1.5,0.5,316039,6-10,5,0
telescoping-fixed,1.5,0.5,316039,11-20,6,0
telescoping-fixed,1.5,0.5,316039,21-35,0,0
telescoping-fixed,1.5,0.5,316039,36-50,0,0
campaign75-fixed-daily,1.5,0.5,316039,1-5,5,3
campaign75-fixed-daily,1.5,0.5,316039,6-10,5,4
campaign75-fixed-daily,1.5,0.5,316039,11-20,6,1
campaign75-fixed-daily,1.5,0.5,316039,21-35,0,0
campaign75-fixed-daily,1.5,0.5,316039,36-50,0,0
telescoping-fixed,1.5,0.5,316040,1-5,5,5
telescoping-fixed,1.5,0.5,316040,6-10,4,2
telescoping-fixed,1.5,0.5,316040,11-20,5,0
telescoping-fixed,1.5,0.5,316040,21-35,2,0
telescoping-fixed,1.5,0.5,316040,36-50,0,0
campaign75-fixed-daily,1.5,0.5,316040,1-5,5,5
campaign75-fixed-daily,1.5,0.5,316040,6-10,4,3
campaign75-fixed-daily,1.5,0.5,316040,11-20,5,4
campaign75-fixed-daily,1.5,0.5,316040,21-35,2,1
campaign75-fixed-daily,1.5,0.5,316040,36-50,0,0
telescoping-fixed,1.5,0.5,316041,1-5,5,2
telescoping-fixed,1.5,0.5,316041,6-10,5,0
telescoping-fixed,1.5,0.5,316041,11-20,6,0
telescoping-fixed,1.5,0.5,316041,21-35,0,0
telescoping-fixed,1.5,0.5,316041,36-50,0,0
campaign75-fixed-daily,1.5,0.5,316041,1-5,5,2
campaign75-fixed-daily,1.5,0.5,316041,6-10,5,1
campaign75-fixed-daily,1.5,0.5,316041,11-20,6,0
campaign75-fixed-daily,1.5,0.5,316041,21-35,0,0
campaign75-fixed-daily,1.5,0.5,316041,36-50,0,0
telescoping-fixed,1.5,0.5,316042,1-5,5,2
telescoping-fixed,1.5,0.5,316042,6-10,5,1
telescoping-fixed,1.5,0.5,316042,11-20,4,0
telescoping-fixed,1.5,0.5,316042,21-35,2,0
telescoping-fixed,1.5,0.5,316042,36-50,0,0
campaign75-fixed-daily,1.5,0.5,316042,1-5,5,2
campaign75-fixed-daily,1.5,0.5,316042,6-10,5,1
campaign75-fixed-daily,1.5,0.5,316042,11-20,4,0
campaign75-fixed-daily,1.5,0.5,316042,21-35,2,0
campaign75-fixed-daily,1.5,0.5,316042,36-50,0,0
telescoping-fixed,1.5,0.5,316043,1-5,5,5
telescoping-fixed,1.5,0.5,316043,6-10,5,2
telescoping-fixed,1.5,0.5,316043,11-20,5,1
telescoping-fixed,1.5,0.5,316043,21-35,1,0
telescoping-fixed,1.5,0.5,316043,36-50,0,0
campaign75-fixed-daily,1.5,0.5,316043,1-5,5,5
campaign75-fixed-daily,1.5,0.5,316043,6-10,5,3
campaign75-fixed-daily,1.5,0.5,316043,11-20,5,1
campaign75-fixed-daily,1.5,0.5,316043,21-35,1,1
campaign75-fixed-daily,1.5,0.5,316043,36-50,0,0
telescoping-fixed,1.5,0.5,316044,1-5,5,5
telescoping-fixed,1.5,0.5,316044,6-10,5,5
telescoping-fixed,1.5,0.5,316044,11-20,6,5
telescoping-fixed,1.5,0.5,316044,21-35,0,0
telescoping-fixed,1.5,0.5,316044,36-50,0,0
campaign75-fixed-daily,1.5,0.5,316044,1-5,5,5
campaign75-fixed-daily,1.5,0.5,316044,6-10,5,5
campaign75-fixed-daily,1.5,0.5,316044,11-20,6,6
campaign75-fixed-daily,1.5,0.5,316044,21-35,0,0
campaign75-fixed-daily,1.5,0.5,316044,36-50,0,0
telescoping-fixed,1.5,0.5,316045,1-5,5,3
telescoping-fixed,1.5,0.5,316045,6-10,5,5
telescoping-fixed,1.5,0.5,316045,11-20,6,1
telescoping-fixed,1.5,0.5,316045,21-35,0,0
telescoping-fixed,1.5,0.5,316045,36-50,0,0
campaign75-fixed-daily,1.5,0.5,316045,1-5,5,3
campaign75-fixed-daily,1.5,0.5,316045,6-10,5,5
campaign75-fixed-daily,1.5,0.5,316045,11-20,6,3
campaign75-fixed-daily,1.5,0.5,316045,21-35,0,0
campaign75-fixed-daily,1.5,0.5,316045,36-50,0,0
telescoping-fixed,1.5,0.5,316046,1-5,5,5
telescoping-fixed,1.5,0.5,316046,6-10,5,5
telescoping-fixed,1.5,0.5,316046,11-20,6,6
telescoping-fixed,1.5,0.5,316046,21-35,0,0
telescoping-fixed,1.5,0.5,316046,36-50,0,0
campaign75-fixed-daily,1.5,0.5,316046,1-5,5,5
campaign75-fixed-daily,1.5,0.5,316046,6-10,5,5
campaign75-fixed-daily,1.5,0.5,316046,11-20,6,6
campaign75-fixed-daily,1.5,0.5,316046,21-35,0,0
campaign75-fixed-daily,1.5,0.5,316046,36-50,0,0
telescoping-fixed,1.5,0.5,316047,1-5,5,2
telescoping-fixed,1.5,0.5,316047,6-10,5,2
telescoping-fixed,1.5,0.5,316047,11-20,6,1
telescoping-fixed,1.5,0.5,316047,21-35,0,0
telescoping-fixed,1.5,0.5,316047,36-50,0,0
campaign75-fixed-daily,1.5,0.5,316047,1-5,5,2
campaign75-fixed-daily,1.5,0.5,316047,6-10,5,2
campaign75-fixed-daily,1.5,0.5,316047,11-20,6,1
campaign75-fixed-daily,1.5,0.5,316047,21-35,0,0
campaign75-fixed-daily,1.5,0.5,316047,36-50,0,0
telescoping-fixed,1.5,0.5,316048,1-5,5,5
telescoping-fixed,1.5,0.5,316048,6-10,4,4
telescoping-fixed,1.5,0.5,316048,11-20,6,6
telescoping-fixed,1.5,0.5,316048,21-35,1,0
telescoping-fixed,1.5,0.5,316048,36-50,0,0
campaign75-fixed-daily,1.5,0.5,316048,1-5,5,5
campaign75-fixed-daily,1.5,0.5,316048,6-10,4,4
campaign75-fixed-daily,1.5,0.5,316048,11-20,6,6
campaign75-fixed-daily,1.5,0.5,316048,21-35,1,1
campaign75-fixed-daily,1.5,0.5,316048,36-50,0,0
telescoping-fixed,1.5,0.5,316049,1-5,5,5
telescoping-fixed,1.5,0.5,316049,6-10,5,5
telescoping-fixed,1.5,0.5,316049,11-20,6,4
telescoping-fixed,1.5,0.5,316049,21-35,0,0
telescoping-fixed,1.5,0.5,316049,36-50,0,0
campaign75-fixed-daily,1.5,0.5,316049,1-5,5,5
campaign75-fixed-daily,1.5,0.5,316049,6-10,5,5
campaign75-fixed-daily,1.5,0.5,316049,11-20,6,6
campaign75-fixed-daily,1.5,0.5,316049,21-35,0,0
campaign75-fixed-daily,1.5,0.5,316049,36-50,0,0
telescoping-fixed,1.5,0.5,316050,1-5,5,5
telescoping-fixed,1.5,0.5,316050,6-10,3,3
telescoping-fixed,1.5,0.5,316050,11-20,6,5
telescoping-fixed,1.5,0.5,316050,21-35,2,0
telescoping-fixed,1.5,0.5,316050,36-50,0,0
campaign75-fixed-daily,1.5,0.5,316050,1-5,5,5
campaign75-fixed-daily,1.5,0.5,316050,6-10,3,3
campaign75-fixed-daily,1.5,0.5,316050,11-20,6,6
campaign75-fixed-daily,1.5,0.5,316050,21-35,2,2
campaign75-fixed-daily,1.5,0.5,316050,36-50,0,0
telescoping-fixed,1.5,0.5,316051,1-5,5,5
telescoping-fixed,1.5,0.5,316051,6-10,5,5
telescoping-fixed,1.5,0.5,316051,11-20,6,1
telescoping-fixed,1.5,0.5,316051,21-35,0,0
telescoping-fixed,1.5,0.5,316051,36-50,0,0
campaign75-fixed-daily,1.5,0.5,316051,1-5,5,5
campaign75-fixed-daily,1.5,0.5,316051,6-10,5,5
campaign75-fixed-daily,1.5,0.5,316051,11-20,6,3
campaign75-fixed-daily,1.5,0.5,316051,21-35,0,0
campaign75-fixed-daily,1.5,0.5,316051,36-50,0,0
telescoping-fixed,1.5,0.5,316052,1-5,5,5
telescoping-fixed,1.5,0.5,316052,6-10,5,5
telescoping-fixed,1.5,0.5,316052,11-20,6,4
telescoping-fixed,1.5,0.5,316052,21-35,0,0
telescoping-fixed,1.5,0.5,316052,36-50,0,0
campaign75-fixed-daily,1.5,0.5,316052,1-5,5,5
campaign75-fixed-daily,1.5,0.5,316052,6-10,5,5
campaign75-fixed-daily,1.5,0.5,316052,11-20,6,5
campaign75-fixed-daily,1.5,0.5,316052,21-35,0,0
campaign75-fixed-daily,1.5,0.5,316052,36-50,0,0
telescoping-fixed,1.5,0.5,316053,1-5,5,4
telescoping-fixed,1.5,0.5,316053,6-10,5,3
telescoping-fixed,1.5,0.5,316053,11-20,5,0
telescoping-fixed,1.5,0.5,316053,21-35,1,0
telescoping-fixed,1.5,0.5,316053,36-50,0,0
campaign75-fixed-daily,1.5,0.5,316053,1-5,5,4
campaign75-fixed-daily,1.5,0.5,316053,6-10,5,4
campaign75-fixed-daily,1.5,0.5,316053,11-20,5,3
campaign75-fixed-daily,1.5,0.5,316053,21-35,1,0
campaign75-fixed-daily,1.5,0.5,316053,36-50,0,0
telescoping-fixed,1.5,0.5,316054,1-5,5,3
telescoping-fixed,1.5,0.5,316054,6-10,5,3
telescoping-fixed,1.5,0.5,316054,11-20,5,1
telescoping-fixed,1.5,0.5,316054,21-35,0,0
telescoping-fixed,1.5,0.5,316054,36-50,1,0
campaign75-fixed-daily,1.5,0.5,316054,1-5,5,3
campaign75-fixed-daily,1.5,0.5,316054,6-10,5,3
campaign75-fixed-daily,1.5,0.5,316054,11-20,5,1
campaign75-fixed-daily,1.5,0.5,316054,21-35,0,0
campaign75-fixed-daily,1.5,0.5,316054,36-50,1,0
telescoping-fixed,1.5,0.5,316055,1-5,4,4
telescoping-fixed,1.5,0.5,316055,6-10,5,5
telescoping-fixed,1.5,0.5,316055,11-20,6,4
telescoping-fixed,1.5,0.5,316055,21-35,1,0
telescoping-fixed,1.5,0.5,316055,36-50,0,0
campaign75-fixed-daily,1.5,0.5,316055,1-5,4,4
campaign75-fixed-daily,1.5,0.5,316055,6-10,5,5
campaign75-fixed-daily,1.5,0.5,316055,11-20,6,6
campaign75-fixed-daily,1.5,0.5,316055,21-35,1,0
campaign75-fixed-daily,1.5,0.5,316055,36-50,0,0
telescoping-fixed,1.5,0.5,316056,1-5,5,4
telescoping-fixed,1.5,0.5,316056,6-10,5,3
telescoping-fixed,1.5,0.5,316056,11-20,5,1
telescoping-fixed,1.5,0.5,316056,21-35,1,0
telescoping-fixed,1.5,0.5,316056,36-50,0,0
campaign75-fixed-daily,1.5,0.5,316056,1-5,5,4
campaign75-fixed-daily,1.5,0.5,316056,6-10,5,3
campaign75-fixed-daily,1.5,0.5,316056,11-20,5,3
campaign75-fixed-daily,1.5,0.5,316056,21-35,1,0
campaign75-fixed-daily,1.5,0.5,316056,36-50,0,0
telescoping-fixed,1.5,0.5,316057,1-5,5,5
telescoping-fixed,1.5,0.5,316057,6-10,5,5
telescoping-fixed,1.5,0.5,316057,11-20,4,4
telescoping-fixed,1.5,0.5,316057,21-35,2,1
telescoping-fixed,1.5,0.5,316057,36-50,0,0
campaign75-fixed-daily,1.5,0.5,316057,1-5,5,5
campaign75-fixed-daily,1.5,0.5,316057,6-10,5,5
campaign75-fixed-daily,1.5,0.5,316057,11-20,4,4
campaign75-fixed-daily,1.5,0.5,316057,21-35,2,2
campaign75-fixed-daily,1.5,0.5,316057,36-50,0,0
telescoping-fixed,1.5,0.5,316058,1-5,5,5
telescoping-fixed,1.5,0.5,316058,6-10,3,2
telescoping-fixed,1.5,0.5,316058,11-20,7,2
telescoping-fixed,1.5,0.5,316058,21-35,1,0
telescoping-fixed,1.5,0.5,316058,36-50,0,0
campaign75-fixed-daily,1.5,0.5,316058,1-5,5,5
campaign75-fixed-daily,1.5,0.5,316058,6-10,3,2
campaign75-fixed-daily,1.5,0.5,316058,11-20,7,4
campaign75-fixed-daily,1.5,0.5,316058,21-35,1,0
campaign75-fixed-daily,1.5,0.5,316058,36-50,0,0
telescoping-fixed,1.5,0.5,316059,1-5,5,4
telescoping-fixed,1.5,0.5,316059,6-10,5,2
telescoping-fixed,1.5,0.5,316059,11-20,5,1
telescoping-fixed,1.5,0.5,316059,21-35,1,0
telescoping-fixed,1.5,0.5,316059,36-50,0,0
campaign75-fixed-daily,1.5,0.5,316059,1-5,5,3
campaign75-fixed-daily,1.5,0.5,316059,6-10,5,3
campaign75-fixed-daily,1.5,0.5,316059,11-20,5,2
campaign75-fixed-daily,1.5,0.5,316059,21-35,1,0
campaign75-fixed-daily,1.5,0.5,316059,36-50,0,0
telescoping-fixed,1.5,0.5,316060,1-5,5,5
telescoping-fixed,1.5,0.5,316060,6-10,5,5
telescoping-fixed,1.5,0.5,316060,11-20,5,5
telescoping-fixed,1.5,0.5,316060,21-35,0,0
telescoping-fixed,1.5,0.5,316060,36-50,1,0
campaign75-fixed-daily,1.5,0.5,316060,1-5,5,5
campaign75-fixed-daily,1.5,0.5,316060,6-10,5,5
campaign75-fixed-daily,1.5,0.5,316060,11-20,5,5
campaign75-fixed-daily,1.5,0.5,316060,21-35,0,0
campaign75-fixed-daily,1.5,0.5,316060,36-50,1,1
telescoping-fixed,1.5,0.5,316061,1-5,5,5
telescoping-fixed,1.5,0.5,316061,6-10,4,4
telescoping-fixed,1.5,0.5,316061,11-20,6,2
telescoping-fixed,1.5,0.5,316061,21-35,1,0
telescoping-fixed,1.5,0.5,316061,36-50,0,0
campaign75-fixed-daily,1.5,0.5,316061,1-5,5,5
campaign75-fixed-daily,1.5,0.5,316061,6-10,4,4
campaign75-fixed-daily,1.5,0.5,316061,11-20,6,5
campaign75-fixed-daily,1.5,0.5,316061,21-35,1,0
campaign75-fixed-daily,1.5,0.5,316061,36-50,0,0
telescoping-fixed,1.5,0.5,316062,1-5,5,5
telescoping-fixed,1.5,0.5,316062,6-10,5,1
telescoping-fixed,1.5,0.5,316062,11-20,4,2
telescoping-fixed,1.5,0.5,316062,21-35,1,0
telescoping-fixed,1.5,0.5,316062,36-50,1,0
campaign75-fixed-daily,1.5,0.5,316062,1-5,5,5
campaign75-fixed-daily,1.5,0.5,316062,6-10,5,1
campaign75-fixed-daily,1.5,0.5,316062,11-20,4,3
campaign75-fixed-daily,1.5,0.5,316062,21-35,1,0
campaign75-fixed-daily,1.5,0.5,316062,36-50,1,0
telescoping-fixed,1.5,0.5,316063,1-5,5,4
telescoping-fixed,1.5,0.5,316063,6-10,5,1
telescoping-fixed,1.5,0.5,316063,11-20,5,0
telescoping-fixed,1.5,0.5,316063,21-35,0,0
telescoping-fixed,1.5,0.5,316063,36-50,1,0
campaign75-fixed-daily,1.5,0.5,316063,1-5,5,0
campaign75-fixed-daily,1.5,0.5,316063,6-10,5,1
campaign75-fixed-daily,1.5,0.5,316063,11-20,5,0
campaign75-fixed-daily,1.5,0.5,316063,21-35,0,0
campaign75-fixed-daily,1.5,0.5,316063,36-50,1,0
telescoping-fixed,1.5,0.5,316064,1-5,5,5
telescoping-fixed,1.5,0.5,316064,6-10,4,4
telescoping-fixed,1.5,0.5,316064,11-20,7,6
telescoping-fixed,1.5,0.5,316064,21-35,0,0
telescoping-fixed,1.5,0.5,316064,36-50,0,0
campaign75-fixed-daily,1.5,0.5,316064,1-5,5,5
campaign75-fixed-daily,1.5,0.5,316064,6-10,4,4
campaign75-fixed-daily,1.5,0.5,316064,11-20,7,6
campaign75-fixed-daily,1.5,0.5,316064,21-35,0,0
campaign75-fixed-daily,1.5,0.5,316064,36-50,0,0
telescoping-fixed,1.5,0.5,316065,1-5,5,5
telescoping-fixed,1.5,0.5,316065,6-10,5,3
telescoping-fixed,1.5,0.5,316065,11-20,5,0
telescoping-fixed,1.5,0.5,316065,21-35,1,0
telescoping-fixed,1.5,0.5,316065,36-50,0,0
campaign75-fixed-daily,1.5,0.5,316065,1-5,5,5
campaign75-fixed-daily,1.5,0.5,316065,6-10,5,5
campaign75-fixed-daily,1.5,0.5,316065,11-20,5,3
campaign75-fixed-daily,1.5,0.5,316065,21-35,1,0
campaign75-fixed-daily,1.5,0.5,316065,36-50,0,0
telescoping-fixed,1.5,0.5,316066,1-5,5,5
telescoping-fixed,1.5,0.5,316066,6-10,5,4
telescoping-fixed,1.5,0.5,316066,11-20,6,2
telescoping-fixed,1.5,0.5,316066,21-35,0,0
telescoping-fixed,1.5,0.5,316066,36-50,0,0
campaign75-fixed-daily,1.5,0.5,316066,1-5,5,5
campaign75-fixed-daily,1.5,0.5,316066,6-10,5,5
campaign75-fixed-daily,1.5,0.5,316066,11-20,6,4
campaign75-fixed-daily,1.5,0.5,316066,21-35,0,0
campaign75-fixed-daily,1.5,0.5,316066,36-50,0,0
telescoping-fixed,1.5,0.5,316067,1-5,5,5
telescoping-fixed,1.5,0.5,316067,6-10,4,4
telescoping-fixed,1.5,0.5,316067,11-20,7,2
telescoping-fixed,1.5,0.5,316067,21-35,0,0
telescoping-fixed,1.5,0.5,316067,36-50,0,0
campaign75-fixed-daily,1.5,0.5,316067,1-5,5,5
campaign75-fixed-daily,1.5,0.5,316067,6-10,4,4
campaign75-fixed-daily,1.5,0.5,316067,11-20,7,4
campaign75-fixed-daily,1.5,0.5,316067,21-35,0,0
campaign75-fixed-daily,1.5,0.5,316067,36-50,0,0
telescoping-fixed,1.5,0.5,316068,1-5,5,5
telescoping-fixed,1.5,0.5,316068,6-10,5,4
telescoping-fixed,1.5,0.5,316068,11-20,5,0
telescoping-fixed,1.5,0.5,316068,21-35,1,0
telescoping-fixed,1.5,0.5,316068,36-50,0,0
campaign75-fixed-daily,1.5,0.5,316068,1-5,5,5
campaign75-fixed-daily,1.5,0.5,316068,6-10,5,4
campaign75-fixed-daily,1.5,0.5,316068,11-20,5,1
campaign75-fixed-daily,1.5,0.5,316068,21-35,1,1
campaign75-fixed-daily,1.5,0.5,316068,36-50,0,0
telescoping-fixed,1.5,0.5,316069,1-5,5,5
telescoping-fixed,1.5,0.5,316069,6-10,5,5
telescoping-fixed,1.5,0.5,316069,11-20,4,2
telescoping-fixed,1.5,0.5,316069,21-35,1,0
telescoping-fixed,1.5,0.5,316069,36-50,1,0
campaign75-fixed-daily,1.5,0.5,316069,1-5,5,5
campaign75-fixed-daily,1.5,0.5,316069,6-10,5,5
campaign75-fixed-daily,1.5,0.5,316069,11-20,4,3
campaign75-fixed-daily,1.5,0.5,316069,21-35,1,1
campaign75-fixed-daily,1.5,0.5,316069,36-50,1,0
telescoping-fixed,1.5,0.5,316070,1-5,5,5
telescoping-fixed,1.5,0.5,316070,6-10,4,4
telescoping-fixed,1.5,0.5,316070,11-20,6,6
telescoping-fixed,1.5,0.5,316070,21-35,1,1
telescoping-fixed,1.5,0.5,316070,36-50,0,0
campaign75-fixed-daily,1.5,0.5,316070,1-5,5,5
campaign75-fixed-daily,1.5,0.5,316070,6-10,4,4
campaign75-fixed-daily,1.5,0.5,316070,11-20,6,6
campaign75-fixed-daily,1.5,0.5,316070,21-35,1,1
campaign75-fixed-daily,1.5,0.5,316070,36-50,0,0
telescoping-fixed,1.5,0.5,316071,1-5,5,5
telescoping-fixed,1.5,0.5,316071,6-10,5,4
telescoping-fixed,1.5,0.5,316071,11-20,6,4
telescoping-fixed,1.5,0.5,316071,21-35,0,0
telescoping-fixed,1.5,0.5,316071,36-50,0,0
campaign75-fixed-daily,1.5,0.5,316071,1-5,5,5
campaign75-fixed-daily,1.5,0.5,316071,6-10,5,4
campaign75-fixed-daily,1.5,0.5,316071,11-20,6,6
campaign75-fixed-daily,1.5,0.5,316071,21-35,0,0
campaign75-fixed-daily,1.5,0.5,316071,36-50,0,0
telescoping-fixed,1.5,0.5,316072,1-5,5,5
telescoping-fixed,1.5,0.5,316072,6-10,5,4
telescoping-fixed,1.5,0.5,316072,11-20,4,1
telescoping-fixed,1.5,0.5,316072,21-35,1,0
telescoping-fixed,1.5,0.5,316072,36-50,1,0
campaign75-fixed-daily,1.5,0.5,316072,1-5,5,4
campaign75-fixed-daily,1.5,0.5,316072,6-10,5,5
campaign75-fixed-daily,1.5,0.5,316072,11-20,4,2
campaign75-fixed-daily,1.5,0.5,316072,21-35,1,1
campaign75-fixed-daily,1.5,0.5,316072,36-50,1,0
telescoping-fixed,1.5,0.5,316073,1-5,5,4
telescoping-fixed,1.5,0.5,316073,6-10,5,2
telescoping-fixed,1.5,0.5,316073,11-20,5,0
telescoping-fixed,1.5,0.5,316073,21-35,0,0
telescoping-fixed,1.5,0.5,316073,36-50,1,0
campaign75-fixed-daily,1.5,0.5,316073,1-5,5,4
campaign75-fixed-daily,1.5,0.5,316073,6-10,5,2
campaign75-fixed-daily,1.5,0.5,316073,11-20,5,0
campaign75-fixed-daily,1.5,0.5,316073,21-35,0,0
campaign75-fixed-daily,1.5,0.5,316073,36-50,1,0
telescoping-fixed,1.5,0.5,316074,1-5,5,5
telescoping-fixed,1.5,0.5,316074,6-10,5,5
telescoping-fixed,1.5,0.5,316074,11-20,6,4
telescoping-fixed,1.5,0.5,316074,21-35,0,0
telescoping-fixed,1.5,0.5,316074,36-50,0,0
campaign75-fixed-daily,1.5,0.5,316074,1-5,5,5
campaign75-fixed-daily,1.5,0.5,316074,6-10,5,5
campaign75-fixed-daily,1.5,0.5,316074,11-20,6,6
campaign75-fixed-daily,1.5,0.5,316074,21-35,0,0
campaign75-fixed-daily,1.5,0.5,316074,36-50,0,0
telescoping-fixed,1.5,0.5,316075,1-5,5,5
telescoping-fixed,1.5,0.5,316075,6-10,5,5
telescoping-fixed,1.5,0.5,316075,11-20,5,3
telescoping-fixed,1.5,0.5,316075,21-35,1,0
telescoping-fixed,1.5,0.5,316075,36-50,0,0
campaign75-fixed-daily,1.5,0.5,316075,1-5,5,5
campaign75-fixed-daily,1.5,0.5,316075,6-10,5,5
campaign75-fixed-daily,1.5,0.5,316075,11-20,5,4
campaign75-fixed-daily,1.5,0.5,316075,21-35,1,0
campaign75-fixed-daily,1.5,0.5,316075,36-50,0,0
telescoping-fixed,1.5,0.5,316076,1-5,5,4
telescoping-fixed,1.5,0.5,316076,6-10,4,2
telescoping-fixed,1.5,0.5,316076,11-20,7,0
telescoping-fixed,1.5,0.5,316076,21-35,0,0
telescoping-fixed,1.5,0.5,316076,36-50,0,0
campaign75-fixed-daily,1.5,0.5,316076,1-5,5,2
campaign75-fixed-daily,1.5,0.5,316076,6-10,4,2
campaign75-fixed-daily,1.5,0.5,316076,11-20,7,1
campaign75-fixed-daily,1.5,0.5,316076,21-35,0,0
campaign75-fixed-daily,1.5,0.5,316076,36-50,0,0
telescoping-fixed,1.5,0.5,316077,1-5,5,5
telescoping-fixed,1.5,0.5,316077,6-10,5,4
telescoping-fixed,1.5,0.5,316077,11-20,5,4
telescoping-fixed,1.5,0.5,316077,21-35,1,1
telescoping-fixed,1.5,0.5,316077,36-50,0,0
campaign75-fixed-daily,1.5,0.5,316077,1-5,5,5
campaign75-fixed-daily,1.5,0.5,316077,6-10,5,4
campaign75-fixed-daily,1.5,0.5,316077,11-20,5,5
campaign75-fixed-daily,1.5,0.5,316077,21-35,1,1
campaign75-fixed-daily,1.5,0.5,316077,36-50,0,0
telescoping-fixed,1.5,0.5,316078,1-5,5,4
telescoping-fixed,1.5,0.5,316078,6-10,4,1
telescoping-fixed,1.5,0.5,316078,11-20,6,3
telescoping-fixed,1.5,0.5,316078,21-35,1,0
telescoping-fixed,1.5,0.5,316078,36-50,0,0
campaign75-fixed-daily,1.5,0.5,316078,1-5,5,4
campaign75-fixed-daily,1.5,0.5,316078,6-10,4,1
campaign75-fixed-daily,1.5,0.5,316078,11-20,6,3
campaign75-fixed-daily,1.5,0.5,316078,21-35,1,0
campaign75-fixed-daily,1.5,0.5,316078,36-50,0,0
telescoping-fixed,1.5,0.5,316079,1-5,5,1
telescoping-fixed,1.5,0.5,316079,6-10,5,0
telescoping-fixed,1.5,0.5,316079,11-20,5,0
telescoping-fixed,1.5,0.5,316079,21-35,1,0
telescoping-fixed,1.5,0.5,316079,36-50,0,0
campaign75-fixed-daily,1.5,0.5,316079,1-5,5,0
campaign75-fixed-daily,1.5,0.5,316079,6-10,5,0
campaign75-fixed-daily,1.5,0.5,316079,11-20,5,0
campaign75-fixed-daily,1.5,0.5,316079,21-35,1,0
campaign75-fixed-daily,1.5,0.5,316079,36-50,0,0
telescoping-fixed,1.5,0.5,316080,1-5,5,2
telescoping-fixed,1.5,0.5,316080,6-10,5,2
telescoping-fixed,1.5,0.5,316080,11-20,6,4
telescoping-fixed,1.5,0.5,316080,21-35,0,0
telescoping-fixed,1.5,0.5,316080,36-50,0,0
campaign75-fixed-daily,1.5,0.5,316080,1-5,5,2
campaign75-fixed-daily,1.5,0.5,316080,6-10,5,2
campaign75-fixed-daily,1.5,0.5,316080,11-20,6,5
campaign75-fixed-daily,1.5,0.5,316080,21-35,0,0
campaign75-fixed-daily,1.5,0.5,316080,36-50,0,0
telescoping-fixed,1.5,0.5,316081,1-5,5,5
telescoping-fixed,1.5,0.5,316081,6-10,5,5
telescoping-fixed,1.5,0.5,316081,11-20,4,3
telescoping-fixed,1.5,0.5,316081,21-35,2,1
telescoping-fixed,1.5,0.5,316081,36-50,0,0
campaign75-fixed-daily,1.5,0.5,316081,1-5,5,5
campaign75-fixed-daily,1.5,0.5,316081,6-10,5,5
campaign75-fixed-daily,1.5,0.5,316081,11-20,4,3
campaign75-fixed-daily,1.5,0.5,316081,21-35,2,1
campaign75-fixed-daily,1.5,0.5,316081,36-50,0,0
telescoping-fixed,1.5,0.5,316082,1-5,5,5
telescoping-fixed,1.5,0.5,316082,6-10,5,4
telescoping-fixed,1.5,0.5,316082,11-20,6,1
telescoping-fixed,1.5,0.5,316082,21-35,0,0
telescoping-fixed,1.5,0.5,316082,36-50,0,0
campaign75-fixed-daily,1.5,0.5,316082,1-5,5,3
campaign75-fixed-daily,1.5,0.5,316082,6-10,5,4
campaign75-fixed-daily,1.5,0.5,316082,11-20,6,2
campaign75-fixed-daily,1.5,0.5,316082,21-35,0,0
campaign75-fixed-daily,1.5,0.5,316082,36-50,0,0
telescoping-fixed,1.5,0.5,316083,1-5,5,5
telescoping-fixed,1.5,0.5,316083,6-10,5,3
telescoping-fixed,1.5,0.5,316083,11-20,6,5
telescoping-fixed,1.5,0.5,316083,21-35,0,0
telescoping-fixed,1.5,0.5,316083,36-50,0,0
campaign75-fixed-daily,1.5,0.5,316083,1-5,5,5
campaign75-fixed-daily,1.5,0.5,316083,6-10,5,3
campaign75-fixed-daily,1.5,0.5,316083,11-20,6,5
campaign75-fixed-daily,1.5,0.5,316083,21-35,0,0
campaign75-fixed-daily,1.5,0.5,316083,36-50,0,0
telescoping-fixed,1.5,0.5,316084,1-5,5,4
telescoping-fixed,1.5,0.5,316084,6-10,5,0
telescoping-fixed,1.5,0.5,316084,11-20,5,1
telescoping-fixed,1.5,0.5,316084,21-35,1,0
telescoping-fixed,1.5,0.5,316084,36-50,0,0
campaign75-fixed-daily,1.5,0.5,316084,1-5,5,2
campaign75-fixed-daily,1.5,0.5,316084,6-10,5,0
campaign75-fixed-daily,1.5,0.5,316084,11-20,5,1
campaign75-fixed-daily,1.5,0.5,316084,21-35,1,1
campaign75-fixed-daily,1.5,0.5,316084,36-50,0,0
telescoping-fixed,1.5,0.5,316085,1-5,5,4
telescoping-fixed,1.5,0.5,316085,6-10,5,5
telescoping-fixed,1.5,0.5,316085,11-20,6,2
telescoping-fixed,1.5,0.5,316085,21-35,0,0
telescoping-fixed,1.5,0.5,316085,36-50,0,0
campaign75-fixed-daily,1.5,0.5,316085,1-5,5,4
campaign75-fixed-daily,1.5,0.5,316085,6-10,5,5
campaign75-fixed-daily,1.5,0.5,316085,11-20,6,3
campaign75-fixed-daily,1.5,0.5,316085,21-35,0,0
campaign75-fixed-daily,1.5,0.5,316085,36-50,0,0
telescoping-fixed,1.5,0.5,316086,1-5,5,5
telescoping-fixed,1.5,0.5,316086,6-10,5,4
telescoping-fixed,1.5,0.5,316086,11-20,5,1
telescoping-fixed,1.5,0.5,316086,21-35,1,0
telescoping-fixed,1.5,0.5,316086,36-50,0,0
campaign75-fixed-daily,1.5,0.5,316086,1-5,5,4
campaign75-fixed-daily,1.5,0.5,316086,6-10,5,4
campaign75-fixed-daily,1.5,0.5,316086,11-20,5,2
campaign75-fixed-daily,1.5,0.5,316086,21-35,1,0
campaign75-fixed-daily,1.5,0.5,316086,36-50,0,0
telescoping-fixed,1.5,0.5,316087,1-5,5,2
telescoping-fixed,1.5,0.5,316087,6-10,4,0
telescoping-fixed,1.5,0.5,316087,11-20,5,0
telescoping-fixed,1.5,0.5,316087,21-35,2,0
telescoping-fixed,1.5,0.5,316087,36-50,0,0
campaign75-fixed-daily,1.5,0.5,316087,1-5,5,1
campaign75-fixed-daily,1.5,0.5,316087,6-10,4,0
campaign75-fixed-daily,1.5,0.5,316087,11-20,5,0
campaign75-fixed-daily,1.5,0.5,316087,21-35,2,0
campaign75-fixed-daily,1.5,0.5,316087,36-50,0,0
telescoping-fixed,1.5,0.5,316088,1-5,5,4
telescoping-fixed,1.5,0.5,316088,6-10,5,2
telescoping-fixed,1.5,0.5,316088,11-20,6,0
telescoping-fixed,1.5,0.5,316088,21-35,0,0
telescoping-fixed,1.5,0.5,316088,36-50,0,0
campaign75-fixed-daily,1.5,0.5,316088,1-5,5,4
campaign75-fixed-daily,1.5,0.5,316088,6-10,5,2
campaign75-fixed-daily,1.5,0.5,316088,11-20,6,0
campaign75-fixed-daily,1.5,0.5,316088,21-35,0,0
campaign75-fixed-daily,1.5,0.5,316088,36-50,0,0
telescoping-fixed,1.5,0.5,316089,1-5,5,5
telescoping-fixed,1.5,0.5,316089,6-10,5,3
telescoping-fixed,1.5,0.5,316089,11-20,4,1
telescoping-fixed,1.5,0.5,316089,21-35,2,0
telescoping-fixed,1.5,0.5,316089,36-50,0,0
campaign75-fixed-daily,1.5,0.5,316089,1-5,5,4
campaign75-fixed-daily,1.5,0.5,316089,6-10,5,4
campaign75-fixed-daily,1.5,0.5,316089,11-20,4,2
campaign75-fixed-daily,1.5,0.5,316089,21-35,2,0
campaign75-fixed-daily,1.5,0.5,316089,36-50,0,0
telescoping-fixed,1.5,0.5,316090,1-5,5,3
telescoping-fixed,1.5,0.5,316090,6-10,5,3
telescoping-fixed,1.5,0.5,316090,11-20,5,0
telescoping-fixed,1.5,0.5,316090,21-35,1,0
telescoping-fixed,1.5,0.5,316090,36-50,0,0
campaign75-fixed-daily,1.5,0.5,316090,1-5,5,3
campaign75-fixed-daily,1.5,0.5,316090,6-10,5,3
campaign75-fixed-daily,1.5,0.5,316090,11-20,5,2
campaign75-fixed-daily,1.5,0.5,316090,21-35,1,1
campaign75-fixed-daily,1.5,0.5,316090,36-50,0,0
telescoping-fixed,1.5,0.5,316091,1-5,5,5
telescoping-fixed,1.5,0.5,316091,6-10,5,5
telescoping-fixed,1.5,0.5,316091,11-20,6,6
telescoping-fixed,1.5,0.5,316091,21-35,0,0
telescoping-fixed,1.5,0.5,316091,36-50,0,0
campaign75-fixed-daily,1.5,0.5,316091,1-5,5,5
campaign75-fixed-daily,1.5,0.5,316091,6-10,5,5
campaign75-fixed-daily,1.5,0.5,316091,11-20,6,6
campaign75-fixed-daily,1.5,0.5,316091,21-35,0,0
campaign75-fixed-daily,1.5,0.5,316091,36-50,0,0
telescoping-fixed,1.5,0.5,316092,1-5,5,5
telescoping-fixed,1.5,0.5,316092,6-10,5,5
telescoping-fixed,1.5,0.5,316092,11-20,6,1
telescoping-fixed,1.5,0.5,316092,21-35,0,0
telescoping-fixed,1.5,0.5,316092,36-50,0,0
campaign75-fixed-daily,1.5,0.5,316092,1-5,5,5
campaign75-fixed-daily,1.5,0.5,316092,6-10,5,5
campaign75-fixed-daily,1.5,0.5,316092,11-20,6,1
campaign75-fixed-daily,1.5,0.5,316092,21-35,0,0
campaign75-fixed-daily,1.5,0.5,316092,36-50,0,0
telescoping-fixed,1.5,0.5,316093,1-5,5,5
telescoping-fixed,1.5,0.5,316093,6-10,5,5
telescoping-fixed,1.5,0.5,316093,11-20,6,6
telescoping-fixed,1.5,0.5,316093,21-35,0,0
telescoping-fixed,1.5,0.5,316093,36-50,0,0
campaign75-fixed-daily,1.5,0.5,316093,1-5,5,5
campaign75-fixed-daily,1.5,0.5,316093,6-10,5,5
campaign75-fixed-daily,1.5,0.5,316093,11-20,6,6
campaign75-fixed-daily,1.5,0.5,316093,21-35,0,0
campaign75-fixed-daily,1.5,0.5,316093,36-50,0,0
telescoping-fixed,1.5,0.5,316094,1-5,5,5
telescoping-fixed,1.5,0.5,316094,6-10,5,5
telescoping-fixed,1.5,0.5,316094,11-20,6,2
telescoping-fixed,1.5,0.5,316094,21-35,0,0
telescoping-fixed,1.5,0.5,316094,36-50,0,0
campaign75-fixed-daily,1.5,0.5,316094,1-5,5,5
campaign75-fixed-daily,1.5,0.5,316094,6-10,5,5
campaign75-fixed-daily,1.5,0.5,316094,11-20,6,5
campaign75-fixed-daily,1.5,0.5,316094,21-35,0,0
campaign75-fixed-daily,1.5,0.5,316094,36-50,0,0
telescoping-fixed,1.5,0.5,316095,1-5,5,5
telescoping-fixed,1.5,0.5,316095,6-10,5,5
telescoping-fixed,1.5,0.5,316095,11-20,5,3
telescoping-fixed,1.5,0.5,316095,21-35,1,0
telescoping-fixed,1.5,0.5,316095,36-50,0,0
campaign75-fixed-daily,1.5,0.5,316095,1-5,5,5
campaign75-fixed-daily,1.5,0.5,316095,6-10,5,5
campaign75-fixed-daily,1.5,0.5,316095,11-20,5,4
campaign75-fixed-daily,1.5,0.5,316095,21-35,1,0
campaign75-fixed-daily,1.5,0.5,316095,36-50,0,0
telescoping-fixed,1.5,0.5,316096,1-5,5,5
telescoping-fixed,1.5,0.5,316096,6-10,5,5
telescoping-fixed,1.5,0.5,316096,11-20,6,3
telescoping-fixed,1.5,0.5,316096,21-35,0,0
telescoping-fixed,1.5,0.5,316096,36-50,0,0
campaign75-fixed-daily,1.5,0.5,316096,1-5,5,5
campaign75-fixed-daily,1.5,0.5,316096,6-10,5,5
campaign75-fixed-daily,1.5,0.5,316096,11-20,6,5
campaign75-fixed-daily,1.5,0.5,316096,21-35,0,0
campaign75-fixed-daily,1.5,0.5,316096,36-50,0,0
telescoping-fixed,1.5,0.5,316097,1-5,5,5
telescoping-fixed,1.5,0.5,316097,6-10,5,3
telescoping-fixed,1.5,0.5,316097,11-20,5,3
telescoping-fixed,1.5,0.5,316097,21-35,1,0
telescoping-fixed,1.5,0.5,316097,36-50,0,0
campaign75-fixed-daily,1.5,0.5,316097,1-5,5,5
campaign75-fixed-daily,1.5,0.5,316097,6-10,5,4
campaign75-fixed-daily,1.5,0.5,316097,11-20,5,3
campaign75-fixed-daily,1.5,0.5,316097,21-35,1,0
campaign75-fixed-daily,1.5,0.5,316097,36-50,0,0
telescoping-fixed,1.5,0.5,316098,1-5,5,5
telescoping-fixed,1.5,0.5,316098,6-10,5,4
telescoping-fixed,1.5,0.5,316098,11-20,6,3
telescoping-fixed,1.5,0.5,316098,21-35,0,0
telescoping-fixed,1.5,0.5,316098,36-50,0,0
campaign75-fixed-daily,1.5,0.5,316098,1-5,5,5
campaign75-fixed-daily,1.5,0.5,316098,6-10,5,5
campaign75-fixed-daily,1.5,0.5,316098,11-20,6,5
campaign75-fixed-daily,1.5,0.5,316098,21-35,0,0
campaign75-fixed-daily,1.5,0.5,316098,36-50,0,0
telescoping-fixed,1.5,0.5,316099,1-5,5,5
telescoping-fixed,1.5,0.5,316099,6-10,4,4
telescoping-fixed,1.5,0.5,316099,11-20,5,5
telescoping-fixed,1.5,0.5,316099,21-35,2,1
telescoping-fixed,1.5,0.5,316099,36-50,0,0
campaign75-fixed-daily,1.5,0.5,316099,1-5,5,5
campaign75-fixed-daily,1.5,0.5,316099,6-10,4,4
campaign75-fixed-daily,1.5,0.5,316099,11-20,5,5
campaign75-fixed-daily,1.5,0.5,316099,21-35,2,2
campaign75-fixed-daily,1.5,0.5,316099,36-50,0,0
telescoping-fixed,1.5,0.5,316100,1-5,5,2
telescoping-fixed,1.5,0.5,316100,6-10,4,1
telescoping-fixed,1.5,0.5,316100,11-20,6,0
telescoping-fixed,1.5,0.5,316100,21-35,1,0
telescoping-fixed,1.5,0.5,316100,36-50,0,0
campaign75-fixed-daily,1.5,0.5,316100,1-5,5,2
campaign75-fixed-daily,1.5,0.5,316100,6-10,4,2
campaign75-fixed-daily,1.5,0.5,316100,11-20,6,1
campaign75-fixed-daily,1.5,0.5,316100,21-35,1,0
campaign75-fixed-daily,1.5,0.5,316100,36-50,0,0
telescoping-fixed,1.5,0.5,316101,1-5,5,4
telescoping-fixed,1.5,0.5,316101,6-10,5,2
telescoping-fixed,1.5,0.5,316101,11-20,4,3
telescoping-fixed,1.5,0.5,316101,21-35,2,0
telescoping-fixed,1.5,0.5,316101,36-50,0,0
campaign75-fixed-daily,1.5,0.5,316101,1-5,5,4
campaign75-fixed-daily,1.5,0.5,316101,6-10,5,2
campaign75-fixed-daily,1.5,0.5,316101,11-20,4,3
campaign75-fixed-daily,1.5,0.5,316101,21-35,2,0
campaign75-fixed-daily,1.5,0.5,316101,36-50,0,0
telescoping-fixed,1.5,0.5,316102,1-5,5,4
telescoping-fixed,1.5,0.5,316102,6-10,4,3
telescoping-fixed,1.5,0.5,316102,11-20,5,0
telescoping-fixed,1.5,0.5,316102,21-35,2,0
telescoping-fixed,1.5,0.5,316102,36-50,0,0
campaign75-fixed-daily,1.5,0.5,316102,1-5,5,4
campaign75-fixed-daily,1.5,0.5,316102,6-10,4,3
campaign75-fixed-daily,1.5,0.5,316102,11-20,5,4
campaign75-fixed-daily,1.5,0.5,316102,21-35,2,0
campaign75-fixed-daily,1.5,0.5,316102,36-50,0,0
telescoping-fixed,1.5,0.5,316103,1-5,5,1
telescoping-fixed,1.5,0.5,316103,6-10,5,1
telescoping-fixed,1.5,0.5,316103,11-20,5,0
telescoping-fixed,1.5,0.5,316103,21-35,1,0
telescoping-fixed,1.5,0.5,316103,36-50,0,0
campaign75-fixed-daily,1.5,0.5,316103,1-5,5,0
campaign75-fixed-daily,1.5,0.5,316103,6-10,5,1
campaign75-fixed-daily,1.5,0.5,316103,11-20,5,0
campaign75-fixed-daily,1.5,0.5,316103,21-35,1,0
campaign75-fixed-daily,1.5,0.5,316103,36-50,0,0
telescoping-fixed,1.5,0.5,316104,1-5,5,5
telescoping-fixed,1.5,0.5,316104,6-10,5,2
telescoping-fixed,1.5,0.5,316104,11-20,5,1
telescoping-fixed,1.5,0.5,316104,21-35,0,0
telescoping-fixed,1.5,0.5,316104,36-50,1,0
campaign75-fixed-daily,1.5,0.5,316104,1-5,5,5
campaign75-fixed-daily,1.5,0.5,316104,6-10,5,2
campaign75-fixed-daily,1.5,0.5,316104,11-20,5,2
campaign75-fixed-daily,1.5,0.5,316104,21-35,0,0
campaign75-fixed-daily,1.5,0.5,316104,36-50,1,0
telescoping-fixed,1.5,0.5,316105,1-5,5,1
telescoping-fixed,1.5,0.5,316105,6-10,5,0
telescoping-fixed,1.5,0.5,316105,11-20,4,0
telescoping-fixed,1.5,0.5,316105,21-35,2,0
telescoping-fixed,1.5,0.5,316105,36-50,0,0
campaign75-fixed-daily,1.5,0.5,316105,1-5,5,1
campaign75-fixed-daily,1.5,0.5,316105,6-10,5,0
campaign75-fixed-daily,1.5,0.5,316105,11-20,4,0
campaign75-fixed-daily,1.5,0.5,316105,21-35,2,0
campaign75-fixed-daily,1.5,0.5,316105,36-50,0,0
telescoping-fixed,1.5,0.5,316106,1-5,5,5
telescoping-fixed,1.5,0.5,316106,6-10,5,3
telescoping-fixed,1.5,0.5,316106,11-20,5,0
telescoping-fixed,1.5,0.5,316106,21-35,1,0
telescoping-fixed,1.5,0.5,316106,36-50,0,0
campaign75-fixed-daily,1.5,0.5,316106,1-5,5,5
campaign75-fixed-daily,1.5,0.5,316106,6-10,5,3
campaign75-fixed-daily,1.5,0.5,316106,11-20,5,0
campaign75-fixed-daily,1.5,0.5,316106,21-35,1,0
campaign75-fixed-daily,1.5,0.5,316106,36-50,0,0
telescoping-fixed,1.5,0.5,316107,1-5,5,5
telescoping-fixed,1.5,0.5,316107,6-10,5,4
telescoping-fixed,1.5,0.5,316107,11-20,6,0
telescoping-fixed,1.5,0.5,316107,21-35,0,0
telescoping-fixed,1.5,0.5,316107,36-50,0,0
campaign75-fixed-daily,1.5,0.5,316107,1-5,5,5
campaign75-fixed-daily,1.5,0.5,316107,6-10,5,4
campaign75-fixed-daily,1.5,0.5,316107,11-20,6,4
campaign75-fixed-daily,1.5,0.5,316107,21-35,0,0
campaign75-fixed-daily,1.5,0.5,316107,36-50,0,0
telescoping-fixed,1.5,0.5,316108,1-5,5,3
telescoping-fixed,1.5,0.5,316108,6-10,4,1
telescoping-fixed,1.5,0.5,316108,11-20,5,0
telescoping-fixed,1.5,0.5,316108,21-35,2,0
telescoping-fixed,1.5,0.5,316108,36-50,0,0
campaign75-fixed-daily,1.5,0.5,316108,1-5,5,3
campaign75-fixed-daily,1.5,0.5,316108,6-10,4,1
campaign75-fixed-daily,1.5,0.5,316108,11-20,5,0
campaign75-fixed-daily,1.5,0.5,316108,21-35,2,0
campaign75-fixed-daily,1.5,0.5,316108,36-50,0,0
telescoping-fixed,1.5,0.5,316109,1-5,5,5
telescoping-fixed,1.5,0.5,316109,6-10,4,4
telescoping-fixed,1.5,0.5,316109,11-20,7,6
telescoping-fixed,1.5,0.5,316109,21-35,0,0
telescoping-fixed,1.5,0.5,316109,36-50,0,0
campaign75-fixed-daily,1.5,0.5,316109,1-5,5,4
campaign75-fixed-daily,1.5,0.5,316109,6-10,4,4
campaign75-fixed-daily,1.5,0.5,316109,11-20,7,6
campaign75-fixed-daily,1.5,0.5,316109,21-35,0,0
campaign75-fixed-daily,1.5,0.5,316109,36-50,0,0
telescoping-fixed,1.5,0.5,316110,1-5,5,4
telescoping-fixed,1.5,0.5,316110,6-10,5,5
telescoping-fixed,1.5,0.5,316110,11-20,6,3
telescoping-fixed,1.5,0.5,316110,21-35,0,0
telescoping-fixed,1.5,0.5,316110,36-50,0,0
campaign75-fixed-daily,1.5,0.5,316110,1-5,5,4
campaign75-fixed-daily,1.5,0.5,316110,6-10,5,5
campaign75-fixed-daily,1.5,0.5,316110,11-20,6,4
campaign75-fixed-daily,1.5,0.5,316110,21-35,0,0
campaign75-fixed-daily,1.5,0.5,316110,36-50,0,0
telescoping-fixed,1.5,0.5,316111,1-5,5,5
telescoping-fixed,1.5,0.5,316111,6-10,5,3
telescoping-fixed,1.5,0.5,316111,11-20,6,5
telescoping-fixed,1.5,0.5,316111,21-35,0,0
telescoping-fixed,1.5,0.5,316111,36-50,0,0
campaign75-fixed-daily,1.5,0.5,316111,1-5,5,5
campaign75-fixed-daily,1.5,0.5,316111,6-10,5,3
campaign75-fixed-daily,1.5,0.5,316111,11-20,6,6
campaign75-fixed-daily,1.5,0.5,316111,21-35,0,0
campaign75-fixed-daily,1.5,0.5,316111,36-50,0,0
telescoping-fixed,1.5,0.5,316112,1-5,5,5
telescoping-fixed,1.5,0.5,316112,6-10,5,1
telescoping-fixed,1.5,0.5,316112,11-20,6,1
telescoping-fixed,1.5,0.5,316112,21-35,0,0
telescoping-fixed,1.5,0.5,316112,36-50,0,0
campaign75-fixed-daily,1.5,0.5,316112,1-5,5,4
campaign75-fixed-daily,1.5,0.5,316112,6-10,5,1
campaign75-fixed-daily,1.5,0.5,316112,11-20,6,3
campaign75-fixed-daily,1.5,0.5,316112,21-35,0,0
campaign75-fixed-daily,1.5,0.5,316112,36-50,0,0
telescoping-fixed,1.5,0.5,316113,1-5,5,4
telescoping-fixed,1.5,0.5,316113,6-10,5,4
telescoping-fixed,1.5,0.5,316113,11-20,5,1
telescoping-fixed,1.5,0.5,316113,21-35,1,0
telescoping-fixed,1.5,0.5,316113,36-50,0,0
campaign75-fixed-daily,1.5,0.5,316113,1-5,5,4
campaign75-fixed-daily,1.5,0.5,316113,6-10,5,5
campaign75-fixed-daily,1.5,0.5,316113,11-20,5,2
campaign75-fixed-daily,1.5,0.5,316113,21-35,1,0
campaign75-fixed-daily,1.5,0.5,316113,36-50,0,0
telescoping-fixed,1.5,0.5,316114,1-5,5,5
telescoping-fixed,1.5,0.5,316114,6-10,5,5
telescoping-fixed,1.5,0.5,316114,11-20,5,2
telescoping-fixed,1.5,0.5,316114,21-35,0,0
telescoping-fixed,1.5,0.5,316114,36-50,1,0
campaign75-fixed-daily,1.5,0.5,316114,1-5,5,5
campaign75-fixed-daily,1.5,0.5,316114,6-10,5,5
campaign75-fixed-daily,1.5,0.5,316114,11-20,5,5
campaign75-fixed-daily,1.5,0.5,316114,21-35,0,0
campaign75-fixed-daily,1.5,0.5,316114,36-50,1,1
telescoping-fixed,1.5,0.5,316115,1-5,5,4
telescoping-fixed,1.5,0.5,316115,6-10,4,3
telescoping-fixed,1.5,0.5,316115,11-20,6,0
telescoping-fixed,1.5,0.5,316115,21-35,1,0
telescoping-fixed,1.5,0.5,316115,36-50,0,0
campaign75-fixed-daily,1.5,0.5,316115,1-5,5,2
campaign75-fixed-daily,1.5,0.5,316115,6-10,4,3
campaign75-fixed-daily,1.5,0.5,316115,11-20,6,2
campaign75-fixed-daily,1.5,0.5,316115,21-35,1,0
campaign75-fixed-daily,1.5,0.5,316115,36-50,0,0
telescoping-fixed,1.5,0.5,316116,1-5,5,5
telescoping-fixed,1.5,0.5,316116,6-10,5,4
telescoping-fixed,1.5,0.5,316116,11-20,4,4
telescoping-fixed,1.5,0.5,316116,21-35,2,0
telescoping-fixed,1.5,0.5,316116,36-50,0,0
campaign75-fixed-daily,1.5,0.5,316116,1-5,5,5
campaign75-fixed-daily,1.5,0.5,316116,6-10,5,5
campaign75-fixed-daily,1.5,0.5,316116,11-20,4,4
campaign75-fixed-daily,1.5,0.5,316116,21-35,2,1
campaign75-fixed-daily,1.5,0.5,316116,36-50,0,0
telescoping-fixed,1.5,0.5,316117,1-5,5,5
telescoping-fixed,1.5,0.5,316117,6-10,5,5
telescoping-fixed,1.5,0.5,316117,11-20,5,2
telescoping-fixed,1.5,0.5,316117,21-35,1,0
telescoping-fixed,1.5,0.5,316117,36-50,0,0
campaign75-fixed-daily,1.5,0.5,316117,1-5,5,5
campaign75-fixed-daily,1.5,0.5,316117,6-10,5,5
campaign75-fixed-daily,1.5,0.5,316117,11-20,5,5
campaign75-fixed-daily,1.5,0.5,316117,21-35,1,1
campaign75-fixed-daily,1.5,0.5,316117,36-50,0,0
telescoping-fixed,1.5,0.5,316118,1-5,5,5
telescoping-fixed,1.5,0.5,316118,6-10,5,5
telescoping-fixed,1.5,0.5,316118,11-20,6,6
telescoping-fixed,1.5,0.5,316118,21-35,0,0
telescoping-fixed,1.5,0.5,316118,36-50,0,0
campaign75-fixed-daily,1.5,0.5,316118,1-5,5,5
campaign75-fixed-daily,1.5,0.5,316118,6-10,5,5
campaign75-fixed-daily,1.5,0.5,316118,11-20,6,6
campaign75-fixed-daily,1.5,0.5,316118,21-35,0,0
campaign75-fixed-daily,1.5,0.5,316118,36-50,0,0
telescoping-fixed,1.5,0.5,316119,1-5,5,5
telescoping-fixed,1.5,0.5,316119,6-10,5,5
telescoping-fixed,1.5,0.5,316119,11-20,6,2
telescoping-fixed,1.5,0.5,316119,21-35,0,0
telescoping-fixed,1.5,0.5,316119,36-50,0,0
campaign75-fixed-daily,1.5,0.5,316119,1-5,5,5
campaign75-fixed-daily,1.5,0.5,316119,6-10,5,5
campaign75-fixed-daily,1.5,0.5,316119,11-20,6,5
campaign75-fixed-daily,1.5,0.5,316119,21-35,0,0
campaign75-fixed-daily,1.5,0.5,316119,36-50,0,0
telescoping-fixed,1.5,0.5,316120,1-5,5,5
telescoping-fixed,1.5,0.5,316120,6-10,5,5
telescoping-fixed,1.5,0.5,316120,11-20,6,5
telescoping-fixed,1.5,0.5,316120,21-35,0,0
telescoping-fixed,1.5,0.5,316120,36-50,0,0
campaign75-fixed-daily,1.5,0.5,316120,1-5,5,5
campaign75-fixed-daily,1.5,0.5,316120,6-10,5,5
campaign75-fixed-daily,1.5,0.5,316120,11-20,6,5
campaign75-fixed-daily,1.5,0.5,316120,21-35,0,0
campaign75-fixed-daily,1.5,0.5,316120,36-50,0,0
telescoping-fixed,1.5,0.5,316121,1-5,5,3
telescoping-fixed,1.5,0.5,316121,6-10,4,1
telescoping-fixed,1.5,0.5,316121,11-20,7,1
telescoping-fixed,1.5,0.5,316121,21-35,0,0
telescoping-fixed,1.5,0.5,316121,36-50,0,0
campaign75-fixed-daily,1.5,0.5,316121,1-5,5,3
campaign75-fixed-daily,1.5,0.5,316121,6-10,4,1
campaign75-fixed-daily,1.5,0.5,316121,11-20,7,2
campaign75-fixed-daily,1.5,0.5,316121,21-35,0,0
campaign75-fixed-daily,1.5,0.5,316121,36-50,0,0
telescoping-fixed,1.5,0.5,316122,1-5,5,5
telescoping-fixed,1.5,0.5,316122,6-10,5,3
telescoping-fixed,1.5,0.5,316122,11-20,4,4
telescoping-fixed,1.5,0.5,316122,21-35,2,0
telescoping-fixed,1.5,0.5,316122,36-50,0,0
campaign75-fixed-daily,1.5,0.5,316122,1-5,5,5
campaign75-fixed-daily,1.5,0.5,316122,6-10,5,3
campaign75-fixed-daily,1.5,0.5,316122,11-20,4,4
campaign75-fixed-daily,1.5,0.5,316122,21-35,2,2
campaign75-fixed-daily,1.5,0.5,316122,36-50,0,0
telescoping-fixed,1.5,0.5,316123,1-5,5,4
telescoping-fixed,1.5,0.5,316123,6-10,5,3
telescoping-fixed,1.5,0.5,316123,11-20,5,0
telescoping-fixed,1.5,0.5,316123,21-35,1,0
telescoping-fixed,1.5,0.5,316123,36-50,0,0
campaign75-fixed-daily,1.5,0.5,316123,1-5,5,4
campaign75-fixed-daily,1.5,0.5,316123,6-10,5,3
campaign75-fixed-daily,1.5,0.5,316123,11-20,5,2
campaign75-fixed-daily,1.5,0.5,316123,21-35,1,0
campaign75-fixed-daily,1.5,0.5,316123,36-50,0,0
telescoping-fixed,1.5,0.5,316124,1-5,5,4
telescoping-fixed,1.5,0.5,316124,6-10,5,4
telescoping-fixed,1.5,0.5,316124,11-20,6,1
telescoping-fixed,1.5,0.5,316124,21-35,0,0
telescoping-fixed,1.5,0.5,316124,36-50,0,0
campaign75-fixed-daily,1.5,0.5,316124,1-5,5,3
campaign75-fixed-daily,1.5,0.5,316124,6-10,5,4
campaign75-fixed-daily,1.5,0.5,316124,11-20,6,3
campaign75-fixed-daily,1.5,0.5,316124,21-35,0,0
campaign75-fixed-daily,1.5,0.5,316124,36-50,0,0
telescoping-fixed,1.5,0.5,316125,1-5,5,5
telescoping-fixed,1.5,0.5,316125,6-10,5,4
telescoping-fixed,1.5,0.5,316125,11-20,5,0
telescoping-fixed,1.5,0.5,316125,21-35,1,0
telescoping-fixed,1.5,0.5,316125,36-50,0,0
campaign75-fixed-daily,1.5,0.5,316125,1-5,5,5
campaign75-fixed-daily,1.5,0.5,316125,6-10,5,4
campaign75-fixed-daily,1.5,0.5,316125,11-20,5,5
campaign75-fixed-daily,1.5,0.5,316125,21-35,1,1
campaign75-fixed-daily,1.5,0.5,316125,36-50,0,0
telescoping-fixed,1.5,0.5,316126,1-5,5,5
telescoping-fixed,1.5,0.5,316126,6-10,5,3
telescoping-fixed,1.5,0.5,316126,11-20,5,2
telescoping-fixed,1.5,0.5,316126,21-35,1,0
telescoping-fixed,1.5,0.5,316126,36-50,0,0
campaign75-fixed-daily,1.5,0.5,316126,1-5,5,5
campaign75-fixed-daily,1.5,0.5,316126,6-10,5,4
campaign75-fixed-daily,1.5,0.5,316126,11-20,5,3
campaign75-fixed-daily,1.5,0.5,316126,21-35,1,0
campaign75-fixed-daily,1.5,0.5,316126,36-50,0,0
telescoping-fixed,1.5,0.5,316127,1-5,5,3
telescoping-fixed,1.5,0.5,316127,6-10,5,0
telescoping-fixed,1.5,0.5,316127,11-20,6,0
telescoping-fixed,1.5,0.5,316127,21-35,0,0
telescoping-fixed,1.5,0.5,316127,36-50,0,0
campaign75-fixed-daily,1.5,0.5,316127,1-5,5,3
campaign75-fixed-daily,1.5,0.5,316127,6-10,5,0
campaign75-fixed-daily,1.5,0.5,316127,11-20,6,0
campaign75-fixed-daily,1.5,0.5,316127,21-35,0,0
campaign75-fixed-daily,1.5,0.5,316127,36-50,0,0
telescoping-fixed,1.5,0.5,316128,1-5,5,2
telescoping-fixed,1.5,0.5,316128,6-10,5,1
telescoping-fixed,1.5,0.5,316128,11-20,5,0
telescoping-fixed,1.5,0.5,316128,21-35,1,0
telescoping-fixed,1.5,0.5,316128,36-50,0,0
campaign75-fixed-daily,1.5,0.5,316128,1-5,5,2
campaign75-fixed-daily,1.5,0.5,316128,6-10,5,3
campaign75-fixed-daily,1.5,0.5,316128,11-20,5,1
campaign75-fixed-daily,1.5,0.5,316128,21-35,1,0
campaign75-fixed-daily,1.5,0.5,316128,36-50,0,0
telescoping-fixed,1.5,0.5,316129,1-5,5,5
telescoping-fixed,1.5,0.5,316129,6-10,5,5
telescoping-fixed,1.5,0.5,316129,11-20,6,6
telescoping-fixed,1.5,0.5,316129,21-35,0,0
telescoping-fixed,1.5,0.5,316129,36-50,0,0
campaign75-fixed-daily,1.5,0.5,316129,1-5,5,5
campaign75-fixed-daily,1.5,0.5,316129,6-10,5,5
campaign75-fixed-daily,1.5,0.5,316129,11-20,6,6
campaign75-fixed-daily,1.5,0.5,316129,21-35,0,0
campaign75-fixed-daily,1.5,0.5,316129,36-50,0,0
telescoping-fixed,1.5,0.5,316130,1-5,5,2
telescoping-fixed,1.5,0.5,316130,6-10,4,0
telescoping-fixed,1.5,0.5,316130,11-20,7,0
telescoping-fixed,1.5,0.5,316130,21-35,0,0
telescoping-fixed,1.5,0.5,316130,36-50,0,0
campaign75-fixed-daily,1.5,0.5,316130,1-5,5,1
campaign75-fixed-daily,1.5,0.5,316130,6-10,4,0
campaign75-fixed-daily,1.5,0.5,316130,11-20,7,0
campaign75-fixed-daily,1.5,0.5,316130,21-35,0,0
campaign75-fixed-daily,1.5,0.5,316130,36-50,0,0
telescoping-fixed,1.5,0.5,316131,1-5,5,5
telescoping-fixed,1.5,0.5,316131,6-10,5,5
telescoping-fixed,1.5,0.5,316131,11-20,5,5
telescoping-fixed,1.5,0.5,316131,21-35,1,0
telescoping-fixed,1.5,0.5,316131,36-50,0,0
campaign75-fixed-daily,1.5,0.5,316131,1-5,5,5
campaign75-fixed-daily,1.5,0.5,316131,6-10,5,5
campaign75-fixed-daily,1.5,0.5,316131,11-20,5,5
campaign75-fixed-daily,1.5,0.5,316131,21-35,1,0
campaign75-fixed-daily,1.5,0.5,316131,36-50,0,0
telescoping-fixed,1.5,0.5,316132,1-5,5,1
telescoping-fixed,1.5,0.5,316132,6-10,5,0
telescoping-fixed,1.5,0.5,316132,11-20,6,0
telescoping-fixed,1.5,0.5,316132,21-35,0,0
telescoping-fixed,1.5,0.5,316132,36-50,0,0
campaign75-fixed-daily,1.5,0.5,316132,1-5,5,1
campaign75-fixed-daily,1.5,0.5,316132,6-10,5,0
campaign75-fixed-daily,1.5,0.5,316132,11-20,6,0
campaign75-fixed-daily,1.5,0.5,316132,21-35,0,0
campaign75-fixed-daily,1.5,0.5,316132,36-50,0,0
telescoping-fixed,1.5,0.5,316133,1-5,5,5
telescoping-fixed,1.5,0.5,316133,6-10,5,5
telescoping-fixed,1.5,0.5,316133,11-20,6,2
telescoping-fixed,1.5,0.5,316133,21-35,0,0
telescoping-fixed,1.5,0.5,316133,36-50,0,0
campaign75-fixed-daily,1.5,0.5,316133,1-5,5,5
campaign75-fixed-daily,1.5,0.5,316133,6-10,5,5
campaign75-fixed-daily,1.5,0.5,316133,11-20,6,5
campaign75-fixed-daily,1.5,0.5,316133,21-35,0,0
campaign75-fixed-daily,1.5,0.5,316133,36-50,0,0
telescoping-fixed,1.5,0.5,316134,1-5,5,5
telescoping-fixed,1.5,0.5,316134,6-10,5,3
telescoping-fixed,1.5,0.5,316134,11-20,6,2
telescoping-fixed,1.5,0.5,316134,21-35,0,0
telescoping-fixed,1.5,0.5,316134,36-50,0,0
campaign75-fixed-daily,1.5,0.5,316134,1-5,5,5
campaign75-fixed-daily,1.5,0.5,316134,6-10,5,3
campaign75-fixed-daily,1.5,0.5,316134,11-20,6,3
campaign75-fixed-daily,1.5,0.5,316134,21-35,0,0
campaign75-fixed-daily,1.5,0.5,316134,36-50,0,0
telescoping-fixed,1.5,0.5,316135,1-5,5,3
telescoping-fixed,1.5,0.5,316135,6-10,5,3
telescoping-fixed,1.5,0.5,316135,11-20,6,0
telescoping-fixed,1.5,0.5,316135,21-35,0,0
telescoping-fixed,1.5,0.5,316135,36-50,0,0
campaign75-fixed-daily,1.5,0.5,316135,1-5,5,3
campaign75-fixed-daily,1.5,0.5,316135,6-10,5,4
campaign75-fixed-daily,1.5,0.5,316135,11-20,6,1
campaign75-fixed-daily,1.5,0.5,316135,21-35,0,0
campaign75-fixed-daily,1.5,0.5,316135,36-50,0,0
telescoping-fixed,1.5,0.5,316136,1-5,5,4
telescoping-fixed,1.5,0.5,316136,6-10,3,2
telescoping-fixed,1.5,0.5,316136,11-20,7,0
telescoping-fixed,1.5,0.5,316136,21-35,1,0
telescoping-fixed,1.5,0.5,316136,36-50,0,0
campaign75-fixed-daily,1.5,0.5,316136,1-5,5,4
campaign75-fixed-daily,1.5,0.5,316136,6-10,3,3
campaign75-fixed-daily,1.5,0.5,316136,11-20,7,5
campaign75-fixed-daily,1.5,0.5,316136,21-35,1,0
campaign75-fixed-daily,1.5,0.5,316136,36-50,0,0
telescoping-fixed,1.5,0.5,316137,1-5,5,4
telescoping-fixed,1.5,0.5,316137,6-10,5,1
telescoping-fixed,1.5,0.5,316137,11-20,4,0
telescoping-fixed,1.5,0.5,316137,21-35,2,0
telescoping-fixed,1.5,0.5,316137,36-50,0,0
campaign75-fixed-daily,1.5,0.5,316137,1-5,5,3
campaign75-fixed-daily,1.5,0.5,316137,6-10,5,1
campaign75-fixed-daily,1.5,0.5,316137,11-20,4,0
campaign75-fixed-daily,1.5,0.5,316137,21-35,2,0
campaign75-fixed-daily,1.5,0.5,316137,36-50,0,0
telescoping-fixed,1.5,0.5,316138,1-5,5,4
telescoping-fixed,1.5,0.5,316138,6-10,5,4
telescoping-fixed,1.5,0.5,316138,11-20,5,1
telescoping-fixed,1.5,0.5,316138,21-35,1,0
telescoping-fixed,1.5,0.5,316138,36-50,0,0
campaign75-fixed-daily,1.5,0.5,316138,1-5,5,4
campaign75-fixed-daily,1.5,0.5,316138,6-10,5,4
campaign75-fixed-daily,1.5,0.5,316138,11-20,5,3
campaign75-fixed-daily,1.5,0.5,316138,21-35,1,0
campaign75-fixed-daily,1.5,0.5,316138,36-50,0,0
telescoping-fixed,1.5,0.5,316139,1-5,5,5
telescoping-fixed,1.5,0.5,316139,6-10,5,5
telescoping-fixed,1.5,0.5,316139,11-20,5,3
telescoping-fixed,1.5,0.5,316139,21-35,1,0
telescoping-fixed,1.5,0.5,316139,36-50,0,0
campaign75-fixed-daily,1.5,0.5,316139,1-5,5,5
campaign75-fixed-daily,1.5,0.5,316139,6-10,5,5
campaign75-fixed-daily,1.5,0.5,316139,11-20,5,3
campaign75-fixed-daily,1.5,0.5,316139,21-35,1,1
campaign75-fixed-daily,1.5,0.5,316139,36-50,0,0
telescoping-fixed,1.5,0.5,316140,1-5,5,3
telescoping-fixed,1.5,0.5,316140,6-10,5,0
telescoping-fixed,1.5,0.5,316140,11-20,5,0
telescoping-fixed,1.5,0.5,316140,21-35,1,0
telescoping-fixed,1.5,0.5,316140,36-50,0,0
campaign75-fixed-daily,1.5,0.5,316140,1-5,5,3
campaign75-fixed-daily,1.5,0.5,316140,6-10,5,0
campaign75-fixed-daily,1.5,0.5,316140,11-20,5,1
campaign75-fixed-daily,1.5,0.5,316140,21-35,1,0
campaign75-fixed-daily,1.5,0.5,316140,36-50,0,0
telescoping-fixed,1.5,0.5,316141,1-5,5,5
telescoping-fixed,1.5,0.5,316141,6-10,3,2
telescoping-fixed,1.5,0.5,316141,11-20,7,5
telescoping-fixed,1.5,0.5,316141,21-35,1,1
telescoping-fixed,1.5,0.5,316141,36-50,0,0
campaign75-fixed-daily,1.5,0.5,316141,1-5,5,5
campaign75-fixed-daily,1.5,0.5,316141,6-10,3,3
campaign75-fixed-daily,1.5,0.5,316141,11-20,7,6
campaign75-fixed-daily,1.5,0.5,316141,21-35,1,1
campaign75-fixed-daily,1.5,0.5,316141,36-50,0,0
telescoping-fixed,1.5,0.5,316142,1-5,5,0
telescoping-fixed,1.5,0.5,316142,6-10,5,0
telescoping-fixed,1.5,0.5,316142,11-20,4,0
telescoping-fixed,1.5,0.5,316142,21-35,2,0
telescoping-fixed,1.5,0.5,316142,36-50,0,0
campaign75-fixed-daily,1.5,0.5,316142,1-5,5,0
campaign75-fixed-daily,1.5,0.5,316142,6-10,5,0
campaign75-fixed-daily,1.5,0.5,316142,11-20,4,0
campaign75-fixed-daily,1.5,0.5,316142,21-35,2,0
campaign75-fixed-daily,1.5,0.5,316142,36-50,0,0
telescoping-fixed,1.5,0.5,316143,1-5,5,4
telescoping-fixed,1.5,0.5,316143,6-10,5,0
telescoping-fixed,1.5,0.5,316143,11-20,6,1
telescoping-fixed,1.5,0.5,316143,21-35,0,0
telescoping-fixed,1.5,0.5,316143,36-50,0,0
campaign75-fixed-daily,1.5,0.5,316143,1-5,5,4
campaign75-fixed-daily,1.5,0.5,316143,6-10,5,1
campaign75-fixed-daily,1.5,0.5,316143,11-20,6,2
campaign75-fixed-daily,1.5,0.5,316143,21-35,0,0
campaign75-fixed-daily,1.5,0.5,316143,36-50,0,0
telescoping-fixed,1.5,0.5,316144,1-5,5,5
telescoping-fixed,1.5,0.5,316144,6-10,5,3
telescoping-fixed,1.5,0.5,316144,11-20,6,6
telescoping-fixed,1.5,0.5,316144,21-35,0,0
telescoping-fixed,1.5,0.5,316144,36-50,0,0
campaign75-fixed-daily,1.5,0.5,316144,1-5,5,5
campaign75-fixed-daily,1.5,0.5,316144,6-10,5,4
campaign75-fixed-daily,1.5,0.5,316144,11-20,6,6
campaign75-fixed-daily,1.5,0.5,316144,21-35,0,0
campaign75-fixed-daily,1.5,0.5,316144,36-50,0,0
telescoping-fixed,1.5,0.5,316145,1-5,5,5
telescoping-fixed,1.5,0.5,316145,6-10,5,4
telescoping-fixed,1.5,0.5,316145,11-20,6,4
telescoping-fixed,1.5,0.5,316145,21-35,0,0
telescoping-fixed,1.5,0.5,316145,36-50,0,0
campaign75-fixed-daily,1.5,0.5,316145,1-5,5,5
campaign75-fixed-daily,1.5,0.5,316145,6-10,5,4
campaign75-fixed-daily,1.5,0.5,316145,11-20,6,4
campaign75-fixed-daily,1.5,0.5,316145,21-35,0,0
campaign75-fixed-daily,1.5,0.5,316145,36-50,0,0
telescoping-fixed,1.5,0.5,316146,1-5,5,2
telescoping-fixed,1.5,0.5,316146,6-10,5,1
telescoping-fixed,1.5,0.5,316146,11-20,5,0
telescoping-fixed,1.5,0.5,316146,21-35,1,0
telescoping-fixed,1.5,0.5,316146,36-50,0,0
campaign75-fixed-daily,1.5,0.5,316146,1-5,5,1
campaign75-fixed-daily,1.5,0.5,316146,6-10,5,1
campaign75-fixed-daily,1.5,0.5,316146,11-20,5,0
campaign75-fixed-daily,1.5,0.5,316146,21-35,1,0
campaign75-fixed-daily,1.5,0.5,316146,36-50,0,0
telescoping-fixed,1.5,0.5,316147,1-5,5,5
telescoping-fixed,1.5,0.5,316147,6-10,4,4
telescoping-fixed,1.5,0.5,316147,11-20,6,4
telescoping-fixed,1.5,0.5,316147,21-35,1,1
telescoping-fixed,1.5,0.5,316147,36-50,0,0
campaign75-fixed-daily,1.5,0.5,316147,1-5,5,5
campaign75-fixed-daily,1.5,0.5,316147,6-10,4,4
campaign75-fixed-daily,1.5,0.5,316147,11-20,6,6
campaign75-fixed-daily,1.5,0.5,316147,21-35,1,1
campaign75-fixed-daily,1.5,0.5,316147,36-50,0,0
telescoping-fixed,1.5,0.5,316148,1-5,5,4
telescoping-fixed,1.5,0.5,316148,6-10,5,3
telescoping-fixed,1.5,0.5,316148,11-20,6,1
telescoping-fixed,1.5,0.5,316148,21-35,0,0
telescoping-fixed,1.5,0.5,316148,36-50,0,0
campaign75-fixed-daily,1.5,0.5,316148,1-5,5,4
campaign75-fixed-daily,1.5,0.5,316148,6-10,5,3
campaign75-fixed-daily,1.5,0.5,316148,11-20,6,3
campaign75-fixed-daily,1.5,0.5,316148,21-35,0,0
campaign75-fixed-daily,1.5,0.5,316148,36-50,0,0
telescoping-fixed,1.5,0.5,316149,1-5,5,4
telescoping-fixed,1.5,0.5,316149,6-10,4,1
telescoping-fixed,1.5,0.5,316149,11-20,7,0
telescoping-fixed,1.5,0.5,316149,21-35,0,0
telescoping-fixed,1.5,0.5,316149,36-50,0,0
campaign75-fixed-daily,1.5,0.5,316149,1-5,5,4
campaign75-fixed-daily,1.5,0.5,316149,6-10,4,2
campaign75-fixed-daily,1.5,0.5,316149,11-20,7,4
campaign75-fixed-daily,1.5,0.5,316149,21-35,0,0
campaign75-fixed-daily,1.5,0.5,316149,36-50,0,0
telescoping-fixed,1.5,0.5,316150,1-5,5,5
telescoping-fixed,1.5,0.5,316150,6-10,5,4
telescoping-fixed,1.5,0.5,316150,11-20,6,3
telescoping-fixed,1.5,0.5,316150,21-35,0,0
telescoping-fixed,1.5,0.5,316150,36-50,0,0
campaign75-fixed-daily,1.5,0.5,316150,1-5,5,5
campaign75-fixed-daily,1.5,0.5,316150,6-10,5,4
campaign75-fixed-daily,1.5,0.5,316150,11-20,6,5
campaign75-fixed-daily,1.5,0.5,316150,21-35,0,0
campaign75-fixed-daily,1.5,0.5,316150,36-50,0,0
telescoping-fixed,1.5,0.5,316151,1-5,5,5
telescoping-fixed,1.5,0.5,316151,6-10,5,2
telescoping-fixed,1.5,0.5,316151,11-20,5,0
telescoping-fixed,1.5,0.5,316151,21-35,1,0
telescoping-fixed,1.5,0.5,316151,36-50,0,0
campaign75-fixed-daily,1.5,0.5,316151,1-5,5,4
campaign75-fixed-daily,1.5,0.5,316151,6-10,5,3
campaign75-fixed-daily,1.5,0.5,316151,11-20,5,2
campaign75-fixed-daily,1.5,0.5,316151,21-35,1,0
campaign75-fixed-daily,1.5,0.5,316151,36-50,0,0
telescoping-fixed,1.5,0.5,316152,1-5,5,2
telescoping-fixed,1.5,0.5,316152,6-10,5,3
telescoping-fixed,1.5,0.5,316152,11-20,6,2
telescoping-fixed,1.5,0.5,316152,21-35,0,0
telescoping-fixed,1.5,0.5,316152,36-50,0,0
campaign75-fixed-daily,1.5,0.5,316152,1-5,5,2
campaign75-fixed-daily,1.5,0.5,316152,6-10,5,3
campaign75-fixed-daily,1.5,0.5,316152,11-20,6,2
campaign75-fixed-daily,1.5,0.5,316152,21-35,0,0
campaign75-fixed-daily,1.5,0.5,316152,36-50,0,0
telescoping-fixed,1.5,0.5,316153,1-5,5,5
telescoping-fixed,1.5,0.5,316153,6-10,5,4
telescoping-fixed,1.5,0.5,316153,11-20,5,0
telescoping-fixed,1.5,0.5,316153,21-35,1,0
telescoping-fixed,1.5,0.5,316153,36-50,0,0
campaign75-fixed-daily,1.5,0.5,316153,1-5,5,5
campaign75-fixed-daily,1.5,0.5,316153,6-10,5,5
campaign75-fixed-daily,1.5,0.5,316153,11-20,5,1
campaign75-fixed-daily,1.5,0.5,316153,21-35,1,0
campaign75-fixed-daily,1.5,0.5,316153,36-50,0,0
telescoping-fixed,1.5,0.5,316154,1-5,5,5
telescoping-fixed,1.5,0.5,316154,6-10,5,5
telescoping-fixed,1.5,0.5,316154,11-20,6,3
telescoping-fixed,1.5,0.5,316154,21-35,0,0
telescoping-fixed,1.5,0.5,316154,36-50,0,0
campaign75-fixed-daily,1.5,0.5,316154,1-5,5,5
campaign75-fixed-daily,1.5,0.5,316154,6-10,5,5
campaign75-fixed-daily,1.5,0.5,316154,11-20,6,6
campaign75-fixed-daily,1.5,0.5,316154,21-35,0,0
campaign75-fixed-daily,1.5,0.5,316154,36-50,0,0
telescoping-fixed,1.5,0.5,316155,1-5,5,4
telescoping-fixed,1.5,0.5,316155,6-10,5,4
telescoping-fixed,1.5,0.5,316155,11-20,6,3
telescoping-fixed,1.5,0.5,316155,21-35,0,0
telescoping-fixed,1.5,0.5,316155,36-50,0,0
campaign75-fixed-daily,1.5,0.5,316155,1-5,5,4
campaign75-fixed-daily,1.5,0.5,316155,6-10,5,4
campaign75-fixed-daily,1.5,0.5,316155,11-20,6,4
campaign75-fixed-daily,1.5,0.5,316155,21-35,0,0
campaign75-fixed-daily,1.5,0.5,316155,36-50,0,0
telescoping-fixed,1.5,0.5,316156,1-5,5,5
telescoping-fixed,1.5,0.5,316156,6-10,5,4
telescoping-fixed,1.5,0.5,316156,11-20,6,5
telescoping-fixed,1.5,0.5,316156,21-35,0,0
telescoping-fixed,1.5,0.5,316156,36-50,0,0
campaign75-fixed-daily,1.5,0.5,316156,1-5,5,5
campaign75-fixed-daily,1.5,0.5,316156,6-10,5,5
campaign75-fixed-daily,1.5,0.5,316156,11-20,6,6
campaign75-fixed-daily,1.5,0.5,316156,21-35,0,0
campaign75-fixed-daily,1.5,0.5,316156,36-50,0,0
telescoping-fixed,1.5,0.5,316157,1-5,5,4
telescoping-fixed,1.5,0.5,316157,6-10,5,4
telescoping-fixed,1.5,0.5,316157,11-20,5,1
telescoping-fixed,1.5,0.5,316157,21-35,1,0
telescoping-fixed,1.5,0.5,316157,36-50,0,0
campaign75-fixed-daily,1.5,0.5,316157,1-5,5,4
campaign75-fixed-daily,1.5,0.5,316157,6-10,5,5
campaign75-fixed-daily,1.5,0.5,316157,11-20,5,4
campaign75-fixed-daily,1.5,0.5,316157,21-35,1,1
campaign75-fixed-daily,1.5,0.5,316157,36-50,0,0
telescoping-fixed,1.5,0.5,316158,1-5,5,5
telescoping-fixed,1.5,0.5,316158,6-10,5,5
telescoping-fixed,1.5,0.5,316158,11-20,5,4
telescoping-fixed,1.5,0.5,316158,21-35,0,0
telescoping-fixed,1.5,0.5,316158,36-50,1,0
campaign75-fixed-daily,1.5,0.5,316158,1-5,5,5
campaign75-fixed-daily,1.5,0.5,316158,6-10,5,5
campaign75-fixed-daily,1.5,0.5,316158,11-20,5,5
campaign75-fixed-daily,1.5,0.5,316158,21-35,0,0
campaign75-fixed-daily,1.5,0.5,316158,36-50,1,1
