design,annual_sharpe,correlation,seed,fdp,end_to_end_power,conditional_power,proposal_recall,discoveries,delay,terminal_fdp,terminal_end_to_end_power
telescoping-fixed,1.0,0.5,41000000,0.0,0.0,0.0,1.0,0,,0.0,0.0
telescoping-hedged,1.0,0.5,41000000,0.0,0.0,0.0,1.0,0,,0.0,0.0
campaign25-fixed,1.0,0.5,41000000,0.0,0.0,0.0,1.0,0,,0.0,0.0
campaign50-fixed,1.0,0.5,41000000,0.0,0.0,0.0,1.0,0,,0.0,0.0
campaign75-fixed,1.0,0.5,41000000,0.0,0.0,0.0,1.0,0,,0.0,0.0
campaign-hedged,1.0,0.5,41000000,0.0,0.0,0.0,1.0,0,,0.0,0.0
anchored25-fixed,1.0,0.5,41000000,0.0,0.0,0.0,1.0,0,,0.0,0.0
anchored50-fixed,1.0,0.5,41000000,0.0,0.0,0.0,1.0,0,,0.0,0.0
anchored75-fixed,1.0,0.5,41000000,0.0,0.0,0.0,1.0,0,,0.0,0.0
telescoping-fixed,1.0,0.5,41000001,0.0,0.0625,0.0625,1.0,1,1236.0,0.0,0.0
telescoping-hedged,1.0,0.5,41000001,0.0,0.0,0.0,1.0,0,,0.0,0.0
campaign25-fixed,1.0,0.5,41000001,0.0,0.0,0.0,1.0,0,,0.0,0.0
campaign50-fixed,1.0,0.5,41000001,0.0,0.0,0.0,1.0,0,,0.0,0.0
campaign75-fixed,1.0,0.5,41000001,0.0,0.0,0.0,1.0,0,,0.0,0.0
campaign-hedged,1.0,0.5,41000001,0.0,0.0,0.0,1.0,0,,0.0,0.0
anchored25-fixed,1.0,0.5,41000001,0.0,0.0625,0.0625,1.0,1,1236.0,0.0,0.0
anchored50-fixed,1.0,0.5,41000001,0.0,0.0625,0.0625,1.0,1,1236.0,0.0,0.0
anchored75-fixed,1.0,0.5,41000001,0.0,0.0625,0.0625,1.0,1,1236.0,0.0,0.0
telescoping-fixed,1.0,0.5,41000002,0.0,0.4375,0.4666666666666667,0.9375,7,775.2857142857143,0.0,0.25
telescoping-hedged,1.0,0.5,41000002,0.0,0.3125,0.3333333333333333,0.9375,5,884.0,0.0,0.25
campaign25-fixed,1.0,0.5,41000002,0.0,0.5,0.5333333333333333,0.9375,8,766.625,0.0,0.25
campaign50-fixed,1.0,0.5,41000002,0.0,0.5,0.5333333333333333,0.9375,8,758.5,0.0,0.25
campaign75-fixed,1.0,0.5,41000002,0.0,0.4375,0.4666666666666667,0.9375,7,746.0,0.0,0.1875
campaign-hedged,1.0,0.5,41000002,0.0,0.3125,0.3333333333333333,0.9375,5,838.0,0.0,0.1875
anchored25-fixed,1.0,0.5,41000002,0.0,0.4375,0.4666666666666667,0.9375,7,783.8571428571429,0.0,0.25
anchored50-fixed,1.0,0.5,41000002,0.0,0.375,0.4,0.9375,6,779.3333333333334,0.0,0.25
anchored75-fixed,1.0,0.5,41000002,0.0,0.375,0.4,0.9375,6,778.5,0.0,0.25
telescoping-fixed,1.0,0.5,41000003,0.0,0.0,0.0,1.0,0,,0.0,0.0
telescoping-hedged,1.0,0.5,41000003,0.0,0.0,0.0,1.0,0,,0.0,0.0
campaign25-fixed,1.0,0.5,41000003,0.0,0.0,0.0,1.0,0,,0.0,0.0
campaign50-fixed,1.0,0.5,41000003,0.0,0.0,0.0,1.0,0,,0.0,0.0
campaign75-fixed,1.0,0.5,41000003,0.0,0.0,0.0,1.0,0,,0.0,0.0
campaign-hedged,1.0,0.5,41000003,0.0,0.0,0.0,1.0,0,,0.0,0.0
anchored25-fixed,1.0,0.5,41000003,0.0,0.0,0.0,1.0,0,,0.0,0.0
anchored50-fixed,1.0,0.5,41000003,0.0,0.0,0.0,1.0,0,,0.0,0.0
anchored75-fixed,1.0,0.5,41000003,0.0,0.0,0.0,1.0,0,,0.0,0.0
telescoping-fixed,1.0,0.5,41000004,0.0,0.0625,0.0625,1.0,1,1016.0,0.0,0.0625
telescoping-hedged,1.0,0.5,41000004,0.0,0.0625,0.0625,1.0,1,1116.0,0.0,0.0625
campaign25-fixed,1.0,0.5,41000004,0.0,0.0625,0.0625,1.0,1,1091.0,0.0,0.0625
campaign50-fixed,1.0,0.5,41000004,0.0,0.0625,0.0625,1.0,1,1101.0,0.0,0.0625
campaign75-fixed,1.0,0.5,41000004,0.0,0.0625,0.0625,1.0,1,1136.0,0.0,0.0625
campaign-hedged,1.0,0.5,41000004,0.0,0.0625,0.0625,1.0,1,1181.0,0.0,0.0625
anchored25-fixed,1.0,0.5,41000004,0.0,0.0625,0.0625,1.0,1,1016.0,0.0,0.0625
anchored50-fixed,1.0,0.5,41000004,0.0,0.0625,0.0625,1.0,1,1016.0,0.0,0.0625
anchored75-fixed,1.0,0.5,41000004,0.0,0.0625,0.0625,1.0,1,1016.0,0.0,0.0625
telescoping-fixed,1.0,0.5,41000005,0.0,0.4375,0.4375,1.0,7,1035.2857142857142,0.0,0.375
telescoping-hedged,1.0,0.5,41000005,0.0,0.1875,0.1875,1.0,3,1047.6666666666667,0.0,0.1875
campaign25-fixed,1.0,0.5,41000005,0.0,0.4375,0.4375,1.0,7,1033.142857142857,0.0,0.4375
campaign50-fixed,1.0,0.5,41000005,0.0,0.4375,0.4375,1.0,7,1088.857142857143,0.0,0.4375
campaign75-fixed,1.0,0.5,41000005,0.0,0.4375,0.4375,1.0,7,1114.5714285714287,0.0,0.4375
campaign-hedged,1.0,0.5,41000005,0.0,0.3125,0.3125,1.0,5,1121.0,0.0,0.25
anchored25-fixed,1.0,0.5,41000005,0.0,0.4375,0.4375,1.0,7,1078.857142857143,0.0,0.4375
anchored50-fixed,1.0,0.5,41000005,0.0,0.4375,0.4375,1.0,7,1080.2857142857142,0.0,0.3125
anchored75-fixed,1.0,0.5,41000005,0.0,0.4375,0.4375,1.0,7,1106.0,0.0,0.375
telescoping-fixed,1.0,0.5,41000006,0.0625,0.9375,0.9375,1.0,16,686.3333333333334,0.0,0.9375
telescoping-hedged,1.0,0.5,41000006,0.06666666666666667,0.875,0.875,1.0,15,740.6428571428571,0.0,0.875
campaign25-fixed,1.0,0.5,41000006,0.21052631578947367,0.9375,0.9375,1.0,19,587.3333333333334,0.0625,0.9375
campaign50-fixed,1.0,0.5,41000006,0.23809523809523808,1.0,1.0,1.0,21,584.75,0.1111111111111111,1.0
campaign75-fixed,1.0,0.5,41000006,0.3333333333333333,1.0,1.0,1.0,24,562.5625,0.15789473684210525,1.0
campaign-hedged,1.0,0.5,41000006,0.11764705882352941,0.9375,0.9375,1.0,17,726.0,0.0625,0.9375
anchored25-fixed,1.0,0.5,41000006,0.11764705882352941,0.9375,0.9375,1.0,17,663.6666666666666,0.0625,0.9375
anchored50-fixed,1.0,0.5,41000006,0.16666666666666666,0.9375,0.9375,1.0,18,680.6666666666666,0.0625,0.9375
anchored75-fixed,1.0,0.5,41000006,0.21052631578947367,0.9375,0.9375,1.0,19,688.6666666666666,0.11764705882352941,0.9375
telescoping-fixed,1.0,0.5,41000007,0.0,0.375,0.375,1.0,6,1079.3333333333333,0.0,0.1875
telescoping-hedged,1.0,0.5,41000007,0.0,0.1875,0.1875,1.0,3,934.3333333333334,0.0,0.1875
campaign25-fixed,1.0,0.5,41000007,0.0,0.1875,0.1875,1.0,3,959.3333333333334,0.0,0.1875
campaign50-fixed,1.0,0.5,41000007,0.0,0.1875,0.1875,1.0,3,951.0,0.0,0.1875
campaign75-fixed,1.0,0.5,41000007,0.0,0.125,0.125,1.0,2,1011.0,0.0,0.125
campaign-hedged,1.0,0.5,41000007,0.0,0.1875,0.1875,1.0,3,1092.6666666666667,0.0,0.1875
anchored25-fixed,1.0,0.5,41000007,0.0,0.1875,0.1875,1.0,3,961.0,0.0,0.1875
anchored50-fixed,1.0,0.5,41000007,0.0,0.1875,0.1875,1.0,3,962.6666666666666,0.0,0.1875
anchored75-fixed,1.0,0.5,41000007,0.0,0.1875,0.1875,1.0,3,1097.6666666666667,0.0,0.1875
telescoping-fixed,1.0,0.5,41000008,0.0,0.0,0.0,1.0,0,,0.0,0.0
telescoping-hedged,1.0,0.5,41000008,0.0,0.0,0.0,1.0,0,,0.0,0.0
campaign25-fixed,1.0,0.5,41000008,0.0,0.0,0.0,1.0,0,,0.0,0.0
campaign50-fixed,1.0,0.5,41000008,0.0,0.0,0.0,1.0,0,,0.0,0.0
campaign75-fixed,1.0,0.5,41000008,0.0,0.0,0.0,1.0,0,,0.0,0.0
campaign-hedged,1.0,0.5,41000008,0.0,0.0,0.0,1.0,0,,0.0,0.0
anchored25-fixed,1.0,0.5,41000008,0.0,0.0,0.0,1.0,0,,0.0,0.0
anchored50-fixed,1.0,0.5,41000008,0.0,0.0,0.0,1.0,0,,0.0,0.0
anchored75-fixed,1.0,0.5,41000008,0.0,0.0,0.0,1.0,0,,0.0,0.0
telescoping-fixed,1.0,0.5,41000009,0.0,0.5,0.5,1.0,8,466.625,0.0,0.3125
telescoping-hedged,1.0,0.5,41000009,0.0,0.375,0.375,1.0,6,522.6666666666666,0.0,0.1875
campaign25-fixed,1.0,0.5,41000009,0.0,0.5,0.5,1.0,8,447.25,0.0,0.375
campaign50-fixed,1.0,0.5,41000009,0.0,0.5625,0.5625,1.0,9,454.3333333333333,0.0,0.375
campaign75-fixed,1.0,0.5,41000009,0.0,0.625,0.625,1.0,10,509.0,0.0,0.375
campaign-hedged,1.0,0.5,41000009,0.0,0.4375,0.4375,1.0,7,517.4285714285714,0.0,0.375
anchored25-fixed,1.0,0.5,41000009,0.0,0.5,0.5,1.0,8,464.125,0.0,0.375
anchored50-fixed,1.0,0.5,41000009,0.0,0.4375,0.4375,1.0,7,435.2857142857143,0.0,0.375
anchored75-fixed,1.0,0.5,41000009,0.0,0.4375,0.4375,1.0,7,451.0,0.0,0.375
telescoping-fixed,1.0,0.5,41000010,0.0,0.0,0.0,0.9375,0,,0.0,0.0
telescoping-hedged,1.0,0.5,41000010,0.0,0.0,0.0,0.9375,0,,0.0,0.0
campaign25-fixed,1.0,0.5,41000010,0.0,0.0,0.0,0.9375,0,,0.0,0.0
campaign50-fixed,1.0,0.5,41000010,0.0,0.0,0.0,0.9375,0,,0.0,0.0
campaign75-fixed,1.0,0.5,41000010,0.0,0.0,0.0,0.9375,0,,0.0,0.0
campaign-hedged,1.0,0.5,41000010,0.0,0.0,0.0,0.9375,0,,0.0,0.0
anchored25-fixed,1.0,0.5,41000010,0.0,0.0,0.0,0.9375,0,,0.0,0.0
anchored50-fixed,1.0,0.5,41000010,0.0,0.0,0.0,0.9375,0,,0.0,0.0
anchored75-fixed,1.0,0.5,41000010,0.0,0.0,0.0,0.9375,0,,0.0,0.0
telescoping-fixed,1.0,0.5,41000011,0.0,0.0625,0.0625,1.0,1,1016.0,0.0,0.0625
telescoping-hedged,1.0,0.5,41000011,0.0,0.0625,0.0625,1.0,1,1121.0,0.0,0.0
campaign25-fixed,1.0,0.5,41000011,0.0,0.0625,0.0625,1.0,1,1051.0,0.0,0.0625
campaign50-fixed,1.0,0.5,41000011,0.0,0.0625,0.0625,1.0,1,1051.0,0.0,0.0625
campaign75-fixed,1.0,0.5,41000011,0.0,0.0625,0.0625,1.0,1,1096.0,0.0,0.0625
campaign-hedged,1.0,0.5,41000011,0.0,0.0625,0.0625,1.0,1,1156.0,0.0,0.0
anchored25-fixed,1.0,0.5,41000011,0.0,0.0625,0.0625,1.0,1,1051.0,0.0,0.0625
anchored50-fixed,1.0,0.5,41000011,0.0,0.0625,0.0625,1.0,1,1096.0,0.0,0.0
anchored75-fixed,1.0,0.5,41000011,0.0,0.0625,0.0625,1.0,1,1116.0,0.0,0.0
telescoping-fixed,1.0,0.5,41000012,0.0,0.0,0.0,0.9375,0,,0.0,0.0
telescoping-hedged,1.0,0.5,41000012,0.0,0.0,0.0,0.9375,0,,0.0,0.0
campaign25-fixed,1.0,0.5,41000012,0.0,0.0,0.0,0.9375,0,,0.0,0.0
campaign50-fixed,1.0,0.5,41000012,0.0,0.0,0.0,0.9375,0,,0.0,0.0
campaign75-fixed,1.0,0.5,41000012,0.0,0.0,0.0,0.9375,0,,0.0,0.0
campaign-hedged,1.0,0.5,41000012,0.0,0.0,0.0,0.9375,0,,0.0,0.0
anchored25-fixed,1.0,0.5,41000012,0.0,0.0,0.0,0.9375,0,,0.0,0.0
anchored50-fixed,1.0,0.5,41000012,0.0,0.0,0.0,0.9375,0,,0.0,0.0
anchored75-fixed,1.0,0.5,41000012,0.0,0.0,0.0,0.9375,0,,0.0,0.0
telescoping-fixed,1.0,0.5,41000013,0.0,0.0625,0.0625,1.0,1,1111.0,0.0,0.0625
telescoping-hedged,1.0,0.5,41000013,0.0,0.0625,0.0625,1.0,1,1211.0,0.0,0.0625
campaign25-fixed,1.0,0.5,41000013,0.0,0.0625,0.0625,1.0,1,1141.0,0.0,0.0625
campaign50-fixed,1.0,0.5,41000013,0.0,0.0625,0.0625,1.0,1,1171.0,0.0,0.0625
campaign75-fixed,1.0,0.5,41000013,0.0,0.0,0.0,1.0,0,,0.0,0.0
campaign-hedged,1.0,0.5,41000013,0.0,0.0,0.0,1.0,0,,0.0,0.0
anchored25-fixed,1.0,0.5,41000013,0.0,0.0625,0.0625,1.0,1,1166.0,0.0,0.0625
anchored50-fixed,1.0,0.5,41000013,0.0,0.0625,0.0625,1.0,1,1196.0,0.0,0.0625
anchored75-fixed,1.0,0.5,41000013,0.0,0.0,0.0,1.0,0,,0.0,0.0
telescoping-fixed,1.0,0.5,41000014,0.0,0.125,0.125,1.0,2,458.5,0.0,0.0625
telescoping-hedged,1.0,0.5,41000014,0.0,0.0625,0.0625,1.0,1,366.0,0.0,0.0625
campaign25-fixed,1.0,0.5,41000014,0.0,0.125,0.125,1.0,2,466.0,0.0,0.0625
campaign50-fixed,1.0,0.5,41000014,0.0,0.125,0.125,1.0,2,466.0,0.0,0.0625
campaign75-fixed,1.0,0.5,41000014,0.0,0.125,0.125,1.0,2,488.5,0.0,0.0625
campaign-hedged,1.0,0.5,41000014,0.0,0.0625,0.0625,1.0,1,621.0,0.0,0.0625
anchored25-fixed,1.0,0.5,41000014,0.0,0.125,0.125,1.0,2,458.5,0.0,0.0625
anchored50-fixed,1.0,0.5,41000014,0.0,0.125,0.125,1.0,2,458.5,0.0,0.0625
anchored75-fixed,1.0,0.5,41000014,0.0,0.125,0.125,1.0,2,526.0,0.0,0.0625
telescoping-fixed,1.0,0.5,41000015,0.0,0.375,0.375,1.0,6,984.3333333333334,0.0,0.25
telescoping-hedged,1.0,0.5,41000015,0.0,0.0625,0.0625,1.0,1,1231.0,0.0,0.0625
campaign25-fixed,1.0,0.5,41000015,0.0,0.375,0.375,1.0,6,980.1666666666666,0.0,0.25
campaign50-fixed,1.0,0.5,41000015,0.0,0.25,0.25,1.0,4,1159.75,0.0,0.25
campaign75-fixed,1.0,0.5,41000015,0.0,0.25,0.25,1.0,4,1159.75,0.0,0.25
campaign-hedged,1.0,0.5,41000015,0.0,0.0,0.0,1.0,0,,0.0,0.0
anchored25-fixed,1.0,0.5,41000015,0.0,0.375,0.375,1.0,6,985.1666666666666,0.0,0.25
anchored50-fixed,1.0,0.5,41000015,0.0,0.25,0.25,1.0,4,1061.0,0.0,0.25
anchored75-fixed,1.0,0.5,41000015,0.0,0.1875,0.1875,1.0,3,1024.3333333333333,0.0,0.1875
telescoping-fixed,1.0,0.5,41000016,0.0,0.5625,0.5625,1.0,9,842.6666666666666,0.0,0.125
telescoping-hedged,1.0,0.5,41000016,0.0,0.25,0.25,1.0,4,844.75,0.0,0.0625
campaign25-fixed,1.0,0.5,41000016,0.0,0.5625,0.5625,1.0,9,837.1111111111111,0.0,0.0625
campaign50-fixed,1.0,0.5,41000016,0.0,0.5625,0.5625,1.0,9,837.6666666666666,0.0,0.0625
campaign75-fixed,1.0,0.5,41000016,0.0,0.6875,0.6875,1.0,11,886.9090909090909,0.0,0.0625
campaign-hedged,1.0,0.5,41000016,0.0,0.1875,0.1875,1.0,3,917.6666666666666,0.0,0.0625
anchored25-fixed,1.0,0.5,41000016,0.0,0.5625,0.5625,1.0,9,849.3333333333334,0.0,0.0625
anchored50-fixed,1.0,0.5,41000016,0.0,0.4375,0.4375,1.0,7,830.2857142857143,0.0,0.0625
anchored75-fixed,1.0,0.5,41000016,0.0,0.375,0.375,1.0,6,847.6666666666666,0.0,0.0625
telescoping-fixed,1.0,0.5,41000017,0.0,0.8125,0.8125,1.0,13,530.2307692307693,0.0,0.3125
telescoping-hedged,1.0,0.5,41000017,0.0,0.375,0.375,1.0,6,657.6666666666666,0.0,0.25
campaign25-fixed,1.0,0.5,41000017,0.0,0.8125,0.8125,1.0,13,499.46153846153845,0.0,0.4375
campaign50-fixed,1.0,0.5,41000017,0.0,0.8125,0.8125,1.0,13,489.84615384615387,0.0,0.5
campaign75-fixed,1.0,0.5,41000017,0.0,0.8125,0.8125,1.0,13,489.46153846153845,0.0,0.5625
campaign-hedged,1.0,0.5,41000017,0.0,0.5625,0.5625,1.0,9,909.8888888888889,0.0,0.3125
anchored25-fixed,1.0,0.5,41000017,0.0,0.8125,0.8125,1.0,13,524.4615384615385,0.0,0.375
anchored50-fixed,1.0,0.5,41000017,0.0,0.8125,0.8125,1.0,13,524.0769230769231,0.0,0.4375
anchored75-fixed,1.0,0.5,41000017,0.0,0.8125,0.8125,1.0,13,504.84615384615387,0.0,0.4375
telescoping-fixed,1.0,0.5,41000018,0.0,0.0,0.0,1.0,0,,0.0,0.0
telescoping-hedged,1.0,0.5,41000018,0.0,0.0,0.0,1.0,0,,0.0,0.0
campaign25-fixed,1.0,0.5,41000018,0.0,0.0,0.0,1.0,0,,0.0,0.0
campaign50-fixed,1.0,0.5,41000018,0.0,0.0,0.0,1.0,0,,0.0,0.0
campaign75-fixed,1.0,0.5,41000018,0.0,0.0,0.0,1.0,0,,0.0,0.0
campaign-hedged,1.0,0.5,41000018,0.0,0.0,0.0,1.0,0,,0.0,0.0
anchored25-fixed,1.0,0.5,41000018,0.0,0.0,0.0,1.0,0,,0.0,0.0
anchored50-fixed,1.0,0.5,41000018,0.0,0.0,0.0,1.0,0,,0.0,0.0
anchored75-fixed,1.0,0.5,41000018,0.0,0.0,0.0,1.0,0,,0.0,0.0
telescoping-fixed,1.0,0.5,41000019,0.0,0.375,0.375,1.0,6,682.6666666666666,0.0,0.375
telescoping-hedged,1.0,0.5,41000019,0.0,0.4375,0.4375,1.0,7,740.2857142857143,0.0,0.3125
campaign25-fixed,1.0,0.5,41000019,0.0,0.375,0.375,1.0,6,681.8333333333334,0.0,0.375
campaign50-fixed,1.0,0.5,41000019,0.0,0.4375,0.4375,1.0,7,732.4285714285714,0.0,0.4375
campaign75-fixed,1.0,0.5,41000019,0.0,0.5,0.5,1.0,8,738.5,0.0,0.4375
campaign-hedged,1.0,0.5,41000019,0.0,0.4375,0.4375,1.0,7,738.8571428571429,0.0,0.375
anchored25-fixed,1.0,0.5,41000019,0.0,0.375,0.375,1.0,6,683.5,0.0,0.375
anchored50-fixed,1.0,0.5,41000019,0.0,0.375,0.375,1.0,6,697.6666666666666,0.0,0.3125
anchored75-fixed,1.0,0.5,41000019,0.0,0.375,0.375,1.0,6,718.5,0.0,0.25
telescoping-fixed,1.0,0.5,41000020,0.0,0.1875,0.1875,1.0,3,439.3333333333333,0.0,0.125
telescoping-hedged,1.0,0.5,41000020,0.0,0.1875,0.1875,1.0,3,737.6666666666666,0.0,0.1875
campaign25-fixed,1.0,0.5,41000020,0.0,0.125,0.125,1.0,2,416.0,0.0,0.125
campaign50-fixed,1.0,0.5,41000020,0.0,0.125,0.125,1.0,2,423.5,0.0,0.125
campaign75-fixed,1.0,0.5,41000020,0.0,0.1875,0.1875,1.0,3,607.6666666666666,0.0,0.1875
campaign-hedged,1.0,0.5,41000020,0.0,0.125,0.125,1.0,2,581.0,0.0,0.125
anchored25-fixed,1.0,0.5,41000020,0.0,0.125,0.125,1.0,2,416.0,0.0,0.125
anchored50-fixed,1.0,0.5,41000020,0.0,0.125,0.125,1.0,2,418.5,0.0,0.125
anchored75-fixed,1.0,0.5,41000020,0.0,0.125,0.125,1.0,2,486.0,0.0,0.125
telescoping-fixed,1.0,0.5,41000021,0.0,0.0,0.0,1.0,0,,0.0,0.0
telescoping-hedged,1.0,0.5,41000021,0.0,0.0625,0.0625,1.0,1,1259.0,0.0,0.0625
campaign25-fixed,1.0,0.5,41000021,0.0,0.0,0.0,1.0,0,,0.0,0.0
campaign50-fixed,1.0,0.5,41000021,0.0,0.0,0.0,1.0,0,,0.0,0.0
campaign75-fixed,1.0,0.5,41000021,0.0,0.0,0.0,1.0,0,,0.0,0.0
campaign-hedged,1.0,0.5,41000021,0.0,0.0,0.0,1.0,0,,0.0,0.0
anchored25-fixed,1.0,0.5,41000021,0.0,0.0,0.0,1.0,0,,0.0,0.0
anchored50-fixed,1.0,0.5,41000021,0.0,0.0,0.0,1.0,0,,0.0,0.0
anchored75-fixed,1.0,0.5,41000021,0.0,0.0,0.0,1.0,0,,0.0,0.0
telescoping-fixed,1.0,0.5,41000022,0.0,0.125,0.125,1.0,2,623.5,0.0,0.0625
telescoping-hedged,1.0,0.5,41000022,0.0,0.125,0.125,1.0,2,668.5,0.0,0.0625
campaign25-fixed,1.0,0.5,41000022,0.0,0.125,0.125,1.0,2,643.5,0.0,0.0625
campaign50-fixed,1.0,0.5,41000022,0.0,0.125,0.125,1.0,2,698.5,0.0,0.0625
campaign75-fixed,1.0,0.5,41000022,0.0,0.0625,0.0625,1.0,1,666.0,0.0,0.0
campaign-hedged,1.0,0.5,41000022,0.0,0.0625,0.0625,1.0,1,686.0,0.0,0.0
anchored25-fixed,1.0,0.5,41000022,0.0,0.125,0.125,1.0,2,623.5,0.0,0.0625
anchored50-fixed,1.0,0.5,41000022,0.0,0.125,0.125,1.0,2,668.5,0.0,0.0625
anchored75-fixed,1.0,0.5,41000022,0.0,0.125,0.125,1.0,2,668.5,0.0,0.0
telescoping-fixed,1.0,0.5,41000023,0.0,0.0,0.0,1.0,0,,0.0,0.0
telescoping-hedged,1.0,0.5,41000023,0.0,0.0,0.0,1.0,0,,0.0,0.0
campaign25-fixed,1.0,0.5,41000023,0.0,0.0,0.0,1.0,0,,0.0,0.0
campaign50-fixed,1.0,0.5,41000023,0.0,0.0,0.0,1.0,0,,0.0,0.0
campaign75-fixed,1.0,0.5,41000023,0.0,0.0,0.0,1.0,0,,0.0,0.0
campaign-hedged,1.0,0.5,41000023,0.0,0.0,0.0,1.0,0,,0.0,0.0
anchored25-fixed,1.0,0.5,41000023,0.0,0.0,0.0,1.0,0,,0.0,0.0
anchored50-fixed,1.0,0.5,41000023,0.0,0.0,0.0,1.0,0,,0.0,0.0
anchored75-fixed,1.0,0.5,41000023,0.0,0.0,0.0,1.0,0,,0.0,0.0
telescoping-fixed,1.0,0.5,41000024,0.0,0.125,0.125,1.0,2,1141.0,0.0,0.125
telescoping-hedged,1.0,0.5,41000024,0.0,0.0625,0.0625,1.0,1,1146.0,0.0,0.0625
campaign25-fixed,1.0,0.5,41000024,0.0,0.125,0.125,1.0,2,1143.5,0.0,0.125
campaign50-fixed,1.0,0.5,41000024,0.0,0.25,0.25,1.0,4,1124.75,0.0,0.125
campaign75-fixed,1.0,0.5,41000024,0.0,0.25,0.25,1.0,4,1147.25,0.0,0.25
campaign-hedged,1.0,0.5,41000024,0.0,0.0,0.0,1.0,0,,0.0,0.0
anchored25-fixed,1.0,0.5,41000024,0.0,0.125,0.125,1.0,2,1141.0,0.0,0.125
anchored50-fixed,1.0,0.5,41000024,0.0,0.0625,0.0625,1.0,1,1131.0,0.0,0.0625
anchored75-fixed,1.0,0.5,41000024,0.0,0.0625,0.0625,1.0,1,1131.0,0.0,0.0625
telescoping-fixed,1.0,0.5,41000025,0.0,0.5625,0.5625,1.0,9,948.2222222222222,0.0,0.4375
telescoping-hedged,1.0,0.5,41000025,0.0,0.4375,0.4375,1.0,7,1009.5714285714286,0.0,0.4375
campaign25-fixed,1.0,0.5,41000025,0.0,0.75,0.75,1.0,12,914.3333333333334,0.0,0.6875
campaign50-fixed,1.0,0.5,41000025,0.0,0.8125,0.8125,1.0,13,907.1538461538462,0.0,0.6875
campaign75-fixed,1.0,0.5,41000025,0.0,0.8125,0.8125,1.0,13,904.8461538461538,0.0,0.75
campaign-hedged,1.0,0.5,41000025,0.0,0.4375,0.4375,1.0,7,991.0,0.0,0.4375
anchored25-fixed,1.0,0.5,41000025,0.0,0.5625,0.5625,1.0,9,938.2222222222222,0.0,0.5
anchored50-fixed,1.0,0.5,41000025,0.0,0.75,0.75,1.0,12,948.5,0.0,0.6875
anchored75-fixed,1.0,0.5,41000025,0.0,0.75,0.75,1.0,12,973.0833333333334,0.0,0.6875
telescoping-fixed,1.0,0.5,41000026,0.0,0.1875,0.1875,1.0,3,1026.0,0.0,0.1875
telescoping-hedged,1.0,0.5,41000026,0.0,0.125,0.125,1.0,2,1058.5,0.0,0.125
campaign25-fixed,1.0,0.5,41000026,0.0,0.1875,0.1875,1.0,3,1032.6666666666667,0.0,0.1875
campaign50-fixed,1.0,0.5,41000026,0.0,0.1875,0.1875,1.0,3,1041.0,0.0,0.1875
campaign75-fixed,1.0,0.5,41000026,0.0,0.125,0.125,1.0,2,1048.5,0.0,0.125
campaign-hedged,1.0,0.5,41000026,0.0,0.125,0.125,1.0,2,1218.5,0.0,0.0
anchored25-fixed,1.0,0.5,41000026,0.0,0.1875,0.1875,1.0,3,1031.0,0.0,0.1875
anchored50-fixed,1.0,0.5,41000026,0.0,0.1875,0.1875,1.0,3,1054.3333333333333,0.0,0.125
anchored75-fixed,1.0,0.5,41000026,0.0,0.125,0.125,1.0,2,1033.5,0.0,0.125
telescoping-fixed,1.0,0.5,41000027,0.0,0.25,0.25,1.0,4,971.0,0.0,0.1875
telescoping-hedged,1.0,0.5,41000027,0.0,0.25,0.25,1.0,4,1054.75,0.0,0.125
campaign25-fixed,1.0,0.5,41000027,0.0,0.25,0.25,1.0,4,976.0,0.0,0.0625
campaign50-fixed,1.0,0.5,41000027,0.0,0.25,0.25,1.0,4,992.25,0.0,0.0625
campaign75-fixed,1.0,0.5,41000027,0.0,0.125,0.125,1.0,2,996.0,0.0,0.0625
campaign-hedged,1.0,0.5,41000027,0.0,0.1875,0.1875,1.0,3,1107.6666666666667,0.0,0.0625
anchored25-fixed,1.0,0.5,41000027,0.0,0.25,0.25,1.0,4,976.0,0.0,0.0625
anchored50-fixed,1.0,0.5,41000027,0.0,0.1875,0.1875,1.0,3,976.0,0.0,0.0625
anchored75-fixed,1.0,0.5,41000027,0.0,0.125,0.125,1.0,2,996.0,0.0,0.0625
telescoping-fixed,1.0,0.5,41000028,0.0,0.4375,0.4375,1.0,7,816.0,0.0,0.4375
telescoping-hedged,1.0,0.5,41000028,0.0,0.3125,0.3125,1.0,5,793.0,0.0,0.3125
campaign25-fixed,1.0,0.5,41000028,0.0,0.4375,0.4375,1.0,7,826.7142857142857,0.0,0.4375
campaign50-fixed,1.0,0.5,41000028,0.0,0.5,0.5,1.0,8,846.0,0.0,0.4375
campaign75-fixed,1.0,0.5,41000028,0.0,0.5,0.5,1.0,8,850.375,0.0,0.5
campaign-hedged,1.0,0.5,41000028,0.0,0.375,0.375,1.0,6,853.5,0.0,0.3125
anchored25-fixed,1.0,0.5,41000028,0.0,0.4375,0.4375,1.0,7,818.8571428571429,0.0,0.4375
anchored50-fixed,1.0,0.5,41000028,0.0,0.4375,0.4375,1.0,7,817.4285714285714,0.0,0.4375
anchored75-fixed,1.0,0.5,41000028,0.0,0.4375,0.4375,1.0,7,821.7142857142857,0.0,0.25
telescoping-fixed,1.0,0.5,41000029,0.0,0.1875,0.1875,1.0,3,1201.0,0.0,0.125
telescoping-hedged,1.0,0.5,41000029,0.0,0.1875,0.1875,1.0,3,1201.0,0.0,0.0625
campaign25-fixed,1.0,0.5,41000029,0.0,0.1875,0.1875,1.0,3,1211.0,0.0,0.0
campaign50-fixed,1.0,0.5,41000029,0.0,0.0,0.0,1.0,0,,0.0,0.0
campaign75-fixed,1.0,0.5,41000029,0.0,0.0,0.0,1.0,0,,0.0,0.0
campaign-hedged,1.0,0.5,41000029,0.0,0.0,0.0,1.0,0,,0.0,0.0
anchored25-fixed,1.0,0.5,41000029,0.0,0.1875,0.1875,1.0,3,1202.6666666666667,0.0,0.0
anchored50-fixed,1.0,0.5,41000029,0.0,0.0,0.0,1.0,0,,0.0,0.0
anchored75-fixed,1.0,0.5,41000029,0.0,0.0,0.0,1.0,0,,0.0,0.0
telescoping-fixed,1.0,0.5,41000030,0.3333333333333333,0.125,0.125,1.0,3,671.0,0.3333333333333333,0.125
telescoping-hedged,1.0,0.5,41000030,0.0,0.125,0.125,1.0,2,743.5,0.0,0.125
campaign25-fixed,1.0,0.5,41000030,0.25,0.1875,0.1875,1.0,4,604.3333333333334,0.25,0.1875
campaign50-fixed,1.0,0.5,41000030,0.25,0.1875,0.1875,1.0,4,614.3333333333334,0.25,0.1875
campaign75-fixed,1.0,0.5,41000030,0.0,0.1875,0.1875,1.0,3,629.3333333333334,0.0,0.1875
campaign-hedged,1.0,0.5,41000030,0.0,0.1875,0.1875,1.0,3,689.3333333333334,0.0,0.1875
anchored25-fixed,1.0,0.5,41000030,0.25,0.1875,0.1875,1.0,4,606.0,0.25,0.1875
anchored50-fixed,1.0,0.5,41000030,0.25,0.1875,0.1875,1.0,4,602.6666666666666,0.25,0.1875
anchored75-fixed,1.0,0.5,41000030,0.0,0.1875,0.1875,1.0,3,597.6666666666666,0.0,0.1875
telescoping-fixed,1.0,0.5,41000031,0.0,0.0,0.0,1.0,0,,0.0,0.0
telescoping-hedged,1.0,0.5,41000031,0.0,0.0,0.0,1.0,0,,0.0,0.0
campaign25-fixed,1.0,0.5,41000031,0.0,0.0,0.0,1.0,0,,0.0,0.0
campaign50-fixed,1.0,0.5,41000031,0.0,0.0,0.0,1.0,0,,0.0,0.0
campaign75-fixed,1.0,0.5,41000031,0.0,0.0,0.0,1.0,0,,0.0,0.0
campaign-hedged,1.0,0.5,41000031,0.0,0.0,0.0,1.0,0,,0.0,0.0
anchored25-fixed,1.0,0.5,41000031,0.0,0.0,0.0,1.0,0,,0.0,0.0
anchored50-fixed,1.0,0.5,41000031,0.0,0.0,0.0,1.0,0,,0.0,0.0
anchored75-fixed,1.0,0.5,41000031,0.0,0.0,0.0,1.0,0,,0.0,0.0
telescoping-fixed,1.0,0.5,41000032,0.0,0.0625,0.0625,1.0,1,776.0,0.0,0.0
telescoping-hedged,1.0,0.5,41000032,0.0,0.0,0.0,1.0,0,,0.0,0.0
campaign25-fixed,1.0,0.5,41000032,0.0,0.0625,0.0625,1.0,1,776.0,0.0,0.0
campaign50-fixed,1.0,0.5,41000032,0.0,0.125,0.125,1.0,2,831.0,0.0,0.0
campaign75-fixed,1.0,0.5,41000032,0.0,0.125,0.125,1.0,2,826.0,0.0,0.0
campaign-hedged,1.0,0.5,41000032,0.0,0.0,0.0,1.0,0,,0.0,0.0
anchored25-fixed,1.0,0.5,41000032,0.0,0.0625,0.0625,1.0,1,871.0,0.0,0.0
anchored50-fixed,1.0,0.5,41000032,0.0,0.0,0.0,1.0,0,,0.0,0.0
anchored75-fixed,1.0,0.5,41000032,0.0,0.0,0.0,1.0,0,,0.0,0.0
telescoping-fixed,1.0,0.5,41000033,0.07142857142857142,0.8125,0.8125,1.0,14,625.6153846153846,0.0,0.8125
telescoping-hedged,1.0,0.5,41000033,0.07142857142857142,0.8125,0.8125,1.0,14,750.2307692307693,0.0,0.8125
campaign25-fixed,1.0,0.5,41000033,0.2,1.0,1.0,1.0,20,637.5625,0.15789473684210525,1.0
campaign50-fixed,1.0,0.5,41000033,0.4074074074074074,1.0,1.0,1.0,27,632.25,0.3333333333333333,1.0
campaign75-fixed,1.0,0.5,41000033,0.5151515151515151,1.0,1.0,1.0,33,620.0625,0.42857142857142855,1.0
campaign-hedged,1.0,0.5,41000033,0.15789473684210525,1.0,1.0,1.0,19,708.8125,0.16666666666666666,0.9375
anchored25-fixed,1.0,0.5,41000033,0.1111111111111111,1.0,1.0,1.0,18,655.375,0.0625,0.9375
anchored50-fixed,1.0,0.5,41000033,0.15789473684210525,1.0,1.0,1.0,19,655.375,0.15789473684210525,1.0
anchored75-fixed,1.0,0.5,41000033,0.30434782608695654,1.0,1.0,1.0,23,655.6875,0.15789473684210525,1.0
telescoping-fixed,1.0,0.5,41000034,0.0,0.0625,0.0625,1.0,1,1071.0,0.0,0.0
telescoping-hedged,1.0,0.5,41000034,0.0,0.0,0.0,1.0,0,,0.0,0.0
campaign25-fixed,1.0,0.5,41000034,0.0,0.0625,0.0625,1.0,1,1206.0,0.0,0.0
campaign50-fixed,1.0,0.5,41000034,0.0,0.0,0.0,1.0,0,,0.0,0.0
campaign75-fixed,1.0,0.5,41000034,0.0,0.0,0.0,1.0,0,,0.0,0.0
campaign-hedged,1.0,0.5,41000034,0.0,0.0,0.0,1.0,0,,0.0,0.0
anchored25-fixed,1.0,0.5,41000034,0.0,0.0625,0.0625,1.0,1,1211.0,0.0,0.0
anchored50-fixed,1.0,0.5,41000034,0.0,0.0,0.0,1.0,0,,0.0,0.0
anchored75-fixed,1.0,0.5,41000034,0.0,0.0,0.0,1.0,0,,0.0,0.0
telescoping-fixed,1.0,0.5,41000035,0.0,0.625,0.625,1.0,10,709.5,0.0,0.5
telescoping-hedged,1.0,0.5,41000035,0.0,0.4375,0.4375,1.0,7,743.8571428571429,0.0,0.4375
campaign25-fixed,1.0,0.5,41000035,0.08333333333333333,0.6875,0.6875,1.0,12,699.6363636363636,0.0,0.6875
campaign50-fixed,1.0,0.5,41000035,0.08333333333333333,0.6875,0.6875,1.0,12,672.8181818181819,0.0,0.6875
campaign75-fixed,1.0,0.5,41000035,0.08333333333333333,0.6875,0.6875,1.0,12,641.0,0.0,0.6875
campaign-hedged,1.0,0.5,41000035,0.0,0.5,0.5,1.0,8,729.75,0.0,0.4375
anchored25-fixed,1.0,0.5,41000035,0.0,0.625,0.625,1.0,10,703.0,0.0,0.4375
anchored50-fixed,1.0,0.5,41000035,0.0,0.625,0.625,1.0,10,704.5,0.0,0.5625
anchored75-fixed,1.0,0.5,41000035,0.09090909090909091,0.625,0.625,1.0,11,709.0,0.0,0.625
telescoping-fixed,1.0,0.5,41000036,0.0,0.0,0.0,1.0,0,,0.0,0.0
telescoping-hedged,1.0,0.5,41000036,0.0,0.0,0.0,1.0,0,,0.0,0.0
campaign25-fixed,1.0,0.5,41000036,0.0,0.0,0.0,1.0,0,,0.0,0.0
campaign50-fixed,1.0,0.5,41000036,0.0,0.0,0.0,1.0,0,,0.0,0.0
campaign75-fixed,1.0,0.5,41000036,0.0,0.0,0.0,1.0,0,,0.0,0.0
campaign-hedged,1.0,0.5,41000036,0.0,0.0,0.0,1.0,0,,0.0,0.0
anchored25-fixed,1.0,0.5,41000036,0.0,0.0,0.0,1.0,0,,0.0,0.0
anchored50-fixed,1.0,0.5,41000036,0.0,0.0,0.0,1.0,0,,0.0,0.0
anchored75-fixed,1.0,0.5,41000036,0.0,0.0,0.0,1.0,0,,0.0,0.0
telescoping-fixed,1.0,0.5,41000037,0.0,0.0,0.0,1.0,0,,0.0,0.0
telescoping-hedged,1.0,0.5,41000037,0.0,0.0,0.0,1.0,0,,0.0,0.0
campaign25-fixed,1.0,0.5,41000037,0.0,0.0,0.0,1.0,0,,0.0,0.0
campaign50-fixed,1.0,0.5,41000037,0.0,0.0,0.0,1.0,0,,0.0,0.0
campaign75-fixed,1.0,0.5,41000037,0.0,0.0,0.0,1.0,0,,0.0,0.0
campaign-hedged,1.0,0.5,41000037,0.0,0.0,0.0,1.0,0,,0.0,0.0
anchored25-fixed,1.0,0.5,41000037,0.0,0.0,0.0,1.0,0,,0.0,0.0
anchored50-fixed,1.0,0.5,41000037,0.0,0.0,0.0,1.0,0,,0.0,0.0
anchored75-fixed,1.0,0.5,41000037,0.0,0.0,0.0,1.0,0,,0.0,0.0
telescoping-fixed,1.0,0.5,41000038,0.0,0.0625,0.0625,1.0,1,606.0,0.0,0.0
telescoping-hedged,1.0,0.5,41000038,0.0,0.0625,0.0625,1.0,1,851.0,0.0,0.0
campaign25-fixed,1.0,0.5,41000038,0.0,0.0625,0.0625,1.0,1,696.0,0.0,0.0
campaign50-fixed,1.0,0.5,41000038,0.0,0.0625,0.0625,1.0,1,846.0,0.0,0.0
campaign75-fixed,1.0,0.5,41000038,0.0,0.0,0.0,1.0,0,,0.0,0.0
campaign-hedged,1.0,0.5,41000038,0.0,0.0,0.0,1.0,0,,0.0,0.0
anchored25-fixed,1.0,0.5,41000038,0.0,0.0625,0.0625,1.0,1,606.0,0.0,0.0
anchored50-fixed,1.0,0.5,41000038,0.0,0.0625,0.0625,1.0,1,606.0,0.0,0.0
anchored75-fixed,1.0,0.5,41000038,0.0,0.0625,0.0625,1.0,1,606.0,0.0,0.0
telescoping-fixed,1.0,0.5,41000039,0.0,0.125,0.13333333333333333,0.9375,2,803.5,0.0,0.0625
telescoping-hedged,1.0,0.5,41000039,0.0,0.0625,0.06666666666666667,0.9375,1,946.0,0.0,0.0625
campaign25-fixed,1.0,0.5,41000039,0.0,0.125,0.13333333333333333,0.9375,2,831.0,0.0,0.0625
campaign50-fixed,1.0,0.5,41000039,0.0,0.0625,0.06666666666666667,0.9375,1,831.0,0.0,0.0625
campaign75-fixed,1.0,0.5,41000039,0.0,0.0625,0.06666666666666667,0.9375,1,986.0,0.0,0.0625
campaign-hedged,1.0,0.5,41000039,0.0,0.0625,0.06666666666666667,0.9375,1,991.0,0.0,0.0
anchored25-fixed,1.0,0.5,41000039,0.0,0.125,0.13333333333333333,0.9375,2,828.5,0.0,0.0625
anchored50-fixed,1.0,0.5,41000039,0.0,0.0625,0.06666666666666667,0.9375,1,581.0,0.0,0.0625
anchored75-fixed,1.0,0.5,41000039,0.0,0.0625,0.06666666666666667,0.9375,1,581.0,0.0,0.0625
telescoping-fixed,1.0,0.5,41000040,0.0,0.5,0.5,1.0,8,734.75,0.0,0.375
telescoping-hedged,1.0,0.5,41000040,0.0,0.5,0.5,1.0,8,788.5,0.0,0.4375
campaign25-fixed,1.0,0.5,41000040,0.0,0.5625,0.5625,1.0,9,762.1111111111111,0.0,0.375
campaign50-fixed,1.0,0.5,41000040,0.0,0.625,0.625,1.0,10,760.0,0.0,0.375
campaign75-fixed,1.0,0.5,41000040,0.0,0.6875,0.6875,1.0,11,761.4545454545455,0.0,0.4375
campaign-hedged,1.0,0.5,41000040,0.0,0.5,0.5,1.0,8,847.25,0.0,0.4375
anchored25-fixed,1.0,0.5,41000040,0.0,0.5,0.5,1.0,8,740.375,0.0,0.375
anchored50-fixed,1.0,0.5,41000040,0.0,0.5,0.5,1.0,8,748.5,0.0,0.375
anchored75-fixed,1.0,0.5,41000040,0.0,0.5625,0.5625,1.0,9,824.8888888888889,0.0,0.25
telescoping-fixed,1.0,0.5,41000041,0.0,0.1875,0.1875,1.0,3,1002.6666666666666,0.0,0.1875
telescoping-hedged,1.0,0.5,41000041,0.0,0.125,0.125,1.0,2,1161.0,0.0,0.125
campaign25-fixed,1.0,0.5,41000041,0.0,0.1875,0.1875,1.0,3,1067.6666666666667,0.0,0.1875
campaign50-fixed,1.0,0.5,41000041,0.0,0.1875,0.1875,1.0,3,1111.0,0.0,0.1875
campaign75-fixed,1.0,0.5,41000041,0.0,0.1875,0.1875,1.0,3,1239.3333333333333,0.0,0.0625
campaign-hedged,1.0,0.5,41000041,0.0,0.0625,0.0625,1.0,1,1251.0,0.0,0.0625
anchored25-fixed,1.0,0.5,41000041,0.0,0.1875,0.1875,1.0,3,1037.6666666666667,0.0,0.1875
anchored50-fixed,1.0,0.5,41000041,0.0,0.1875,0.1875,1.0,3,1064.3333333333333,0.0,0.1875
anchored75-fixed,1.0,0.5,41000041,0.0,0.0625,0.0625,1.0,1,986.0,0.0,0.0625
telescoping-fixed,1.0,0.5,41000042,0.0,0.3125,0.3125,1.0,5,1017.0,0.0,0.25
telescoping-hedged,1.0,0.5,41000042,0.0,0.25,0.25,1.0,4,1074.25,0.0,0.25
campaign25-fixed,1.0,0.5,41000042,0.0,0.3125,0.3125,1.0,5,1009.0,0.0,0.3125
campaign50-fixed,1.0,0.5,41000042,0.0,0.25,0.25,1.0,4,962.25,0.0,0.0625
campaign75-fixed,1.0,0.5,41000042,0.0,0.25,0.25,1.0,4,987.25,0.0,0.0625
campaign-hedged,1.0,0.5,41000042,0.0,0.25,0.25,1.0,4,989.75,0.0,0.125
anchored25-fixed,1.0,0.5,41000042,0.0,0.3125,0.3125,1.0,5,1015.6,0.0,0.125
anchored50-fixed,1.0,0.5,41000042,0.0,0.25,0.25,1.0,4,966.0,0.0,0.125
anchored75-fixed,1.0,0.5,41000042,0.0,0.25,0.25,1.0,4,974.75,0.0,0.125
telescoping-fixed,1.0,0.5,41000043,0.0,0.0,0.0,1.0,0,,0.0,0.0
telescoping-hedged,1.0,0.5,41000043,0.0,0.0,0.0,1.0,0,,0.0,0.0
campaign25-fixed,1.0,0.5,41000043,0.0,0.0,0.0,1.0,0,,0.0,0.0
campaign50-fixed,1.0,0.5,41000043,0.0,0.0,0.0,1.0,0,,0.0,0.0
campaign75-fixed,1.0,0.5,41000043,0.0,0.0,0.0,1.0,0,,0.0,0.0
campaign-hedged,1.0,0.5,41000043,0.0,0.0,0.0,1.0,0,,0.0,0.0
anchored25-fixed,1.0,0.5,41000043,0.0,0.0,0.0,1.0,0,,0.0,0.0
anchored50-fixed,1.0,0.5,41000043,0.0,0.0,0.0,1.0,0,,0.0,0.0
anchored75-fixed,1.0,0.5,41000043,0.0,0.0,0.0,1.0,0,,0.0,0.0
telescoping-fixed,1.0,0.5,41000044,0.0,0.125,0.13333333333333333,0.9375,2,1116.0,0.0,0.125
telescoping-hedged,1.0,0.5,41000044,0.0,0.125,0.13333333333333333,0.9375,2,1146.0,0.0,0.125
campaign25-fixed,1.0,0.5,41000044,0.0,0.125,0.13333333333333333,0.9375,2,1136.0,0.0,0.125
campaign50-fixed,1.0,0.5,41000044,0.0,0.125,0.13333333333333333,0.9375,2,1161.0,0.0,0.125
campaign75-fixed,1.0,0.5,41000044,0.0,0.125,0.13333333333333333,0.9375,2,1203.5,0.0,0.125
campaign-hedged,1.0,0.5,41000044,0.0,0.125,0.13333333333333333,0.9375,2,1173.5,0.0,0.125
anchored25-fixed,1.0,0.5,41000044,0.0,0.125,0.13333333333333333,0.9375,2,1131.0,0.0,0.125
anchored50-fixed,1.0,0.5,41000044,0.0,0.125,0.13333333333333333,0.9375,2,1146.0,0.0,0.125
anchored75-fixed,1.0,0.5,41000044,0.0,0.125,0.13333333333333333,0.9375,2,1146.0,0.0,0.125
telescoping-fixed,1.0,0.5,41000045,0.0,0.125,0.125,1.0,2,953.5,0.0,0.125
telescoping-hedged,1.0,0.5,41000045,0.0,0.125,0.125,1.0,2,1008.5,0.0,0.125
campaign25-fixed,1.0,0.5,41000045,0.0,0.125,0.125,1.0,2,971.0,0.0,0.125
campaign50-fixed,1.0,0.5,41000045,0.0,0.125,0.125,1.0,2,1048.5,0.0,0.125
campaign75-fixed,1.0,0.5,41000045,0.0,0.125,0.125,1.0,2,1063.5,0.0,0.125
campaign-hedged,1.0,0.5,41000045,0.0,0.125,0.125,1.0,2,1108.5,0.0,0.125
anchored25-fixed,1.0,0.5,41000045,0.0,0.125,0.125,1.0,2,983.5,0.0,0.125
anchored50-fixed,1.0,0.5,41000045,0.0,0.125,0.125,1.0,2,983.5,0.0,0.125
anchored75-fixed,1.0,0.5,41000045,0.0,0.125,0.125,1.0,2,983.5,0.0,0.125
telescoping-fixed,1.0,0.5,41000046,0.0,0.3125,0.3125,1.0,5,573.0,0.0,0.25
telescoping-hedged,1.0,0.5,41000046,0.0,0.3125,0.3125,1.0,5,860.0,0.0,0.25
campaign25-fixed,1.0,0.5,41000046,0.0,0.4375,0.4375,1.0,7,693.1428571428571,0.0,0.375
campaign50-fixed,1.0,0.5,41000046,0.0,0.4375,0.4375,1.0,7,786.0,0.0,0.375
campaign75-fixed,1.0,0.5,41000046,0.0,0.4375,0.4375,1.0,7,823.1428571428571,0.0,0.375
campaign-hedged,1.0,0.5,41000046,0.0,0.3125,0.3125,1.0,5,871.0,0.0,0.25
anchored25-fixed,1.0,0.5,41000046,0.0,0.3125,0.3125,1.0,5,582.0,0.0,0.25
anchored50-fixed,1.0,0.5,41000046,0.0,0.375,0.375,1.0,6,722.6666666666666,0.0,0.25
anchored75-fixed,1.0,0.5,41000046,0.0,0.375,0.375,1.0,6,740.1666666666666,0.0,0.3125
telescoping-fixed,1.0,0.5,41000047,0.0,0.0,0.0,1.0,0,,0.0,0.0
telescoping-hedged,1.0,0.5,41000047,0.0,0.0,0.0,1.0,0,,0.0,0.0
campaign25-fixed,1.0,0.5,41000047,0.0,0.0,0.0,1.0,0,,0.0,0.0
campaign50-fixed,1.0,0.5,41000047,0.0,0.0,0.0,1.0,0,,0.0,0.0
campaign75-fixed,1.0,0.5,41000047,0.0,0.0,0.0,1.0,0,,0.0,0.0
campaign-hedged,1.0,0.5,41000047,0.0,0.0,0.0,1.0,0,,0.0,0.0
anchored25-fixed,1.0,0.5,41000047,0.0,0.0,0.0,1.0,0,,0.0,0.0
anchored50-fixed,1.0,0.5,41000047,0.0,0.0,0.0,1.0,0,,0.0,0.0
anchored75-fixed,1.0,0.5,41000047,0.0,0.0,0.0,1.0,0,,0.0,0.0
telescoping-fixed,1.0,0.5,41000048,0.0,0.375,0.375,1.0,6,813.5,0.0,0.0
telescoping-hedged,1.0,0.5,41000048,0.0,0.3125,0.3125,1.0,5,926.0,0.0,0.0
campaign25-fixed,1.0,0.5,41000048,0.0,0.4375,0.4375,1.0,7,825.2857142857143,0.0,0.0
campaign50-fixed,1.0,0.5,41000048,0.0,0.4375,0.4375,1.0,7,869.5714285714286,0.0,0.0
campaign75-fixed,1.0,0.5,41000048,0.0,0.4375,0.4375,1.0,7,903.8571428571429,0.0,0.0
campaign-hedged,1.0,0.5,41000048,0.0,0.1875,0.1875,1.0,3,889.3333333333334,0.0,0.0
anchored25-fixed,1.0,0.5,41000048,0.0,0.375,0.375,1.0,6,820.1666666666666,0.0,0.0
anchored50-fixed,1.0,0.5,41000048,0.0,0.4375,0.4375,1.0,7,891.0,0.0,0.0
anchored75-fixed,1.0,0.5,41000048,0.0,0.25,0.25,1.0,4,884.75,0.0,0.0
telescoping-fixed,1.0,0.5,41000049,0.0,0.25,0.26666666666666666,0.9375,4,898.5,0.0,0.1875
telescoping-hedged,1.0,0.5,41000049,0.0,0.1875,0.2,0.9375,3,996.0,0.0,0.1875
campaign25-fixed,1.0,0.5,41000049,0.0,0.25,0.26666666666666666,0.9375,4,967.25,0.0,0.1875
campaign50-fixed,1.0,0.5,41000049,0.0,0.25,0.26666666666666666,0.9375,4,988.5,0.0,0.1875
campaign75-fixed,1.0,0.5,41000049,0.0,0.1875,0.2,0.9375,3,1054.3333333333333,0.0,0.1875
campaign-hedged,1.0,0.5,41000049,0.0,0.1875,0.2,0.9375,3,1056.0,0.0,0.1875
anchored25-fixed,1.0,0.5,41000049,0.0,0.25,0.26666666666666666,0.9375,4,968.5,0.0,0.1875
anchored50-fixed,1.0,0.5,41000049,0.0,0.1875,0.2,0.9375,3,954.3333333333334,0.0,0.1875
anchored75-fixed,1.0,0.5,41000049,0.0,0.1875,0.2,0.9375,3,1006.0,0.0,0.1875
telescoping-fixed,1.0,0.5,41000050,0.0,0.0625,0.0625,1.0,1,1151.0,0.0,0.0
telescoping-hedged,1.0,0.5,41000050,0.0,0.0,0.0,1.0,0,,0.0,0.0
campaign25-fixed,1.0,0.5,41000050,0.0,0.0,0.0,1.0,0,,0.0,0.0
campaign50-fixed,1.0,0.5,41000050,0.0,0.0,0.0,1.0,0,,0.0,0.0
campaign75-fixed,1.0,0.5,41000050,0.0,0.0,0.0,1.0,0,,0.0,0.0
campaign-hedged,1.0,0.5,41000050,0.0,0.0,0.0,1.0,0,,0.0,0.0
anchored25-fixed,1.0,0.5,41000050,0.0,0.0625,0.0625,1.0,1,1151.0,0.0,0.0
anchored50-fixed,1.0,0.5,41000050,0.0,0.0625,0.0625,1.0,1,1151.0,0.0,0.0
anchored75-fixed,1.0,0.5,41000050,0.0,0.0625,0.0625,1.0,1,1151.0,0.0,0.0
telescoping-fixed,1.0,0.5,41000051,0.0,0.875,0.875,1.0,14,686.3571428571429,0.0,0.4375
telescoping-hedged,1.0,0.5,41000051,0.0,0.5625,0.5625,1.0,9,756.0,0.0,0.3125
campaign25-fixed,1.0,0.5,41000051,0.0,0.875,0.875,1.0,14,672.7857142857143,0.0,0.5625
campaign50-fixed,1.0,0.5,41000051,0.0,0.8125,0.8125,1.0,13,675.6153846153846,0.0,0.5625
campaign75-fixed,1.0,0.5,41000051,0.06666666666666667,0.875,0.875,1.0,15,692.0714285714286,0.0,0.5625
campaign-hedged,1.0,0.5,41000051,0.0,0.8125,0.8125,1.0,13,756.7692307692307,0.0,0.4375
anchored25-fixed,1.0,0.5,41000051,0.0,0.8125,0.8125,1.0,13,655.2307692307693,0.0,0.5
anchored50-fixed,1.0,0.5,41000051,0.0,0.8125,0.8125,1.0,13,664.8461538461538,0.0,0.5
anchored75-fixed,1.0,0.5,41000051,0.0,0.8125,0.8125,1.0,13,674.8461538461538,0.0,0.5
telescoping-fixed,1.0,0.5,41000052,0.0,0.0,0.0,1.0,0,,0.0,0.0
telescoping-hedged,1.0,0.5,41000052,0.0,0.0,0.0,1.0,0,,0.0,0.0
campaign25-fixed,1.0,0.5,41000052,0.0,0.0,0.0,1.0,0,,0.0,0.0
campaign50-fixed,1.0,0.5,41000052,0.0,0.0,0.0,1.0,0,,0.0,0.0
campaign75-fixed,1.0,0.5,41000052,0.0,0.0,0.0,1.0,0,,0.0,0.0
campaign-hedged,1.0,0.5,41000052,0.0,0.0,0.0,1.0,0,,0.0,0.0
anchored25-fixed,1.0,0.5,41000052,0.0,0.0,0.0,1.0,0,,0.0,0.0
anchored50-fixed,1.0,0.5,41000052,0.0,0.0,0.0,1.0,0,,0.0,0.0
anchored75-fixed,1.0,0.5,41000052,0.0,0.0,0.0,1.0,0,,0.0,0.0
telescoping-fixed,1.0,0.5,41000053,0.0,0.0625,0.0625,1.0,1,706.0,0.0,0.0
telescoping-hedged,1.0,0.5,41000053,0.0,0.0,0.0,1.0,0,,0.0,0.0
campaign25-fixed,1.0,0.5,41000053,0.0,0.0625,0.0625,1.0,1,766.0,0.0,0.0
campaign50-fixed,1.0,0.5,41000053,0.0,0.0,0.0,1.0,0,,0.0,0.0
campaign75-fixed,1.0,0.5,41000053,0.0,0.0,0.0,1.0,0,,0.0,0.0
campaign-hedged,1.0,0.5,41000053,0.0,0.0,0.0,1.0,0,,0.0,0.0
anchored25-fixed,1.0,0.5,41000053,0.0,0.0625,0.0625,1.0,1,766.0,0.0,0.0
anchored50-fixed,1.0,0.5,41000053,0.0,0.0,0.0,1.0,0,,0.0,0.0
anchored75-fixed,1.0,0.5,41000053,0.0,0.0,0.0,1.0,0,,0.0,0.0
telescoping-fixed,1.0,0.5,41000054,0.0,0.3125,0.3125,1.0,5,499.0,0.0,0.125
telescoping-hedged,1.0,0.5,41000054,0.0,0.125,0.125,1.0,2,586.0,0.0,0.125
campaign25-fixed,1.0,0.5,41000054,0.0,0.25,0.25,1.0,4,483.5,0.0,0.125
campaign50-fixed,1.0,0.5,41000054,0.0,0.1875,0.1875,1.0,3,616.0,0.0,0.0
campaign75-fixed,1.0,0.5,41000054,0.0,0.1875,0.1875,1.0,3,721.0,0.0,0.0
campaign-hedged,1.0,0.5,41000054,0.0,0.125,0.125,1.0,2,611.0,0.0,0.0
anchored25-fixed,1.0,0.5,41000054,0.0,0.25,0.25,1.0,4,484.75,0.0,0.125
anchored50-fixed,1.0,0.5,41000054,0.0,0.25,0.25,1.0,4,529.75,0.0,0.0
anchored75-fixed,1.0,0.5,41000054,0.0,0.25,0.25,1.0,4,534.75,0.0,0.0
telescoping-fixed,1.0,0.5,41000055,0.0,0.0,0.0,1.0,0,,0.0,0.0
telescoping-hedged,1.0,0.5,41000055,0.0,0.0,0.0,1.0,0,,0.0,0.0
campaign25-fixed,1.0,0.5,41000055,0.0,0.0,0.0,1.0,0,,0.0,0.0
campaign50-fixed,1.0,0.5,41000055,0.0,0.0,0.0,1.0,0,,0.0,0.0
campaign75-fixed,1.0,0.5,41000055,0.0,0.0,0.0,1.0,0,,0.0,0.0
campaign-hedged,1.0,0.5,41000055,0.0,0.0,0.0,1.0,0,,0.0,0.0
anchored25-fixed,1.0,0.5,41000055,0.0,0.0,0.0,1.0,0,,0.0,0.0
anchored50-fixed,1.0,0.5,41000055,0.0,0.0,0.0,1.0,0,,0.0,0.0
anchored75-fixed,1.0,0.5,41000055,0.0,0.0,0.0,1.0,0,,0.0,0.0
telescoping-fixed,1.0,0.5,41000056,0.0,0.4375,0.4375,1.0,7,489.57142857142856,0.0,0.3125
telescoping-hedged,1.0,0.5,41000056,0.0,0.4375,0.4375,1.0,7,595.2857142857143,0.0,0.25
campaign25-fixed,1.0,0.5,41000056,0.0,0.4375,0.4375,1.0,7,511.0,0.0,0.3125
campaign50-fixed,1.0,0.5,41000056,0.0,0.5625,0.5625,1.0,9,582.6666666666666,0.0,0.3125
campaign75-fixed,1.0,0.5,41000056,0.0,0.625,0.625,1.0,10,657.5,0.0,0.375
campaign-hedged,1.0,0.5,41000056,0.0,0.4375,0.4375,1.0,7,663.1428571428571,0.0,0.25
anchored25-fixed,1.0,0.5,41000056,0.0,0.4375,0.4375,1.0,7,506.7142857142857,0.0,0.3125
anchored50-fixed,1.0,0.5,41000056,0.0,0.4375,0.4375,1.0,7,528.1428571428571,0.0,0.3125
anchored75-fixed,1.0,0.5,41000056,0.0,0.5,0.5,1.0,8,650.375,0.0,0.3125
telescoping-fixed,1.0,0.5,41000057,0.0,0.0625,0.0625,1.0,1,1161.0,0.0,0.0625
telescoping-hedged,1.0,0.5,41000057,0.0,0.125,0.125,1.0,2,1203.5,0.0,0.125
campaign25-fixed,1.0,0.5,41000057,0.0,0.0625,0.0625,1.0,1,1161.0,0.0,0.0625
campaign50-fixed,1.0,0.5,41000057,0.0,0.0625,0.0625,1.0,1,1161.0,0.0,0.0625
campaign75-fixed,1.0,0.5,41000057,0.0,0.0625,0.0625,1.0,1,1166.0,0.0,0.0625
campaign-hedged,1.0,0.5,41000057,0.0,0.0,0.0,1.0,0,,0.0,0.0
anchored25-fixed,1.0,0.5,41000057,0.0,0.0625,0.0625,1.0,1,1166.0,0.0,0.0625
anchored50-fixed,1.0,0.5,41000057,0.0,0.0625,0.0625,1.0,1,1166.0,0.0,0.0625
anchored75-fixed,1.0,0.5,41000057,0.0,0.0,0.0,1.0,0,,0.0,0.0
telescoping-fixed,1.0,0.5,41000058,0.0,0.125,0.125,1.0,2,168.5,0.0,0.125
telescoping-hedged,1.0,0.5,41000058,0.0,0.125,0.125,1.0,2,258.5,0.0,0.125
campaign25-fixed,1.0,0.5,41000058,0.0,0.125,0.125,1.0,2,168.5,0.0,0.0
campaign50-fixed,1.0,0.5,41000058,0.0,0.125,0.125,1.0,2,258.5,0.0,0.0
campaign75-fixed,1.0,0.5,41000058,0.0,0.0625,0.0625,1.0,1,376.0,0.0,0.0
campaign-hedged,1.0,0.5,41000058,0.0,0.125,0.125,1.0,2,781.0,0.0,0.0
anchored25-fixed,1.0,0.5,41000058,0.0,0.125,0.125,1.0,2,168.5,0.0,0.0
anchored50-fixed,1.0,0.5,41000058,0.0,0.125,0.125,1.0,2,208.5,0.0,0.0
anchored75-fixed,1.0,0.5,41000058,0.0,0.0625,0.0625,1.0,1,166.0,0.0,0.0
telescoping-fixed,1.0,0.5,41000059,0.0,0.3125,0.3125,1.0,5,1147.0,0.0,0.0625
telescoping-hedged,1.0,0.5,41000059,0.0,0.1875,0.1875,1.0,3,1124.3333333333333,0.0,0.125
campaign25-fixed,1.0,0.5,41000059,0.0,0.3125,0.3125,1.0,5,1147.0,0.0,0.0625
campaign50-fixed,1.0,0.5,41000059,0.0,0.125,0.125,1.0,2,1116.0,0.0,0.0625
campaign75-fixed,1.0,0.5,41000059,0.0,0.125,0.125,1.0,2,1108.5,0.0,0.0625
campaign-hedged,1.0,0.5,41000059,0.0,0.125,0.125,1.0,2,1161.0,0.0,0.0625
anchored25-fixed,1.0,0.5,41000059,0.0,0.25,0.25,1.0,4,1147.25,0.0,0.0625
anchored50-fixed,1.0,0.5,41000059,0.0,0.1875,0.1875,1.0,3,1141.0,0.0,0.0625
anchored75-fixed,1.0,0.5,41000059,0.0,0.1875,0.1875,1.0,3,1149.3333333333333,0.0,0.0625
telescoping-fixed,1.0,0.5,41000060,0.0,0.0,0.0,1.0,0,,0.0,0.0
telescoping-hedged,1.0,0.5,41000060,0.0,0.0,0.0,1.0,0,,0.0,0.0
campaign25-fixed,1.0,0.5,41000060,0.0,0.0,0.0,1.0,0,,0.0,0.0
campaign50-fixed,1.0,0.5,41000060,0.0,0.0,0.0,1.0,0,,0.0,0.0
campaign75-fixed,1.0,0.5,41000060,0.0,0.0,0.0,1.0,0,,0.0,0.0
campaign-hedged,1.0,0.5,41000060,0.0,0.0,0.0,1.0,0,,0.0,0.0
anchored25-fixed,1.0,0.5,41000060,0.0,0.0,0.0,1.0,0,,0.0,0.0
anchored50-fixed,1.0,0.5,41000060,0.0,0.0,0.0,1.0,0,,0.0,0.0
anchored75-fixed,1.0,0.5,41000060,0.0,0.0,0.0,1.0,0,,0.0,0.0
telescoping-fixed,1.0,0.5,41000061,0.0,0.125,0.125,1.0,2,1203.5,0.0,0.0625
telescoping-hedged,1.0,0.5,41000061,0.0,0.125,0.125,1.0,2,1213.5,0.0,0.0625
campaign25-fixed,1.0,0.5,41000061,0.0,0.125,0.125,1.0,2,1213.5,0.0,0.0625
campaign50-fixed,1.0,0.5,41000061,0.0,0.0625,0.0625,1.0,1,1226.0,0.0,0.0
campaign75-fixed,1.0,0.5,41000061,0.0,0.0,0.0,1.0,0,,0.0,0.0
campaign-hedged,1.0,0.5,41000061,0.0,0.0,0.0,1.0,0,,0.0,0.0
anchored25-fixed,1.0,0.5,41000061,0.0,0.125,0.125,1.0,2,1213.5,0.0,0.0
anchored50-fixed,1.0,0.5,41000061,0.0,0.0625,0.0625,1.0,1,1226.0,0.0,0.0
anchored75-fixed,1.0,0.5,41000061,0.0,0.0,0.0,1.0,0,,0.0,0.0
telescoping-fixed,1.0,0.5,41000062,0.0,0.125,0.125,1.0,2,761.0,0.0,0.125
telescoping-hedged,1.0,0.5,41000062,0.0,0.125,0.125,1.0,2,1111.0,0.0,0.125
campaign25-fixed,1.0,0.5,41000062,0.0,0.125,0.125,1.0,2,1106.0,0.0,0.125
campaign50-fixed,1.0,0.5,41000062,0.0,0.125,0.125,1.0,2,1116.0,0.0,0.0625
campaign75-fixed,1.0,0.5,41000062,0.0,0.0625,0.0625,1.0,1,1151.0,0.0,0.0625
campaign-hedged,1.0,0.5,41000062,0.0,0.0,0.0,1.0,0,,0.0,0.0
anchored25-fixed,1.0,0.5,41000062,0.0,0.125,0.125,1.0,2,773.5,0.0,0.125
anchored50-fixed,1.0,0.5,41000062,0.0,0.125,0.125,1.0,2,776.0,0.0,0.125
anchored75-fixed,1.0,0.5,41000062,0.0,0.125,0.125,1.0,2,778.5,0.0,0.125
telescoping-fixed,1.0,0.5,41000063,0.0,0.5,0.5,1.0,8,844.75,0.0,0.3125
telescoping-hedged,1.0,0.5,41000063,0.0,0.25,0.25,1.0,4,774.75,0.0,0.25
campaign25-fixed,1.0,0.5,41000063,0.0,0.6875,0.6875,1.0,11,847.3636363636364,0.0,0.5625
campaign50-fixed,1.0,0.5,41000063,0.0,0.6875,0.6875,1.0,11,813.2727272727273,0.0,0.625
campaign75-fixed,1.0,0.5,41000063,0.0,0.75,0.75,1.0,12,831.9166666666666,0.0,0.5625
campaign-hedged,1.0,0.5,41000063,0.0,0.4375,0.4375,1.0,7,851.0,0.0,0.25
anchored25-fixed,1.0,0.5,41000063,0.0,0.625,0.625,1.0,10,860.0,0.0,0.5
anchored50-fixed,1.0,0.5,41000063,0.0,0.5625,0.5625,1.0,9,824.8888888888889,0.0,0.4375
anchored75-fixed,1.0,0.5,41000063,0.0,0.625,0.625,1.0,10,830.5,0.0,0.5625
telescoping-fixed,1.0,0.5,41000064,0.0,0.0625,0.0625,1.0,1,131.0,0.0,0.0
telescoping-hedged,1.0,0.5,41000064,0.0,0.0625,0.0625,1.0,1,206.0,0.0,0.0
campaign25-fixed,1.0,0.5,41000064,0.0,0.0625,0.0625,1.0,1,151.0,0.0,0.0
campaign50-fixed,1.0,0.5,41000064,0.0,0.0625,0.0625,1.0,1,201.0,0.0,0.0
campaign75-fixed,1.0,0.5,41000064,0.0,0.0,0.0,1.0,0,,0.0,0.0
campaign-hedged,1.0,0.5,41000064,0.0,0.0,0.0,1.0,0,,0.0,0.0
anchored25-fixed,1.0,0.5,41000064,0.0,0.0625,0.0625,1.0,1,131.0,0.0,0.0
anchored50-fixed,1.0,0.5,41000064,0.0,0.0625,0.0625,1.0,1,131.0,0.0,0.0
anchored75-fixed,1.0,0.5,41000064,0.0,0.0625,0.0625,1.0,1,131.0,0.0,0.0
telescoping-fixed,1.0,0.5,41000065,0.0,0.25,0.25,1.0,4,611.0,0.0,0.0625
telescoping-hedged,1.0,0.5,41000065,0.0,0.0625,0.0625,1.0,1,1001.0,0.0,0.0625
campaign25-fixed,1.0,0.5,41000065,0.0,0.1875,0.1875,1.0,3,721.0,0.0,0.0625
campaign50-fixed,1.0,0.5,41000065,0.0,0.1875,0.1875,1.0,3,721.0,0.0,0.0625
campaign75-fixed,1.0,0.5,41000065,0.0,0.1875,0.1875,1.0,3,722.6666666666666,0.0,0.0
campaign-hedged,1.0,0.5,41000065,0.0,0.0625,0.0625,1.0,1,1016.0,0.0,0.0
anchored25-fixed,1.0,0.5,41000065,0.0,0.25,0.25,1.0,4,643.5,0.0,0.0625
anchored50-fixed,1.0,0.5,41000065,0.0,0.25,0.25,1.0,4,644.75,0.0,0.0625
anchored75-fixed,1.0,0.5,41000065,0.0,0.0625,0.0625,1.0,1,1016.0,0.0,0.0
telescoping-fixed,1.0,0.5,41000066,0.0,0.3125,0.3125,1.0,5,1071.0,0.0,0.25
telescoping-hedged,1.0,0.5,41000066,0.0,0.125,0.125,1.0,2,1106.0,0.0,0.125
campaign25-fixed,1.0,0.5,41000066,0.0,0.25,0.25,1.0,4,1067.25,0.0,0.25
campaign50-fixed,1.0,0.5,41000066,0.0,0.25,0.25,1.0,4,1131.0,0.0,0.25
campaign75-fixed,1.0,0.5,41000066,0.0,0.25,0.25,1.0,4,1143.5,0.0,0.25
campaign-hedged,1.0,0.5,41000066,0.0,0.125,0.125,1.0,2,1196.0,0.0,0.0
anchored25-fixed,1.0,0.5,41000066,0.0,0.25,0.25,1.0,4,1057.25,0.0,0.25
anchored50-fixed,1.0,0.5,41000066,0.0,0.25,0.25,1.0,4,1132.25,0.0,0.1875
anchored75-fixed,1.0,0.5,41000066,0.0,0.25,0.25,1.0,4,1142.25,0.0,0.1875
telescoping-fixed,1.0,0.5,41000067,0.0,0.25,0.25,1.0,4,758.5,0.0,0.1875
telescoping-hedged,1.0,0.5,41000067,0.0,0.1875,0.1875,1.0,3,852.6666666666666,0.0,0.1875
campaign25-fixed,1.0,0.5,41000067,0.0,0.25,0.25,1.0,4,786.0,0.0,0.1875
campaign50-fixed,1.0,0.5,41000067,0.0,0.1875,0.1875,1.0,3,831.0,0.0,0.1875
campaign75-fixed,1.0,0.5,41000067,0.0,0.1875,0.1875,1.0,3,861.0,0.0,0.1875
campaign-hedged,1.0,0.5,41000067,0.0,0.1875,0.1875,1.0,3,1114.3333333333333,0.0,0.1875
anchored25-fixed,1.0,0.5,41000067,0.0,0.1875,0.1875,1.0,3,761.0,0.0,0.1875
anchored50-fixed,1.0,0.5,41000067,0.0,0.1875,0.1875,1.0,3,809.3333333333334,0.0,0.1875
anchored75-fixed,1.0,0.5,41000067,0.0,0.1875,0.1875,1.0,3,869.3333333333334,0.0,0.1875
telescoping-fixed,1.0,0.5,41000068,0.0,0.0,0.0,1.0,0,,0.0,0.0
telescoping-hedged,1.0,0.5,41000068,0.0,0.0,0.0,1.0,0,,0.0,0.0
campaign25-fixed,1.0,0.5,41000068,0.0,0.0,0.0,1.0,0,,0.0,0.0
campaign50-fixed,1.0,0.5,41000068,0.0,0.0,0.0,1.0,0,,0.0,0.0
campaign75-fixed,1.0,0.5,41000068,0.0,0.0,0.0,1.0,0,,0.0,0.0
campaign-hedged,1.0,0.5,41000068,0.0,0.0,0.0,1.0,0,,0.0,0.0
anchored25-fixed,1.0,0.5,41000068,0.0,0.0,0.0,1.0,0,,0.0,0.0
anchored50-fixed,1.0,0.5,41000068,0.0,0.0,0.0,1.0,0,,0.0,0.0
anchored75-fixed,1.0,0.5,41000068,0.0,0.0,0.0,1.0,0,,0.0,0.0
telescoping-fixed,1.0,0.5,41000069,0.0,0.0,0.0,1.0,0,,0.0,0.0
telescoping-hedged,1.0,0.5,41000069,0.0,0.0,0.0,1.0,0,,0.0,0.0
campaign25-fixed,1.0,0.5,41000069,0.0,0.0,0.0,1.0,0,,0.0,0.0
campaign50-fixed,1.0,0.5,41000069,0.0,0.0,0.0,1.0,0,,0.0,0.0
campaign75-fixed,1.0,0.5,41000069,0.0,0.0,0.0,1.0,0,,0.0,0.0
campaign-hedged,1.0,0.5,41000069,0.0,0.0,0.0,1.0,0,,0.0,0.0
anchored25-fixed,1.0,0.5,41000069,0.0,0.0,0.0,1.0,0,,0.0,0.0
anchored50-fixed,1.0,0.5,41000069,0.0,0.0,0.0,1.0,0,,0.0,0.0
anchored75-fixed,1.0,0.5,41000069,0.0,0.0,0.0,1.0,0,,0.0,0.0
telescoping-fixed,1.0,0.5,41000070,0.0,0.125,0.125,1.0,2,933.5,0.0,0.0625
telescoping-hedged,1.0,0.5,41000070,0.0,0.0,0.0,1.0,0,,0.0,0.0
campaign25-fixed,1.0,0.5,41000070,0.0,0.125,0.125,1.0,2,933.5,0.0,0.0625
campaign50-fixed,1.0,0.5,41000070,0.0,0.125,0.125,1.0,2,948.5,0.0,0.0625
campaign75-fixed,1.0,0.5,41000070,0.0,0.0,0.0,1.0,0,,0.0,0.0
campaign-hedged,1.0,0.5,41000070,0.0,0.0,0.0,1.0,0,,0.0,0.0
anchored25-fixed,1.0,0.5,41000070,0.0,0.125,0.125,1.0,2,933.5,0.0,0.0625
anchored50-fixed,1.0,0.5,41000070,0.0,0.0625,0.0625,1.0,1,1211.0,0.0,0.0625
anchored75-fixed,1.0,0.5,41000070,0.0,0.0,0.0,1.0,0,,0.0,0.0
telescoping-fixed,1.0,0.5,41000071,0.0,0.1875,0.1875,1.0,3,1119.3333333333333,0.0,0.125
telescoping-hedged,1.0,0.5,41000071,0.0,0.125,0.125,1.0,2,1196.0,0.0,0.0
campaign25-fixed,1.0,0.5,41000071,0.0,0.125,0.125,1.0,2,1131.0,0.0,0.125
campaign50-fixed,1.0,0.5,41000071,0.0,0.125,0.125,1.0,2,1151.0,0.0,0.125
campaign75-fixed,1.0,0.5,41000071,0.0,0.0,0.0,1.0,0,,0.0,0.0
campaign-hedged,1.0,0.5,41000071,0.0,0.0,0.0,1.0,0,,0.0,0.0
anchored25-fixed,1.0,0.5,41000071,0.0,0.125,0.125,1.0,2,1081.0,0.0,0.125
anchored50-fixed,1.0,0.5,41000071,0.0,0.125,0.125,1.0,2,1081.0,0.0,0.0625
anchored75-fixed,1.0,0.5,41000071,0.0,0.125,0.125,1.0,2,1096.0,0.0,0.0625
telescoping-fixed,1.0,0.5,41000072,0.0,0.0,0.0,1.0,0,,0.0,0.0
telescoping-hedged,1.0,0.5,41000072,0.0,0.0,0.0,1.0,0,,0.0,0.0
campaign25-fixed,1.0,0.5,41000072,0.0,0.0,0.0,1.0,0,,0.0,0.0
campaign50-fixed,1.0,0.5,41000072,0.0,0.0,0.0,1.0,0,,0.0,0.0
campaign75-fixed,1.0,0.5,41000072,0.0,0.0,0.0,1.0,0,,0.0,0.0
campaign-hedged,1.0,0.5,41000072,0.0,0.0,0.0,1.0,0,,0.0,0.0
anchored25-fixed,1.0,0.5,41000072,0.0,0.0,0.0,1.0,0,,0.0,0.0
anchored50-fixed,1.0,0.5,41000072,0.0,0.0,0.0,1.0,0,,0.0,0.0
anchored75-fixed,1.0,0.5,41000072,0.0,0.0,0.0,1.0,0,,0.0,0.0
telescoping-fixed,1.0,0.5,41000073,0.0,0.0,0.0,1.0,0,,0.0,0.0
telescoping-hedged,1.0,0.5,41000073,0.0,0.0,0.0,1.0,0,,0.0,0.0
campaign25-fixed,1.0,0.5,41000073,0.0,0.0,0.0,1.0,0,,0.0,0.0
campaign50-fixed,1.0,0.5,41000073,0.0,0.0,0.0,1.0,0,,0.0,0.0
campaign75-fixed,1.0,0.5,41000073,0.0,0.0,0.0,1.0,0,,0.0,0.0
campaign-hedged,1.0,0.5,41000073,0.0,0.0,0.0,1.0,0,,0.0,0.0
anchored25-fixed,1.0,0.5,41000073,0.0,0.0,0.0,1.0,0,,0.0,0.0
anchored50-fixed,1.0,0.5,41000073,0.0,0.0,0.0,1.0,0,,0.0,0.0
anchored75-fixed,1.0,0.5,41000073,0.0,0.0,0.0,1.0,0,,0.0,0.0
telescoping-fixed,1.0,0.5,41000074,0.0,0.0625,0.0625,1.0,1,766.0,0.0,0.0
telescoping-hedged,1.0,0.5,41000074,0.0,0.0,0.0,1.0,0,,0.0,0.0
campaign25-fixed,1.0,0.5,41000074,0.0,0.0625,0.0625,1.0,1,1001.0,0.0,0.0
campaign50-fixed,1.0,0.5,41000074,0.0,0.0,0.0,1.0,0,,0.0,0.0
campaign75-fixed,1.0,0.5,41000074,0.0,0.0,0.0,1.0,0,,0.0,0.0
campaign-hedged,1.0,0.5,41000074,0.0,0.0,0.0,1.0,0,,0.0,0.0
anchored25-fixed,1.0,0.5,41000074,0.0,0.0625,0.0625,1.0,1,1001.0,0.0,0.0
anchored50-fixed,1.0,0.5,41000074,0.0,0.0,0.0,1.0,0,,0.0,0.0
anchored75-fixed,1.0,0.5,41000074,0.0,0.0,0.0,1.0,0,,0.0,0.0
telescoping-fixed,1.0,0.5,41000075,0.0,0.4375,0.4375,1.0,7,722.4285714285714,0.0,0.375
telescoping-hedged,1.0,0.5,41000075,0.0,0.4375,0.4375,1.0,7,986.7142857142857,0.0,0.25
campaign25-fixed,1.0,0.5,41000075,0.0,0.4375,0.4375,1.0,7,805.2857142857143,0.0,0.4375
campaign50-fixed,1.0,0.5,41000075,0.0,0.5625,0.5625,1.0,9,908.7777777777778,0.0,0.5
campaign75-fixed,1.0,0.5,41000075,0.0,0.625,0.625,1.0,10,904.0,0.0,0.5625
campaign-hedged,1.0,0.5,41000075,0.0,0.4375,0.4375,1.0,7,970.2857142857143,0.0,0.3125
anchored25-fixed,1.0,0.5,41000075,0.0,0.4375,0.4375,1.0,7,804.5714285714286,0.0,0.375
anchored50-fixed,1.0,0.5,41000075,0.0,0.4375,0.4375,1.0,7,808.1428571428571,0.0,0.3125
anchored75-fixed,1.0,0.5,41000075,0.0,0.4375,0.4375,1.0,7,831.7142857142857,0.0,0.3125
telescoping-fixed,1.0,0.5,41000076,0.0,0.0,0.0,1.0,0,,0.0,0.0
telescoping-hedged,1.0,0.5,41000076,0.0,0.0,0.0,1.0,0,,0.0,0.0
campaign25-fixed,1.0,0.5,41000076,0.0,0.0,0.0,1.0,0,,0.0,0.0
campaign50-fixed,1.0,0.5,41000076,0.0,0.0,0.0,1.0,0,,0.0,0.0
campaign75-fixed,1.0,0.5,41000076,0.0,0.0,0.0,1.0,0,,0.0,0.0
campaign-hedged,1.0,0.5,41000076,0.0,0.0,0.0,1.0,0,,0.0,0.0
anchored25-fixed,1.0,0.5,41000076,0.0,0.0,0.0,1.0,0,,0.0,0.0
anchored50-fixed,1.0,0.5,41000076,0.0,0.0,0.0,1.0,0,,0.0,0.0
anchored75-fixed,1.0,0.5,41000076,0.0,0.0,0.0,1.0,0,,0.0,0.0
telescoping-fixed,1.0,0.5,41000077,0.0,0.1875,0.1875,1.0,3,606.0,0.0,0.1875
telescoping-hedged,1.0,0.5,41000077,0.0,0.25,0.25,1.0,4,864.75,0.0,0.1875
campaign25-fixed,1.0,0.5,41000077,0.0,0.1875,0.1875,1.0,3,611.0,0.0,0.1875
campaign50-fixed,1.0,0.5,41000077,0.0,0.1875,0.1875,1.0,3,631.0,0.0,0.1875
campaign75-fixed,1.0,0.5,41000077,0.0,0.25,0.25,1.0,4,787.25,0.0,0.25
campaign-hedged,1.0,0.5,41000077,0.0,0.1875,0.1875,1.0,3,996.0,0.0,0.1875
anchored25-fixed,1.0,0.5,41000077,0.0,0.1875,0.1875,1.0,3,667.6666666666666,0.0,0.1875
anchored50-fixed,1.0,0.5,41000077,0.0,0.1875,0.1875,1.0,3,669.3333333333334,0.0,0.1875
anchored75-fixed,1.0,0.5,41000077,0.0,0.1875,0.1875,1.0,3,862.0,0.0,0.1875
telescoping-fixed,1.0,0.5,41000078,0.0,0.0625,0.0625,1.0,1,1181.0,0.0,0.0625
telescoping-hedged,1.0,0.5,41000078,0.0,0.0625,0.0625,1.0,1,1181.0,0.0,0.0625
campaign25-fixed,1.0,0.5,41000078,0.0,0.0625,0.0625,1.0,1,1181.0,0.0,0.0625
campaign50-fixed,1.0,0.5,41000078,0.0,0.0625,0.0625,1.0,1,1186.0,0.0,0.0
campaign75-fixed,1.0,0.5,41000078,0.0,0.0,0.0,1.0,0,,0.0,0.0
campaign-hedged,1.0,0.5,41000078,0.0,0.0,0.0,1.0,0,,0.0,0.0
anchored25-fixed,1.0,0.5,41000078,0.0,0.0625,0.0625,1.0,1,1181.0,0.0,0.0625
anchored50-fixed,1.0,0.5,41000078,0.0,0.0625,0.0625,1.0,1,1181.0,0.0,0.0625
anchored75-fixed,1.0,0.5,41000078,0.0,0.0625,0.0625,1.0,1,1181.0,0.0,0.0625
telescoping-fixed,1.0,0.5,41000079,0.0,0.4375,0.4375,1.0,7,532.4285714285714,0.0,0.1875
telescoping-hedged,1.0,0.5,41000079,0.0,0.25,0.25,1.0,4,728.5,0.0,0.125
campaign25-fixed,1.0,0.5,41000079,0.0,0.5,0.5,1.0,8,510.375,0.0,0.1875
campaign50-fixed,1.0,0.5,41000079,0.0,0.4375,0.4375,1.0,7,506.0,0.0,0.25
campaign75-fixed,1.0,0.5,41000079,0.0,0.4375,0.4375,1.0,7,528.1428571428571,0.0,0.25
campaign-hedged,1.0,0.5,41000079,0.0,0.1875,0.1875,1.0,3,826.0,0.0,0.125
anchored25-fixed,1.0,0.5,41000079,0.0,0.375,0.375,1.0,6,641.8333333333334,0.0,0.1875
anchored50-fixed,1.0,0.5,41000079,0.0,0.375,0.375,1.0,6,649.3333333333334,0.0,0.1875
anchored75-fixed,1.0,0.5,41000079,0.0,0.1875,0.1875,1.0,3,602.6666666666666,0.0,0.125
telescoping-fixed,1.0,0.5,41000080,0.0,0.25,0.25,1.0,4,1068.5,0.0,0.0
telescoping-hedged,1.0,0.5,41000080,0.0,0.0,0.0,1.0,0,,0.0,0.0
campaign25-fixed,1.0,0.5,41000080,0.0,0.1875,0.1875,1.0,3,1039.3333333333333,0.0,0.0
campaign50-fixed,1.0,0.5,41000080,0.0,0.375,0.375,1.0,6,1057.6666666666667,0.0,0.0
campaign75-fixed,1.0,0.5,41000080,0.0,0.0,0.0,1.0,0,,0.0,0.0
campaign-hedged,1.0,0.5,41000080,0.0,0.0,0.0,1.0,0,,0.0,0.0
anchored25-fixed,1.0,0.5,41000080,0.0,0.1875,0.1875,1.0,3,1039.3333333333333,0.0,0.0
anchored50-fixed,1.0,0.5,41000080,0.0,0.1875,0.1875,1.0,3,1042.6666666666667,0.0,0.0
anchored75-fixed,1.0,0.5,41000080,0.0,0.0,0.0,1.0,0,,0.0,0.0
telescoping-fixed,1.0,0.5,41000081,0.0,0.4375,0.4666666666666667,0.9375,7,632.4285714285714,0.0,0.1875
telescoping-hedged,1.0,0.5,41000081,0.0,0.3125,0.3333333333333333,0.9375,5,649.0,0.0,0.1875
campaign25-fixed,1.0,0.5,41000081,0.0,0.5625,0.6,0.9375,9,621.0,0.0,0.1875
campaign50-fixed,1.0,0.5,41000081,0.0,0.5625,0.6,0.9375,9,598.2222222222222,0.0,0.1875
campaign75-fixed,1.0,0.5,41000081,0.0,0.6875,0.7333333333333333,0.9375,11,651.4545454545455,0.0,0.25
campaign-hedged,1.0,0.5,41000081,0.0,0.25,0.26666666666666666,0.9375,4,659.75,0.0,0.1875
anchored25-fixed,1.0,0.5,41000081,0.0,0.4375,0.4666666666666667,0.9375,7,644.5714285714286,0.0,0.1875
anchored50-fixed,1.0,0.5,41000081,0.0,0.4375,0.4666666666666667,0.9375,7,669.5714285714286,0.0,0.1875
anchored75-fixed,1.0,0.5,41000081,0.0,0.5,0.5333333333333333,0.9375,8,714.75,0.0,0.1875
telescoping-fixed,1.0,0.5,41000082,0.0,0.5,0.5,1.0,8,702.25,0.0,0.5
telescoping-hedged,1.0,0.5,41000082,0.0,0.3125,0.3125,1.0,5,622.0,0.0,0.25
campaign25-fixed,1.0,0.5,41000082,0.0,0.5625,0.5625,1.0,9,708.7777777777778,0.0,0.5625
campaign50-fixed,1.0,0.5,41000082,0.0,0.5625,0.5625,1.0,9,748.7777777777778,0.0,0.5625
campaign75-fixed,1.0,0.5,41000082,0.0,0.625,0.625,1.0,10,784.0,0.0,0.625
campaign-hedged,1.0,0.5,41000082,0.0,0.5625,0.5625,1.0,9,890.4444444444445,0.0,0.25
anchored25-fixed,1.0,0.5,41000082,0.0,0.5625,0.5625,1.0,9,781.0,0.0,0.5625
anchored50-fixed,1.0,0.5,41000082,0.0,0.5625,0.5625,1.0,9,783.2222222222222,0.0,0.5
anchored75-fixed,1.0,0.5,41000082,0.0,0.5625,0.5625,1.0,9,797.1111111111111,0.0,0.5
telescoping-fixed,1.0,0.5,41000083,0.0,0.1875,0.1875,1.0,3,761.0,0.0,0.0
telescoping-hedged,1.0,0.5,41000083,0.0,0.125,0.125,1.0,2,938.5,0.0,0.0
campaign25-fixed,1.0,0.5,41000083,0.0,0.1875,0.1875,1.0,3,767.6666666666666,0.0,0.0
campaign50-fixed,1.0,0.5,41000083,0.0,0.1875,0.1875,1.0,3,782.6666666666666,0.0,0.0
campaign75-fixed,1.0,0.5,41000083,0.0,0.1875,0.1875,1.0,3,786.0,0.0,0.0
campaign-hedged,1.0,0.5,41000083,0.0,0.125,0.125,1.0,2,1076.0,0.0,0.0
anchored25-fixed,1.0,0.5,41000083,0.0,0.1875,0.1875,1.0,3,764.3333333333334,0.0,0.0
anchored50-fixed,1.0,0.5,41000083,0.0,0.1875,0.1875,1.0,3,764.3333333333334,0.0,0.0
anchored75-fixed,1.0,0.5,41000083,0.0,0.1875,0.1875,1.0,3,779.3333333333334,0.0,0.0
telescoping-fixed,1.0,0.5,41000084,0.0,0.125,0.125,1.0,2,468.5,0.0,0.0
telescoping-hedged,1.0,0.5,41000084,0.0,0.125,0.125,1.0,2,538.5,0.0,0.0
campaign25-fixed,1.0,0.5,41000084,0.0,0.125,0.125,1.0,2,471.0,0.0,0.0
campaign50-fixed,1.0,0.5,41000084,0.0,0.125,0.125,1.0,2,538.5,0.0,0.0
campaign75-fixed,1.0,0.5,41000084,0.0,0.125,0.125,1.0,2,568.5,0.0,0.0
campaign-hedged,1.0,0.5,41000084,0.0,0.125,0.125,1.0,2,573.5,0.0,0.0
anchored25-fixed,1.0,0.5,41000084,0.0,0.125,0.125,1.0,2,468.5,0.0,0.0
anchored50-fixed,1.0,0.5,41000084,0.0,0.125,0.125,1.0,2,493.5,0.0,0.0
anchored75-fixed,1.0,0.5,41000084,0.0,0.125,0.125,1.0,2,528.5,0.0,0.0
telescoping-fixed,1.0,0.5,41000085,0.0,0.0625,0.0625,1.0,1,611.0,0.0,0.0625
telescoping-hedged,1.0,0.5,41000085,0.0,0.0625,0.0625,1.0,1,1211.0,0.0,0.0625
campaign25-fixed,1.0,0.5,41000085,0.0,0.0625,0.0625,1.0,1,1191.0,0.0,0.0625
campaign50-fixed,1.0,0.5,41000085,0.0,0.0625,0.0625,1.0,1,1256.0,0.0,0.0625
campaign75-fixed,1.0,0.5,41000085,0.0,0.0,0.0,1.0,0,,0.0,0.0
campaign-hedged,1.0,0.5,41000085,0.0,0.0,0.0,1.0,0,,0.0,0.0
anchored25-fixed,1.0,0.5,41000085,0.0,0.0625,0.0625,1.0,1,611.0,0.0,0.0625
anchored50-fixed,1.0,0.5,41000085,0.0,0.0625,0.0625,1.0,1,611.0,0.0,0.0625
anchored75-fixed,1.0,0.5,41000085,0.0,0.0625,0.0625,1.0,1,611.0,0.0,0.0625
telescoping-fixed,1.0,0.5,41000086,0.0,0.0,0.0,0.9375,0,,0.0,0.0
telescoping-hedged,1.0,0.5,41000086,0.0,0.0,0.0,0.9375,0,,0.0,0.0
campaign25-fixed,1.0,0.5,41000086,0.0,0.0,0.0,0.9375,0,,0.0,0.0
campaign50-fixed,1.0,0.5,41000086,0.0,0.0,0.0,0.9375,0,,0.0,0.0
campaign75-fixed,1.0,0.5,41000086,0.0,0.0,0.0,0.9375,0,,0.0,0.0
campaign-hedged,1.0,0.5,41000086,0.0,0.0,0.0,0.9375,0,,0.0,0.0
anchored25-fixed,1.0,0.5,41000086,0.0,0.0,0.0,0.9375,0,,0.0,0.0
anchored50-fixed,1.0,0.5,41000086,0.0,0.0,0.0,0.9375,0,,0.0,0.0
anchored75-fixed,1.0,0.5,41000086,0.0,0.0,0.0,0.9375,0,,0.0,0.0
telescoping-fixed,1.0,0.5,41000087,0.0,0.0,0.0,0.9375,0,,0.0,0.0
telescoping-hedged,1.0,0.5,41000087,0.0,0.0,0.0,0.9375,0,,0.0,0.0
campaign25-fixed,1.0,0.5,41000087,0.0,0.0,0.0,0.9375,0,,0.0,0.0
campaign50-fixed,1.0,0.5,41000087,0.0,0.0,0.0,0.9375,0,,0.0,0.0
campaign75-fixed,1.0,0.5,41000087,0.0,0.0,0.0,0.9375,0,,0.0,0.0
campaign-hedged,1.0,0.5,41000087,0.0,0.0,0.0,0.9375,0,,0.0,0.0
anchored25-fixed,1.0,0.5,41000087,0.0,0.0,0.0,0.9375,0,,0.0,0.0
anchored50-fixed,1.0,0.5,41000087,0.0,0.0,0.0,0.9375,0,,0.0,0.0
anchored75-fixed,1.0,0.5,41000087,0.0,0.0,0.0,0.9375,0,,0.0,0.0
telescoping-fixed,1.0,0.5,41000088,0.0,0.3125,0.3125,1.0,5,757.0,0.0,0.125
telescoping-hedged,1.0,0.5,41000088,0.0,0.3125,0.3125,1.0,5,885.0,0.0,0.25
campaign25-fixed,1.0,0.5,41000088,0.0,0.25,0.25,1.0,4,646.0,0.0,0.125
campaign50-fixed,1.0,0.5,41000088,0.0,0.25,0.25,1.0,4,562.25,0.0,0.125
campaign75-fixed,1.0,0.5,41000088,0.0,0.25,0.25,1.0,4,504.75,0.0,0.125
campaign-hedged,1.0,0.5,41000088,0.0,0.25,0.25,1.0,4,701.0,0.0,0.1875
anchored25-fixed,1.0,0.5,41000088,0.0,0.25,0.25,1.0,4,669.75,0.0,0.125
anchored50-fixed,1.0,0.5,41000088,0.0,0.1875,0.1875,1.0,3,477.6666666666667,0.0,0.125
anchored75-fixed,1.0,0.5,41000088,0.0,0.1875,0.1875,1.0,3,477.6666666666667,0.0,0.125
telescoping-fixed,1.0,0.5,41000089,0.0,0.1875,0.1875,1.0,3,989.3333333333334,0.0,0.0
telescoping-hedged,1.0,0.5,41000089,0.0,0.1875,0.1875,1.0,3,1051.0,0.0,0.0
campaign25-fixed,1.0,0.5,41000089,0.0,0.1875,0.1875,1.0,3,997.6666666666666,0.0,0.0
campaign50-fixed,1.0,0.5,41000089,0.0,0.1875,0.1875,1.0,3,1019.3333333333334,0.0,0.0
campaign75-fixed,1.0,0.5,41000089,0.0,0.125,0.125,1.0,2,1043.5,0.0,0.0
campaign-hedged,1.0,0.5,41000089,0.0,0.1875,0.1875,1.0,3,1116.0,0.0,0.0
anchored25-fixed,1.0,0.5,41000089,0.0,0.1875,0.1875,1.0,3,1007.6666666666666,0.0,0.0
anchored50-fixed,1.0,0.5,41000089,0.0,0.1875,0.1875,1.0,3,1036.0,0.0,0.0
anchored75-fixed,1.0,0.5,41000089,0.0,0.0625,0.0625,1.0,1,996.0,0.0,0.0
telescoping-fixed,1.0,0.5,41000090,0.125,0.4375,0.4666666666666667,0.9375,8,659.5714285714286,0.0,0.4375
telescoping-hedged,1.0,0.5,41000090,0.0,0.375,0.4,0.9375,6,667.6666666666666,0.0,0.375
campaign25-fixed,1.0,0.5,41000090,0.1111111111111111,0.5,0.5333333333333333,0.9375,9,636.0,0.0,0.4375
campaign50-fixed,1.0,0.5,41000090,0.07692307692307693,0.75,0.8,0.9375,13,716.0,0.0,0.4375
campaign75-fixed,1.0,0.5,41000090,0.07142857142857142,0.8125,0.8666666666666667,0.9375,14,716.0,0.0,0.4375
campaign-hedged,1.0,0.5,41000090,0.0,0.4375,0.4666666666666667,0.9375,7,731.0,0.0,0.4375
anchored25-fixed,1.0,0.5,41000090,0.125,0.4375,0.4666666666666667,0.9375,8,646.7142857142857,0.0,0.4375
anchored50-fixed,1.0,0.5,41000090,0.0,0.4375,0.4666666666666667,0.9375,7,601.7142857142857,0.0,0.4375
anchored75-fixed,1.0,0.5,41000090,0.0,0.4375,0.4666666666666667,0.9375,7,606.7142857142857,0.0,0.4375
telescoping-fixed,1.0,0.5,41000091,0.0,0.1875,0.2,0.9375,3,471.0,0.0,0.125
telescoping-hedged,1.0,0.5,41000091,0.0,0.0625,0.06666666666666667,0.9375,1,911.0,0.0,0.0625
campaign25-fixed,1.0,0.5,41000091,0.0,0.1875,0.2,0.9375,3,471.0,0.0,0.0625
campaign50-fixed,1.0,0.5,41000091,0.0,0.25,0.26666666666666666,0.9375,4,488.5,0.0,0.0625
campaign75-fixed,1.0,0.5,41000091,0.0,0.0625,0.06666666666666667,0.9375,1,906.0,0.0,0.0625
campaign-hedged,1.0,0.5,41000091,0.0,0.0625,0.06666666666666667,0.9375,1,1106.0,0.0,0.0625
anchored25-fixed,1.0,0.5,41000091,0.0,0.1875,0.2,0.9375,3,471.0,0.0,0.0625
anchored50-fixed,1.0,0.5,41000091,0.0,0.1875,0.2,0.9375,3,629.3333333333334,0.0,0.0625
anchored75-fixed,1.0,0.5,41000091,0.0,0.0625,0.06666666666666667,0.9375,1,911.0,0.0,0.0625
telescoping-fixed,1.0,0.5,41000092,0.0,0.0625,0.0625,1.0,1,456.0,0.0,0.0
telescoping-hedged,1.0,0.5,41000092,0.0,0.0,0.0,1.0,0,,0.0,0.0
campaign25-fixed,1.0,0.5,41000092,0.0,0.0,0.0,1.0,0,,0.0,0.0
campaign50-fixed,1.0,0.5,41000092,0.0,0.0,0.0,1.0,0,,0.0,0.0
campaign75-fixed,1.0,0.5,41000092,0.0,0.0,0.0,1.0,0,,0.0,0.0
campaign-hedged,1.0,0.5,41000092,0.0,0.0,0.0,1.0,0,,0.0,0.0
anchored25-fixed,1.0,0.5,41000092,0.0,0.0625,0.0625,1.0,1,456.0,0.0,0.0
anchored50-fixed,1.0,0.5,41000092,0.0,0.0625,0.0625,1.0,1,456.0,0.0,0.0
anchored75-fixed,1.0,0.5,41000092,0.0,0.0625,0.0625,1.0,1,456.0,0.0,0.0
telescoping-fixed,1.0,0.5,41000093,0.0,0.0,0.0,0.9375,0,,0.0,0.0
telescoping-hedged,1.0,0.5,41000093,0.0,0.0,0.0,0.9375,0,,0.0,0.0
campaign25-fixed,1.0,0.5,41000093,0.0,0.0,0.0,0.9375,0,,0.0,0.0
campaign50-fixed,1.0,0.5,41000093,0.0,0.0,0.0,0.9375,0,,0.0,0.0
campaign75-fixed,1.0,0.5,41000093,0.0,0.0,0.0,0.9375,0,,0.0,0.0
campaign-hedged,1.0,0.5,41000093,0.0,0.0,0.0,0.9375,0,,0.0,0.0
anchored25-fixed,1.0,0.5,41000093,0.0,0.0,0.0,0.9375,0,,0.0,0.0
anchored50-fixed,1.0,0.5,41000093,0.0,0.0,0.0,0.9375,0,,0.0,0.0
anchored75-fixed,1.0,0.5,41000093,0.0,0.0,0.0,0.9375,0,,0.0,0.0
telescoping-fixed,1.0,0.5,41000094,0.0,0.625,0.625,1.0,10,770.5,0.0,0.5
telescoping-hedged,1.0,0.5,41000094,0.0,0.1875,0.1875,1.0,3,804.3333333333334,0.0,0.1875
campaign25-fixed,1.0,0.5,41000094,0.0,0.6875,0.6875,1.0,11,747.3636363636364,0.0,0.5
campaign50-fixed,1.0,0.5,41000094,0.0,0.6875,0.6875,1.0,11,706.0,0.0,0.5
campaign75-fixed,1.0,0.5,41000094,0.0,0.5625,0.5625,1.0,9,729.8888888888889,0.0,0.5625
campaign-hedged,1.0,0.5,41000094,0.0,0.375,0.375,1.0,6,1011.8333333333334,0.0,0.25
anchored25-fixed,1.0,0.5,41000094,0.0,0.5625,0.5625,1.0,9,880.4444444444445,0.0,0.375
anchored50-fixed,1.0,0.5,41000094,0.0,0.625,0.625,1.0,10,901.0,0.0,0.375
anchored75-fixed,1.0,0.5,41000094,0.0,0.5625,0.5625,1.0,9,939.8888888888889,0.0,0.375
telescoping-fixed,1.0,0.5,41000095,0.0,0.375,0.375,1.0,6,336.8333333333333,0.0,0.1875
telescoping-hedged,1.0,0.5,41000095,0.0,0.3125,0.3125,1.0,5,453.0,0.0,0.25
campaign25-fixed,1.0,0.5,41000095,0.0,0.375,0.375,1.0,6,376.0,0.0,0.1875
campaign50-fixed,1.0,0.5,41000095,0.0,0.375,0.375,1.0,6,384.3333333333333,0.0,0.1875
campaign75-fixed,1.0,0.5,41000095,0.0,0.3125,0.3125,1.0,5,365.0,0.0,0.1875
campaign-hedged,1.0,0.5,41000095,0.0,0.25,0.25,1.0,4,466.0,0.0,0.1875
anchored25-fixed,1.0,0.5,41000095,0.0,0.375,0.375,1.0,6,392.6666666666667,0.0,0.1875
anchored50-fixed,1.0,0.5,41000095,0.0,0.3125,0.3125,1.0,5,377.0,0.0,0.1875
anchored75-fixed,1.0,0.5,41000095,0.0,0.3125,0.3125,1.0,5,399.0,0.0,0.1875
telescoping-fixed,1.0,0.5,41000096,0.0,0.125,0.125,1.0,2,473.5,0.0,0.0625
telescoping-hedged,1.0,0.5,41000096,0.0,0.125,0.125,1.0,2,713.5,0.0,0.125
campaign25-fixed,1.0,0.5,41000096,0.0,0.1875,0.1875,1.0,3,646.0,0.0,0.0625
campaign50-fixed,1.0,0.5,41000096,0.0,0.1875,0.1875,1.0,3,757.6666666666666,0.0,0.0625
campaign75-fixed,1.0,0.5,41000096,0.0,0.1875,0.1875,1.0,3,801.0,0.0,0.0
campaign-hedged,1.0,0.5,41000096,0.0,0.125,0.125,1.0,2,868.5,0.0,0.0
anchored25-fixed,1.0,0.5,41000096,0.0,0.125,0.125,1.0,2,493.5,0.0,0.0625
anchored50-fixed,1.0,0.5,41000096,0.0,0.125,0.125,1.0,2,573.5,0.0,0.0
anchored75-fixed,1.0,0.5,41000096,0.0,0.1875,0.1875,1.0,3,699.3333333333334,0.0,0.0
telescoping-fixed,1.0,0.5,41000097,0.0,0.5625,0.5625,1.0,9,683.2222222222222,0.0,0.5625
telescoping-hedged,1.0,0.5,41000097,0.0,0.4375,0.4375,1.0,7,686.0,0.0,0.375
campaign25-fixed,1.0,0.5,41000097,0.0,0.625,0.625,1.0,10,687.0,0.0,0.625
campaign50-fixed,1.0,0.5,41000097,0.0,0.875,0.875,1.0,14,660.6428571428571,0.0,0.625
campaign75-fixed,1.0,0.5,41000097,0.0,0.9375,0.9375,1.0,15,687.0,0.0,0.625
campaign-hedged,1.0,0.5,41000097,0.0,0.5625,0.5625,1.0,9,718.7777777777778,0.0,0.4375
anchored25-fixed,1.0,0.5,41000097,0.0,0.625,0.625,1.0,10,690.5,0.0,0.5
anchored50-fixed,1.0,0.5,41000097,0.0,0.625,0.625,1.0,10,693.5,0.0,0.625
anchored75-fixed,1.0,0.5,41000097,0.0,0.625,0.625,1.0,10,707.0,0.0,0.5
telescoping-fixed,1.0,0.5,41000098,0.0,0.3125,0.3125,1.0,5,961.0,0.0,0.25
telescoping-hedged,1.0,0.5,41000098,0.0,0.3125,0.3125,1.0,5,976.0,0.0,0.3125
campaign25-fixed,1.0,0.5,41000098,0.0,0.3125,0.3125,1.0,5,966.0,0.0,0.25
campaign50-fixed,1.0,0.5,41000098,0.0,0.3125,0.3125,1.0,5,969.0,0.0,0.25
campaign75-fixed,1.0,0.5,41000098,0.0,0.4375,0.4375,1.0,7,1001.0,0.0,0.25
campaign-hedged,1.0,0.5,41000098,0.0,0.3125,0.3125,1.0,5,1027.0,0.0,0.3125
anchored25-fixed,1.0,0.5,41000098,0.0,0.3125,0.3125,1.0,5,967.0,0.0,0.25
anchored50-fixed,1.0,0.5,41000098,0.0,0.3125,0.3125,1.0,5,978.0,0.0,0.25
anchored75-fixed,1.0,0.5,41000098,0.0,0.3125,0.3125,1.0,5,981.0,0.0,0.25
telescoping-fixed,1.0,0.5,41000099,0.0,0.0625,0.0625,1.0,1,1131.0,0.0,0.0
telescoping-hedged,1.0,0.5,41000099,0.0,0.0,0.0,1.0,0,,0.0,0.0
campaign25-fixed,1.0,0.5,41000099,0.0,0.0625,0.0625,1.0,1,1131.0,0.0,0.0
campaign50-fixed,1.0,0.5,41000099,0.0,0.0625,0.0625,1.0,1,1131.0,0.0,0.0
campaign75-fixed,1.0,0.5,41000099,0.0,0.0,0.0,1.0,0,,0.0,0.0
campaign-hedged,1.0,0.5,41000099,0.0,0.0,0.0,1.0,0,,0.0,0.0
anchored25-fixed,1.0,0.5,41000099,0.0,0.0,0.0,1.0,0,,0.0,0.0
anchored50-fixed,1.0,0.5,41000099,0.0,0.0,0.0,1.0,0,,0.0,0.0
anchored75-fixed,1.0,0.5,41000099,0.0,0.0,0.0,1.0,0,,0.0,0.0
telescoping-fixed,1.5,0.5,41000100,0.0,0.75,0.75,1.0,12,441.0,0.0,0.75
telescoping-hedged,1.5,0.5,41000100,0.0,0.75,0.75,1.0,12,508.0833333333333,0.0,0.75
campaign25-fixed,1.5,0.5,41000100,0.0,0.75,0.75,1.0,12,438.5,0.0,0.75
campaign50-fixed,1.5,0.5,41000100,0.0,0.75,0.75,1.0,12,433.0833333333333,0.0,0.75
campaign75-fixed,1.5,0.5,41000100,0.0,0.75,0.75,1.0,12,428.5,0.0,0.75
campaign-hedged,1.5,0.5,41000100,0.0,0.75,0.75,1.0,12,519.75,0.0,0.75
anchored25-fixed,1.5,0.5,41000100,0.0,0.75,0.75,1.0,12,447.6666666666667,0.0,0.75
anchored50-fixed,1.5,0.5,41000100,0.0,0.75,0.75,1.0,12,465.5833333333333,0.0,0.75
anchored75-fixed,1.5,0.5,41000100,0.0,0.75,0.75,1.0,12,469.3333333333333,0.0,0.75
telescoping-fixed,1.5,0.5,41000101,0.0,0.875,0.875,1.0,14,519.5714285714286,0.0,0.875
telescoping-hedged,1.5,0.5,41000101,0.0,0.875,0.875,1.0,14,693.1428571428571,0.0,0.875
campaign25-fixed,1.5,0.5,41000101,0.0,0.9375,0.9375,1.0,15,519.3333333333334,0.0,0.9375
campaign50-fixed,1.5,0.5,41000101,0.0,1.0,1.0,1.0,16,515.0625,0.0,0.9375
campaign75-fixed,1.5,0.5,41000101,0.0,1.0,1.0,1.0,16,473.5,0.0,0.9375
campaign-hedged,1.5,0.5,41000101,0.0,0.9375,0.9375,1.0,15,677.6666666666666,0.0,0.9375
anchored25-fixed,1.5,0.5,41000101,0.0,0.9375,0.9375,1.0,15,536.6666666666666,0.0,0.9375
anchored50-fixed,1.5,0.5,41000101,0.0,0.9375,0.9375,1.0,15,575.6666666666666,0.0,0.9375
anchored75-fixed,1.5,0.5,41000101,0.0,0.9375,0.9375,1.0,15,592.0,0.0,0.9375
telescoping-fixed,1.5,0.5,41000102,0.0,0.0625,0.0625,1.0,1,501.0,0.0,0.0
telescoping-hedged,1.5,0.5,41000102,0.0,0.0625,0.0625,1.0,1,511.0,0.0,0.0
campaign25-fixed,1.5,0.5,41000102,0.0,0.0625,0.0625,1.0,1,506.0,0.0,0.0
campaign50-fixed,1.5,0.5,41000102,0.0,0.0625,0.0625,1.0,1,511.0,0.0,0.0
campaign75-fixed,1.5,0.5,41000102,0.0,0.0,0.0,1.0,0,,0.0,0.0
campaign-hedged,1.5,0.5,41000102,0.0,0.0,0.0,1.0,0,,0.0,0.0
anchored25-fixed,1.5,0.5,41000102,0.0,0.0625,0.0625,1.0,1,501.0,0.0,0.0
anchored50-fixed,1.5,0.5,41000102,0.0,0.0625,0.0625,1.0,1,501.0,0.0,0.0
anchored75-fixed,1.5,0.5,41000102,0.0,0.0625,0.0625,1.0,1,501.0,0.0,0.0
telescoping-fixed,1.5,0.5,41000103,0.0,0.0625,0.0625,1.0,1,741.0,0.0,0.0625
telescoping-hedged,1.5,0.5,41000103,0.0,0.0625,0.0625,1.0,1,1021.0,0.0,0.0625
campaign25-fixed,1.5,0.5,41000103,0.0,0.0625,0.0625,1.0,1,741.0,0.0,0.0625
campaign50-fixed,1.5,0.5,41000103,0.0,0.0625,0.0625,1.0,1,741.0,0.0,0.0625
campaign75-fixed,1.5,0.5,41000103,0.0,0.0625,0.0625,1.0,1,771.0,0.0,0.0625
campaign-hedged,1.5,0.5,41000103,0.0,0.0625,0.0625,1.0,1,1026.0,0.0,0.0625
anchored25-fixed,1.5,0.5,41000103,0.0,0.0625,0.0625,1.0,1,741.0,0.0,0.0625
anchored50-fixed,1.5,0.5,41000103,0.0,0.0625,0.0625,1.0,1,771.0,0.0,0.0625
anchored75-fixed,1.5,0.5,41000103,0.0,0.0625,0.0625,1.0,1,946.0,0.0,0.0625
telescoping-fixed,1.5,0.5,41000104,0.0,0.8125,0.8125,1.0,13,555.2307692307693,0.0,0.4375
telescoping-hedged,1.5,0.5,41000104,0.0,0.625,0.625,1.0,10,573.5,0.0,0.4375
campaign25-fixed,1.5,0.5,41000104,0.0,0.875,0.875,1.0,14,549.5714285714286,0.0,0.4375
campaign50-fixed,1.5,0.5,41000104,0.0,1.0,1.0,1.0,16,562.5625,0.0,0.625
campaign75-fixed,1.5,0.5,41000104,0.0,1.0,1.0,1.0,16,545.6875,0.0,0.625
campaign-hedged,1.5,0.5,41000104,0.0,0.8125,0.8125,1.0,13,630.6153846153846,0.0,0.4375
anchored25-fixed,1.5,0.5,41000104,0.0,0.875,0.875,1.0,14,574.2142857142857,0.0,0.4375
anchored50-fixed,1.5,0.5,41000104,0.0,0.875,0.875,1.0,14,572.0714285714286,0.0,0.4375
anchored75-fixed,1.5,0.5,41000104,0.0,0.9375,0.9375,1.0,15,584.3333333333334,0.0,0.4375
telescoping-fixed,1.5,0.5,41000105,0.0,0.5625,0.5625,1.0,9,893.2222222222222,0.0,0.5
telescoping-hedged,1.5,0.5,41000105,0.0,0.5,0.5,1.0,8,971.0,0.0,0.4375
campaign25-fixed,1.5,0.5,41000105,0.0,0.6875,0.6875,1.0,11,901.4545454545455,0.0,0.5625
campaign50-fixed,1.5,0.5,41000105,0.0,0.875,0.875,1.0,14,897.0714285714286,0.0,0.6875
campaign75-fixed,1.5,0.5,41000105,0.0,0.875,0.875,1.0,14,894.2142857142857,0.0,0.75
campaign-hedged,1.5,0.5,41000105,0.0,0.5,0.5,1.0,8,971.0,0.0,0.4375
anchored25-fixed,1.5,0.5,41000105,0.0,0.625,0.625,1.0,10,902.0,0.0,0.5
anchored50-fixed,1.5,0.5,41000105,0.0,0.6875,0.6875,1.0,11,927.3636363636364,0.0,0.5
anchored75-fixed,1.5,0.5,41000105,0.0,0.8125,0.8125,1.0,13,941.7692307692307,0.0,0.625
telescoping-fixed,1.5,0.5,41000106,0.0,0.75,0.75,1.0,12,767.6666666666666,0.0,0.625
telescoping-hedged,1.5,0.5,41000106,0.0,0.5625,0.5625,1.0,9,794.8888888888889,0.0,0.5
campaign25-fixed,1.5,0.5,41000106,0.0,0.8125,0.8125,1.0,13,754.8461538461538,0.0,0.5625
campaign50-fixed,1.5,0.5,41000106,0.0,0.875,0.875,1.0,14,757.0714285714286,0.0,0.625
campaign75-fixed,1.5,0.5,41000106,0.0,0.875,0.875,1.0,14,759.9285714285714,0.0,0.625
campaign-hedged,1.5,0.5,41000106,0.0,0.625,0.625,1.0,10,795.5,0.0,0.5625
anchored25-fixed,1.5,0.5,41000106,0.0,0.6875,0.6875,1.0,11,739.1818181818181,0.0,0.5
anchored50-fixed,1.5,0.5,41000106,0.0,0.8125,0.8125,1.0,13,802.9230769230769,0.0,0.5
anchored75-fixed,1.5,0.5,41000106,0.0,0.8125,0.8125,1.0,13,808.6923076923077,0.0,0.5
telescoping-fixed,1.5,0.5,41000107,0.0,0.875,0.875,1.0,14,838.5,0.0,0.875
telescoping-hedged,1.5,0.5,41000107,0.0,0.625,0.625,1.0,10,941.5,0.0,0.5625
campaign25-fixed,1.5,0.5,41000107,0.0,1.0,1.0,1.0,16,836.625,0.0,1.0
campaign50-fixed,1.5,0.5,41000107,0.0,1.0,1.0,1.0,16,842.25,0.0,1.0
campaign75-fixed,1.5,0.5,41000107,0.0,1.0,1.0,1.0,16,856.0,0.0,1.0
campaign-hedged,1.5,0.5,41000107,0.0,0.9375,0.9375,1.0,15,990.3333333333334,0.0,0.9375
anchored25-fixed,1.5,0.5,41000107,0.0,1.0,1.0,1.0,16,847.25,0.0,0.9375
anchored50-fixed,1.5,0.5,41000107,0.0,1.0,1.0,1.0,16,850.6875,0.0,1.0
anchored75-fixed,1.5,0.5,41000107,0.0,1.0,1.0,1.0,16,900.0625,0.0,1.0
telescoping-fixed,1.5,0.5,41000108,0.0,0.9375,0.9375,1.0,15,757.6666666666666,0.0,0.6875
telescoping-hedged,1.5,0.5,41000108,0.0,0.8125,0.8125,1.0,13,828.6923076923077,0.0,0.75
campaign25-fixed,1.5,0.5,41000108,0.0,0.9375,0.9375,1.0,15,716.0,0.0,0.8125
campaign50-fixed,1.5,0.5,41000108,0.0,0.9375,0.9375,1.0,15,706.3333333333334,0.0,0.875
campaign75-fixed,1.5,0.5,41000108,0.0,0.9375,0.9375,1.0,15,706.3333333333334,0.0,0.875
campaign-hedged,1.5,0.5,41000108,0.0,0.9375,0.9375,1.0,15,788.0,0.0,0.875
anchored25-fixed,1.5,0.5,41000108,0.0,0.9375,0.9375,1.0,15,728.0,0.0,0.75
anchored50-fixed,1.5,0.5,41000108,0.0,0.9375,0.9375,1.0,15,736.0,0.0,0.8125
anchored75-fixed,1.5,0.5,41000108,0.0,0.9375,0.9375,1.0,15,745.6666666666666,0.0,0.875
telescoping-fixed,1.5,0.5,41000109,0.0,0.1875,0.1875,1.0,3,379.3333333333333,0.0,0.125
telescoping-hedged,1.5,0.5,41000109,0.0,0.1875,0.1875,1.0,3,716.0,0.0,0.125
campaign25-fixed,1.5,0.5,41000109,0.0,0.1875,0.1875,1.0,3,384.3333333333333,0.0,0.125
campaign50-fixed,1.5,0.5,41000109,0.0,0.1875,0.1875,1.0,3,601.0,0.0,0.125
campaign75-fixed,1.5,0.5,41000109,0.0,0.1875,0.1875,1.0,3,719.3333333333334,0.0,0.125
campaign-hedged,1.5,0.5,41000109,0.0,0.1875,0.1875,1.0,3,741.0,0.0,0.125
anchored25-fixed,1.5,0.5,41000109,0.0,0.1875,0.1875,1.0,3,382.6666666666667,0.0,0.125
anchored50-fixed,1.5,0.5,41000109,0.0,0.1875,0.1875,1.0,3,591.0,0.0,0.125
anchored75-fixed,1.5,0.5,41000109,0.0,0.1875,0.1875,1.0,3,612.6666666666666,0.0,0.125
telescoping-fixed,1.5,0.5,41000110,0.0,1.0,1.0,1.0,16,428.8125,0.0,1.0
telescoping-hedged,1.5,0.5,41000110,0.0,1.0,1.0,1.0,16,540.375,0.0,1.0
campaign25-fixed,1.5,0.5,41000110,0.15789473684210525,1.0,1.0,1.0,19,405.375,0.1111111111111111,1.0
campaign50-fixed,1.5,0.5,41000110,0.2,1.0,1.0,1.0,20,406.9375,0.15789473684210525,1.0
campaign75-fixed,1.5,0.5,41000110,0.2,1.0,1.0,1.0,20,434.75,0.2,1.0
campaign-hedged,1.5,0.5,41000110,0.15789473684210525,1.0,1.0,1.0,19,511.9375,0.1111111111111111,1.0
anchored25-fixed,1.5,0.5,41000110,0.1111111111111111,1.0,1.0,1.0,18,437.875,0.1111111111111111,1.0
anchored50-fixed,1.5,0.5,41000110,0.15789473684210525,1.0,1.0,1.0,19,436.0,0.1111111111111111,1.0
anchored75-fixed,1.5,0.5,41000110,0.2,1.0,1.0,1.0,20,437.25,0.1111111111111111,1.0
telescoping-fixed,1.5,0.5,41000111,0.0,0.6875,0.6875,1.0,11,913.2727272727273,0.0,0.5625
telescoping-hedged,1.5,0.5,41000111,0.0,0.4375,0.4375,1.0,7,956.7142857142857,0.0,0.375
campaign25-fixed,1.5,0.5,41000111,0.0,0.875,0.875,1.0,14,947.0714285714286,0.0,0.6875
campaign50-fixed,1.5,0.5,41000111,0.0,0.875,0.875,1.0,14,936.7142857142857,0.0,0.8125
campaign75-fixed,1.5,0.5,41000111,0.0,0.875,0.875,1.0,14,910.2857142857143,0.0,0.8125
campaign-hedged,1.5,0.5,41000111,0.0,0.4375,0.4375,1.0,7,966.0,0.0,0.375
anchored25-fixed,1.5,0.5,41000111,0.0,0.75,0.75,1.0,12,947.6666666666666,0.0,0.5625
anchored50-fixed,1.5,0.5,41000111,0.0,0.8125,0.8125,1.0,13,959.0769230769231,0.0,0.625
anchored75-fixed,1.5,0.5,41000111,0.0,0.875,0.875,1.0,14,964.2142857142857,0.0,0.5625
telescoping-fixed,1.5,0.5,41000112,0.0,0.0,0.0,1.0,0,,0.0,0.0
telescoping-hedged,1.5,0.5,41000112,0.0,0.0,0.0,1.0,0,,0.0,0.0
campaign25-fixed,1.5,0.5,41000112,0.0,0.0,0.0,1.0,0,,0.0,0.0
campaign50-fixed,1.5,0.5,41000112,0.0,0.0,0.0,1.0,0,,0.0,0.0
campaign75-fixed,1.5,0.5,41000112,0.0,0.0,0.0,1.0,0,,0.0,0.0
campaign-hedged,1.5,0.5,41000112,0.0,0.0,0.0,1.0,0,,0.0,0.0
anchored25-fixed,1.5,0.5,41000112,0.0,0.0,0.0,1.0,0,,0.0,0.0
anchored50-fixed,1.5,0.5,41000112,0.0,0.0,0.0,1.0,0,,0.0,0.0
anchored75-fixed,1.5,0.5,41000112,0.0,0.0,0.0,1.0,0,,0.0,0.0
telescoping-fixed,1.5,0.5,41000113,0.0,0.375,0.375,1.0,6,524.3333333333334,0.0,0.25
telescoping-hedged,1.5,0.5,41000113,0.0,0.375,0.375,1.0,6,738.5,0.0,0.3125
campaign25-fixed,1.5,0.5,41000113,0.0,0.3125,0.3125,1.0,5,641.0,0.0,0.25
campaign50-fixed,1.5,0.5,41000113,0.0,0.3125,0.3125,1.0,5,641.0,0.0,0.25
campaign75-fixed,1.5,0.5,41000113,0.0,0.3125,0.3125,1.0,5,697.0,0.0,0.25
campaign-hedged,1.5,0.5,41000113,0.0,0.3125,0.3125,1.0,5,749.0,0.0,0.3125
anchored25-fixed,1.5,0.5,41000113,0.0,0.3125,0.3125,1.0,5,644.0,0.0,0.25
anchored50-fixed,1.5,0.5,41000113,0.0,0.3125,0.3125,1.0,5,651.0,0.0,0.25
anchored75-fixed,1.5,0.5,41000113,0.0,0.3125,0.3125,1.0,5,667.0,0.0,0.1875
telescoping-fixed,1.5,0.5,41000114,0.0,0.625,0.625,1.0,10,821.5,0.0,0.5625
telescoping-hedged,1.5,0.5,41000114,0.0,0.5625,0.5625,1.0,9,852.1111111111111,0.0,0.5625
campaign25-fixed,1.5,0.5,41000114,0.0,0.625,0.625,1.0,10,823.0,0.0,0.5625
campaign50-fixed,1.5,0.5,41000114,0.0,0.625,0.625,1.0,10,819.0,0.0,0.625
campaign75-fixed,1.5,0.5,41000114,0.0,0.625,0.625,1.0,10,841.5,0.0,0.625
campaign-hedged,1.5,0.5,41000114,0.0,0.625,0.625,1.0,10,884.5,0.0,0.5625
anchored25-fixed,1.5,0.5,41000114,0.0,0.625,0.625,1.0,10,826.0,0.0,0.5625
anchored50-fixed,1.5,0.5,41000114,0.0,0.625,0.625,1.0,10,839.5,0.0,0.5625
anchored75-fixed,1.5,0.5,41000114,0.0,0.625,0.625,1.0,10,854.5,0.0,0.5
telescoping-fixed,1.5,0.5,41000115,0.0,0.0625,0.0625,1.0,1,281.0,0.0,0.0
telescoping-hedged,1.5,0.5,41000115,0.0,0.0,0.0,1.0,0,,0.0,0.0
campaign25-fixed,1.5,0.5,41000115,0.0,0.0625,0.0625,1.0,1,281.0,0.0,0.0
campaign50-fixed,1.5,0.5,41000115,0.0,0.0,0.0,1.0,0,,0.0,0.0
campaign75-fixed,1.5,0.5,41000115,0.0,0.0,0.0,1.0,0,,0.0,0.0
campaign-hedged,1.5,0.5,41000115,0.0,0.0,0.0,1.0,0,,0.0,0.0
anchored25-fixed,1.5,0.5,41000115,0.0,0.0625,0.0625,1.0,1,361.0,0.0,0.0
anchored50-fixed,1.5,0.5,41000115,0.0,0.0,0.0,1.0,0,,0.0,0.0
anchored75-fixed,1.5,0.5,41000115,0.0,0.0,0.0,1.0,0,,0.0,0.0
telescoping-fixed,1.5,0.5,41000116,0.0,0.3125,0.3125,1.0,5,769.0,0.0,0.125
telescoping-hedged,1.5,0.5,41000116,0.0,0.3125,0.3125,1.0,5,933.0,0.0,0.1875
campaign25-fixed,1.5,0.5,41000116,0.0,0.3125,0.3125,1.0,5,790.0,0.0,0.125
campaign50-fixed,1.5,0.5,41000116,0.0,0.3125,0.3125,1.0,5,803.0,0.0,0.125
campaign75-fixed,1.5,0.5,41000116,0.0,0.25,0.25,1.0,4,771.0,0.0,0.125
campaign-hedged,1.5,0.5,41000116,0.0,0.1875,0.1875,1.0,3,952.6666666666666,0.0,0.0
anchored25-fixed,1.5,0.5,41000116,0.0,0.3125,0.3125,1.0,5,791.0,0.0,0.125
anchored50-fixed,1.5,0.5,41000116,0.0,0.3125,0.3125,1.0,5,812.0,0.0,0.125
anchored75-fixed,1.5,0.5,41000116,0.0,0.1875,0.1875,1.0,3,901.0,0.0,0.125
telescoping-fixed,1.5,0.5,41000117,0.0,0.6875,0.6875,1.0,11,730.5454545454545,0.0,0.5625
telescoping-hedged,1.5,0.5,41000117,0.0,0.625,0.625,1.0,10,838.5,0.0,0.375
campaign25-fixed,1.5,0.5,41000117,0.0,0.6875,0.6875,1.0,11,705.0909090909091,0.0,0.6875
campaign50-fixed,1.5,0.5,41000117,0.0,0.75,0.75,1.0,12,778.0833333333334,0.0,0.6875
campaign75-fixed,1.5,0.5,41000117,0.0,0.75,0.75,1.0,12,790.5833333333334,0.0,0.6875
campaign-hedged,1.5,0.5,41000117,0.0,0.6875,0.6875,1.0,11,852.3636363636364,0.0,0.3125
anchored25-fixed,1.5,0.5,41000117,0.0,0.6875,0.6875,1.0,11,714.1818181818181,0.0,0.5625
anchored50-fixed,1.5,0.5,41000117,0.0,0.6875,0.6875,1.0,11,777.8181818181819,0.0,0.6875
anchored75-fixed,1.5,0.5,41000117,0.0,0.6875,0.6875,1.0,11,785.0909090909091,0.0,0.625
telescoping-fixed,1.5,0.5,41000118,0.0,0.8125,0.8125,1.0,13,712.5384615384615,0.0,0.6875
telescoping-hedged,1.5,0.5,41000118,0.0,0.75,0.75,1.0,12,804.3333333333334,0.0,0.6875
campaign25-fixed,1.5,0.5,41000118,0.0,0.875,0.875,1.0,14,727.0714285714286,0.0,0.8125
campaign50-fixed,1.5,0.5,41000118,0.0,0.875,0.875,1.0,14,700.6428571428571,0.0,0.75
campaign75-fixed,1.5,0.5,41000118,0.0,0.8125,0.8125,1.0,13,654.8461538461538,0.0,0.6875
campaign-hedged,1.5,0.5,41000118,0.0,0.875,0.875,1.0,14,814.9285714285714,0.0,0.875
anchored25-fixed,1.5,0.5,41000118,0.0,0.875,0.875,1.0,14,747.4285714285714,0.0,0.625
anchored50-fixed,1.5,0.5,41000118,0.0,0.875,0.875,1.0,14,744.9285714285714,0.0,0.5625
anchored75-fixed,1.5,0.5,41000118,0.0,0.8125,0.8125,1.0,13,719.0769230769231,0.0,0.625
telescoping-fixed,1.5,0.5,41000119,0.0,0.125,0.125,1.0,2,773.5,0.0,0.0625
telescoping-hedged,1.5,0.5,41000119,0.0,0.125,0.125,1.0,2,763.5,0.0,0.0625
campaign25-fixed,1.5,0.5,41000119,0.0,0.125,0.125,1.0,2,776.0,0.0,0.0625
campaign50-fixed,1.5,0.5,41000119,0.0,0.0625,0.0625,1.0,1,771.0,0.0,0.0625
campaign75-fixed,1.5,0.5,41000119,0.0,0.0625,0.0625,1.0,1,796.0,0.0,0.0625
campaign-hedged,1.5,0.5,41000119,0.0,0.0625,0.0625,1.0,1,801.0,0.0,0.0625
anchored25-fixed,1.5,0.5,41000119,0.0,0.125,0.125,1.0,2,776.0,0.0,0.0625
anchored50-fixed,1.5,0.5,41000119,0.0,0.125,0.125,1.0,2,778.5,0.0,0.0625
anchored75-fixed,1.5,0.5,41000119,0.0,0.125,0.125,1.0,2,778.5,0.0,0.0625
telescoping-fixed,1.5,0.5,41000120,0.0,0.8125,0.8125,1.0,13,928.6923076923077,0.0,0.75
telescoping-hedged,1.5,0.5,41000120,0.0,0.5625,0.5625,1.0,9,938.7777777777778,0.0,0.5625
campaign25-fixed,1.5,0.5,41000120,0.0,0.875,0.875,1.0,14,930.6428571428571,0.0,0.875
campaign50-fixed,1.5,0.5,41000120,0.0,1.0,1.0,1.0,16,920.6875,0.0,1.0
campaign75-fixed,1.5,0.5,41000120,0.0,1.0,1.0,1.0,16,907.5625,0.0,1.0
campaign-hedged,1.5,0.5,41000120,0.0,0.6875,0.6875,1.0,11,963.2727272727273,0.0,0.6875
anchored25-fixed,1.5,0.5,41000120,0.0,0.875,0.875,1.0,14,948.1428571428571,0.0,0.8125
anchored50-fixed,1.5,0.5,41000120,0.0,0.875,0.875,1.0,14,968.1428571428571,0.0,0.8125
anchored75-fixed,1.5,0.5,41000120,0.0,0.875,0.875,1.0,14,981.3571428571429,0.0,0.75
telescoping-fixed,1.5,0.5,41000121,0.0,0.875,0.875,1.0,14,624.9285714285714,0.0,0.875
telescoping-hedged,1.5,0.5,41000121,0.0,0.875,0.875,1.0,14,707.7857142857143,0.0,0.875
campaign25-fixed,1.5,0.5,41000121,0.0,0.875,0.875,1.0,14,581.3571428571429,0.0,0.875
campaign50-fixed,1.5,0.5,41000121,0.0,0.875,0.875,1.0,14,573.5,0.0,0.875
campaign75-fixed,1.5,0.5,41000121,0.0,0.875,0.875,1.0,14,572.4285714285714,0.0,0.875
campaign-hedged,1.5,0.5,41000121,0.0,0.9375,0.9375,1.0,15,704.0,0.0,0.9375
anchored25-fixed,1.5,0.5,41000121,0.0,0.875,0.875,1.0,14,602.7857142857143,0.0,0.875
anchored50-fixed,1.5,0.5,41000121,0.0,0.875,0.875,1.0,14,590.2857142857143,0.0,0.875
anchored75-fixed,1.5,0.5,41000121,0.0,0.875,0.875,1.0,14,602.0714285714286,0.0,0.875
telescoping-fixed,1.5,0.5,41000122,0.0,0.75,0.75,1.0,12,745.1666666666666,0.0,0.75
telescoping-hedged,1.5,0.5,41000122,0.0,0.625,0.625,1.0,10,743.5,0.0,0.4375
campaign25-fixed,1.5,0.5,41000122,0.0,0.75,0.75,1.0,12,704.75,0.0,0.75
campaign50-fixed,1.5,0.5,41000122,0.0,0.75,0.75,1.0,12,691.8333333333334,0.0,0.75
campaign75-fixed,1.5,0.5,41000122,0.0,0.75,0.75,1.0,12,674.75,0.0,0.75
campaign-hedged,1.5,0.5,41000122,0.0,0.75,0.75,1.0,12,816.0,0.0,0.6875
anchored25-fixed,1.5,0.5,41000122,0.0,0.75,0.75,1.0,12,732.25,0.0,0.75
anchored50-fixed,1.5,0.5,41000122,0.0,0.75,0.75,1.0,12,725.1666666666666,0.0,0.75
anchored75-fixed,1.5,0.5,41000122,0.0,0.75,0.75,1.0,12,758.0833333333334,0.0,0.75
telescoping-fixed,1.5,0.5,41000123,0.0,0.3125,0.3125,1.0,5,541.0,0.0,0.125
telescoping-hedged,1.5,0.5,41000123,0.0,0.3125,0.3125,1.0,5,755.0,0.0,0.125
campaign25-fixed,1.5,0.5,41000123,0.0,0.3125,0.3125,1.0,5,647.0,0.0,0.125
campaign50-fixed,1.5,0.5,41000123,0.0,0.3125,0.3125,1.0,5,649.0,0.0,0.125
campaign75-fixed,1.5,0.5,41000123,0.0,0.375,0.375,1.0,6,702.6666666666666,0.0,0.125
campaign-hedged,1.5,0.5,41000123,0.0,0.3125,0.3125,1.0,5,766.0,0.0,0.125
anchored25-fixed,1.5,0.5,41000123,0.0,0.3125,0.3125,1.0,5,546.0,0.0,0.125
anchored50-fixed,1.5,0.5,41000123,0.0,0.3125,0.3125,1.0,5,550.0,0.0,0.125
anchored75-fixed,1.5,0.5,41000123,0.0,0.3125,0.3125,1.0,5,579.0,0.0,0.125
telescoping-fixed,1.5,0.5,41000124,0.0,0.0625,0.0625,1.0,1,256.0,0.0,0.0
telescoping-hedged,1.5,0.5,41000124,0.0,0.0,0.0,1.0,0,,0.0,0.0
campaign25-fixed,1.5,0.5,41000124,0.0,0.0625,0.0625,1.0,1,256.0,0.0,0.0
campaign50-fixed,1.5,0.5,41000124,0.0,0.0,0.0,1.0,0,,0.0,0.0
campaign75-fixed,1.5,0.5,41000124,0.0,0.0,0.0,1.0,0,,0.0,0.0
campaign-hedged,1.5,0.5,41000124,0.0,0.0,0.0,1.0,0,,0.0,0.0
anchored25-fixed,1.5,0.5,41000124,0.0,0.0625,0.0625,1.0,1,256.0,0.0,0.0
anchored50-fixed,1.5,0.5,41000124,0.0,0.0,0.0,1.0,0,,0.0,0.0
anchored75-fixed,1.5,0.5,41000124,0.0,0.0,0.0,1.0,0,,0.0,0.0
telescoping-fixed,1.5,0.5,41000125,0.0,0.3125,0.3125,1.0,5,705.0,0.0,0.0625
telescoping-hedged,1.5,0.5,41000125,0.0,0.1875,0.1875,1.0,3,847.6666666666666,0.0,0.0
campaign25-fixed,1.5,0.5,41000125,0.0,0.375,0.375,1.0,6,725.1666666666666,0.0,0.125
campaign50-fixed,1.5,0.5,41000125,0.0,0.375,0.375,1.0,6,836.8333333333334,0.0,0.125
campaign75-fixed,1.5,0.5,41000125,0.0,0.375,0.375,1.0,6,815.1666666666666,0.0,0.125
campaign-hedged,1.5,0.5,41000125,0.0,0.25,0.25,1.0,4,876.0,0.0,0.0
anchored25-fixed,1.5,0.5,41000125,0.0,0.25,0.25,1.0,4,691.0,0.0,0.125
anchored50-fixed,1.5,0.5,41000125,0.0,0.25,0.25,1.0,4,703.5,0.0,0.125
anchored75-fixed,1.5,0.5,41000125,0.0,0.25,0.25,1.0,4,818.5,0.0,0.125
telescoping-fixed,1.5,0.5,41000126,0.0,0.625,0.625,1.0,10,637.5,0.0,0.625
telescoping-hedged,1.5,0.5,41000126,0.0,0.5625,0.5625,1.0,9,802.1111111111111,0.0,0.5625
campaign25-fixed,1.5,0.5,41000126,0.0,0.6875,0.6875,1.0,11,723.2727272727273,0.0,0.6875
campaign50-fixed,1.5,0.5,41000126,0.0,0.8125,0.8125,1.0,13,801.3846153846154,0.0,0.75
campaign75-fixed,1.5,0.5,41000126,0.0,0.8125,0.8125,1.0,13,807.1538461538462,0.0,0.8125
campaign-hedged,1.5,0.5,41000126,0.0,0.5625,0.5625,1.0,9,803.7777777777778,0.0,0.5625
anchored25-fixed,1.5,0.5,41000126,0.0,0.625,0.625,1.0,10,654.5,0.0,0.625
anchored50-fixed,1.5,0.5,41000126,0.0,0.625,0.625,1.0,10,733.5,0.0,0.625
anchored75-fixed,1.5,0.5,41000126,0.0,0.6875,0.6875,1.0,11,828.7272727272727,0.0,0.6875
telescoping-fixed,1.5,0.5,41000127,0.0,0.375,0.375,1.0,6,647.6666666666666,0.0,0.3125
telescoping-hedged,1.5,0.5,41000127,0.0,0.3125,0.3125,1.0,5,697.0,0.0,0.3125
campaign25-fixed,1.5,0.5,41000127,0.0,0.4375,0.4375,1.0,7,706.0,0.0,0.4375
campaign50-fixed,1.5,0.5,41000127,0.0,0.4375,0.4375,1.0,7,666.7142857142857,0.0,0.4375
campaign75-fixed,1.5,0.5,41000127,0.0,0.4375,0.4375,1.0,7,667.4285714285714,0.0,0.4375
campaign-hedged,1.5,0.5,41000127,0.0,0.4375,0.4375,1.0,7,767.1428571428571,0.0,0.4375
anchored25-fixed,1.5,0.5,41000127,0.0,0.4375,0.4375,1.0,7,709.2857142857143,0.0,0.4375
anchored50-fixed,1.5,0.5,41000127,0.0,0.4375,0.4375,1.0,7,732.4285714285714,0.0,0.4375
anchored75-fixed,1.5,0.5,41000127,0.0,0.4375,0.4375,1.0,7,748.1428571428571,0.0,0.4375
telescoping-fixed,1.5,0.5,41000128,0.0,0.5625,0.5625,1.0,9,304.8888888888889,0.0,0.1875
telescoping-hedged,1.5,0.5,41000128,0.0,0.5625,0.5625,1.0,9,485.44444444444446,0.0,0.125
campaign25-fixed,1.5,0.5,41000128,0.0,0.625,0.625,1.0,10,347.0,0.0,0.1875
campaign50-fixed,1.5,0.5,41000128,0.0,0.75,0.75,1.0,12,400.5833333333333,0.0,0.1875
campaign75-fixed,1.5,0.5,41000128,0.0,0.8125,0.8125,1.0,13,412.15384615384613,0.0,0.125
campaign-hedged,1.5,0.5,41000128,0.0,0.5625,0.5625,1.0,9,493.22222222222223,0.0,0.0625
anchored25-fixed,1.5,0.5,41000128,0.0,0.625,0.625,1.0,10,387.0,0.0,0.1875
anchored50-fixed,1.5,0.5,41000128,0.0,0.625,0.625,1.0,10,445.0,0.0,0.1875
anchored75-fixed,1.5,0.5,41000128,0.0,0.625,0.625,1.0,10,451.5,0.0,0.0625
telescoping-fixed,1.5,0.5,41000129,0.0,0.125,0.125,1.0,2,671.0,0.0,0.0625
telescoping-hedged,1.5,0.5,41000129,0.0,0.0625,0.0625,1.0,1,746.0,0.0,0.0625
campaign25-fixed,1.5,0.5,41000129,0.0,0.125,0.125,1.0,2,688.5,0.0,0.0625
campaign50-fixed,1.5,0.5,41000129,0.0,0.0625,0.0625,1.0,1,656.0,0.0,0.0625
campaign75-fixed,1.5,0.5,41000129,0.0,0.0625,0.0625,1.0,1,656.0,0.0,0.0625
campaign-hedged,1.5,0.5,41000129,0.0,0.0625,0.0625,1.0,1,746.0,0.0,0.0625
anchored25-fixed,1.5,0.5,41000129,0.0,0.125,0.125,1.0,2,691.0,0.0,0.0625
anchored50-fixed,1.5,0.5,41000129,0.0,0.0625,0.0625,1.0,1,661.0,0.0,0.0625
anchored75-fixed,1.5,0.5,41000129,0.0,0.0625,0.0625,1.0,1,681.0,0.0,0.0625
telescoping-fixed,1.5,0.5,41000130,0.0,0.875,0.875,1.0,14,854.5714285714286,0.0,0.875
telescoping-hedged,1.5,0.5,41000130,0.0,0.8125,0.8125,1.0,13,951.3846153846154,0.0,0.8125
campaign25-fixed,1.5,0.5,41000130,0.0,1.0,1.0,1.0,16,862.125,0.0,1.0
campaign50-fixed,1.5,0.5,41000130,0.0,1.0,1.0,1.0,16,886.625,0.0,1.0
campaign75-fixed,1.5,0.5,41000130,0.0,1.0,1.0,1.0,16,877.875,0.0,1.0
campaign-hedged,1.5,0.5,41000130,0.0,0.875,0.875,1.0,14,936.7142857142857,0.0,0.875
anchored25-fixed,1.5,0.5,41000130,0.0,0.875,0.875,1.0,14,856.3571428571429,0.0,0.875
anchored50-fixed,1.5,0.5,41000130,0.0,0.9375,0.9375,1.0,15,900.0,0.0,0.9375
anchored75-fixed,1.5,0.5,41000130,0.0,1.0,1.0,1.0,16,915.5625,0.0,1.0
telescoping-fixed,1.5,0.5,41000131,0.0,0.125,0.125,1.0,2,888.5,0.0,0.125
telescoping-hedged,1.5,0.5,41000131,0.0,0.1875,0.1875,1.0,3,1011.0,0.0,0.125
campaign25-fixed,1.5,0.5,41000131,0.0,0.125,0.125,1.0,2,898.5,0.0,0.125
campaign50-fixed,1.5,0.5,41000131,0.0,0.125,0.125,1.0,2,913.5,0.0,0.0625
campaign75-fixed,1.5,0.5,41000131,0.0,0.0625,0.0625,1.0,1,1006.0,0.0,0.0625
campaign-hedged,1.5,0.5,41000131,0.0,0.125,0.125,1.0,2,1033.5,0.0,0.125
anchored25-fixed,1.5,0.5,41000131,0.0,0.125,0.125,1.0,2,888.5,0.0,0.125
anchored50-fixed,1.5,0.5,41000131,0.0,0.125,0.125,1.0,2,898.5,0.0,0.125
anchored75-fixed,1.5,0.5,41000131,0.0,0.125,0.125,1.0,2,901.0,0.0,0.125
telescoping-fixed,1.5,0.5,41000132,0.0,0.875,0.875,1.0,14,741.3571428571429,0.0,0.875
telescoping-hedged,1.5,0.5,41000132,0.0,0.6875,0.6875,1.0,11,744.6363636363636,0.0,0.625
campaign25-fixed,1.5,0.5,41000132,0.0,0.9375,0.9375,1.0,15,734.3333333333334,0.0,0.9375
campaign50-fixed,1.5,0.5,41000132,0.0,0.9375,0.9375,1.0,15,720.6666666666666,0.0,0.9375
campaign75-fixed,1.5,0.5,41000132,0.0,0.9375,0.9375,1.0,15,707.3333333333334,0.0,0.875
campaign-hedged,1.5,0.5,41000132,0.0,0.875,0.875,1.0,14,806.3571428571429,0.0,0.8125
anchored25-fixed,1.5,0.5,41000132,0.0,0.875,0.875,1.0,14,749.5714285714286,0.0,0.875
anchored50-fixed,1.5,0.5,41000132,0.0,0.9375,0.9375,1.0,15,762.6666666666666,0.0,0.9375
anchored75-fixed,1.5,0.5,41000132,0.0,0.9375,0.9375,1.0,15,766.0,0.0,0.875
telescoping-fixed,1.5,0.5,41000133,0.0,0.5625,0.5625,1.0,9,619.8888888888889,0.0,0.4375
telescoping-hedged,1.5,0.5,41000133,0.0,0.5,0.5,1.0,8,658.5,0.0,0.4375
campaign25-fixed,1.5,0.5,41000133,0.0,0.6875,0.6875,1.0,11,698.7272727272727,0.0,0.5
campaign50-fixed,1.5,0.5,41000133,0.0,0.75,0.75,1.0,12,750.5833333333334,0.0,0.4375
campaign75-fixed,1.5,0.5,41000133,0.0,0.8125,0.8125,1.0,13,777.1538461538462,0.0,0.4375
campaign-hedged,1.5,0.5,41000133,0.0,0.5625,0.5625,1.0,9,707.1111111111111,0.0,0.375
anchored25-fixed,1.5,0.5,41000133,0.0,0.5625,0.5625,1.0,9,633.7777777777778,0.0,0.4375
anchored50-fixed,1.5,0.5,41000133,0.0,0.5625,0.5625,1.0,9,645.4444444444445,0.0,0.375
anchored75-fixed,1.5,0.5,41000133,0.0,0.6875,0.6875,1.0,11,742.8181818181819,0.0,0.4375
telescoping-fixed,1.5,0.5,41000134,0.0,0.3125,0.3125,1.0,5,736.0,0.0,0.1875
telescoping-hedged,1.5,0.5,41000134,0.0,0.3125,0.3125,1.0,5,862.0,0.0,0.1875
campaign25-fixed,1.5,0.5,41000134,0.0,0.3125,0.3125,1.0,5,736.0,0.0,0.1875
campaign50-fixed,1.5,0.5,41000134,0.0,0.4375,0.4375,1.0,7,837.4285714285714,0.0,0.1875
campaign75-fixed,1.5,0.5,41000134,0.0,0.3125,0.3125,1.0,5,722.0,0.0,0.1875
campaign-hedged,1.5,0.5,41000134,0.0,0.3125,0.3125,1.0,5,889.0,0.0,0.1875
anchored25-fixed,1.5,0.5,41000134,0.0,0.3125,0.3125,1.0,5,747.0,0.0,0.1875
anchored50-fixed,1.5,0.5,41000134,0.0,0.3125,0.3125,1.0,5,778.0,0.0,0.1875
anchored75-fixed,1.5,0.5,41000134,0.0,0.1875,0.1875,1.0,3,759.3333333333334,0.0,0.1875
telescoping-fixed,1.5,0.5,41000135,0.0,0.6875,0.6875,1.0,11,356.90909090909093,0.0,0.6875
telescoping-hedged,1.5,0.5,41000135,0.0,0.6875,0.6875,1.0,11,417.3636363636364,0.0,0.5
campaign25-fixed,1.5,0.5,41000135,0.0,0.875,0.875,1.0,14,425.64285714285717,0.0,0.75
campaign50-fixed,1.5,0.5,41000135,0.0,0.9375,0.9375,1.0,15,397.0,0.0,0.75
campaign75-fixed,1.5,0.5,41000135,0.0,0.9375,0.9375,1.0,15,383.3333333333333,0.0,0.8125
campaign-hedged,1.5,0.5,41000135,0.0,0.75,0.75,1.0,12,418.9166666666667,0.0,0.5625
anchored25-fixed,1.5,0.5,41000135,0.0,0.75,0.75,1.0,12,380.5833333333333,0.0,0.6875
anchored50-fixed,1.5,0.5,41000135,0.0,0.875,0.875,1.0,14,447.7857142857143,0.0,0.6875
anchored75-fixed,1.5,0.5,41000135,0.0,0.875,0.875,1.0,14,427.42857142857144,0.0,0.75
telescoping-fixed,1.5,0.5,41000136,0.0,0.5,0.5,1.0,8,685.375,0.0,0.1875
telescoping-hedged,1.5,0.5,41000136,0.0,0.375,0.375,1.0,6,736.0,0.0,0.25
campaign25-fixed,1.5,0.5,41000136,0.0,0.5,0.5,1.0,8,694.125,0.0,0.3125
campaign50-fixed,1.5,0.5,41000136,0.0,0.5,0.5,1.0,8,692.25,0.0,0.375
campaign75-fixed,1.5,0.5,41000136,0.0,0.5,0.5,1.0,8,659.125,0.0,0.375
campaign-hedged,1.5,0.5,41000136,0.0,0.4375,0.4375,1.0,7,790.2857142857143,0.0,0.1875
anchored25-fixed,1.5,0.5,41000136,0.0,0.5,0.5,1.0,8,699.125,0.0,0.1875
anchored50-fixed,1.5,0.5,41000136,0.0,0.5,0.5,1.0,8,698.5,0.0,0.1875
anchored75-fixed,1.5,0.5,41000136,0.0,0.4375,0.4375,1.0,7,707.4285714285714,0.0,0.1875
telescoping-fixed,1.5,0.5,41000137,0.0,0.75,0.75,1.0,12,827.6666666666666,0.0,0.6875
telescoping-hedged,1.5,0.5,41000137,0.0,0.5625,0.5625,1.0,9,792.6666666666666,0.0,0.5625
campaign25-fixed,1.5,0.5,41000137,0.0,0.75,0.75,1.0,12,818.0833333333334,0.0,0.75
campaign50-fixed,1.5,0.5,41000137,0.0,0.75,0.75,1.0,12,805.5833333333334,0.0,0.75
campaign75-fixed,1.5,0.5,41000137,0.0,0.75,0.75,1.0,12,808.9166666666666,0.0,0.75
campaign-hedged,1.5,0.5,41000137,0.0,0.75,0.75,1.0,12,904.75,0.0,0.625
anchored25-fixed,1.5,0.5,41000137,0.0,0.75,0.75,1.0,12,826.8333333333334,0.0,0.75
anchored50-fixed,1.5,0.5,41000137,0.0,0.75,0.75,1.0,12,826.4166666666666,0.0,0.75
anchored75-fixed,1.5,0.5,41000137,0.0,0.75,0.75,1.0,12,863.9166666666666,0.0,0.75
telescoping-fixed,1.5,0.5,41000138,0.0,0.375,0.375,1.0,6,533.5,0.0,0.3125
telescoping-hedged,1.5,0.5,41000138,0.0,0.25,0.25,1.0,4,533.5,0.0,0.25
campaign25-fixed,1.5,0.5,41000138,0.0,0.375,0.375,1.0,6,498.5,0.0,0.3125
campaign50-fixed,1.5,0.5,41000138,0.0,0.375,0.375,1.0,6,501.0,0.0,0.375
campaign75-fixed,1.5,0.5,41000138,0.0,0.375,0.375,1.0,6,551.8333333333334,0.0,0.375
campaign-hedged,1.5,0.5,41000138,0.0,0.375,0.375,1.0,6,621.0,0.0,0.3125
anchored25-fixed,1.5,0.5,41000138,0.0,0.375,0.375,1.0,6,516.8333333333334,0.0,0.3125
anchored50-fixed,1.5,0.5,41000138,0.0,0.375,0.375,1.0,6,525.1666666666666,0.0,0.3125
anchored75-fixed,1.5,0.5,41000138,0.0,0.375,0.375,1.0,6,558.5,0.0,0.375
telescoping-fixed,1.5,0.5,41000139,0.0,0.75,0.75,1.0,12,517.25,0.0,0.4375
telescoping-hedged,1.5,0.5,41000139,0.0,0.5,0.5,1.0,8,463.5,0.0,0.5
campaign25-fixed,1.5,0.5,41000139,0.0,0.875,0.875,1.0,14,518.1428571428571,0.0,0.625
campaign50-fixed,1.5,0.5,41000139,0.0,0.9375,0.9375,1.0,15,523.3333333333334,0.0,0.6875
campaign75-fixed,1.5,0.5,41000139,0.0,0.9375,0.9375,1.0,15,512.3333333333334,0.0,0.75
campaign-hedged,1.5,0.5,41000139,0.0,0.75,0.75,1.0,12,603.5,0.0,0.4375
anchored25-fixed,1.5,0.5,41000139,0.0,0.875,0.875,1.0,14,571.0,0.0,0.4375
anchored50-fixed,1.5,0.5,41000139,0.0,0.875,0.875,1.0,14,562.0714285714286,0.0,0.5
anchored75-fixed,1.5,0.5,41000139,0.0,0.9375,0.9375,1.0,15,579.6666666666666,0.0,0.5625
telescoping-fixed,1.5,0.5,41000140,0.0,0.875,0.875,1.0,14,615.2857142857143,0.0,0.5625
telescoping-hedged,1.5,0.5,41000140,0.0,0.5625,0.5625,1.0,9,677.1111111111111,0.0,0.5
campaign25-fixed,1.5,0.5,41000140,0.0,0.875,0.875,1.0,14,572.7857142857143,0.0,0.6875
campaign50-fixed,1.5,0.5,41000140,0.0,1.0,1.0,1.0,16,613.5,0.0,0.75
campaign75-fixed,1.5,0.5,41000140,0.0,1.0,1.0,1.0,16,596.625,0.0,0.8125
campaign-hedged,1.5,0.5,41000140,0.0,0.75,0.75,1.0,12,726.8333333333334,0.0,0.5
anchored25-fixed,1.5,0.5,41000140,0.0,0.875,0.875,1.0,14,598.8571428571429,0.0,0.625
anchored50-fixed,1.5,0.5,41000140,0.0,0.875,0.875,1.0,14,623.8571428571429,0.0,0.625
anchored75-fixed,1.5,0.5,41000140,0.0,0.9375,0.9375,1.0,15,671.0,0.0,0.625
telescoping-fixed,1.5,0.5,41000141,0.0,0.6875,0.6875,1.0,11,650.5454545454545,0.0,0.625
telescoping-hedged,1.5,0.5,41000141,0.0,0.5625,0.5625,1.0,9,623.7777777777778,0.0,0.5625
campaign25-fixed,1.5,0.5,41000141,0.0,0.875,0.875,1.0,14,692.7857142857143,0.0,0.75
campaign50-fixed,1.5,0.5,41000141,0.0,0.9375,0.9375,1.0,15,680.0,0.0,0.9375
campaign75-fixed,1.5,0.5,41000141,0.0,0.9375,0.9375,1.0,15,677.3333333333334,0.0,0.9375
campaign-hedged,1.5,0.5,41000141,0.0,0.5625,0.5625,1.0,9,652.6666666666666,0.0,0.5625
anchored25-fixed,1.5,0.5,41000141,0.0,0.6875,0.6875,1.0,11,661.4545454545455,0.0,0.6875
anchored50-fixed,1.5,0.5,41000141,0.0,0.75,0.75,1.0,12,665.5833333333334,0.0,0.75
anchored75-fixed,1.5,0.5,41000141,0.0,0.875,0.875,1.0,14,696.7142857142857,0.0,0.8125
telescoping-fixed,1.5,0.5,41000142,0.0,0.75,0.75,1.0,12,531.0,0.0,0.75
telescoping-hedged,1.5,0.5,41000142,0.0,0.6875,0.6875,1.0,11,662.3636363636364,0.0,0.6875
campaign25-fixed,1.5,0.5,41000142,0.0,0.875,0.875,1.0,14,534.9285714285714,0.0,0.875
campaign50-fixed,1.5,0.5,41000142,0.0,0.875,0.875,1.0,14,519.9285714285714,0.0,0.875
campaign75-fixed,1.5,0.5,41000142,0.0,0.875,0.875,1.0,14,516.7142857142857,0.0,0.875
campaign-hedged,1.5,0.5,41000142,0.0,0.875,0.875,1.0,14,644.9285714285714,0.0,0.875
anchored25-fixed,1.5,0.5,41000142,0.0,0.875,0.875,1.0,14,549.9285714285714,0.0,0.875
anchored50-fixed,1.5,0.5,41000142,0.0,0.875,0.875,1.0,14,545.6428571428571,0.0,0.875
anchored75-fixed,1.5,0.5,41000142,0.0,0.875,0.875,1.0,14,559.2142857142857,0.0,0.875
telescoping-fixed,1.5,0.5,41000143,0.0,0.8125,0.8125,1.0,13,692.5384615384615,0.0,0.75
telescoping-hedged,1.5,0.5,41000143,0.0,0.6875,0.6875,1.0,11,758.2727272727273,0.0,0.6875
campaign25-fixed,1.5,0.5,41000143,0.0,0.875,0.875,1.0,14,708.8571428571429,0.0,0.875
campaign50-fixed,1.5,0.5,41000143,0.0,0.9375,0.9375,1.0,15,722.8666666666667,0.0,0.9375
campaign75-fixed,1.5,0.5,41000143,0.0,0.9375,0.9375,1.0,15,730.5333333333333,0.0,0.9375
campaign-hedged,1.5,0.5,41000143,0.0,0.8125,0.8125,1.0,13,800.2307692307693,0.0,0.75
anchored25-fixed,1.5,0.5,41000143,0.0,0.8125,0.8125,1.0,13,713.6923076923077,0.0,0.8125
anchored50-fixed,1.5,0.5,41000143,0.0,0.875,0.875,1.0,14,746.3571428571429,0.0,0.875
anchored75-fixed,1.5,0.5,41000143,0.0,0.875,0.875,1.0,14,748.8571428571429,0.0,0.875
telescoping-fixed,1.5,0.5,41000144,0.0,0.5625,0.5625,1.0,9,698.7777777777778,0.0,0.5625
telescoping-hedged,1.5,0.5,41000144,0.0,0.5625,0.5625,1.0,9,829.8888888888889,0.0,0.5625
campaign25-fixed,1.5,0.5,41000144,0.0,0.75,0.75,1.0,12,771.0,0.0,0.5625
campaign50-fixed,1.5,0.5,41000144,0.0,0.8125,0.8125,1.0,13,785.6153846153846,0.0,0.6875
campaign75-fixed,1.5,0.5,41000144,0.0,0.875,0.875,1.0,14,840.2857142857143,0.0,0.8125
campaign-hedged,1.5,0.5,41000144,0.0,0.5625,0.5625,1.0,9,895.4444444444445,0.0,0.5625
anchored25-fixed,1.5,0.5,41000144,0.0,0.5625,0.5625,1.0,9,714.8888888888889,0.0,0.5625
anchored50-fixed,1.5,0.5,41000144,0.0,0.6875,0.6875,1.0,11,761.4545454545455,0.0,0.5625
anchored75-fixed,1.5,0.5,41000144,0.0,0.75,0.75,1.0,12,803.5,0.0,0.625
telescoping-fixed,1.5,0.5,41000145,0.0,0.4375,0.4375,1.0,7,699.5714285714286,0.0,0.125
telescoping-hedged,1.5,0.5,41000145,0.0,0.25,0.25,1.0,4,1058.5,0.0,0.125
campaign25-fixed,1.5,0.5,41000145,0.0,0.4375,0.4375,1.0,7,783.1428571428571,0.0,0.125
campaign50-fixed,1.5,0.5,41000145,0.0,0.375,0.375,1.0,6,918.5,0.0,0.125
campaign75-fixed,1.5,0.5,41000145,0.0,0.4375,0.4375,1.0,7,1006.0,0.0,0.125
campaign-hedged,1.5,0.5,41000145,0.0,0.25,0.25,1.0,4,1071.0,0.0,0.0625
anchored25-fixed,1.5,0.5,41000145,0.0,0.4375,0.4375,1.0,7,776.0,0.0,0.125
anchored50-fixed,1.5,0.5,41000145,0.0,0.375,0.375,1.0,6,736.0,0.0,0.125
anchored75-fixed,1.5,0.5,41000145,0.0,0.375,0.375,1.0,6,737.6666666666666,0.0,0.125
telescoping-fixed,1.5,0.5,41000146,0.0,0.9375,0.9375,1.0,15,531.6666666666666,0.0,0.9375
telescoping-hedged,1.5,0.5,41000146,0.0,0.875,0.875,1.0,14,571.0,0.0,0.875
campaign25-fixed,1.5,0.5,41000146,0.0,0.9375,0.9375,1.0,15,515.6666666666666,0.0,0.9375
campaign50-fixed,1.5,0.5,41000146,0.0,0.9375,0.9375,1.0,15,498.6666666666667,0.0,0.9375
campaign75-fixed,1.5,0.5,41000146,0.0,0.9375,0.9375,1.0,15,487.0,0.0,0.9375
campaign-hedged,1.5,0.5,41000146,0.0,0.9375,0.9375,1.0,15,555.6666666666666,0.0,0.9375
anchored25-fixed,1.5,0.5,41000146,0.0,0.9375,0.9375,1.0,15,527.3333333333334,0.0,0.9375
anchored50-fixed,1.5,0.5,41000146,0.0,0.9375,0.9375,1.0,15,536.0,0.0,0.9375
anchored75-fixed,1.5,0.5,41000146,0.0,0.9375,0.9375,1.0,15,527.3333333333334,0.0,0.9375
telescoping-fixed,1.5,0.5,41000147,0.0,0.75,0.75,1.0,12,548.0833333333334,0.0,0.5625
telescoping-hedged,1.5,0.5,41000147,0.0,0.6875,0.6875,1.0,11,569.1818181818181,0.0,0.6875
campaign25-fixed,1.5,0.5,41000147,0.0,0.875,0.875,1.0,14,596.3571428571429,0.0,0.6875
campaign50-fixed,1.5,0.5,41000147,0.0,0.875,0.875,1.0,14,554.9285714285714,0.0,0.75
campaign75-fixed,1.5,0.5,41000147,0.0,0.875,0.875,1.0,14,553.1428571428571,0.0,0.75
campaign-hedged,1.5,0.5,41000147,0.0,0.8125,0.8125,1.0,13,634.0769230769231,0.0,0.75
anchored25-fixed,1.5,0.5,41000147,0.0,0.8125,0.8125,1.0,13,579.0769230769231,0.0,0.5625
anchored50-fixed,1.5,0.5,41000147,0.0,0.8125,0.8125,1.0,13,575.2307692307693,0.0,0.6875
anchored75-fixed,1.5,0.5,41000147,0.0,0.875,0.875,1.0,14,603.8571428571429,0.0,0.6875
telescoping-fixed,1.5,0.5,41000148,0.0,1.0,1.0,1.0,16,395.6875,0.0,0.9375
telescoping-hedged,1.5,0.5,41000148,0.0,1.0,1.0,1.0,16,482.25,0.0,0.875
campaign25-fixed,1.5,0.5,41000148,0.0,1.0,1.0,1.0,16,361.625,0.0,1.0
campaign50-fixed,1.5,0.5,41000148,0.0,1.0,1.0,1.0,16,346.3125,0.0,1.0
campaign75-fixed,1.5,0.5,41000148,0.058823529411764705,1.0,1.0,1.0,17,337.25,0.0,1.0
campaign-hedged,1.5,0.5,41000148,0.0,1.0,1.0,1.0,16,430.0625,0.0,0.9375
anchored25-fixed,1.5,0.5,41000148,0.0,1.0,1.0,1.0,16,381.3125,0.0,0.9375
anchored50-fixed,1.5,0.5,41000148,0.0,1.0,1.0,1.0,16,372.25,0.0,0.9375
anchored75-fixed,1.5,0.5,41000148,0.0,1.0,1.0,1.0,16,374.75,0.0,0.875
telescoping-fixed,1.5,0.5,41000149,0.0,0.75,0.75,1.0,12,589.75,0.0,0.75
telescoping-hedged,1.5,0.5,41000149,0.0,0.5625,0.5625,1.0,9,533.7777777777778,0.0,0.5625
campaign25-fixed,1.5,0.5,41000149,0.0,0.8125,0.8125,1.0,13,547.5384615384615,0.0,0.8125
campaign50-fixed,1.5,0.5,41000149,0.0,0.875,0.875,1.0,14,523.8571428571429,0.0,0.875
campaign75-fixed,1.5,0.5,41000149,0.0,0.875,0.875,1.0,14,503.14285714285717,0.0,0.875
campaign-hedged,1.5,0.5,41000149,0.0,0.8125,0.8125,1.0,13,717.8461538461538,0.0,0.8125
anchored25-fixed,1.5,0.5,41000149,0.0,0.8125,0.8125,1.0,13,587.1538461538462,0.0,0.8125
anchored50-fixed,1.5,0.5,41000149,0.0,0.8125,0.8125,1.0,13,569.8461538461538,0.0,0.8125
anchored75-fixed,1.5,0.5,41000149,0.0,0.875,0.875,1.0,14,592.4285714285714,0.0,0.875
telescoping-fixed,1.5,0.5,41000150,0.0,0.9375,0.9375,1.0,15,423.0,0.0,0.875
telescoping-hedged,1.5,0.5,41000150,0.0,0.875,0.875,1.0,14,485.64285714285717,0.0,0.875
campaign25-fixed,1.5,0.5,41000150,0.0,0.9375,0.9375,1.0,15,384.0,0.0,0.9375
campaign50-fixed,1.5,0.5,41000150,0.0,0.9375,0.9375,1.0,15,386.0,0.0,0.9375
campaign75-fixed,1.5,0.5,41000150,0.0,1.0,1.0,1.0,16,405.6875,0.0,0.9375
campaign-hedged,1.5,0.5,41000150,0.0,0.9375,0.9375,1.0,15,464.6666666666667,0.0,0.875
anchored25-fixed,1.5,0.5,41000150,0.0,0.9375,0.9375,1.0,15,404.6666666666667,0.0,0.875
anchored50-fixed,1.5,0.5,41000150,0.0,0.9375,0.9375,1.0,15,404.6666666666667,0.0,0.9375
anchored75-fixed,1.5,0.5,41000150,0.0,0.9375,0.9375,1.0,15,413.3333333333333,0.0,0.9375
telescoping-fixed,1.5,0.5,41000151,0.0,0.9375,0.9375,1.0,15,621.6666666666666,0.0,0.875
telescoping-hedged,1.5,0.5,41000151,0.0,0.9375,0.9375,1.0,15,707.3333333333334,0.0,0.875
campaign25-fixed,1.5,0.5,41000151,0.0,1.0,1.0,1.0,16,610.6875,0.0,1.0
campaign50-fixed,1.5,0.5,41000151,0.058823529411764705,1.0,1.0,1.0,17,599.125,0.0,1.0
campaign75-fixed,1.5,0.5,41000151,0.058823529411764705,1.0,1.0,1.0,17,621.0,0.058823529411764705,1.0
campaign-hedged,1.5,0.5,41000151,0.0,1.0,1.0,1.0,16,688.1875,0.0,1.0
anchored25-fixed,1.5,0.5,41000151,0.0,1.0,1.0,1.0,16,623.8125,0.0,1.0
anchored50-fixed,1.5,0.5,41000151,0.0,1.0,1.0,1.0,16,617.25,0.0,1.0
anchored75-fixed,1.5,0.5,41000151,0.0,1.0,1.0,1.0,16,641.625,0.0,1.0
telescoping-fixed,1.5,0.5,41000152,0.0,0.625,0.625,1.0,10,342.5,0.0,0.625
telescoping-hedged,1.5,0.5,41000152,0.0,0.625,0.625,1.0,10,529.0,0.0,0.625
campaign25-fixed,1.5,0.5,41000152,0.0,0.625,0.625,1.0,10,343.5,0.0,0.625
campaign50-fixed,1.5,0.5,41000152,0.0,0.75,0.75,1.0,12,454.5833333333333,0.0,0.75
campaign75-fixed,1.5,0.5,41000152,0.0,0.8125,0.8125,1.0,13,446.7692307692308,0.0,0.75
campaign-hedged,1.5,0.5,41000152,0.0,0.625,0.625,1.0,10,548.5,0.0,0.625
anchored25-fixed,1.5,0.5,41000152,0.0,0.625,0.625,1.0,10,344.5,0.0,0.625
anchored50-fixed,1.5,0.5,41000152,0.0,0.625,0.625,1.0,10,352.5,0.0,0.625
anchored75-fixed,1.5,0.5,41000152,0.0,0.6875,0.6875,1.0,11,502.6363636363636,0.0,0.5
telescoping-fixed,1.5,0.5,41000153,0.0,0.125,0.125,1.0,2,1061.0,0.0,0.125
telescoping-hedged,1.5,0.5,41000153,0.0,0.1875,0.1875,1.0,3,1181.0,0.0,0.1875
campaign25-fixed,1.5,0.5,41000153,0.0,0.125,0.125,1.0,2,1111.0,0.0,0.125
campaign50-fixed,1.5,0.5,41000153,0.0,0.125,0.125,1.0,2,1143.5,0.0,0.125
campaign75-fixed,1.5,0.5,41000153,0.0,0.125,0.125,1.0,2,1176.0,0.0,0.125
campaign-hedged,1.5,0.5,41000153,0.0,0.125,0.125,1.0,2,1191.0,0.0,0.125
anchored25-fixed,1.5,0.5,41000153,0.0,0.125,0.125,1.0,2,1111.0,0.0,0.125
anchored50-fixed,1.5,0.5,41000153,0.0,0.125,0.125,1.0,2,1161.0,0.0,0.125
anchored75-fixed,1.5,0.5,41000153,0.0,0.125,0.125,1.0,2,1181.0,0.0,0.125
telescoping-fixed,1.5,0.5,41000154,0.0,1.0,1.0,1.0,16,462.25,0.0,1.0
telescoping-hedged,1.5,0.5,41000154,0.0,1.0,1.0,1.0,16,547.875,0.0,1.0
campaign25-fixed,1.5,0.5,41000154,0.0,1.0,1.0,1.0,16,449.125,0.0,1.0
campaign50-fixed,1.5,0.5,41000154,0.1111111111111111,1.0,1.0,1.0,18,416.9375,0.058823529411764705,1.0
campaign75-fixed,1.5,0.5,41000154,0.1111111111111111,1.0,1.0,1.0,18,412.5625,0.1111111111111111,1.0
campaign-hedged,1.5,0.5,41000154,0.0,1.0,1.0,1.0,16,509.125,0.0,1.0
anchored25-fixed,1.5,0.5,41000154,0.0,1.0,1.0,1.0,16,459.75,0.0,1.0
anchored50-fixed,1.5,0.5,41000154,0.0,1.0,1.0,1.0,16,458.1875,0.0,1.0
anchored75-fixed,1.5,0.5,41000154,0.0,1.0,1.0,1.0,16,453.1875,0.0,1.0
telescoping-fixed,1.5,0.5,41000155,0.0,0.125,0.125,1.0,2,733.5,0.0,0.0625
telescoping-hedged,1.5,0.5,41000155,0.0,0.125,0.125,1.0,2,913.5,0.0,0.125
campaign25-fixed,1.5,0.5,41000155,0.0,0.125,0.125,1.0,2,733.5,0.0,0.0625
campaign50-fixed,1.5,0.5,41000155,0.0,0.125,0.125,1.0,2,743.5,0.0,0.0625
campaign75-fixed,1.5,0.5,41000155,0.0,0.125,0.125,1.0,2,748.5,0.0,0.0625
campaign-hedged,1.5,0.5,41000155,0.0,0.125,0.125,1.0,2,1168.5,0.0,0.0625
anchored25-fixed,1.5,0.5,41000155,0.0,0.125,0.125,1.0,2,733.5,0.0,0.0625
anchored50-fixed,1.5,0.5,41000155,0.0,0.125,0.125,1.0,2,731.0,0.0,0.0625
anchored75-fixed,1.5,0.5,41000155,0.0,0.125,0.125,1.0,2,731.0,0.0,0.0625
telescoping-fixed,1.5,0.5,41000156,0.0,0.125,0.125,1.0,2,703.5,0.0,0.125
telescoping-hedged,1.5,0.5,41000156,0.0,0.125,0.125,1.0,2,746.0,0.0,0.125
campaign25-fixed,1.5,0.5,41000156,0.0,0.125,0.125,1.0,2,691.0,0.0,0.125
campaign50-fixed,1.5,0.5,41000156,0.0,0.125,0.125,1.0,2,676.0,0.0,0.125
campaign75-fixed,1.5,0.5,41000156,0.0,0.125,0.125,1.0,2,681.0,0.0,0.125
campaign-hedged,1.5,0.5,41000156,0.0,0.125,0.125,1.0,2,733.5,0.0,0.125
anchored25-fixed,1.5,0.5,41000156,0.0,0.125,0.125,1.0,2,693.5,0.0,0.125
anchored50-fixed,1.5,0.5,41000156,0.0,0.125,0.125,1.0,2,696.0,0.0,0.125
anchored75-fixed,1.5,0.5,41000156,0.0,0.125,0.125,1.0,2,708.5,0.0,0.125
telescoping-fixed,1.5,0.5,41000157,0.0,0.5,0.5,1.0,8,806.0,0.0,0.375
telescoping-hedged,1.5,0.5,41000157,0.0,0.375,0.375,1.0,6,1075.1666666666667,0.0,0.375
campaign25-fixed,1.5,0.5,41000157,0.0,0.625,0.625,1.0,10,939.5,0.0,0.4375
campaign50-fixed,1.5,0.5,41000157,0.0,0.625,0.625,1.0,10,1062.5,0.0,0.4375
campaign75-fixed,1.5,0.5,41000157,0.0,0.625,0.625,1.0,10,1056.5,0.0,0.5625
campaign-hedged,1.5,0.5,41000157,0.0,0.4375,0.4375,1.0,7,1115.2857142857142,0.0,0.4375
anchored25-fixed,1.5,0.5,41000157,0.0,0.5625,0.5625,1.0,9,924.3333333333334,0.0,0.375
anchored50-fixed,1.5,0.5,41000157,0.0,0.375,0.375,1.0,6,1068.5,0.0,0.375
anchored75-fixed,1.5,0.5,41000157,0.0,0.5,0.5,1.0,8,1099.75,0.0,0.1875
telescoping-fixed,1.5,0.5,41000158,0.0,0.4375,0.4375,1.0,7,952.4285714285714,0.0,0.4375
telescoping-hedged,1.5,0.5,41000158,0.0,0.3125,0.3125,1.0,5,992.0,0.0,0.3125
campaign25-fixed,1.5,0.5,41000158,0.0,0.5625,0.5625,1.0,9,954.8888888888889,0.0,0.5625
campaign50-fixed,1.5,0.5,41000158,0.0,0.5625,0.5625,1.0,9,962.1111111111111,0.0,0.5625
campaign75-fixed,1.5,0.5,41000158,0.0,0.5,0.5,1.0,8,917.875,0.0,0.5
campaign-hedged,1.5,0.5,41000158,0.0,0.375,0.375,1.0,6,1006.5,0.0,0.375
anchored25-fixed,1.5,0.5,41000158,0.0,0.5,0.5,1.0,8,952.875,0.0,0.5
anchored50-fixed,1.5,0.5,41000158,0.0,0.5,0.5,1.0,8,968.875,0.0,0.5
anchored75-fixed,1.5,0.5,41000158,0.0,0.4375,0.4375,1.0,7,948.1428571428571,0.0,0.375
telescoping-fixed,1.5,0.5,41000159,0.0,0.6875,0.6875,1.0,11,716.9090909090909,0.0,0.625
telescoping-hedged,1.5,0.5,41000159,0.0,0.625,0.625,1.0,10,875.5,0.0,0.5625
campaign25-fixed,1.5,0.5,41000159,0.0,0.6875,0.6875,1.0,11,723.2727272727273,0.0,0.625
campaign50-fixed,1.5,0.5,41000159,0.0,0.6875,0.6875,1.0,11,722.3636363636364,0.0,0.625
campaign75-fixed,1.5,0.5,41000159,0.0,0.6875,0.6875,1.0,11,746.4545454545455,0.0,0.625
campaign-hedged,1.5,0.5,41000159,0.0,0.6875,0.6875,1.0,11,879.6363636363636,0.0,0.625
anchored25-fixed,1.5,0.5,41000159,0.0,0.6875,0.6875,1.0,11,724.6363636363636,0.0,0.625
anchored50-fixed,1.5,0.5,41000159,0.0,0.6875,0.6875,1.0,11,752.8181818181819,0.0,0.625
anchored75-fixed,1.5,0.5,41000159,0.0,0.6875,0.6875,1.0,11,797.8181818181819,0.0,0.625
telescoping-fixed,1.5,0.5,41000160,0.0,0.1875,0.1875,1.0,3,361.0,0.0,0.0625
telescoping-hedged,1.5,0.5,41000160,0.0,0.0625,0.0625,1.0,1,841.0,0.0,0.0625
campaign25-fixed,1.5,0.5,41000160,0.0,0.1875,0.1875,1.0,3,361.0,0.0,0.0625
campaign50-fixed,1.5,0.5,41000160,0.0,0.1875,0.1875,1.0,3,381.0,0.0,0.0625
campaign75-fixed,1.5,0.5,41000160,0.0,0.25,0.25,1.0,4,452.25,0.0,0.0625
campaign-hedged,1.5,0.5,41000160,0.0,0.0625,0.0625,1.0,1,811.0,0.0,0.0625
anchored25-fixed,1.5,0.5,41000160,0.0,0.1875,0.1875,1.0,3,381.0,0.0,0.0625
anchored50-fixed,1.5,0.5,41000160,0.0,0.1875,0.1875,1.0,3,381.0,0.0,0.0625
anchored75-fixed,1.5,0.5,41000160,0.0,0.0625,0.0625,1.0,1,616.0,0.0,0.0625
telescoping-fixed,1.5,0.5,41000161,0.0,0.125,0.125,1.0,2,1013.5,0.0,0.125
telescoping-hedged,1.5,0.5,41000161,0.0,0.125,0.125,1.0,2,1038.5,0.0,0.125
campaign25-fixed,1.5,0.5,41000161,0.0,0.125,0.125,1.0,2,1013.5,0.0,0.125
campaign50-fixed,1.5,0.5,41000161,0.0,0.1875,0.1875,1.0,3,1056.0,0.0,0.1875
campaign75-fixed,1.5,0.5,41000161,0.0,0.1875,0.1875,1.0,3,1057.6666666666667,0.0,0.1875
campaign-hedged,1.5,0.5,41000161,0.0,0.125,0.125,1.0,2,1058.5,0.0,0.125
anchored25-fixed,1.5,0.5,41000161,0.0,0.125,0.125,1.0,2,1023.5,0.0,0.125
anchored50-fixed,1.5,0.5,41000161,0.0,0.125,0.125,1.0,2,1038.5,0.0,0.125
anchored75-fixed,1.5,0.5,41000161,0.0,0.125,0.125,1.0,2,1058.5,0.0,0.0625
telescoping-fixed,1.5,0.5,41000162,0.0,0.75,0.75,1.0,12,828.5,0.0,0.75
telescoping-hedged,1.5,0.5,41000162,0.0,0.5,0.5,1.0,8,865.375,0.0,0.5
campaign25-fixed,1.5,0.5,41000162,0.0,0.8125,0.8125,1.0,13,834.0769230769231,0.0,0.8125
campaign50-fixed,1.5,0.5,41000162,0.0,0.875,0.875,1.0,14,902.4285714285714,0.0,0.875
campaign75-fixed,1.5,0.5,41000162,0.0,0.9375,0.9375,1.0,15,894.3333333333334,0.0,0.9375
campaign-hedged,1.5,0.5,41000162,0.0,0.75,0.75,1.0,12,935.1666666666666,0.0,0.6875
anchored25-fixed,1.5,0.5,41000162,0.0,0.8125,0.8125,1.0,13,842.9230769230769,0.0,0.75
anchored50-fixed,1.5,0.5,41000162,0.0,0.8125,0.8125,1.0,13,900.6153846153846,0.0,0.75
anchored75-fixed,1.5,0.5,41000162,0.0,0.8125,0.8125,1.0,13,920.2307692307693,0.0,0.75
telescoping-fixed,1.5,0.5,41000163,0.0,0.375,0.375,1.0,6,756.0,0.0,0.1875
telescoping-hedged,1.5,0.5,41000163,0.0,0.3125,0.3125,1.0,5,790.0,0.0,0.25
campaign25-fixed,1.5,0.5,41000163,0.0,0.375,0.375,1.0,6,736.0,0.0,0.25
campaign50-fixed,1.5,0.5,41000163,0.0,0.375,0.375,1.0,6,736.8333333333334,0.0,0.25
campaign75-fixed,1.5,0.5,41000163,0.0,0.3125,0.3125,1.0,5,728.0,0.0,0.25
campaign-hedged,1.5,0.5,41000163,0.0,0.375,0.375,1.0,6,872.6666666666666,0.0,0.25
anchored25-fixed,1.5,0.5,41000163,0.0,0.375,0.375,1.0,6,743.5,0.0,0.25
anchored50-fixed,1.5,0.5,41000163,0.0,0.375,0.375,1.0,6,750.1666666666666,0.0,0.25
anchored75-fixed,1.5,0.5,41000163,0.0,0.3125,0.3125,1.0,5,663.0,0.0,0.1875
telescoping-fixed,1.5,0.5,41000164,0.0,0.75,0.75,1.0,12,586.0,0.0,0.6875
telescoping-hedged,1.5,0.5,41000164,0.0,0.5625,0.5625,1.0,9,613.7777777777778,0.0,0.5625
campaign25-fixed,1.5,0.5,41000164,0.0,0.6875,0.6875,1.0,11,570.0909090909091,0.0,0.6875
campaign50-fixed,1.5,0.5,41000164,0.0,0.75,0.75,1.0,12,577.6666666666666,0.0,0.75
campaign75-fixed,1.5,0.5,41000164,0.0,0.875,0.875,1.0,14,673.8571428571429,0.0,0.875
campaign-hedged,1.5,0.5,41000164,0.0,0.6875,0.6875,1.0,11,684.1818181818181,0.0,0.6875
anchored25-fixed,1.5,0.5,41000164,0.0,0.6875,0.6875,1.0,11,579.6363636363636,0.0,0.6875
anchored50-fixed,1.5,0.5,41000164,0.0,0.6875,0.6875,1.0,11,581.0,0.0,0.6875
anchored75-fixed,1.5,0.5,41000164,0.0,0.75,0.75,1.0,12,660.5833333333334,0.0,0.75
telescoping-fixed,1.5,0.5,41000165,0.0,0.375,0.375,1.0,6,533.5,0.0,0.125
telescoping-hedged,1.5,0.5,41000165,0.0,0.3125,0.3125,1.0,5,490.0,0.0,0.125
campaign25-fixed,1.5,0.5,41000165,0.0,0.375,0.375,1.0,6,522.6666666666666,0.0,0.125
campaign50-fixed,1.5,0.5,41000165,0.0,0.375,0.375,1.0,6,488.5,0.0,0.125
campaign75-fixed,1.5,0.5,41000165,0.0,0.375,0.375,1.0,6,720.1666666666666,0.0,0.125
campaign-hedged,1.5,0.5,41000165,0.0,0.3125,0.3125,1.0,5,865.0,0.0,0.125
anchored25-fixed,1.5,0.5,41000165,0.0,0.375,0.375,1.0,6,527.6666666666666,0.0,0.125
anchored50-fixed,1.5,0.5,41000165,0.0,0.375,0.375,1.0,6,558.5,0.0,0.125
anchored75-fixed,1.5,0.5,41000165,0.0,0.375,0.375,1.0,6,565.1666666666666,0.0,0.125
telescoping-fixed,1.5,0.5,41000166,0.0,0.75,0.75,1.0,12,895.1666666666666,0.0,0.75
telescoping-hedged,1.5,0.5,41000166,0.0,0.8125,0.8125,1.0,13,982.5384615384615,0.0,0.6875
campaign25-fixed,1.5,0.5,41000166,0.0,0.8125,0.8125,1.0,13,885.6153846153846,0.0,0.8125
campaign50-fixed,1.5,0.5,41000166,0.0,0.9375,0.9375,1.0,15,881.6666666666666,0.0,0.9375
campaign75-fixed,1.5,0.5,41000166,0.0,0.9375,0.9375,1.0,15,876.3333333333334,0.0,0.9375
campaign-hedged,1.5,0.5,41000166,0.0,0.875,0.875,1.0,14,963.8571428571429,0.0,0.6875
anchored25-fixed,1.5,0.5,41000166,0.0,0.8125,0.8125,1.0,13,901.0,0.0,0.75
anchored50-fixed,1.5,0.5,41000166,0.0,0.8125,0.8125,1.0,13,896.0,0.0,0.6875
anchored75-fixed,1.5,0.5,41000166,0.0,0.9375,0.9375,1.0,15,917.6666666666666,0.0,0.75
telescoping-fixed,1.5,0.5,41000167,0.0,0.5625,0.5625,1.0,9,770.4444444444445,0.0,0.4375
telescoping-hedged,1.5,0.5,41000167,0.0,0.375,0.375,1.0,6,757.6666666666666,0.0,0.375
campaign25-fixed,1.5,0.5,41000167,0.0,0.5625,0.5625,1.0,9,779.8888888888889,0.0,0.4375
campaign50-fixed,1.5,0.5,41000167,0.0,0.5,0.5,1.0,8,766.0,0.0,0.4375
campaign75-fixed,1.5,0.5,41000167,0.0,0.5625,0.5625,1.0,9,758.2222222222222,0.0,0.4375
campaign-hedged,1.5,0.5,41000167,0.0,0.375,0.375,1.0,6,791.8333333333334,0.0,0.375
anchored25-fixed,1.5,0.5,41000167,0.0,0.5625,0.5625,1.0,9,785.4444444444445,0.0,0.4375
anchored50-fixed,1.5,0.5,41000167,0.0,0.5,0.5,1.0,8,772.25,0.0,0.4375
anchored75-fixed,1.5,0.5,41000167,0.0,0.5,0.5,1.0,8,774.125,0.0,0.4375
telescoping-fixed,1.5,0.5,41000168,0.0,0.375,0.375,1.0,6,654.3333333333334,0.0,0.25
telescoping-hedged,1.5,0.5,41000168,0.0,0.25,0.25,1.0,4,696.0,0.0,0.25
campaign25-fixed,1.5,0.5,41000168,0.0,0.375,0.375,1.0,6,674.3333333333334,0.0,0.25
campaign50-fixed,1.5,0.5,41000168,0.0,0.3125,0.3125,1.0,5,764.0,0.0,0.25
campaign75-fixed,1.5,0.5,41000168,0.0,0.3125,0.3125,1.0,5,775.0,0.0,0.25
campaign-hedged,1.5,0.5,41000168,0.0,0.25,0.25,1.0,4,734.75,0.0,0.25
anchored25-fixed,1.5,0.5,41000168,0.0,0.375,0.375,1.0,6,672.6666666666666,0.0,0.25
anchored50-fixed,1.5,0.5,41000168,0.0,0.3125,0.3125,1.0,5,752.0,0.0,0.25
anchored75-fixed,1.5,0.5,41000168,0.0,0.3125,0.3125,1.0,5,769.0,0.0,0.1875
telescoping-fixed,1.5,0.5,41000169,0.0,0.875,0.875,1.0,14,617.0714285714286,0.0,0.75
telescoping-hedged,1.5,0.5,41000169,0.0,0.875,0.875,1.0,14,710.2857142857143,0.0,0.8125
campaign25-fixed,1.5,0.5,41000169,0.0,0.9375,0.9375,1.0,15,630.3333333333334,0.0,0.75
campaign50-fixed,1.5,0.5,41000169,0.0,0.9375,0.9375,1.0,15,631.0,0.0,0.75
campaign75-fixed,1.5,0.5,41000169,0.0,0.9375,0.9375,1.0,15,629.0,0.0,0.75
campaign-hedged,1.5,0.5,41000169,0.0,0.875,0.875,1.0,14,682.7857142857143,0.0,0.8125
anchored25-fixed,1.5,0.5,41000169,0.0,0.875,0.875,1.0,14,624.5714285714286,0.0,0.75
anchored50-fixed,1.5,0.5,41000169,0.0,0.9375,0.9375,1.0,15,642.6666666666666,0.0,0.75
anchored75-fixed,1.5,0.5,41000169,0.0,0.9375,0.9375,1.0,15,648.0,0.0,0.75
telescoping-fixed,1.5,0.5,41000170,0.0,0.6875,0.6875,1.0,11,770.0909090909091,0.0,0.5625
telescoping-hedged,1.5,0.5,41000170,0.0,0.375,0.375,1.0,6,779.3333333333334,0.0,0.3125
campaign25-fixed,1.5,0.5,41000170,0.0,0.8125,0.8125,1.0,13,796.3846153846154,0.0,0.6875
campaign50-fixed,1.5,0.5,41000170,0.0,0.8125,0.8125,1.0,13,777.1538461538462,0.0,0.75
campaign75-fixed,1.5,0.5,41000170,0.0,0.875,0.875,1.0,14,842.4285714285714,0.0,0.625
campaign-hedged,1.5,0.5,41000170,0.0,0.5,0.5,1.0,8,841.0,0.0,0.3125
anchored25-fixed,1.5,0.5,41000170,0.0,0.6875,0.6875,1.0,11,800.0909090909091,0.0,0.625
anchored50-fixed,1.5,0.5,41000170,0.0,0.75,0.75,1.0,12,868.0833333333334,0.0,0.375
anchored75-fixed,1.5,0.5,41000170,0.0,0.625,0.625,1.0,10,833.0,0.0,0.375
telescoping-fixed,1.5,0.5,41000171,0.0,0.375,0.375,1.0,6,693.5,0.0,0.3125
telescoping-hedged,1.5,0.5,41000171,0.0,0.25,0.25,1.0,4,621.0,0.0,0.25
campaign25-fixed,1.5,0.5,41000171,0.0,0.4375,0.4375,1.0,7,777.4285714285714,0.0,0.4375
campaign50-fixed,1.5,0.5,41000171,0.0,0.4375,0.4375,1.0,7,772.4285714285714,0.0,0.4375
campaign75-fixed,1.5,0.5,41000171,0.0,0.5,0.5,1.0,8,845.375,0.0,0.5
campaign-hedged,1.5,0.5,41000171,0.0,0.25,0.25,1.0,4,727.25,0.0,0.25
anchored25-fixed,1.5,0.5,41000171,0.0,0.4375,0.4375,1.0,7,790.2857142857143,0.0,0.3125
anchored50-fixed,1.5,0.5,41000171,0.0,0.4375,0.4375,1.0,7,796.0,0.0,0.3125
anchored75-fixed,1.5,0.5,41000171,0.0,0.4375,0.4375,1.0,7,852.4285714285714,0.0,0.3125
telescoping-fixed,1.5,0.5,41000172,0.0,0.25,0.25,1.0,4,1061.0,0.0,0.0
telescoping-hedged,1.5,0.5,41000172,0.0,0.0,0.0,1.0,0,,0.0,0.0
campaign25-fixed,1.5,0.5,41000172,0.0,0.0,0.0,1.0,0,,0.0,0.0
campaign50-fixed,1.5,0.5,41000172,0.0,0.0,0.0,1.0,0,,0.0,0.0
campaign75-fixed,1.5,0.5,41000172,0.0,0.1875,0.1875,1.0,3,1021.0,0.0,0.0
campaign-hedged,1.5,0.5,41000172,0.0,0.0,0.0,1.0,0,,0.0,0.0
anchored25-fixed,1.5,0.5,41000172,0.0,0.0,0.0,1.0,0,,0.0,0.0
anchored50-fixed,1.5,0.5,41000172,0.0,0.0,0.0,1.0,0,,0.0,0.0
anchored75-fixed,1.5,0.5,41000172,0.0,0.0,0.0,1.0,0,,0.0,0.0
telescoping-fixed,1.5,0.5,41000173,0.0,0.8125,0.8125,1.0,13,807.5384615384615,0.0,0.75
telescoping-hedged,1.5,0.5,41000173,0.0,0.75,0.75,1.0,12,976.4166666666666,0.0,0.4375
campaign25-fixed,1.5,0.5,41000173,0.0,0.875,0.875,1.0,14,795.2857142857143,0.0,0.75
campaign50-fixed,1.5,0.5,41000173,0.0,0.875,0.875,1.0,14,792.4285714285714,0.0,0.875
campaign75-fixed,1.5,0.5,41000173,0.0,0.9375,0.9375,1.0,15,783.6666666666666,0.0,0.875
campaign-hedged,1.5,0.5,41000173,0.0,0.8125,0.8125,1.0,13,965.2307692307693,0.0,0.375
anchored25-fixed,1.5,0.5,41000173,0.0,0.8125,0.8125,1.0,13,806.0,0.0,0.75
anchored50-fixed,1.5,0.5,41000173,0.0,0.8125,0.8125,1.0,13,820.2307692307693,0.0,0.75
anchored75-fixed,1.5,0.5,41000173,0.0,0.875,0.875,1.0,14,928.1428571428571,0.0,0.75
telescoping-fixed,1.5,0.5,41000174,0.0,0.125,0.125,1.0,2,901.0,0.0,0.0
telescoping-hedged,1.5,0.5,41000174,0.0,0.0625,0.0625,1.0,1,1186.0,0.0,0.0
campaign25-fixed,1.5,0.5,41000174,0.0,0.0625,0.0625,1.0,1,1166.0,0.0,0.0
campaign50-fixed,1.5,0.5,41000174,0.0,0.0625,0.0625,1.0,1,1186.0,0.0,0.0
campaign75-fixed,1.5,0.5,41000174,0.0,0.0,0.0,1.0,0,,0.0,0.0
campaign-hedged,1.5,0.5,41000174,0.0,0.0,0.0,1.0,0,,0.0,0.0
anchored25-fixed,1.5,0.5,41000174,0.0,0.0625,0.0625,1.0,1,1166.0,0.0,0.0
anchored50-fixed,1.5,0.5,41000174,0.0,0.0,0.0,1.0,0,,0.0,0.0
anchored75-fixed,1.5,0.5,41000174,0.0,0.0,0.0,1.0,0,,0.0,0.0
telescoping-fixed,1.5,0.5,41000175,0.0,0.4375,0.4375,1.0,7,671.0,0.0,0.4375
telescoping-hedged,1.5,0.5,41000175,0.0,0.375,0.375,1.0,6,733.5,0.0,0.1875
campaign25-fixed,1.5,0.5,41000175,0.0,0.4375,0.4375,1.0,7,677.4285714285714,0.0,0.375
campaign50-fixed,1.5,0.5,41000175,0.0,0.4375,0.4375,1.0,7,697.4285714285714,0.0,0.375
campaign75-fixed,1.5,0.5,41000175,0.0,0.4375,0.4375,1.0,7,718.1428571428571,0.0,0.375
campaign-hedged,1.5,0.5,41000175,0.0,0.4375,0.4375,1.0,7,817.4285714285714,0.0,0.1875
anchored25-fixed,1.5,0.5,41000175,0.0,0.4375,0.4375,1.0,7,680.2857142857143,0.0,0.375
anchored50-fixed,1.5,0.5,41000175,0.0,0.4375,0.4375,1.0,7,712.4285714285714,0.0,0.375
anchored75-fixed,1.5,0.5,41000175,0.0,0.4375,0.4375,1.0,7,758.1428571428571,0.0,0.25
telescoping-fixed,1.5,0.5,41000176,0.0,0.75,0.75,1.0,12,626.4166666666666,0.0,0.6875
telescoping-hedged,1.5,0.5,41000176,0.0,0.6875,0.6875,1.0,11,723.2727272727273,0.0,0.625
campaign25-fixed,1.5,0.5,41000176,0.0,0.9375,0.9375,1.0,15,635.3333333333334,0.0,0.8125
campaign50-fixed,1.5,0.5,41000176,0.0,0.9375,0.9375,1.0,15,602.6666666666666,0.0,0.875
campaign75-fixed,1.5,0.5,41000176,0.0,1.0,1.0,1.0,16,642.5625,0.0,0.875
campaign-hedged,1.5,0.5,41000176,0.0,0.875,0.875,1.0,14,746.3571428571429,0.0,0.6875
anchored25-fixed,1.5,0.5,41000176,0.0,0.875,0.875,1.0,14,664.5714285714286,0.0,0.8125
anchored50-fixed,1.5,0.5,41000176,0.0,0.9375,0.9375,1.0,15,670.3333333333334,0.0,0.8125
anchored75-fixed,1.5,0.5,41000176,0.0,0.9375,0.9375,1.0,15,696.0,0.0,0.875
telescoping-fixed,1.5,0.5,41000177,0.0,0.75,0.75,1.0,12,756.8333333333334,0.0,0.75
telescoping-hedged,1.5,0.5,41000177,0.0,0.5625,0.5625,1.0,9,821.5555555555555,0.0,0.5
campaign25-fixed,1.5,0.5,41000177,0.0,0.75,0.75,1.0,12,778.5,0.0,0.75
campaign50-fixed,1.5,0.5,41000177,0.0,0.8125,0.8125,1.0,13,797.1538461538462,0.0,0.8125
campaign75-fixed,1.5,0.5,41000177,0.0,0.8125,0.8125,1.0,13,787.5384615384615,0.0,0.8125
campaign-hedged,1.5,0.5,41000177,0.0,0.75,0.75,1.0,12,810.1666666666666,0.0,0.75
anchored25-fixed,1.5,0.5,41000177,0.0,0.75,0.75,1.0,12,748.0833333333334,0.0,0.75
anchored50-fixed,1.5,0.5,41000177,0.0,0.75,0.75,1.0,12,743.5,0.0,0.75
anchored75-fixed,1.5,0.5,41000177,0.0,0.75,0.75,1.0,12,747.6666666666666,0.0,0.75
telescoping-fixed,1.5,0.5,41000178,0.0,0.8125,0.8125,1.0,13,435.2307692307692,0.0,0.6875
telescoping-hedged,1.5,0.5,41000178,0.0,0.6875,0.6875,1.0,11,665.0909090909091,0.0,0.5625
campaign25-fixed,1.5,0.5,41000178,0.0,0.875,0.875,1.0,14,422.07142857142856,0.0,0.6875
campaign50-fixed,1.5,0.5,41000178,0.0,0.875,0.875,1.0,14,457.7857142857143,0.0,0.6875
campaign75-fixed,1.5,0.5,41000178,0.0,0.875,0.875,1.0,14,446.0,0.0,0.6875
campaign-hedged,1.5,0.5,41000178,0.0,0.8125,0.8125,1.0,13,651.3846153846154,0.0,0.6875
anchored25-fixed,1.5,0.5,41000178,0.0,0.8125,0.8125,1.0,13,439.84615384615387,0.0,0.6875
anchored50-fixed,1.5,0.5,41000178,0.0,0.875,0.875,1.0,14,459.92857142857144,0.0,0.6875
anchored75-fixed,1.5,0.5,41000178,0.0,0.875,0.875,1.0,14,510.2857142857143,0.0,0.6875
telescoping-fixed,1.5,0.5,41000179,0.0,0.25,0.25,1.0,4,833.5,0.0,0.1875
telescoping-hedged,1.5,0.5,41000179,0.0,0.25,0.25,1.0,4,856.0,0.0,0.0625
campaign25-fixed,1.5,0.5,41000179,0.0,0.3125,0.3125,1.0,5,856.0,0.0,0.1875
campaign50-fixed,1.5,0.5,41000179,0.0,0.3125,0.3125,1.0,5,858.0,0.0,0.1875
campaign75-fixed,1.5,0.5,41000179,0.0,0.3125,0.3125,1.0,5,861.0,0.0,0.0
campaign-hedged,1.5,0.5,41000179,0.0,0.1875,0.1875,1.0,3,842.6666666666666,0.0,0.0
anchored25-fixed,1.5,0.5,41000179,0.0,0.25,0.25,1.0,4,836.0,0.0,0.1875
anchored50-fixed,1.5,0.5,41000179,0.0,0.3125,0.3125,1.0,5,862.0,0.0,0.0
anchored75-fixed,1.5,0.5,41000179,0.0,0.1875,0.1875,1.0,3,787.6666666666666,0.0,0.0
telescoping-fixed,1.5,0.5,41000180,0.0,0.5,0.5,1.0,8,714.75,0.0,0.1875
telescoping-hedged,1.5,0.5,41000180,0.0,0.375,0.375,1.0,6,852.6666666666666,0.0,0.125
campaign25-fixed,1.5,0.5,41000180,0.0,0.625,0.625,1.0,10,743.5,0.0,0.1875
campaign50-fixed,1.5,0.5,41000180,0.0,0.5625,0.5625,1.0,9,724.3333333333334,0.0,0.1875
campaign75-fixed,1.5,0.5,41000180,0.0,0.5625,0.5625,1.0,9,733.7777777777778,0.0,0.1875
campaign-hedged,1.5,0.5,41000180,0.0,0.3125,0.3125,1.0,5,875.0,0.0,0.0
anchored25-fixed,1.5,0.5,41000180,0.0,0.4375,0.4375,1.0,7,703.8571428571429,0.0,0.1875
anchored50-fixed,1.5,0.5,41000180,0.0,0.5625,0.5625,1.0,9,751.5555555555555,0.0,0.1875
anchored75-fixed,1.5,0.5,41000180,0.0,0.5625,0.5625,1.0,9,846.5555555555555,0.0,0.0
telescoping-fixed,1.5,0.5,41000181,0.0,0.625,0.625,1.0,10,696.5,0.0,0.4375
telescoping-hedged,1.5,0.5,41000181,0.0,0.375,0.375,1.0,6,467.6666666666667,0.0,0.3125
campaign25-fixed,1.5,0.5,41000181,0.0,0.6875,0.6875,1.0,11,728.2727272727273,0.0,0.4375
campaign50-fixed,1.5,0.5,41000181,0.0,0.6875,0.6875,1.0,11,721.0,0.0,0.5
campaign75-fixed,1.5,0.5,41000181,0.0,0.6875,0.6875,1.0,11,702.8181818181819,0.0,0.4375
campaign-hedged,1.5,0.5,41000181,0.0,0.375,0.375,1.0,6,718.5,0.0,0.3125
anchored25-fixed,1.5,0.5,41000181,0.0,0.5625,0.5625,1.0,9,648.7777777777778,0.0,0.4375
anchored50-fixed,1.5,0.5,41000181,0.0,0.5625,0.5625,1.0,9,657.1111111111111,0.0,0.4375
anchored75-fixed,1.5,0.5,41000181,0.0,0.625,0.625,1.0,10,714.5,0.0,0.375
telescoping-fixed,1.5,0.5,41000182,0.0,0.8125,0.8125,1.0,13,447.15384615384613,0.0,0.6875
telescoping-hedged,1.5,0.5,41000182,0.0,0.6875,0.6875,1.0,11,432.3636363636364,0.0,0.6875
campaign25-fixed,1.5,0.5,41000182,0.0,0.875,0.875,1.0,14,431.35714285714283,0.0,0.8125
campaign50-fixed,1.5,0.5,41000182,0.0,0.9375,0.9375,1.0,15,449.6666666666667,0.0,0.8125
campaign75-fixed,1.5,0.5,41000182,0.0,1.0,1.0,1.0,16,426.9375,0.0,0.9375
campaign-hedged,1.5,0.5,41000182,0.0,0.8125,0.8125,1.0,13,507.9230769230769,0.0,0.8125
anchored25-fixed,1.5,0.5,41000182,0.0,0.8125,0.8125,1.0,13,444.46153846153845,0.0,0.8125
anchored50-fixed,1.5,0.5,41000182,0.0,0.8125,0.8125,1.0,13,436.38461538461536,0.0,0.8125
anchored75-fixed,1.5,0.5,41000182,0.0,0.875,0.875,1.0,14,439.92857142857144,0.0,0.8125
telescoping-fixed,1.5,0.5,41000183,0.0,0.5625,0.5625,1.0,9,623.2222222222222,0.0,0.5
telescoping-hedged,1.5,0.5,41000183,0.0,0.5,0.5,1.0,8,799.125,0.0,0.5
campaign25-fixed,1.5,0.5,41000183,0.0,0.5625,0.5625,1.0,9,619.8888888888889,0.0,0.5
campaign50-fixed,1.5,0.5,41000183,0.0,0.5625,0.5625,1.0,9,607.1111111111111,0.0,0.5
campaign75-fixed,1.5,0.5,41000183,0.0,0.625,0.625,1.0,10,663.0,0.0,0.5
campaign-hedged,1.5,0.5,41000183,0.0,0.5,0.5,1.0,8,785.375,0.0,0.5
anchored25-fixed,1.5,0.5,41000183,0.0,0.5625,0.5625,1.0,9,624.8888888888889,0.0,0.5
anchored50-fixed,1.5,0.5,41000183,0.0,0.5625,0.5625,1.0,9,643.7777777777778,0.0,0.5
anchored75-fixed,1.5,0.5,41000183,0.0,0.5625,0.5625,1.0,9,693.7777777777778,0.0,0.5
telescoping-fixed,1.5,0.5,41000184,0.0,0.9375,0.9375,1.0,15,626.0,0.0,0.9375
telescoping-hedged,1.5,0.5,41000184,0.0,0.875,0.875,1.0,14,706.3571428571429,0.0,0.75
campaign25-fixed,1.5,0.5,41000184,0.0,0.9375,0.9375,1.0,15,624.3333333333334,0.0,0.9375
campaign50-fixed,1.5,0.5,41000184,0.0,0.9375,0.9375,1.0,15,634.3333333333334,0.0,0.9375
campaign75-fixed,1.5,0.5,41000184,0.0625,0.9375,0.9375,1.0,16,636.3333333333334,0.0,0.9375
campaign-hedged,1.5,0.5,41000184,0.0,0.9375,0.9375,1.0,15,688.6666666666666,0.0,0.9375
anchored25-fixed,1.5,0.5,41000184,0.0,0.9375,0.9375,1.0,15,638.6666666666666,0.0,0.9375
anchored50-fixed,1.5,0.5,41000184,0.0,0.9375,0.9375,1.0,15,641.0,0.0,0.9375
anchored75-fixed,1.5,0.5,41000184,0.0,0.9375,0.9375,1.0,15,644.3333333333334,0.0,0.9375
telescoping-fixed,1.5,0.5,41000185,0.0,0.9375,0.9375,1.0,15,655.6666666666666,0.0,0.9375
telescoping-hedged,1.5,0.5,41000185,0.0,0.625,0.625,1.0,10,651.0,0.0,0.5625
campaign25-fixed,1.5,0.5,41000185,0.0,0.9375,0.9375,1.0,15,618.3333333333334,0.0,0.9375
campaign50-fixed,1.5,0.5,41000185,0.0,0.9375,0.9375,1.0,15,643.3333333333334,0.0,0.9375
campaign75-fixed,1.5,0.5,41000185,0.0,0.9375,0.9375,1.0,15,641.0,0.0,0.9375
campaign-hedged,1.5,0.5,41000185,0.0,0.875,0.875,1.0,14,665.6428571428571,0.0,0.875
anchored25-fixed,1.5,0.5,41000185,0.0,0.9375,0.9375,1.0,15,638.0,0.0,0.9375
anchored50-fixed,1.5,0.5,41000185,0.0,0.9375,0.9375,1.0,15,647.6666666666666,0.0,0.9375
anchored75-fixed,1.5,0.5,41000185,0.0,0.9375,0.9375,1.0,15,661.6666666666666,0.0,0.9375
telescoping-fixed,1.5,0.5,41000186,0.0,0.5,0.5,1.0,8,786.0,0.0,0.25
telescoping-hedged,1.5,0.5,41000186,0.0,0.3125,0.3125,1.0,5,791.0,0.0,0.125
campaign25-fixed,1.5,0.5,41000186,0.0,0.5,0.5,1.0,8,797.875,0.0,0.375
campaign50-fixed,1.5,0.5,41000186,0.0,0.5,0.5,1.0,8,794.125,0.0,0.3125
campaign75-fixed,1.5,0.5,41000186,0.0,0.5,0.5,1.0,8,810.375,0.0,0.3125
campaign-hedged,1.5,0.5,41000186,0.0,0.25,0.25,1.0,4,724.75,0.0,0.0
anchored25-fixed,1.5,0.5,41000186,0.0,0.5,0.5,1.0,8,799.125,0.0,0.125
anchored50-fixed,1.5,0.5,41000186,0.0,0.4375,0.4375,1.0,7,816.7142857142857,0.0,0.125
anchored75-fixed,1.5,0.5,41000186,0.0,0.4375,0.4375,1.0,7,833.8571428571429,0.0,0.0
telescoping-fixed,1.5,0.5,41000187,0.0,0.5,0.5,1.0,8,819.75,0.0,0.4375
telescoping-hedged,1.5,0.5,41000187,0.0,0.4375,0.4375,1.0,7,896.7142857142857,0.0,0.25
campaign25-fixed,1.5,0.5,41000187,0.0,0.5,0.5,1.0,8,807.875,0.0,0.4375
campaign50-fixed,1.5,0.5,41000187,0.0,0.5,0.5,1.0,8,882.25,0.0,0.4375
campaign75-fixed,1.5,0.5,41000187,0.0,0.5,0.5,1.0,8,884.75,0.0,0.3125
campaign-hedged,1.5,0.5,41000187,0.0,0.375,0.375,1.0,6,856.8333333333334,0.0,0.25
anchored25-fixed,1.5,0.5,41000187,0.0,0.5,0.5,1.0,8,824.75,0.0,0.4375
anchored50-fixed,1.5,0.5,41000187,0.0,0.5,0.5,1.0,8,881.625,0.0,0.4375
anchored75-fixed,1.5,0.5,41000187,0.0,0.5,0.5,1.0,8,898.5,0.0,0.25
telescoping-fixed,1.5,0.5,41000188,0.0,1.0,1.0,1.0,16,687.25,0.0,1.0
telescoping-hedged,1.5,0.5,41000188,0.0,1.0,1.0,1.0,16,813.5,0.0,1.0
campaign25-fixed,1.5,0.5,41000188,0.058823529411764705,1.0,1.0,1.0,17,643.8125,0.058823529411764705,1.0
campaign50-fixed,1.5,0.5,41000188,0.058823529411764705,1.0,1.0,1.0,17,639.75,0.058823529411764705,1.0
campaign75-fixed,1.5,0.5,41000188,0.058823529411764705,1.0,1.0,1.0,17,655.0625,0.058823529411764705,1.0
campaign-hedged,1.5,0.5,41000188,0.058823529411764705,1.0,1.0,1.0,17,769.75,0.058823529411764705,1.0
anchored25-fixed,1.5,0.5,41000188,0.058823529411764705,1.0,1.0,1.0,17,681.625,0.058823529411764705,1.0
anchored50-fixed,1.5,0.5,41000188,0.058823529411764705,1.0,1.0,1.0,17,684.125,0.058823529411764705,1.0
anchored75-fixed,1.5,0.5,41000188,0.058823529411764705,1.0,1.0,1.0,17,712.5625,0.058823529411764705,1.0
telescoping-fixed,1.5,0.5,41000189,0.0,0.5,0.5,1.0,8,661.625,0.0,0.4375
telescoping-hedged,1.5,0.5,41000189,0.0,0.3125,0.3125,1.0,5,765.0,0.0,0.25
campaign25-fixed,1.5,0.5,41000189,0.0,0.5625,0.5625,1.0,9,725.4444444444445,0.0,0.375
campaign50-fixed,1.5,0.5,41000189,0.0,0.625,0.625,1.0,10,762.0,0.0,0.375
campaign75-fixed,1.5,0.5,41000189,0.0,0.6875,0.6875,1.0,11,809.6363636363636,0.0,0.4375
campaign-hedged,1.5,0.5,41000189,0.0,0.25,0.25,1.0,4,693.5,0.0,0.25
anchored25-fixed,1.5,0.5,41000189,0.0,0.5,0.5,1.0,8,722.25,0.0,0.375
anchored50-fixed,1.5,0.5,41000189,0.0,0.5,0.5,1.0,8,801.625,0.0,0.3125
anchored75-fixed,1.5,0.5,41000189,0.0,0.4375,0.4375,1.0,7,763.1428571428571,0.0,0.3125
telescoping-fixed,1.5,0.5,41000190,0.0,0.5,0.5,1.0,8,422.25,0.0,0.0625
telescoping-hedged,1.5,0.5,41000190,0.0,0.25,0.25,1.0,4,327.25,0.0,0.125
campaign25-fixed,1.5,0.5,41000190,0.0,0.4375,0.4375,1.0,7,409.57142857142856,0.0,0.0625
campaign50-fixed,1.5,0.5,41000190,0.0,0.4375,0.4375,1.0,7,419.57142857142856,0.0,0.0625
campaign75-fixed,1.5,0.5,41000190,0.0,0.4375,0.4375,1.0,7,421.7142857142857,0.0,0.0625
campaign-hedged,1.5,0.5,41000190,0.0,0.1875,0.1875,1.0,3,276.0,0.0,0.0625
anchored25-fixed,1.5,0.5,41000190,0.0,0.4375,0.4375,1.0,7,403.14285714285717,0.0,0.0625
anchored50-fixed,1.5,0.5,41000190,0.0,0.375,0.375,1.0,6,381.8333333333333,0.0,0.0625
anchored75-fixed,1.5,0.5,41000190,0.0,0.375,0.375,1.0,6,398.5,0.0,0.0625
telescoping-fixed,1.5,0.5,41000191,0.0,0.75,0.75,1.0,12,562.0833333333334,0.0,0.6875
telescoping-hedged,1.5,0.5,41000191,0.0,0.6875,0.6875,1.0,11,640.3636363636364,0.0,0.5625
campaign25-fixed,1.5,0.5,41000191,0.0,0.8125,0.8125,1.0,13,602.0,0.0,0.8125
campaign50-fixed,1.5,0.5,41000191,0.0,0.8125,0.8125,1.0,13,568.3076923076923,0.0,0.8125
campaign75-fixed,1.5,0.5,41000191,0.0,0.875,0.875,1.0,14,612.6428571428571,0.0,0.875
campaign-hedged,1.5,0.5,41000191,0.0,0.6875,0.6875,1.0,11,661.4545454545455,0.0,0.625
anchored25-fixed,1.5,0.5,41000191,0.0,0.75,0.75,1.0,12,564.5833333333334,0.0,0.6875
anchored50-fixed,1.5,0.5,41000191,0.0,0.75,0.75,1.0,12,609.5833333333334,0.0,0.6875
anchored75-fixed,1.5,0.5,41000191,0.0,0.8125,0.8125,1.0,13,696.0769230769231,0.0,0.8125
telescoping-fixed,1.5,0.5,41000192,0.0,0.3125,0.3125,1.0,5,625.0,0.0,0.1875
telescoping-hedged,1.5,0.5,41000192,0.0,0.25,0.25,1.0,4,732.25,0.0,0.125
campaign25-fixed,1.5,0.5,41000192,0.0,0.3125,0.3125,1.0,5,648.0,0.0,0.1875
campaign50-fixed,1.5,0.5,41000192,0.0,0.25,0.25,1.0,4,601.0,0.0,0.125
campaign75-fixed,1.5,0.5,41000192,0.0,0.25,0.25,1.0,4,632.25,0.0,0.125
campaign-hedged,1.5,0.5,41000192,0.0,0.1875,0.1875,1.0,3,781.0,0.0,0.125
anchored25-fixed,1.5,0.5,41000192,0.0,0.3125,0.3125,1.0,5,650.0,0.0,0.125
anchored50-fixed,1.5,0.5,41000192,0.0,0.25,0.25,1.0,4,601.0,0.0,0.125
anchored75-fixed,1.5,0.5,41000192,0.0,0.25,0.25,1.0,4,608.5,0.0,0.125
telescoping-fixed,1.5,0.5,41000193,0.0,0.6875,0.6875,1.0,11,749.1818181818181,0.0,0.5625
telescoping-hedged,1.5,0.5,41000193,0.0,0.4375,0.4375,1.0,7,746.0,0.0,0.4375
campaign25-fixed,1.5,0.5,41000193,0.0,0.6875,0.6875,1.0,11,746.4545454545455,0.0,0.625
campaign50-fixed,1.5,0.5,41000193,0.0,0.75,0.75,1.0,12,768.9166666666666,0.0,0.6875
campaign75-fixed,1.5,0.5,41000193,0.0,0.6875,0.6875,1.0,11,751.4545454545455,0.0,0.6875
campaign-hedged,1.5,0.5,41000193,0.0,0.625,0.625,1.0,10,837.5,0.0,0.4375
anchored25-fixed,1.5,0.5,41000193,0.0,0.6875,0.6875,1.0,11,756.9090909090909,0.0,0.5625
anchored50-fixed,1.5,0.5,41000193,0.0,0.6875,0.6875,1.0,11,763.7272727272727,0.0,0.5625
anchored75-fixed,1.5,0.5,41000193,0.0,0.625,0.625,1.0,10,756.0,0.0,0.5625
telescoping-fixed,1.5,0.5,41000194,0.0,0.0625,0.0625,1.0,1,701.0,0.0,0.0625
telescoping-hedged,1.5,0.5,41000194,0.0,0.0625,0.0625,1.0,1,716.0,0.0,0.0625
campaign25-fixed,1.5,0.5,41000194,0.0,0.125,0.125,1.0,2,908.5,0.0,0.0625
campaign50-fixed,1.5,0.5,41000194,0.0,0.125,0.125,1.0,2,903.5,0.0,0.125
campaign75-fixed,1.5,0.5,41000194,0.0,0.125,0.125,1.0,2,953.5,0.0,0.125
campaign-hedged,1.5,0.5,41000194,0.0,0.0625,0.0625,1.0,1,826.0,0.0,0.0625
anchored25-fixed,1.5,0.5,41000194,0.0,0.0625,0.0625,1.0,1,701.0,0.0,0.0625
anchored50-fixed,1.5,0.5,41000194,0.0,0.0625,0.0625,1.0,1,701.0,0.0,0.0625
anchored75-fixed,1.5,0.5,41000194,0.0,0.0625,0.0625,1.0,1,701.0,0.0,0.0625
telescoping-fixed,1.5,0.5,41000195,0.0,0.1875,0.1875,1.0,3,861.0,0.0,0.1875
telescoping-hedged,1.5,0.5,41000195,0.0,0.125,0.125,1.0,2,883.5,0.0,0.125
campaign25-fixed,1.5,0.5,41000195,0.0,0.1875,0.1875,1.0,3,942.6666666666666,0.0,0.1875
campaign50-fixed,1.5,0.5,41000195,0.0,0.1875,0.1875,1.0,3,952.6666666666666,0.0,0.1875
campaign75-fixed,1.5,0.5,41000195,0.0,0.125,0.125,1.0,2,883.5,0.0,0.0625
campaign-hedged,1.5,0.5,41000195,0.0,0.0,0.0,1.0,0,,0.0,0.0
anchored25-fixed,1.5,0.5,41000195,0.0,0.1875,0.1875,1.0,3,942.6666666666666,0.0,0.1875
anchored50-fixed,1.5,0.5,41000195,0.0,0.125,0.125,1.0,2,831.0,0.0,0.125
anchored75-fixed,1.5,0.5,41000195,0.0,0.0,0.0,1.0,0,,0.0,0.0
telescoping-fixed,1.5,0.5,41000196,0.0,0.0,0.0,1.0,0,,0.0,0.0
telescoping-hedged,1.5,0.5,41000196,0.0,0.0,0.0,1.0,0,,0.0,0.0
campaign25-fixed,1.5,0.5,41000196,0.0,0.0,0.0,1.0,0,,0.0,0.0
campaign50-fixed,1.5,0.5,41000196,0.0,0.0,0.0,1.0,0,,0.0,0.0
campaign75-fixed,1.5,0.5,41000196,0.0,0.0,0.0,1.0,0,,0.0,0.0
campaign-hedged,1.5,0.5,41000196,0.0,0.0,0.0,1.0,0,,0.0,0.0
anchored25-fixed,1.5,0.5,41000196,0.0,0.0,0.0,1.0,0,,0.0,0.0
anchored50-fixed,1.5,0.5,41000196,0.0,0.0,0.0,1.0,0,,0.0,0.0
anchored75-fixed,1.5,0.5,41000196,0.0,0.0,0.0,1.0,0,,0.0,0.0
telescoping-fixed,1.5,0.5,41000197,0.0,0.5625,0.5625,1.0,9,472.6666666666667,0.0,0.3125
telescoping-hedged,1.5,0.5,41000197,0.0,0.3125,0.3125,1.0,5,390.0,0.0,0.125
campaign25-fixed,1.5,0.5,41000197,0.0,0.625,0.625,1.0,10,494.5,0.0,0.3125
campaign50-fixed,1.5,0.5,41000197,0.0,0.625,0.625,1.0,10,520.5,0.0,0.3125
campaign75-fixed,1.5,0.5,41000197,0.0,0.75,0.75,1.0,12,568.9166666666666,0.0,0.3125
campaign-hedged,1.5,0.5,41000197,0.0,0.4375,0.4375,1.0,7,522.4285714285714,0.0,0.3125
anchored25-fixed,1.5,0.5,41000197,0.0,0.5625,0.5625,1.0,9,498.77777777777777,0.0,0.3125
anchored50-fixed,1.5,0.5,41000197,0.0,0.625,0.625,1.0,10,510.5,0.0,0.3125
anchored75-fixed,1.5,0.5,41000197,0.0,0.625,0.625,1.0,10,547.5,0.0,0.3125
telescoping-fixed,1.5,0.5,41000198,0.0,0.1875,0.1875,1.0,3,901.0,0.0,0.0625
telescoping-hedged,1.5,0.5,41000198,0.0,0.1875,0.1875,1.0,3,924.3333333333334,0.0,0.125
campaign25-fixed,1.5,0.5,41000198,0.0,0.1875,0.1875,1.0,3,901.0,0.0,0.0625
campaign50-fixed,1.5,0.5,41000198,0.0,0.25,0.25,1.0,4,963.5,0.0,0.0625
campaign75-fixed,1.5,0.5,41000198,0.0,0.1875,0.1875,1.0,3,896.0,0.0,0.0625
campaign-hedged,1.5,0.5,41000198,0.0,0.125,0.125,1.0,2,1131.0,0.0,0.0
anchored25-fixed,1.5,0.5,41000198,0.0,0.1875,0.1875,1.0,3,901.0,0.0,0.0625
anchored50-fixed,1.5,0.5,41000198,0.0,0.1875,0.1875,1.0,3,941.0,0.0,0.0625
anchored75-fixed,1.5,0.5,41000198,0.0,0.1875,0.1875,1.0,3,971.0,0.0,0.0625
telescoping-fixed,1.5,0.5,41000199,0.0,0.8125,0.8125,1.0,13,491.7692307692308,0.0,0.5
telescoping-hedged,1.5,0.5,41000199,0.0,0.6875,0.6875,1.0,11,567.8181818181819,0.0,0.5
campaign25-fixed,1.5,0.5,41000199,0.0,0.875,0.875,1.0,14,530.6428571428571,0.0,0.5
campaign50-fixed,1.5,0.5,41000199,0.0,0.875,0.875,1.0,14,528.8571428571429,0.0,0.5625
campaign75-fixed,1.5,0.5,41000199,0.0,0.875,0.875,1.0,14,526.3571428571429,0.0,0.5
campaign-hedged,1.5,0.5,41000199,0.0,0.875,0.875,1.0,14,616.3571428571429,0.0,0.5
anchored25-fixed,1.5,0.5,41000199,0.0,0.8125,0.8125,1.0,13,495.2307692307692,0.0,0.4375
anchored50-fixed,1.5,0.5,41000199,0.0,0.875,0.875,1.0,14,550.6428571428571,0.0,0.4375
anchored75-fixed,1.5,0.5,41000199,0.0,0.875,0.875,1.0,14,568.8571428571429,0.0,0.5
telescoping-fixed,2.0,0.5,41000200,0.0,0.8125,0.8125,1.0,13,575.6153846153846,0.0,0.8125
telescoping-hedged,2.0,0.5,41000200,0.0,0.6875,0.6875,1.0,11,667.8181818181819,0.0,0.625
campaign25-fixed,2.0,0.5,41000200,0.0,0.875,0.875,1.0,14,565.6428571428571,0.0,0.875
campaign50-fixed,2.0,0.5,41000200,0.0,0.875,0.875,1.0,14,553.5,0.0,0.875
campaign75-fixed,2.0,0.5,41000200,0.0,0.875,0.875,1.0,14,588.8571428571429,0.0,0.875
campaign-hedged,2.0,0.5,41000200,0.0,0.8125,0.8125,1.0,13,735.2307692307693,0.0,0.75
anchored25-fixed,2.0,0.5,41000200,0.0,0.8125,0.8125,1.0,13,609.8461538461538,0.0,0.8125
anchored50-fixed,2.0,0.5,41000200,0.0,0.875,0.875,1.0,14,628.1428571428571,0.0,0.8125
anchored75-fixed,2.0,0.5,41000200,0.0,0.875,0.875,1.0,14,644.5714285714286,0.0,0.875
telescoping-fixed,2.0,0.5,41000201,0.0,1.0,1.0,1.0,16,396.0,0.0,1.0
telescoping-hedged,2.0,0.5,41000201,0.0,1.0,1.0,1.0,16,481.625,0.0,1.0
campaign25-fixed,2.0,0.5,41000201,0.0,1.0,1.0,1.0,16,380.375,0.0,1.0
campaign50-fixed,2.0,0.5,41000201,0.0,1.0,1.0,1.0,16,368.5,0.0,1.0
campaign75-fixed,2.0,0.5,41000201,0.0,1.0,1.0,1.0,16,384.125,0.0,1.0
campaign-hedged,2.0,0.5,41000201,0.0,1.0,1.0,1.0,16,451.9375,0.0,1.0
anchored25-fixed,2.0,0.5,41000201,0.0,1.0,1.0,1.0,16,389.4375,0.0,1.0
anchored50-fixed,2.0,0.5,41000201,0.0,1.0,1.0,1.0,16,395.375,0.0,1.0
anchored75-fixed,2.0,0.5,41000201,0.0,1.0,1.0,1.0,16,409.75,0.0,1.0
telescoping-fixed,2.0,0.5,41000202,0.0,1.0,1.0,1.0,16,315.0625,0.0,1.0
telescoping-hedged,2.0,0.5,41000202,0.0,1.0,1.0,1.0,16,390.6875,0.0,1.0
campaign25-fixed,2.0,0.5,41000202,0.0,1.0,1.0,1.0,16,268.1875,0.0,1.0
campaign50-fixed,2.0,0.5,41000202,0.0,1.0,1.0,1.0,16,272.5625,0.0,1.0
campaign75-fixed,2.0,0.5,41000202,0.0,1.0,1.0,1.0,16,272.5625,0.0,1.0
campaign-hedged,2.0,0.5,41000202,0.0,1.0,1.0,1.0,16,348.1875,0.0,1.0
anchored25-fixed,2.0,0.5,41000202,0.0,1.0,1.0,1.0,16,312.5625,0.0,1.0
anchored50-fixed,2.0,0.5,41000202,0.0,1.0,1.0,1.0,16,316.0,0.0,1.0
anchored75-fixed,2.0,0.5,41000202,0.0,1.0,1.0,1.0,16,282.875,0.0,1.0
telescoping-fixed,2.0,0.5,41000203,0.0,1.0,1.0,1.0,16,478.1875,0.0,1.0
telescoping-hedged,2.0,0.5,41000203,0.0,1.0,1.0,1.0,16,564.75,0.0,1.0
campaign25-fixed,2.0,0.5,41000203,0.0,1.0,1.0,1.0,16,457.875,0.0,1.0
campaign50-fixed,2.0,0.5,41000203,0.0,1.0,1.0,1.0,16,439.125,0.0,1.0
campaign75-fixed,2.0,0.5,41000203,0.0,1.0,1.0,1.0,16,431.3125,0.0,1.0
campaign-hedged,2.0,0.5,41000203,0.0,1.0,1.0,1.0,16,538.8125,0.0,1.0
anchored25-fixed,2.0,0.5,41000203,0.0,1.0,1.0,1.0,16,471.0,0.0,1.0
anchored50-fixed,2.0,0.5,41000203,0.0,1.0,1.0,1.0,16,474.75,0.0,1.0
anchored75-fixed,2.0,0.5,41000203,0.0,1.0,1.0,1.0,16,508.5,0.0,0.9375
telescoping-fixed,2.0,0.5,41000204,0.0,1.0,1.0,1.0,16,635.6875,0.0,1.0
telescoping-hedged,2.0,0.5,41000204,0.0,1.0,1.0,1.0,16,677.25,0.0,0.9375
campaign25-fixed,2.0,0.5,41000204,0.0,1.0,1.0,1.0,16,603.5,0.0,1.0
campaign50-fixed,2.0,0.5,41000204,0.0,1.0,1.0,1.0,16,597.875,0.0,1.0
campaign75-fixed,2.0,0.5,41000204,0.0,1.0,1.0,1.0,16,594.75,0.0,1.0
campaign-hedged,2.0,0.5,41000204,0.0,1.0,1.0,1.0,16,654.75,0.0,1.0
anchored25-fixed,2.0,0.5,41000204,0.0,1.0,1.0,1.0,16,618.5,0.0,1.0
anchored50-fixed,2.0,0.5,41000204,0.0,1.0,1.0,1.0,16,621.625,0.0,1.0
anchored75-fixed,2.0,0.5,41000204,0.0,1.0,1.0,1.0,16,622.5625,0.0,1.0
telescoping-fixed,2.0,0.5,41000205,0.0,1.0,1.0,1.0,16,376.9375,0.0,1.0
telescoping-hedged,2.0,0.5,41000205,0.0,1.0,1.0,1.0,16,504.75,0.0,1.0
campaign25-fixed,2.0,0.5,41000205,0.0,1.0,1.0,1.0,16,342.5625,0.0,1.0
campaign50-fixed,2.0,0.5,41000205,0.0,1.0,1.0,1.0,16,330.6875,0.0,1.0
campaign75-fixed,2.0,0.5,41000205,0.0,1.0,1.0,1.0,16,314.4375,0.0,1.0
campaign-hedged,2.0,0.5,41000205,0.0,1.0,1.0,1.0,16,475.375,0.0,1.0
anchored25-fixed,2.0,0.5,41000205,0.0,1.0,1.0,1.0,16,369.4375,0.0,1.0
anchored50-fixed,2.0,0.5,41000205,0.0,1.0,1.0,1.0,16,370.0625,0.0,1.0
anchored75-fixed,2.0,0.5,41000205,0.0,1.0,1.0,1.0,16,394.75,0.0,1.0
telescoping-fixed,2.0,0.5,41000206,0.0,1.0,1.0,1.0,16,333.5,0.0,0.875
telescoping-hedged,2.0,0.5,41000206,0.0,1.0,1.0,1.0,16,408.8125,0.0,0.8125
campaign25-fixed,2.0,0.5,41000206,0.0,1.0,1.0,1.0,16,326.9375,0.0,0.875
campaign50-fixed,2.0,0.5,41000206,0.0,1.0,1.0,1.0,16,321.3125,0.0,0.875
campaign75-fixed,2.0,0.5,41000206,0.0,1.0,1.0,1.0,16,346.9375,0.0,0.875
campaign-hedged,2.0,0.5,41000206,0.0,1.0,1.0,1.0,16,391.3125,0.0,0.875
anchored25-fixed,2.0,0.5,41000206,0.0,1.0,1.0,1.0,16,332.25,0.0,0.875
anchored50-fixed,2.0,0.5,41000206,0.0,1.0,1.0,1.0,16,343.1875,0.0,0.875
anchored75-fixed,2.0,0.5,41000206,0.0,1.0,1.0,1.0,16,356.625,0.0,0.875
telescoping-fixed,2.0,0.5,41000207,0.0,0.9375,0.9375,1.0,15,749.6666666666666,0.0,0.875
telescoping-hedged,2.0,0.5,41000207,0.0,0.9375,0.9375,1.0,15,795.8666666666667,0.0,0.875
campaign25-fixed,2.0,0.5,41000207,0.0,0.9375,0.9375,1.0,15,730.3333333333334,0.0,0.9375
campaign50-fixed,2.0,0.5,41000207,0.0,0.9375,0.9375,1.0,15,662.6666666666666,0.0,0.9375
campaign75-fixed,2.0,0.5,41000207,0.0,0.9375,0.9375,1.0,15,663.2,0.0,0.9375
campaign-hedged,2.0,0.5,41000207,0.0,0.9375,0.9375,1.0,15,762.0,0.0,0.9375
anchored25-fixed,2.0,0.5,41000207,0.0,0.9375,0.9375,1.0,15,739.0,0.0,0.9375
anchored50-fixed,2.0,0.5,41000207,0.0,0.9375,0.9375,1.0,15,742.5333333333333,0.0,0.9375
anchored75-fixed,2.0,0.5,41000207,0.0,0.875,0.875,1.0,14,705.6428571428571,0.0,0.875
telescoping-fixed,2.0,0.5,41000208,0.0,1.0,1.0,1.0,16,439.4375,0.0,1.0
telescoping-hedged,2.0,0.5,41000208,0.0,1.0,1.0,1.0,16,532.875,0.0,1.0
campaign25-fixed,2.0,0.5,41000208,0.0,1.0,1.0,1.0,16,426.0,0.0,1.0
campaign50-fixed,2.0,0.5,41000208,0.0,1.0,1.0,1.0,16,424.4375,0.0,1.0
campaign75-fixed,2.0,0.5,41000208,0.0,1.0,1.0,1.0,16,429.4375,0.0,1.0
campaign-hedged,2.0,0.5,41000208,0.0,1.0,1.0,1.0,16,480.6875,0.0,1.0
anchored25-fixed,2.0,0.5,41000208,0.0,1.0,1.0,1.0,16,441.0,0.0,1.0
anchored50-fixed,2.0,0.5,41000208,0.0,1.0,1.0,1.0,16,445.6875,0.0,1.0
anchored75-fixed,2.0,0.5,41000208,0.0,1.0,1.0,1.0,16,453.5,0.0,1.0
telescoping-fixed,2.0,0.5,41000209,0.0,1.0,1.0,1.0,16,370.6875,0.0,1.0
telescoping-hedged,2.0,0.5,41000209,0.0,1.0,1.0,1.0,16,465.375,0.0,1.0
campaign25-fixed,2.0,0.5,41000209,0.0,1.0,1.0,1.0,16,355.0625,0.0,1.0
campaign50-fixed,2.0,0.5,41000209,0.0,1.0,1.0,1.0,16,350.6875,0.0,1.0
campaign75-fixed,2.0,0.5,41000209,0.0,1.0,1.0,1.0,16,342.5625,0.0,1.0
campaign-hedged,2.0,0.5,41000209,0.0,1.0,1.0,1.0,16,428.5,0.0,1.0
anchored25-fixed,2.0,0.5,41000209,0.0,1.0,1.0,1.0,16,370.6875,0.0,1.0
anchored50-fixed,2.0,0.5,41000209,0.0,1.0,1.0,1.0,16,383.8125,0.0,1.0
anchored75-fixed,2.0,0.5,41000209,0.0,1.0,1.0,1.0,16,389.125,0.0,1.0
telescoping-fixed,2.0,0.5,41000210,0.0,1.0,1.0,1.0,16,490.0625,0.0,1.0
telescoping-hedged,2.0,0.5,41000210,0.0,0.9375,0.9375,1.0,15,609.6666666666666,0.0,0.9375
campaign25-fixed,2.0,0.5,41000210,0.0,1.0,1.0,1.0,16,483.5,0.0,1.0
campaign50-fixed,2.0,0.5,41000210,0.0,1.0,1.0,1.0,16,490.0625,0.0,1.0
campaign75-fixed,2.0,0.5,41000210,0.0,1.0,1.0,1.0,16,500.375,0.0,1.0
campaign-hedged,2.0,0.5,41000210,0.0,1.0,1.0,1.0,16,588.1875,0.0,0.9375
anchored25-fixed,2.0,0.5,41000210,0.0,1.0,1.0,1.0,16,492.875,0.0,1.0
anchored50-fixed,2.0,0.5,41000210,0.0,1.0,1.0,1.0,16,499.125,0.0,1.0
anchored75-fixed,2.0,0.5,41000210,0.0,1.0,1.0,1.0,16,512.875,0.0,1.0
telescoping-fixed,2.0,0.5,41000211,0.058823529411764705,1.0,1.0,1.0,17,319.125,0.0,1.0
telescoping-hedged,2.0,0.5,41000211,0.0,1.0,1.0,1.0,16,365.0625,0.0,1.0
campaign25-fixed,2.0,0.5,41000211,0.058823529411764705,1.0,1.0,1.0,17,293.1875,0.0,1.0
campaign50-fixed,2.0,0.5,41000211,0.1111111111111111,1.0,1.0,1.0,18,289.125,0.0,1.0
campaign75-fixed,2.0,0.5,41000211,0.15789473684210525,1.0,1.0,1.0,19,286.625,0.0,1.0
campaign-hedged,2.0,0.5,41000211,0.058823529411764705,1.0,1.0,1.0,17,355.375,0.0,1.0
anchored25-fixed,2.0,0.5,41000211,0.058823529411764705,1.0,1.0,1.0,17,300.0625,0.0,1.0
anchored50-fixed,2.0,0.5,41000211,0.058823529411764705,1.0,1.0,1.0,17,304.125,0.0,1.0
anchored75-fixed,2.0,0.5,41000211,0.058823529411764705,1.0,1.0,1.0,17,316.3125,0.0,1.0
telescoping-fixed,2.0,0.5,41000212,0.0,1.0,1.0,1.0,16,319.75,0.0,1.0
telescoping-hedged,2.0,0.5,41000212,0.0,1.0,1.0,1.0,16,405.375,0.0,1.0
campaign25-fixed,2.0,0.5,41000212,0.0,1.0,1.0,1.0,16,293.5,0.0,1.0
campaign50-fixed,2.0,0.5,41000212,0.0,1.0,1.0,1.0,16,279.75,0.0,1.0
campaign75-fixed,2.0,0.5,41000212,0.058823529411764705,1.0,1.0,1.0,17,271.625,0.058823529411764705,1.0
campaign-hedged,2.0,0.5,41000212,0.0,1.0,1.0,1.0,16,377.25,0.0,1.0
anchored25-fixed,2.0,0.5,41000212,0.0,1.0,1.0,1.0,16,315.0625,0.0,1.0
anchored50-fixed,2.0,0.5,41000212,0.0,1.0,1.0,1.0,16,315.375,0.0,1.0
anchored75-fixed,2.0,0.5,41000212,0.0,1.0,1.0,1.0,16,314.4375,0.0,1.0
telescoping-fixed,2.0,0.5,41000213,0.0,0.9375,0.9375,1.0,15,435.3333333333333,0.0,0.9375
telescoping-hedged,2.0,0.5,41000213,0.0,0.9375,0.9375,1.0,15,513.6666666666666,0.0,0.9375
campaign25-fixed,2.0,0.5,41000213,0.0,1.0,1.0,1.0,16,448.8125,0.0,1.0
campaign50-fixed,2.0,0.5,41000213,0.0,1.0,1.0,1.0,16,452.25,0.0,1.0
campaign75-fixed,2.0,0.5,41000213,0.0,1.0,1.0,1.0,16,440.375,0.0,1.0
campaign-hedged,2.0,0.5,41000213,0.0,0.9375,0.9375,1.0,15,488.6666666666667,0.0,0.9375
anchored25-fixed,2.0,0.5,41000213,0.0,0.9375,0.9375,1.0,15,436.3333333333333,0.0,0.9375
anchored50-fixed,2.0,0.5,41000213,0.0,1.0,1.0,1.0,16,477.5625,0.0,1.0
anchored75-fixed,2.0,0.5,41000213,0.0,1.0,1.0,1.0,16,476.9375,0.0,1.0
telescoping-fixed,2.0,0.5,41000214,0.0,0.8125,0.8125,1.0,13,490.61538461538464,0.0,0.8125
telescoping-hedged,2.0,0.5,41000214,0.0,0.8125,0.8125,1.0,13,582.9230769230769,0.0,0.8125
campaign25-fixed,2.0,0.5,41000214,0.0,0.9375,0.9375,1.0,15,524.0,0.0,0.8125
campaign50-fixed,2.0,0.5,41000214,0.0,1.0,1.0,1.0,16,532.25,0.0,1.0
campaign75-fixed,2.0,0.5,41000214,0.0,1.0,1.0,1.0,16,518.8125,0.0,1.0
campaign-hedged,2.0,0.5,41000214,0.0,0.8125,0.8125,1.0,13,563.3076923076923,0.0,0.8125
anchored25-fixed,2.0,0.5,41000214,0.0,0.8125,0.8125,1.0,13,520.6153846153846,0.0,0.8125
anchored50-fixed,2.0,0.5,41000214,0.0,0.9375,0.9375,1.0,15,559.0,0.0,0.8125
anchored75-fixed,2.0,0.5,41000214,0.0,1.0,1.0,1.0,16,596.0,0.0,0.9375
telescoping-fixed,2.0,0.5,41000215,0.0,0.9375,0.9375,1.0,15,382.3333333333333,0.0,0.875
telescoping-hedged,2.0,0.5,41000215,0.0,0.875,0.875,1.0,14,446.7142857142857,0.0,0.875
campaign25-fixed,2.0,0.5,41000215,0.0,0.9375,0.9375,1.0,15,360.0,0.0,0.875
campaign50-fixed,2.0,0.5,41000215,0.0,0.9375,0.9375,1.0,15,377.0,0.0,0.875
campaign75-fixed,2.0,0.5,41000215,0.0,1.0,1.0,1.0,16,382.5625,0.0,0.875
campaign-hedged,2.0,0.5,41000215,0.0,0.9375,0.9375,1.0,15,440.6666666666667,0.0,0.875
anchored25-fixed,2.0,0.5,41000215,0.0,0.9375,0.9375,1.0,15,372.3333333333333,0.0,0.875
anchored50-fixed,2.0,0.5,41000215,0.0,0.9375,0.9375,1.0,15,392.3333333333333,0.0,0.875
anchored75-fixed,2.0,0.5,41000215,0.0,0.9375,0.9375,1.0,15,402.6666666666667,0.0,0.875
telescoping-fixed,2.0,0.5,41000216,0.0,1.0,1.0,1.0,16,320.0625,0.0,1.0
telescoping-hedged,2.0,0.5,41000216,0.0,1.0,1.0,1.0,16,447.875,0.0,0.9375
campaign25-fixed,2.0,0.5,41000216,0.0,1.0,1.0,1.0,16,309.125,0.0,1.0
campaign50-fixed,2.0,0.5,41000216,0.0,1.0,1.0,1.0,16,276.3125,0.0,1.0
campaign75-fixed,2.0,0.5,41000216,0.0,1.0,1.0,1.0,16,277.25,0.0,1.0
campaign-hedged,2.0,0.5,41000216,0.0,1.0,1.0,1.0,16,412.5625,0.0,1.0
anchored25-fixed,2.0,0.5,41000216,0.0,1.0,1.0,1.0,16,316.3125,0.0,1.0
anchored50-fixed,2.0,0.5,41000216,0.0,1.0,1.0,1.0,16,318.1875,0.0,1.0
anchored75-fixed,2.0,0.5,41000216,0.0,1.0,1.0,1.0,16,311.625,0.0,1.0
telescoping-fixed,2.0,0.5,41000217,0.0,0.9375,0.9375,1.0,15,495.3333333333333,0.0,0.875
telescoping-hedged,2.0,0.5,41000217,0.0,0.9375,0.9375,1.0,15,569.0,0.0,0.875
campaign25-fixed,2.0,0.5,41000217,0.0,0.9375,0.9375,1.0,15,487.0,0.0,0.875
campaign50-fixed,2.0,0.5,41000217,0.0,0.9375,0.9375,1.0,15,471.3333333333333,0.0,0.875
campaign75-fixed,2.0,0.5,41000217,0.0,0.9375,0.9375,1.0,15,464.0,0.0,0.875
campaign-hedged,2.0,0.5,41000217,0.0,0.9375,0.9375,1.0,15,554.3333333333334,0.0,0.875
anchored25-fixed,2.0,0.5,41000217,0.0,0.9375,0.9375,1.0,15,491.3333333333333,0.0,0.875
anchored50-fixed,2.0,0.5,41000217,0.0,0.9375,0.9375,1.0,15,490.6666666666667,0.0,0.875
anchored75-fixed,2.0,0.5,41000217,0.0,0.9375,0.9375,1.0,15,504.3333333333333,0.0,0.875
telescoping-fixed,2.0,0.5,41000218,0.0,0.75,0.75,1.0,12,614.3333333333334,0.0,0.6875
telescoping-hedged,2.0,0.5,41000218,0.0,0.6875,0.6875,1.0,11,934.6363636363636,0.0,0.375
campaign25-fixed,2.0,0.5,41000218,0.0,0.75,0.75,1.0,12,551.4166666666666,0.0,0.625
campaign50-fixed,2.0,0.5,41000218,0.0,0.75,0.75,1.0,12,620.1666666666666,0.0,0.6875
campaign75-fixed,2.0,0.5,41000218,0.0,0.75,0.75,1.0,12,642.25,0.0,0.6875
campaign-hedged,2.0,0.5,41000218,0.0,0.6875,0.6875,1.0,11,920.0909090909091,0.0,0.5
anchored25-fixed,2.0,0.5,41000218,0.0,0.75,0.75,1.0,12,571.0,0.0,0.625
anchored50-fixed,2.0,0.5,41000218,0.0,0.75,0.75,1.0,12,652.6666666666666,0.0,0.5625
anchored75-fixed,2.0,0.5,41000218,0.0,0.75,0.75,1.0,12,651.0,0.0,0.5
telescoping-fixed,2.0,0.5,41000219,0.0,0.8125,0.8125,1.0,13,651.3846153846154,0.0,0.8125
telescoping-hedged,2.0,0.5,41000219,0.0,0.75,0.75,1.0,12,773.9166666666666,0.0,0.75
campaign25-fixed,2.0,0.5,41000219,0.0,0.8125,0.8125,1.0,13,622.9230769230769,0.0,0.8125
campaign50-fixed,2.0,0.5,41000219,0.0,0.8125,0.8125,1.0,13,587.9230769230769,0.0,0.75
campaign75-fixed,2.0,0.5,41000219,0.0,0.8125,0.8125,1.0,13,639.0769230769231,0.0,0.75
campaign-hedged,2.0,0.5,41000219,0.0,0.8125,0.8125,1.0,13,846.7692307692307,0.0,0.8125
anchored25-fixed,2.0,0.5,41000219,0.0,0.8125,0.8125,1.0,13,642.9230769230769,0.0,0.8125
anchored50-fixed,2.0,0.5,41000219,0.0,0.8125,0.8125,1.0,13,701.7692307692307,0.0,0.75
anchored75-fixed,2.0,0.5,41000219,0.0,0.8125,0.8125,1.0,13,792.5384615384615,0.0,0.75
telescoping-fixed,2.0,0.5,41000220,0.058823529411764705,1.0,1.0,1.0,17,302.875,0.0,0.875
telescoping-hedged,2.0,0.5,41000220,0.0,0.9375,0.9375,1.0,15,347.6666666666667,0.0,0.875
campaign25-fixed,2.0,0.5,41000220,0.058823529411764705,1.0,1.0,1.0,17,274.125,0.0,0.875
campaign50-fixed,2.0,0.5,41000220,0.058823529411764705,1.0,1.0,1.0,17,266.0,0.0,0.875
campaign75-fixed,2.0,0.5,41000220,0.058823529411764705,1.0,1.0,1.0,17,224.4375,0.0,0.875
campaign-hedged,2.0,0.5,41000220,0.0,1.0,1.0,1.0,16,321.3125,0.0,0.875
anchored25-fixed,2.0,0.5,41000220,0.0,1.0,1.0,1.0,16,294.125,0.0,0.875
anchored50-fixed,2.0,0.5,41000220,0.0,1.0,1.0,1.0,16,293.5,0.0,0.875
anchored75-fixed,2.0,0.5,41000220,0.0,1.0,1.0,1.0,16,285.6875,0.0,0.875
telescoping-fixed,2.0,0.5,41000221,0.0,0.9375,0.9375,1.0,15,517.0,0.0,0.875
telescoping-hedged,2.0,0.5,41000221,0.0,0.875,0.875,1.0,14,532.0714285714286,0.0,0.875
campaign25-fixed,2.0,0.5,41000221,0.0,0.9375,0.9375,1.0,15,484.0,0.0,0.9375
campaign50-fixed,2.0,0.5,41000221,0.0,0.9375,0.9375,1.0,15,466.0,0.0,0.9375
campaign75-fixed,2.0,0.5,41000221,0.0,0.9375,0.9375,1.0,15,457.6666666666667,0.0,0.9375
campaign-hedged,2.0,0.5,41000221,0.0,0.9375,0.9375,1.0,15,540.0,0.0,0.875
anchored25-fixed,2.0,0.5,41000221,0.0,0.9375,0.9375,1.0,15,508.6666666666667,0.0,0.875
anchored50-fixed,2.0,0.5,41000221,0.0,0.9375,0.9375,1.0,15,498.6666666666667,0.0,0.9375
anchored75-fixed,2.0,0.5,41000221,0.0,0.9375,0.9375,1.0,15,499.3333333333333,0.0,0.9375
telescoping-fixed,2.0,0.5,41000222,0.0,0.9375,0.9375,1.0,15,746.6666666666666,0.0,0.9375
telescoping-hedged,2.0,0.5,41000222,0.0,0.9375,0.9375,1.0,15,794.3333333333334,0.0,0.9375
campaign25-fixed,2.0,0.5,41000222,0.0,0.9375,0.9375,1.0,15,724.0,0.0,0.9375
campaign50-fixed,2.0,0.5,41000222,0.0,0.9375,0.9375,1.0,15,716.0,0.0,0.9375
campaign75-fixed,2.0,0.5,41000222,0.0,1.0,1.0,1.0,16,740.6875,0.0,1.0
campaign-hedged,2.0,0.5,41000222,0.0,0.9375,0.9375,1.0,15,787.6666666666666,0.0,0.9375
anchored25-fixed,2.0,0.5,41000222,0.0,0.9375,0.9375,1.0,15,745.6666666666666,0.0,0.9375
anchored50-fixed,2.0,0.5,41000222,0.0,0.9375,0.9375,1.0,15,756.0,0.0,0.9375
anchored75-fixed,2.0,0.5,41000222,0.0,0.9375,0.9375,1.0,15,759.6666666666666,0.0,0.9375
telescoping-fixed,2.0,0.5,41000223,0.0,1.0,1.0,1.0,16,509.125,0.0,1.0
telescoping-hedged,2.0,0.5,41000223,0.0,0.875,0.875,1.0,14,542.0714285714286,0.0,0.875
campaign25-fixed,2.0,0.5,41000223,0.0,1.0,1.0,1.0,16,486.625,0.0,1.0
campaign50-fixed,2.0,0.5,41000223,0.0,1.0,1.0,1.0,16,471.625,0.0,1.0
campaign75-fixed,2.0,0.5,41000223,0.0,1.0,1.0,1.0,16,461.0,0.0,1.0
campaign-hedged,2.0,0.5,41000223,0.0,1.0,1.0,1.0,16,575.6875,0.0,1.0
anchored25-fixed,2.0,0.5,41000223,0.0,1.0,1.0,1.0,16,501.0,0.0,1.0
anchored50-fixed,2.0,0.5,41000223,0.0,1.0,1.0,1.0,16,508.1875,0.0,1.0
anchored75-fixed,2.0,0.5,41000223,0.0,1.0,1.0,1.0,16,513.1875,0.0,1.0
telescoping-fixed,2.0,0.5,41000224,0.0,0.8125,0.8125,1.0,13,424.0769230769231,0.0,0.75
telescoping-hedged,2.0,0.5,41000224,0.0,0.75,0.75,1.0,12,523.9166666666666,0.0,0.75
campaign25-fixed,2.0,0.5,41000224,0.0,0.8125,0.8125,1.0,13,392.9230769230769,0.0,0.8125
campaign50-fixed,2.0,0.5,41000224,0.0,0.8125,0.8125,1.0,13,382.9230769230769,0.0,0.8125
campaign75-fixed,2.0,0.5,41000224,0.0,0.8125,0.8125,1.0,13,372.53846153846155,0.0,0.8125
campaign-hedged,2.0,0.5,41000224,0.0,0.8125,0.8125,1.0,13,508.6923076923077,0.0,0.75
anchored25-fixed,2.0,0.5,41000224,0.0,0.8125,0.8125,1.0,13,426.0,0.0,0.75
anchored50-fixed,2.0,0.5,41000224,0.0,0.8125,0.8125,1.0,13,444.46153846153845,0.0,0.8125
anchored75-fixed,2.0,0.5,41000224,0.0,0.8125,0.8125,1.0,13,424.84615384615387,0.0,0.8125
telescoping-fixed,2.0,0.5,41000225,0.0,0.9375,0.9375,1.0,15,556.6666666666666,0.0,0.9375
telescoping-hedged,2.0,0.5,41000225,0.0,0.875,0.875,1.0,14,635.6428571428571,0.0,0.875
campaign25-fixed,2.0,0.5,41000225,0.0,0.9375,0.9375,1.0,15,549.0,0.0,0.9375
campaign50-fixed,2.0,0.5,41000225,0.0,0.9375,0.9375,1.0,15,536.0,0.0,0.9375
campaign75-fixed,2.0,0.5,41000225,0.0,1.0,1.0,1.0,16,570.0625,0.0,1.0
campaign-hedged,2.0,0.5,41000225,0.0,0.9375,0.9375,1.0,15,609.3333333333334,0.0,0.9375
anchored25-fixed,2.0,0.5,41000225,0.0,0.9375,0.9375,1.0,15,558.6666666666666,0.0,0.9375
anchored50-fixed,2.0,0.5,41000225,0.0,0.9375,0.9375,1.0,15,582.3333333333334,0.0,0.9375
anchored75-fixed,2.0,0.5,41000225,0.0,0.9375,0.9375,1.0,15,585.0,0.0,0.9375
telescoping-fixed,2.0,0.5,41000226,0.0,1.0,1.0,1.0,16,548.1875,0.0,0.875
telescoping-hedged,2.0,0.5,41000226,0.0,0.9375,0.9375,1.0,15,629.6666666666666,0.0,0.875
campaign25-fixed,2.0,0.5,41000226,0.0,1.0,1.0,1.0,16,530.6875,0.0,0.875
campaign50-fixed,2.0,0.5,41000226,0.0,1.0,1.0,1.0,16,522.25,0.0,0.875
campaign75-fixed,2.0,0.5,41000226,0.0,1.0,1.0,1.0,16,513.1875,0.0,0.875
campaign-hedged,2.0,0.5,41000226,0.0,1.0,1.0,1.0,16,593.1875,0.0,0.9375
anchored25-fixed,2.0,0.5,41000226,0.0,1.0,1.0,1.0,16,537.25,0.0,0.875
anchored50-fixed,2.0,0.5,41000226,0.0,1.0,1.0,1.0,16,541.9375,0.0,0.875
anchored75-fixed,2.0,0.5,41000226,0.0,1.0,1.0,1.0,16,546.625,0.0,0.875
telescoping-fixed,2.0,0.5,41000227,0.0,1.0,1.0,1.0,16,635.0625,0.0,1.0
telescoping-hedged,2.0,0.5,41000227,0.0,1.0,1.0,1.0,16,741.0,0.0,0.875
campaign25-fixed,2.0,0.5,41000227,0.0,1.0,1.0,1.0,16,627.5625,0.0,1.0
campaign50-fixed,2.0,0.5,41000227,0.0,1.0,1.0,1.0,16,630.375,0.0,1.0
campaign75-fixed,2.0,0.5,41000227,0.0,1.0,1.0,1.0,16,623.5,0.0,1.0
campaign-hedged,2.0,0.5,41000227,0.0,1.0,1.0,1.0,16,690.6875,0.0,1.0
anchored25-fixed,2.0,0.5,41000227,0.0,1.0,1.0,1.0,16,634.75,0.0,1.0
anchored50-fixed,2.0,0.5,41000227,0.0,1.0,1.0,1.0,16,650.375,0.0,1.0
anchored75-fixed,2.0,0.5,41000227,0.0,1.0,1.0,1.0,16,650.0625,0.0,1.0
telescoping-fixed,2.0,0.5,41000228,0.0,0.4375,0.4375,1.0,7,583.8571428571429,0.0,0.1875
telescoping-hedged,2.0,0.5,41000228,0.0,0.1875,0.1875,1.0,3,447.6666666666667,0.0,0.0625
campaign25-fixed,2.0,0.5,41000228,0.0,0.5,0.5,1.0,8,519.75,0.0,0.1875
campaign50-fixed,2.0,0.5,41000228,0.0,0.5,0.5,1.0,8,651.625,0.0,0.1875
campaign75-fixed,2.0,0.5,41000228,0.0,0.5625,0.5625,1.0,9,698.7777777777778,0.0,0.1875
campaign-hedged,2.0,0.5,41000228,0.0,0.125,0.125,1.0,2,503.5,0.0,0.0625
anchored25-fixed,2.0,0.5,41000228,0.0,0.375,0.375,1.0,6,626.8333333333334,0.0,0.1875
anchored50-fixed,2.0,0.5,41000228,0.0,0.25,0.25,1.0,4,508.5,0.0,0.1875
anchored75-fixed,2.0,0.5,41000228,0.0,0.25,0.25,1.0,4,513.5,0.0,0.1875
telescoping-fixed,2.0,0.5,41000229,0.0,0.9375,0.9375,1.0,15,433.6666666666667,0.0,0.875
telescoping-hedged,2.0,0.5,41000229,0.0,0.9375,0.9375,1.0,15,507.3333333333333,0.0,0.875
campaign25-fixed,2.0,0.5,41000229,0.0,1.0,1.0,1.0,16,428.8125,0.0,1.0
campaign50-fixed,2.0,0.5,41000229,0.0,1.0,1.0,1.0,16,420.0625,0.0,1.0
campaign75-fixed,2.0,0.5,41000229,0.0,1.0,1.0,1.0,16,422.875,0.0,1.0
campaign-hedged,2.0,0.5,41000229,0.0,1.0,1.0,1.0,16,479.4375,0.0,0.9375
anchored25-fixed,2.0,0.5,41000229,0.0,1.0,1.0,1.0,16,435.0625,0.0,0.875
anchored50-fixed,2.0,0.5,41000229,0.0,1.0,1.0,1.0,16,435.6875,0.0,0.9375
anchored75-fixed,2.0,0.5,41000229,0.0,1.0,1.0,1.0,16,435.6875,0.0,1.0
telescoping-fixed,2.0,0.5,41000230,0.0,1.0,1.0,1.0,16,616.0,0.0,0.875
telescoping-hedged,2.0,0.5,41000230,0.0,0.875,0.875,1.0,14,641.7142857142857,0.0,0.875
campaign25-fixed,2.0,0.5,41000230,0.0,1.0,1.0,1.0,16,603.8125,0.0,0.875
campaign50-fixed,2.0,0.5,41000230,0.0,1.0,1.0,1.0,16,603.1875,0.0,0.9375
campaign75-fixed,2.0,0.5,41000230,0.0,1.0,1.0,1.0,16,592.875,0.0,0.9375
campaign-hedged,2.0,0.5,41000230,0.0,1.0,1.0,1.0,16,643.1875,0.0,0.875
anchored25-fixed,2.0,0.5,41000230,0.0,1.0,1.0,1.0,16,607.5625,0.0,0.875
anchored50-fixed,2.0,0.5,41000230,0.0,1.0,1.0,1.0,16,612.5625,0.0,0.875
anchored75-fixed,2.0,0.5,41000230,0.0,1.0,1.0,1.0,16,621.3125,0.0,0.875
telescoping-fixed,2.0,0.5,41000231,0.0,1.0,1.0,1.0,16,296.0,0.0,1.0
telescoping-hedged,2.0,0.5,41000231,0.0,1.0,1.0,1.0,16,353.5,0.0,1.0
campaign25-fixed,2.0,0.5,41000231,0.0,1.0,1.0,1.0,16,281.9375,0.0,1.0
campaign50-fixed,2.0,0.5,41000231,0.0,1.0,1.0,1.0,16,280.375,0.0,1.0
campaign75-fixed,2.0,0.5,41000231,0.0,1.0,1.0,1.0,16,280.375,0.0,1.0
campaign-hedged,2.0,0.5,41000231,0.0,1.0,1.0,1.0,16,334.4375,0.0,1.0
anchored25-fixed,2.0,0.5,41000231,0.0,1.0,1.0,1.0,16,296.625,0.0,1.0
anchored50-fixed,2.0,0.5,41000231,0.0,1.0,1.0,1.0,16,296.0,0.0,1.0
anchored75-fixed,2.0,0.5,41000231,0.0,1.0,1.0,1.0,16,308.1875,0.0,1.0
telescoping-fixed,2.0,0.5,41000232,0.0,1.0,1.0,1.0,16,282.875,0.0,1.0
telescoping-hedged,2.0,0.5,41000232,0.0,1.0,1.0,1.0,16,349.75,0.0,1.0
campaign25-fixed,2.0,0.5,41000232,0.0,1.0,1.0,1.0,16,260.375,0.0,1.0
campaign50-fixed,2.0,0.5,41000232,0.0,1.0,1.0,1.0,16,257.875,0.0,1.0
campaign75-fixed,2.0,0.5,41000232,0.0,1.0,1.0,1.0,16,259.75,0.0,1.0
campaign-hedged,2.0,0.5,41000232,0.0,1.0,1.0,1.0,16,312.875,0.0,1.0
anchored25-fixed,2.0,0.5,41000232,0.0,1.0,1.0,1.0,16,274.4375,0.0,1.0
anchored50-fixed,2.0,0.5,41000232,0.0,1.0,1.0,1.0,16,276.0,0.0,1.0
anchored75-fixed,2.0,0.5,41000232,0.0,1.0,1.0,1.0,16,278.8125,0.0,1.0
telescoping-fixed,2.0,0.5,41000233,0.0,0.9375,0.9375,1.0,15,531.0,0.0,0.9375
telescoping-hedged,2.0,0.5,41000233,0.0,1.0,1.0,1.0,16,642.5625,0.0,0.9375
campaign25-fixed,2.0,0.5,41000233,0.0,0.9375,0.9375,1.0,15,500.0,0.0,0.9375
campaign50-fixed,2.0,0.5,41000233,0.0,0.9375,0.9375,1.0,15,430.6666666666667,0.0,0.9375
campaign75-fixed,2.0,0.5,41000233,0.0,0.9375,0.9375,1.0,15,431.0,0.0,0.9375
campaign-hedged,2.0,0.5,41000233,0.0,1.0,1.0,1.0,16,616.9375,0.0,0.9375
anchored25-fixed,2.0,0.5,41000233,0.0,0.9375,0.9375,1.0,15,527.6666666666666,0.0,0.9375
anchored50-fixed,2.0,0.5,41000233,0.0,0.9375,0.9375,1.0,15,530.6666666666666,0.0,0.9375
anchored75-fixed,2.0,0.5,41000233,0.0,0.9375,0.9375,1.0,15,543.6666666666666,0.0,0.9375
telescoping-fixed,2.0,0.5,41000234,0.0,0.0625,0.0625,1.0,1,621.0,0.0,0.0
telescoping-hedged,2.0,0.5,41000234,0.0,0.0,0.0,1.0,0,,0.0,0.0
campaign25-fixed,2.0,0.5,41000234,0.0,0.0,0.0,1.0,0,,0.0,0.0
campaign50-fixed,2.0,0.5,41000234,0.0,0.0,0.0,1.0,0,,0.0,0.0
campaign75-fixed,2.0,0.5,41000234,0.0,0.0,0.0,1.0,0,,0.0,0.0
campaign-hedged,2.0,0.5,41000234,0.0,0.0,0.0,1.0,0,,0.0,0.0
anchored25-fixed,2.0,0.5,41000234,0.0,0.0,0.0,1.0,0,,0.0,0.0
anchored50-fixed,2.0,0.5,41000234,0.0,0.0,0.0,1.0,0,,0.0,0.0
anchored75-fixed,2.0,0.5,41000234,0.0,0.0,0.0,1.0,0,,0.0,0.0
telescoping-fixed,2.0,0.5,41000235,0.0,1.0,1.0,1.0,16,686.9375,0.0,0.9375
telescoping-hedged,2.0,0.5,41000235,0.0,0.9375,0.9375,1.0,15,723.0,0.0,0.875
campaign25-fixed,2.0,0.5,41000235,0.0,1.0,1.0,1.0,16,672.25,0.0,0.9375
campaign50-fixed,2.0,0.5,41000235,0.0,1.0,1.0,1.0,16,668.1875,0.0,0.9375
campaign75-fixed,2.0,0.5,41000235,0.0,1.0,1.0,1.0,16,661.9375,0.0,0.9375
campaign-hedged,2.0,0.5,41000235,0.0,1.0,1.0,1.0,16,709.4375,0.0,0.875
anchored25-fixed,2.0,0.5,41000235,0.0,1.0,1.0,1.0,16,686.625,0.0,0.9375
anchored50-fixed,2.0,0.5,41000235,0.0,1.0,1.0,1.0,16,679.4375,0.0,0.875
anchored75-fixed,2.0,0.5,41000235,0.0,1.0,1.0,1.0,16,680.6875,0.0,0.875
telescoping-fixed,2.0,0.5,41000236,0.0,0.9375,0.9375,1.0,15,434.3333333333333,0.0,0.75
telescoping-hedged,2.0,0.5,41000236,0.0,0.9375,0.9375,1.0,15,477.3333333333333,0.0,0.8125
campaign25-fixed,2.0,0.5,41000236,0.0,0.9375,0.9375,1.0,15,422.3333333333333,0.0,0.75
campaign50-fixed,2.0,0.5,41000236,0.0,0.9375,0.9375,1.0,15,416.0,0.0,0.75
campaign75-fixed,2.0,0.5,41000236,0.0,1.0,1.0,1.0,16,451.0,0.0,0.75
campaign-hedged,2.0,0.5,41000236,0.0,0.9375,0.9375,1.0,15,468.3333333333333,0.0,0.875
anchored25-fixed,2.0,0.5,41000236,0.0,0.9375,0.9375,1.0,15,433.0,0.0,0.75
anchored50-fixed,2.0,0.5,41000236,0.0,0.9375,0.9375,1.0,15,427.0,0.0,0.75
anchored75-fixed,2.0,0.5,41000236,0.0,0.9375,0.9375,1.0,15,438.0,0.0,0.75
telescoping-fixed,2.0,0.5,41000237,0.0,0.75,0.75,1.0,12,926.0,0.0,0.6875
telescoping-hedged,2.0,0.5,41000237,0.0,0.5625,0.5625,1.0,9,1023.7777777777778,0.0,0.5625
campaign25-fixed,2.0,0.5,41000237,0.0,0.75,0.75,1.0,12,928.5,0.0,0.75
campaign50-fixed,2.0,0.5,41000237,0.0,0.75,0.75,1.0,12,988.9166666666666,0.0,0.75
campaign75-fixed,2.0,0.5,41000237,0.0,0.8125,0.8125,1.0,13,1004.0769230769231,0.0,0.6875
campaign-hedged,2.0,0.5,41000237,0.0,0.75,0.75,1.0,12,1044.3333333333333,0.0,0.5625
anchored25-fixed,2.0,0.5,41000237,0.0,0.75,0.75,1.0,12,929.75,0.0,0.75
anchored50-fixed,2.0,0.5,41000237,0.0,0.75,0.75,1.0,12,932.6666666666666,0.0,0.75
anchored75-fixed,2.0,0.5,41000237,0.0,0.75,0.75,1.0,12,959.3333333333334,0.0,0.6875
telescoping-fixed,2.0,0.5,41000238,0.0,0.8125,0.8125,1.0,13,531.7692307692307,0.0,0.625
telescoping-hedged,2.0,0.5,41000238,0.0,0.75,0.75,1.0,12,661.8333333333334,0.0,0.625
campaign25-fixed,2.0,0.5,41000238,0.0,0.875,0.875,1.0,14,529.2142857142857,0.0,0.6875
campaign50-fixed,2.0,0.5,41000238,0.0,0.875,0.875,1.0,14,519.5714285714286,0.0,0.6875
campaign75-fixed,2.0,0.5,41000238,0.0,0.9375,0.9375,1.0,15,629.3333333333334,0.0,0.75
campaign-hedged,2.0,0.5,41000238,0.0,0.875,0.875,1.0,14,782.4285714285714,0.0,0.6875
anchored25-fixed,2.0,0.5,41000238,0.0,0.875,0.875,1.0,14,533.1428571428571,0.0,0.6875
anchored50-fixed,2.0,0.5,41000238,0.0,0.875,0.875,1.0,14,561.3571428571429,0.0,0.6875
anchored75-fixed,2.0,0.5,41000238,0.0,0.8125,0.8125,1.0,13,584.8461538461538,0.0,0.6875
telescoping-fixed,2.0,0.5,41000239,0.0,1.0,1.0,1.0,16,292.5625,0.0,1.0
telescoping-hedged,2.0,0.5,41000239,0.0,0.9375,0.9375,1.0,15,301.6666666666667,0.0,0.9375
campaign25-fixed,2.0,0.5,41000239,0.0,1.0,1.0,1.0,16,282.5625,0.0,1.0
campaign50-fixed,2.0,0.5,41000239,0.0,1.0,1.0,1.0,16,267.875,0.0,1.0
campaign75-fixed,2.0,0.5,41000239,0.0,1.0,1.0,1.0,16,251.9375,0.0,1.0
campaign-hedged,2.0,0.5,41000239,0.0,1.0,1.0,1.0,16,312.875,0.0,1.0
anchored25-fixed,2.0,0.5,41000239,0.0,1.0,1.0,1.0,16,293.5,0.0,1.0
anchored50-fixed,2.0,0.5,41000239,0.0,1.0,1.0,1.0,16,296.0,0.0,1.0
anchored75-fixed,2.0,0.5,41000239,0.0,1.0,1.0,1.0,16,293.1875,0.0,1.0
telescoping-fixed,2.0,0.5,41000240,0.0,1.0,1.0,1.0,16,524.4375,0.0,1.0
telescoping-hedged,2.0,0.5,41000240,0.0,1.0,1.0,1.0,16,586.9375,0.0,1.0
campaign25-fixed,2.0,0.5,41000240,0.0,1.0,1.0,1.0,16,509.75,0.0,1.0
campaign50-fixed,2.0,0.5,41000240,0.0,1.0,1.0,1.0,16,508.8125,0.0,1.0
campaign75-fixed,2.0,0.5,41000240,0.0,1.0,1.0,1.0,16,505.375,0.0,1.0
campaign-hedged,2.0,0.5,41000240,0.0,1.0,1.0,1.0,16,561.3125,0.0,1.0
anchored25-fixed,2.0,0.5,41000240,0.0,1.0,1.0,1.0,16,521.3125,0.0,1.0
anchored50-fixed,2.0,0.5,41000240,0.0,1.0,1.0,1.0,16,523.8125,0.0,1.0
anchored75-fixed,2.0,0.5,41000240,0.0,1.0,1.0,1.0,16,533.8125,0.0,1.0
telescoping-fixed,2.0,0.5,41000241,0.0,0.9375,0.9375,1.0,15,653.6666666666666,0.0,0.875
telescoping-hedged,2.0,0.5,41000241,0.0,0.8125,0.8125,1.0,13,777.9230769230769,0.0,0.8125
campaign25-fixed,2.0,0.5,41000241,0.0,0.9375,0.9375,1.0,15,641.6666666666666,0.0,0.875
campaign50-fixed,2.0,0.5,41000241,0.0,0.9375,0.9375,1.0,15,639.3333333333334,0.0,0.875
campaign75-fixed,2.0,0.5,41000241,0.0,0.9375,0.9375,1.0,15,681.6666666666666,0.0,0.875
campaign-hedged,2.0,0.5,41000241,0.0,0.875,0.875,1.0,14,772.0714285714286,0.0,0.875
anchored25-fixed,2.0,0.5,41000241,0.0,0.9375,0.9375,1.0,15,646.6666666666666,0.0,0.875
anchored50-fixed,2.0,0.5,41000241,0.0,0.9375,0.9375,1.0,15,646.0,0.0,0.875
anchored75-fixed,2.0,0.5,41000241,0.0,0.9375,0.9375,1.0,15,678.6666666666666,0.0,0.875
telescoping-fixed,2.0,0.5,41000242,0.0,0.875,0.875,1.0,14,563.8571428571429,0.0,0.75
telescoping-hedged,2.0,0.5,41000242,0.0,0.8125,0.8125,1.0,13,631.0,0.0,0.75
campaign25-fixed,2.0,0.5,41000242,0.0,0.875,0.875,1.0,14,542.4285714285714,0.0,0.75
campaign50-fixed,2.0,0.5,41000242,0.0,0.875,0.875,1.0,14,529.2142857142857,0.0,0.75
campaign75-fixed,2.0,0.5,41000242,0.0,0.875,0.875,1.0,14,518.5,0.0,0.75
campaign-hedged,2.0,0.5,41000242,0.0,0.875,0.875,1.0,14,605.2857142857143,0.0,0.75
anchored25-fixed,2.0,0.5,41000242,0.0,0.875,0.875,1.0,14,543.1428571428571,0.0,0.75
anchored50-fixed,2.0,0.5,41000242,0.0,0.875,0.875,1.0,14,556.3571428571429,0.0,0.6875
anchored75-fixed,2.0,0.5,41000242,0.0,0.875,0.875,1.0,14,583.5,0.0,0.6875
telescoping-fixed,2.0,0.5,41000243,0.0,0.9375,0.9375,1.0,15,484.3333333333333,0.0,0.9375
telescoping-hedged,2.0,0.5,41000243,0.0,0.9375,0.9375,1.0,15,552.6666666666666,0.0,0.9375
campaign25-fixed,2.0,0.5,41000243,0.0,0.9375,0.9375,1.0,15,447.3333333333333,0.0,0.9375
campaign50-fixed,2.0,0.5,41000243,0.058823529411764705,1.0,1.0,1.0,17,478.8125,0.058823529411764705,1.0
campaign75-fixed,2.0,0.5,41000243,0.058823529411764705,1.0,1.0,1.0,17,476.0,0.058823529411764705,1.0
campaign-hedged,2.0,0.5,41000243,0.0,0.9375,0.9375,1.0,15,532.0,0.0,0.9375
anchored25-fixed,2.0,0.5,41000243,0.0,0.9375,0.9375,1.0,15,472.0,0.0,0.9375
anchored50-fixed,2.0,0.5,41000243,0.0,0.9375,0.9375,1.0,15,465.3333333333333,0.0,0.9375
anchored75-fixed,2.0,0.5,41000243,0.058823529411764705,1.0,1.0,1.0,17,504.0,0.0,1.0
telescoping-fixed,2.0,0.5,41000244,0.0,0.25,0.25,1.0,4,919.75,0.0,0.25
telescoping-hedged,2.0,0.5,41000244,0.0,0.25,0.25,1.0,4,1013.5,0.0,0.25
campaign25-fixed,2.0,0.5,41000244,0.0,0.25,0.25,1.0,4,924.75,0.0,0.25
campaign50-fixed,2.0,0.5,41000244,0.0,0.3125,0.3125,1.0,5,997.0,0.0,0.3125
campaign75-fixed,2.0,0.5,41000244,0.0,0.3125,0.3125,1.0,5,1091.0,0.0,0.3125
campaign-hedged,2.0,0.5,41000244,0.0,0.25,0.25,1.0,4,1134.75,0.0,0.1875
anchored25-fixed,2.0,0.5,41000244,0.0,0.25,0.25,1.0,4,919.75,0.0,0.25
anchored50-fixed,2.0,0.5,41000244,0.0,0.25,0.25,1.0,4,918.5,0.0,0.1875
anchored75-fixed,2.0,0.5,41000244,0.0,0.3125,0.3125,1.0,5,939.0,0.0,0.1875
telescoping-fixed,2.0,0.5,41000245,0.0,1.0,1.0,1.0,16,718.0625,0.0,1.0
telescoping-hedged,2.0,0.5,41000245,0.0,0.9375,0.9375,1.0,15,773.3333333333334,0.0,0.9375
campaign25-fixed,2.0,0.5,41000245,0.0,1.0,1.0,1.0,16,697.875,0.0,1.0
campaign50-fixed,2.0,0.5,41000245,0.0,1.0,1.0,1.0,16,687.5625,0.0,1.0
campaign75-fixed,2.0,0.5,41000245,0.0,1.0,1.0,1.0,16,670.375,0.0,1.0
campaign-hedged,2.0,0.5,41000245,0.0,1.0,1.0,1.0,16,764.4375,0.0,1.0
anchored25-fixed,2.0,0.5,41000245,0.0,0.9375,0.9375,1.0,15,691.0,0.0,0.9375
anchored50-fixed,2.0,0.5,41000245,0.0,0.9375,0.9375,1.0,15,693.3333333333334,0.0,0.9375
anchored75-fixed,2.0,0.5,41000245,0.0,0.9375,0.9375,1.0,15,734.3333333333334,0.0,0.9375
telescoping-fixed,2.0,0.5,41000246,0.0,0.9375,0.9375,1.0,15,594.3333333333334,0.0,0.9375
telescoping-hedged,2.0,0.5,41000246,0.0,0.9375,0.9375,1.0,15,682.0,0.0,0.875
campaign25-fixed,2.0,0.5,41000246,0.0,1.0,1.0,1.0,16,610.0625,0.0,0.9375
campaign50-fixed,2.0,0.5,41000246,0.0,1.0,1.0,1.0,16,580.6875,0.0,1.0
campaign75-fixed,2.0,0.5,41000246,0.0,1.0,1.0,1.0,16,572.875,0.0,1.0
campaign-hedged,2.0,0.5,41000246,0.0,0.9375,0.9375,1.0,15,633.0,0.0,0.9375
anchored25-fixed,2.0,0.5,41000246,0.0,0.9375,0.9375,1.0,15,596.3333333333334,0.0,0.9375
anchored50-fixed,2.0,0.5,41000246,0.0,0.9375,0.9375,1.0,15,592.0,0.0,0.9375
anchored75-fixed,2.0,0.5,41000246,0.0,1.0,1.0,1.0,16,622.25,0.0,0.9375
telescoping-fixed,2.0,0.5,41000247,0.0,1.0,1.0,1.0,16,357.25,0.0,1.0
telescoping-hedged,2.0,0.5,41000247,0.0,1.0,1.0,1.0,16,454.125,0.0,1.0
campaign25-fixed,2.0,0.5,41000247,0.0,1.0,1.0,1.0,16,338.5,0.0,1.0
campaign50-fixed,2.0,0.5,41000247,0.0,1.0,1.0,1.0,16,327.875,0.0,1.0
campaign75-fixed,2.0,0.5,41000247,0.0,1.0,1.0,1.0,16,325.0625,0.0,1.0
campaign-hedged,2.0,0.5,41000247,0.0,1.0,1.0,1.0,16,436.3125,0.0,1.0
anchored25-fixed,2.0,0.5,41000247,0.0,1.0,1.0,1.0,16,378.5,0.0,1.0
anchored50-fixed,2.0,0.5,41000247,0.0,1.0,1.0,1.0,16,381.9375,0.0,1.0
anchored75-fixed,2.0,0.5,41000247,0.0,1.0,1.0,1.0,16,396.625,0.0,1.0
telescoping-fixed,2.0,0.5,41000248,0.0,1.0,1.0,1.0,16,764.4375,0.0,0.9375
telescoping-hedged,2.0,0.5,41000248,0.0,0.875,0.875,1.0,14,832.7857142857143,0.0,0.875
campaign25-fixed,2.0,0.5,41000248,0.0,1.0,1.0,1.0,16,732.5625,0.0,1.0
campaign50-fixed,2.0,0.5,41000248,0.0,1.0,1.0,1.0,16,746.9375,0.0,1.0
campaign75-fixed,2.0,0.5,41000248,0.0,1.0,1.0,1.0,16,753.1875,0.0,1.0
campaign-hedged,2.0,0.5,41000248,0.0,1.0,1.0,1.0,16,851.0,0.0,1.0
anchored25-fixed,2.0,0.5,41000248,0.0,1.0,1.0,1.0,16,789.4375,0.0,1.0
anchored50-fixed,2.0,0.5,41000248,0.0,1.0,1.0,1.0,16,783.5,0.0,1.0
anchored75-fixed,2.0,0.5,41000248,0.0,1.0,1.0,1.0,16,790.375,0.0,1.0
telescoping-fixed,2.0,0.5,41000249,0.0,0.5625,0.5625,1.0,9,582.6666666666666,0.0,0.5
telescoping-hedged,2.0,0.5,41000249,0.0,0.5,0.5,1.0,8,637.25,0.0,0.5
campaign25-fixed,2.0,0.5,41000249,0.0,0.75,0.75,1.0,12,692.5,0.0,0.75
campaign50-fixed,2.0,0.5,41000249,0.0,0.8125,0.8125,1.0,13,696.0,0.0,0.8125
campaign75-fixed,2.0,0.5,41000249,0.0,0.875,0.875,1.0,14,732.4285714285714,0.0,0.8125
campaign-hedged,2.0,0.5,41000249,0.0,0.625,0.625,1.0,10,785.0,0.0,0.5
anchored25-fixed,2.0,0.5,41000249,0.0,0.6875,0.6875,1.0,11,659.1818181818181,0.0,0.5625
anchored50-fixed,2.0,0.5,41000249,0.0,0.6875,0.6875,1.0,11,652.3636363636364,0.0,0.625
anchored75-fixed,2.0,0.5,41000249,0.0,0.6875,0.6875,1.0,11,666.0,0.0,0.6875
telescoping-fixed,2.0,0.5,41000250,0.0,0.9375,0.9375,1.0,15,414.0,0.0,0.8125
telescoping-hedged,2.0,0.5,41000250,0.0,0.6875,0.6875,1.0,11,351.90909090909093,0.0,0.625
campaign25-fixed,2.0,0.5,41000250,0.0,1.0,1.0,1.0,16,419.75,0.0,0.875
campaign50-fixed,2.0,0.5,41000250,0.0,1.0,1.0,1.0,16,417.5625,0.0,0.9375
campaign75-fixed,2.0,0.5,41000250,0.0,1.0,1.0,1.0,16,409.75,0.0,0.9375
campaign-hedged,2.0,0.5,41000250,0.0,1.0,1.0,1.0,16,484.4375,0.0,0.8125
anchored25-fixed,2.0,0.5,41000250,0.0,0.9375,0.9375,1.0,15,406.6666666666667,0.0,0.8125
anchored50-fixed,2.0,0.5,41000250,0.0,1.0,1.0,1.0,16,429.4375,0.0,0.8125
anchored75-fixed,2.0,0.5,41000250,0.0,1.0,1.0,1.0,16,432.5625,0.0,0.875
telescoping-fixed,2.0,0.5,41000251,0.0,1.0,1.0,1.0,16,752.5625,0.0,1.0
telescoping-hedged,2.0,0.5,41000251,0.0,1.0,1.0,1.0,16,828.0625,0.0,1.0
campaign25-fixed,2.0,0.5,41000251,0.0,1.0,1.0,1.0,16,739.75,0.0,1.0
campaign50-fixed,2.0,0.5,41000251,0.0,1.0,1.0,1.0,16,730.375,0.0,1.0
campaign75-fixed,2.0,0.5,41000251,0.0,1.0,1.0,1.0,16,720.375,0.0,1.0
campaign-hedged,2.0,0.5,41000251,0.0,1.0,1.0,1.0,16,777.25,0.0,1.0
anchored25-fixed,2.0,0.5,41000251,0.0,1.0,1.0,1.0,16,750.0625,0.0,1.0
anchored50-fixed,2.0,0.5,41000251,0.0,1.0,1.0,1.0,16,753.1875,0.0,1.0
anchored75-fixed,2.0,0.5,41000251,0.0,1.0,1.0,1.0,16,750.0625,0.0,1.0
telescoping-fixed,2.0,0.5,41000252,0.0,0.9375,0.9375,1.0,15,493.6666666666667,0.0,0.9375
telescoping-hedged,2.0,0.5,41000252,0.0,0.9375,0.9375,1.0,15,545.0,0.0,0.9375
campaign25-fixed,2.0,0.5,41000252,0.0,0.9375,0.9375,1.0,15,481.0,0.0,0.9375
campaign50-fixed,2.0,0.5,41000252,0.0,0.9375,0.9375,1.0,15,457.0,0.0,0.9375
campaign75-fixed,2.0,0.5,41000252,0.0,1.0,1.0,1.0,16,481.3125,0.0,1.0
campaign-hedged,2.0,0.5,41000252,0.0,0.9375,0.9375,1.0,15,550.3333333333334,0.0,0.9375
anchored25-fixed,2.0,0.5,41000252,0.0,0.9375,0.9375,1.0,15,492.3333333333333,0.0,0.9375
anchored50-fixed,2.0,0.5,41000252,0.0,0.9375,0.9375,1.0,15,489.6666666666667,0.0,0.9375
anchored75-fixed,2.0,0.5,41000252,0.0,0.9375,0.9375,1.0,15,496.6666666666667,0.0,0.9375
telescoping-fixed,2.0,0.5,41000253,0.0,1.0,1.0,1.0,16,539.4375,0.0,1.0
telescoping-hedged,2.0,0.5,41000253,0.0,1.0,1.0,1.0,16,631.9375,0.0,1.0
campaign25-fixed,2.0,0.5,41000253,0.0,1.0,1.0,1.0,16,506.3125,0.0,1.0
campaign50-fixed,2.0,0.5,41000253,0.0,1.0,1.0,1.0,16,503.8125,0.0,1.0
campaign75-fixed,2.0,0.5,41000253,0.0,1.0,1.0,1.0,16,513.8125,0.0,1.0
campaign-hedged,2.0,0.5,41000253,0.0,1.0,1.0,1.0,16,594.4375,0.0,1.0
anchored25-fixed,2.0,0.5,41000253,0.0,1.0,1.0,1.0,16,542.5625,0.0,1.0
anchored50-fixed,2.0,0.5,41000253,0.0,1.0,1.0,1.0,16,546.3125,0.0,1.0
anchored75-fixed,2.0,0.5,41000253,0.0,1.0,1.0,1.0,16,551.625,0.0,1.0
telescoping-fixed,2.0,0.5,41000254,0.0,0.9375,0.9375,1.0,15,620.3333333333334,0.0,0.875
telescoping-hedged,2.0,0.5,41000254,0.0,0.875,0.875,1.0,14,661.0,0.0,0.875
campaign25-fixed,2.0,0.5,41000254,0.0,0.9375,0.9375,1.0,15,594.6666666666666,0.0,0.9375
campaign50-fixed,2.0,0.5,41000254,0.0,1.0,1.0,1.0,16,600.0625,0.0,1.0
campaign75-fixed,2.0,0.5,41000254,0.0,1.0,1.0,1.0,16,587.25,0.0,1.0
campaign-hedged,2.0,0.5,41000254,0.0,0.875,0.875,1.0,14,616.3571428571429,0.0,0.875
anchored25-fixed,2.0,0.5,41000254,0.0,0.9375,0.9375,1.0,15,606.3333333333334,0.0,0.9375
anchored50-fixed,2.0,0.5,41000254,0.0,0.9375,0.9375,1.0,15,619.0,0.0,0.9375
anchored75-fixed,2.0,0.5,41000254,0.0,0.9375,0.9375,1.0,15,616.6666666666666,0.0,0.9375
telescoping-fixed,2.0,0.5,41000255,0.0,1.0,1.0,1.0,16,605.375,0.0,0.875
telescoping-hedged,2.0,0.5,41000255,0.0,0.875,0.875,1.0,14,634.5714285714286,0.0,0.875
campaign25-fixed,2.0,0.5,41000255,0.0,1.0,1.0,1.0,16,569.75,0.0,1.0
campaign50-fixed,2.0,0.5,41000255,0.0,1.0,1.0,1.0,16,561.3125,0.0,1.0
campaign75-fixed,2.0,0.5,41000255,0.0,1.0,1.0,1.0,16,554.4375,0.0,1.0
campaign-hedged,2.0,0.5,41000255,0.0,1.0,1.0,1.0,16,652.25,0.0,1.0
anchored25-fixed,2.0,0.5,41000255,0.0,1.0,1.0,1.0,16,603.8125,0.0,0.9375
anchored50-fixed,2.0,0.5,41000255,0.0,1.0,1.0,1.0,16,590.0625,0.0,1.0
anchored75-fixed,2.0,0.5,41000255,0.0,1.0,1.0,1.0,16,593.5,0.0,1.0
telescoping-fixed,2.0,0.5,41000256,0.0,0.9375,0.9375,1.0,15,540.5333333333333,0.0,0.9375
telescoping-hedged,2.0,0.5,41000256,0.0,0.75,0.75,1.0,12,582.25,0.0,0.75
campaign25-fixed,2.0,0.5,41000256,0.0,0.9375,0.9375,1.0,15,518.3333333333334,0.0,0.9375
campaign50-fixed,2.0,0.5,41000256,0.0,0.9375,0.9375,1.0,15,516.6666666666666,0.0,0.9375
campaign75-fixed,2.0,0.5,41000256,0.0,0.9375,0.9375,1.0,15,518.3333333333334,0.0,0.9375
campaign-hedged,2.0,0.5,41000256,0.0,0.9375,0.9375,1.0,15,664.6666666666666,0.0,0.9375
anchored25-fixed,2.0,0.5,41000256,0.0,0.9375,0.9375,1.0,15,526.3333333333334,0.0,0.9375
anchored50-fixed,2.0,0.5,41000256,0.0,0.9375,0.9375,1.0,15,549.0,0.0,0.9375
anchored75-fixed,2.0,0.5,41000256,0.0,0.9375,0.9375,1.0,15,558.0,0.0,0.9375
telescoping-fixed,2.0,0.5,41000257,0.0,1.0,1.0,1.0,16,577.5625,0.0,1.0
telescoping-hedged,2.0,0.5,41000257,0.0,1.0,1.0,1.0,16,661.0,0.0,1.0
campaign25-fixed,2.0,0.5,41000257,0.0,1.0,1.0,1.0,16,560.6875,0.0,1.0
campaign50-fixed,2.0,0.5,41000257,0.0,1.0,1.0,1.0,16,558.1875,0.0,1.0
campaign75-fixed,2.0,0.5,41000257,0.0,1.0,1.0,1.0,16,555.375,0.0,1.0
campaign-hedged,2.0,0.5,41000257,0.0,1.0,1.0,1.0,16,651.3125,0.0,1.0
anchored25-fixed,2.0,0.5,41000257,0.0,1.0,1.0,1.0,16,570.6875,0.0,1.0
anchored50-fixed,2.0,0.5,41000257,0.0,1.0,1.0,1.0,16,564.75,0.0,1.0
anchored75-fixed,2.0,0.5,41000257,0.0,1.0,1.0,1.0,16,564.75,0.0,1.0
telescoping-fixed,2.0,0.5,41000258,0.0,0.75,0.75,1.0,12,583.5,0.0,0.625
telescoping-hedged,2.0,0.5,41000258,0.0,0.6875,0.6875,1.0,11,821.0,0.0,0.5
campaign25-fixed,2.0,0.5,41000258,0.0,0.8125,0.8125,1.0,13,579.0769230769231,0.0,0.625
campaign50-fixed,2.0,0.5,41000258,0.0,0.8125,0.8125,1.0,13,487.53846153846155,0.0,0.625
campaign75-fixed,2.0,0.5,41000258,0.0,0.8125,0.8125,1.0,13,496.38461538461536,0.0,0.5625
campaign-hedged,2.0,0.5,41000258,0.0,0.6875,0.6875,1.0,11,790.5454545454545,0.0,0.625
anchored25-fixed,2.0,0.5,41000258,0.0,0.6875,0.6875,1.0,11,561.9090909090909,0.0,0.625
anchored50-fixed,2.0,0.5,41000258,0.0,0.75,0.75,1.0,12,561.8333333333334,0.0,0.5625
anchored75-fixed,2.0,0.5,41000258,0.0,0.75,0.75,1.0,12,629.3333333333334,0.0,0.5
telescoping-fixed,2.0,0.5,41000259,0.0,1.0,1.0,1.0,16,359.125,0.0,0.875
telescoping-hedged,2.0,0.5,41000259,0.0,0.9375,0.9375,1.0,15,454.6666666666667,0.0,0.875
campaign25-fixed,2.0,0.5,41000259,0.0,1.0,1.0,1.0,16,336.9375,0.0,0.9375
campaign50-fixed,2.0,0.5,41000259,0.0,1.0,1.0,1.0,16,341.9375,0.0,0.9375
campaign75-fixed,2.0,0.5,41000259,0.0,1.0,1.0,1.0,16,352.5625,0.0,0.9375
campaign-hedged,2.0,0.5,41000259,0.0,1.0,1.0,1.0,16,429.4375,0.0,0.9375
anchored25-fixed,2.0,0.5,41000259,0.0,1.0,1.0,1.0,16,343.1875,0.0,0.875
anchored50-fixed,2.0,0.5,41000259,0.0,1.0,1.0,1.0,16,353.5,0.0,0.9375
anchored75-fixed,2.0,0.5,41000259,0.0,1.0,1.0,1.0,16,384.125,0.0,0.9375
telescoping-fixed,2.0,0.5,41000260,0.0,1.0,1.0,1.0,16,475.6875,0.0,1.0
telescoping-hedged,2.0,0.5,41000260,0.0,1.0,1.0,1.0,16,577.875,0.0,1.0
campaign25-fixed,2.0,0.5,41000260,0.0,1.0,1.0,1.0,16,449.75,0.0,1.0
campaign50-fixed,2.0,0.5,41000260,0.0,1.0,1.0,1.0,16,435.375,0.0,1.0
campaign75-fixed,2.0,0.5,41000260,0.0,1.0,1.0,1.0,16,432.875,0.0,1.0
campaign-hedged,2.0,0.5,41000260,0.0,1.0,1.0,1.0,16,554.75,0.0,1.0
anchored25-fixed,2.0,0.5,41000260,0.0,1.0,1.0,1.0,16,474.125,0.0,1.0
anchored50-fixed,2.0,0.5,41000260,0.0,1.0,1.0,1.0,16,474.75,0.0,1.0
anchored75-fixed,2.0,0.5,41000260,0.0,1.0,1.0,1.0,16,476.0,0.0,1.0
telescoping-fixed,2.0,0.5,41000261,0.0,1.0,1.0,1.0,16,446.0,0.0,0.9375
telescoping-hedged,2.0,0.5,41000261,0.0,0.875,0.875,1.0,14,468.5,0.0,0.875
campaign25-fixed,2.0,0.5,41000261,0.0,1.0,1.0,1.0,16,428.8125,0.0,1.0
campaign50-fixed,2.0,0.5,41000261,0.0,1.0,1.0,1.0,16,382.5625,0.0,1.0
campaign75-fixed,2.0,0.5,41000261,0.0,1.0,1.0,1.0,16,387.875,0.0,1.0
campaign-hedged,2.0,0.5,41000261,0.0,1.0,1.0,1.0,16,474.4375,0.0,1.0
anchored25-fixed,2.0,0.5,41000261,0.0,1.0,1.0,1.0,16,441.0,0.0,1.0
anchored50-fixed,2.0,0.5,41000261,0.0,1.0,1.0,1.0,16,442.25,0.0,1.0
anchored75-fixed,2.0,0.5,41000261,0.0,1.0,1.0,1.0,16,419.125,0.0,1.0
telescoping-fixed,2.0,0.5,41000262,0.0,0.4375,0.4375,1.0,7,459.57142857142856,0.0,0.375
telescoping-hedged,2.0,0.5,41000262,0.0,0.375,0.375,1.0,6,558.1666666666666,0.0,0.25
campaign25-fixed,2.0,0.5,41000262,0.0,0.5,0.5,1.0,8,446.0,0.0,0.375
campaign50-fixed,2.0,0.5,41000262,0.0,0.5,0.5,1.0,8,446.0,0.0,0.375
campaign75-fixed,2.0,0.5,41000262,0.0,0.5,0.5,1.0,8,464.75,0.0,0.4375
campaign-hedged,2.0,0.5,41000262,0.0,0.4375,0.4375,1.0,7,588.1428571428571,0.0,0.375
anchored25-fixed,2.0,0.5,41000262,0.0,0.4375,0.4375,1.0,7,461.7142857142857,0.0,0.375
anchored50-fixed,2.0,0.5,41000262,0.0,0.4375,0.4375,1.0,7,463.85714285714283,0.0,0.375
anchored75-fixed,2.0,0.5,41000262,0.0,0.4375,0.4375,1.0,7,563.8571428571429,0.0,0.375
telescoping-fixed,2.0,0.5,41000263,0.0,0.8125,0.8125,1.0,13,767.5384615384615,0.0,0.8125
telescoping-hedged,2.0,0.5,41000263,0.0,0.75,0.75,1.0,12,850.1666666666666,0.0,0.625
campaign25-fixed,2.0,0.5,41000263,0.0,0.875,0.875,1.0,14,786.7142857142857,0.0,0.75
campaign50-fixed,2.0,0.5,41000263,0.0,0.9375,0.9375,1.0,15,800.6666666666666,0.0,0.8125
campaign75-fixed,2.0,0.5,41000263,0.0,0.9375,0.9375,1.0,15,822.3333333333334,0.0,0.875
campaign-hedged,2.0,0.5,41000263,0.0,0.8125,0.8125,1.0,13,877.9230769230769,0.0,0.75
anchored25-fixed,2.0,0.5,41000263,0.0,0.8125,0.8125,1.0,13,775.6153846153846,0.0,0.75
anchored50-fixed,2.0,0.5,41000263,0.0,0.8125,0.8125,1.0,13,778.3076923076923,0.0,0.75
anchored75-fixed,2.0,0.5,41000263,0.0,0.875,0.875,1.0,14,809.7857142857143,0.0,0.75
telescoping-fixed,2.0,0.5,41000264,0.0,1.0,1.0,1.0,16,606.625,0.0,1.0
telescoping-hedged,2.0,0.5,41000264,0.0,1.0,1.0,1.0,16,678.5,0.0,1.0
campaign25-fixed,2.0,0.5,41000264,0.0,1.0,1.0,1.0,16,611.3125,0.0,1.0
campaign50-fixed,2.0,0.5,41000264,0.0,1.0,1.0,1.0,16,609.75,0.0,1.0
campaign75-fixed,2.0,0.5,41000264,0.0,1.0,1.0,1.0,16,609.4375,0.0,1.0
campaign-hedged,2.0,0.5,41000264,0.0,1.0,1.0,1.0,16,631.9375,0.0,1.0
anchored25-fixed,2.0,0.5,41000264,0.0,1.0,1.0,1.0,16,625.0625,0.0,1.0
anchored50-fixed,2.0,0.5,41000264,0.0,1.0,1.0,1.0,16,621.3125,0.0,1.0
anchored75-fixed,2.0,0.5,41000264,0.0,1.0,1.0,1.0,16,625.375,0.0,1.0
telescoping-fixed,2.0,0.5,41000265,0.0,1.0,1.0,1.0,16,634.4375,0.0,1.0
telescoping-hedged,2.0,0.5,41000265,0.0,1.0,1.0,1.0,16,681.625,0.0,1.0
campaign25-fixed,2.0,0.5,41000265,0.0,1.0,1.0,1.0,16,635.6875,0.0,1.0
campaign50-fixed,2.0,0.5,41000265,0.0,1.0,1.0,1.0,16,641.3125,0.0,1.0
campaign75-fixed,2.0,0.5,41000265,0.0,1.0,1.0,1.0,16,652.875,0.0,1.0
campaign-hedged,2.0,0.5,41000265,0.0,1.0,1.0,1.0,16,671.625,0.0,1.0
anchored25-fixed,2.0,0.5,41000265,0.0,1.0,1.0,1.0,16,637.25,0.0,1.0
anchored50-fixed,2.0,0.5,41000265,0.0,1.0,1.0,1.0,16,643.5,0.0,1.0
anchored75-fixed,2.0,0.5,41000265,0.0,1.0,1.0,1.0,16,655.0625,0.0,1.0
telescoping-fixed,2.0,0.5,41000266,0.0,1.0,1.0,1.0,16,633.8125,0.0,1.0
telescoping-hedged,2.0,0.5,41000266,0.0,1.0,1.0,1.0,16,685.6875,0.0,1.0
campaign25-fixed,2.0,0.5,41000266,0.0,1.0,1.0,1.0,16,624.125,0.0,1.0
campaign50-fixed,2.0,0.5,41000266,0.0,1.0,1.0,1.0,16,594.75,0.0,1.0
campaign75-fixed,2.0,0.5,41000266,0.0,1.0,1.0,1.0,16,590.375,0.0,1.0
campaign-hedged,2.0,0.5,41000266,0.0,1.0,1.0,1.0,16,670.6875,0.0,1.0
anchored25-fixed,2.0,0.5,41000266,0.0,1.0,1.0,1.0,16,639.125,0.0,1.0
anchored50-fixed,2.0,0.5,41000266,0.0,1.0,1.0,1.0,16,642.5625,0.0,1.0
anchored75-fixed,2.0,0.5,41000266,0.0,1.0,1.0,1.0,16,652.875,0.0,1.0
telescoping-fixed,2.0,0.5,41000267,0.0,0.875,0.875,1.0,14,434.2142857142857,0.0,0.8125
telescoping-hedged,2.0,0.5,41000267,0.0,0.75,0.75,1.0,12,514.75,0.0,0.75
campaign25-fixed,2.0,0.5,41000267,0.0,0.9375,0.9375,1.0,15,419.3333333333333,0.0,0.875
campaign50-fixed,2.0,0.5,41000267,0.0,0.9375,0.9375,1.0,15,409.0,0.0,0.875
campaign75-fixed,2.0,0.5,41000267,0.0,0.9375,0.9375,1.0,15,409.3333333333333,0.0,0.875
campaign-hedged,2.0,0.5,41000267,0.0,0.875,0.875,1.0,14,586.3571428571429,0.0,0.8125
anchored25-fixed,2.0,0.5,41000267,0.0,0.875,0.875,1.0,14,423.5,0.0,0.8125
anchored50-fixed,2.0,0.5,41000267,0.0,0.875,0.875,1.0,14,430.64285714285717,0.0,0.8125
anchored75-fixed,2.0,0.5,41000267,0.0,0.875,0.875,1.0,14,489.57142857142856,0.0,0.75
telescoping-fixed,2.0,0.5,41000268,0.0,0.875,0.875,1.0,14,591.3571428571429,0.0,0.875
telescoping-hedged,2.0,0.5,41000268,0.0,0.8125,0.8125,1.0,13,649.4615384615385,0.0,0.8125
campaign25-fixed,2.0,0.5,41000268,0.0,0.875,0.875,1.0,14,577.7857142857143,0.0,0.875
campaign50-fixed,2.0,0.5,41000268,0.0,0.9375,0.9375,1.0,15,593.5333333333333,0.0,0.9375
campaign75-fixed,2.0,0.5,41000268,0.0,1.0,1.0,1.0,16,625.75,0.0,1.0
campaign-hedged,2.0,0.5,41000268,0.0,0.875,0.875,1.0,14,645.6428571428571,0.0,0.875
anchored25-fixed,2.0,0.5,41000268,0.0,0.875,0.875,1.0,14,581.3571428571429,0.0,0.875
anchored50-fixed,2.0,0.5,41000268,0.0,0.875,0.875,1.0,14,589.2142857142857,0.0,0.875
anchored75-fixed,2.0,0.5,41000268,0.0,0.875,0.875,1.0,14,601.3571428571429,0.0,0.875
telescoping-fixed,2.0,0.5,41000269,0.0,1.0,1.0,1.0,16,401.0,0.0,1.0
telescoping-hedged,2.0,0.5,41000269,0.0,1.0,1.0,1.0,16,458.8125,0.0,0.9375
campaign25-fixed,2.0,0.5,41000269,0.0,1.0,1.0,1.0,16,398.1875,0.0,1.0
campaign50-fixed,2.0,0.5,41000269,0.058823529411764705,1.0,1.0,1.0,17,395.375,0.0,1.0
campaign75-fixed,2.0,0.5,41000269,0.058823529411764705,1.0,1.0,1.0,17,391.3125,0.0,1.0
campaign-hedged,2.0,0.5,41000269,0.0,1.0,1.0,1.0,16,437.5625,0.0,1.0
anchored25-fixed,2.0,0.5,41000269,0.0,1.0,1.0,1.0,16,405.6875,0.0,1.0
anchored50-fixed,2.0,0.5,41000269,0.0,1.0,1.0,1.0,16,406.3125,0.0,1.0
anchored75-fixed,2.0,0.5,41000269,0.0,1.0,1.0,1.0,16,408.5,0.0,1.0
telescoping-fixed,2.0,0.5,41000270,0.0,0.875,0.875,1.0,14,478.85714285714283,0.0,0.875
telescoping-hedged,2.0,0.5,41000270,0.0,0.875,0.875,1.0,14,537.7857142857143,0.0,0.75
campaign25-fixed,2.0,0.5,41000270,0.0,0.875,0.875,1.0,14,460.64285714285717,0.0,0.875
campaign50-fixed,2.0,0.5,41000270,0.0,0.875,0.875,1.0,14,436.7142857142857,0.0,0.875
campaign75-fixed,2.0,0.5,41000270,0.0,0.9375,0.9375,1.0,15,477.3333333333333,0.0,0.875
campaign-hedged,2.0,0.5,41000270,0.0,0.875,0.875,1.0,14,518.1428571428571,0.0,0.875
anchored25-fixed,2.0,0.5,41000270,0.0,0.875,0.875,1.0,14,470.2857142857143,0.0,0.875
anchored50-fixed,2.0,0.5,41000270,0.0,0.875,0.875,1.0,14,472.7857142857143,0.0,0.875
anchored75-fixed,2.0,0.5,41000270,0.0,0.875,0.875,1.0,14,481.0,0.0,0.875
telescoping-fixed,2.0,0.5,41000271,0.0,0.8125,0.8125,1.0,13,552.1538461538462,0.0,0.8125
telescoping-hedged,2.0,0.5,41000271,0.0,0.8125,0.8125,1.0,13,665.0769230769231,0.0,0.8125
campaign25-fixed,2.0,0.5,41000271,0.0,0.8125,0.8125,1.0,13,551.7692307692307,0.0,0.8125
campaign50-fixed,2.0,0.5,41000271,0.0,0.875,0.875,1.0,14,574.5714285714286,0.0,0.875
campaign75-fixed,2.0,0.5,41000271,0.0,0.875,0.875,1.0,14,591.3571428571429,0.0,0.875
campaign-hedged,2.0,0.5,41000271,0.0,0.8125,0.8125,1.0,13,640.6153846153846,0.0,0.8125
anchored25-fixed,2.0,0.5,41000271,0.0,0.8125,0.8125,1.0,13,552.9230769230769,0.0,0.8125
anchored50-fixed,2.0,0.5,41000271,0.0,0.8125,0.8125,1.0,13,580.6153846153846,0.0,0.8125
anchored75-fixed,2.0,0.5,41000271,0.0,0.8125,0.8125,1.0,13,617.5384615384615,0.0,0.8125
telescoping-fixed,2.0,0.5,41000272,0.0,0.9375,0.9375,1.0,15,617.6666666666666,0.0,0.875
telescoping-hedged,2.0,0.5,41000272,0.0,0.875,0.875,1.0,14,647.4285714285714,0.0,0.8125
campaign25-fixed,2.0,0.5,41000272,0.0,0.9375,0.9375,1.0,15,591.0,0.0,0.875
campaign50-fixed,2.0,0.5,41000272,0.0,1.0,1.0,1.0,16,589.125,0.0,0.9375
campaign75-fixed,2.0,0.5,41000272,0.0,1.0,1.0,1.0,16,574.75,0.0,0.9375
campaign-hedged,2.0,0.5,41000272,0.0,1.0,1.0,1.0,16,701.0,0.0,0.875
anchored25-fixed,2.0,0.5,41000272,0.0,0.9375,0.9375,1.0,15,620.3333333333334,0.0,0.875
anchored50-fixed,2.0,0.5,41000272,0.0,0.9375,0.9375,1.0,15,621.3333333333334,0.0,0.875
anchored75-fixed,2.0,0.5,41000272,0.0,0.9375,0.9375,1.0,15,601.6666666666666,0.0,0.8125
telescoping-fixed,2.0,0.5,41000273,0.0,1.0,1.0,1.0,16,357.875,0.0,0.9375
telescoping-hedged,2.0,0.5,41000273,0.0,1.0,1.0,1.0,16,459.125,0.0,0.9375
campaign25-fixed,2.0,0.5,41000273,0.0,1.0,1.0,1.0,16,330.375,0.0,1.0
campaign50-fixed,2.0,0.5,41000273,0.0,1.0,1.0,1.0,16,320.6875,0.0,1.0
campaign75-fixed,2.0,0.5,41000273,0.0,1.0,1.0,1.0,16,317.25,0.0,1.0
campaign-hedged,2.0,0.5,41000273,0.0,1.0,1.0,1.0,16,416.625,0.0,0.9375
anchored25-fixed,2.0,0.5,41000273,0.0,1.0,1.0,1.0,16,348.8125,0.0,1.0
anchored50-fixed,2.0,0.5,41000273,0.0,1.0,1.0,1.0,16,343.8125,0.0,1.0
anchored75-fixed,2.0,0.5,41000273,0.0,1.0,1.0,1.0,16,341.9375,0.0,1.0
telescoping-fixed,2.0,0.5,41000274,0.0,0.875,0.875,1.0,14,473.85714285714283,0.0,0.8125
telescoping-hedged,2.0,0.5,41000274,0.0,0.8125,0.8125,1.0,13,532.9230769230769,0.0,0.8125
campaign25-fixed,2.0,0.5,41000274,0.0,0.9375,0.9375,1.0,15,455.6666666666667,0.0,0.8125
campaign50-fixed,2.0,0.5,41000274,0.0,0.9375,0.9375,1.0,15,446.3333333333333,0.0,0.8125
campaign75-fixed,2.0,0.5,41000274,0.0,0.9375,0.9375,1.0,15,443.3333333333333,0.0,0.9375
campaign-hedged,2.0,0.5,41000274,0.0,0.9375,0.9375,1.0,15,526.6666666666666,0.0,0.8125
anchored25-fixed,2.0,0.5,41000274,0.0,0.9375,0.9375,1.0,15,482.6666666666667,0.0,0.8125
anchored50-fixed,2.0,0.5,41000274,0.0,0.9375,0.9375,1.0,15,475.0,0.0,0.8125
anchored75-fixed,2.0,0.5,41000274,0.0,0.9375,0.9375,1.0,15,464.0,0.0,0.8125
telescoping-fixed,2.0,0.5,41000275,0.0,1.0,1.0,1.0,16,342.25,0.0,0.9375
telescoping-hedged,2.0,0.5,41000275,0.0,1.0,1.0,1.0,16,432.875,0.0,0.9375
campaign25-fixed,2.0,0.5,41000275,0.0,1.0,1.0,1.0,16,336.0,0.0,0.9375
campaign50-fixed,2.0,0.5,41000275,0.0,1.0,1.0,1.0,16,298.8125,0.0,1.0
campaign75-fixed,2.0,0.5,41000275,0.0,1.0,1.0,1.0,16,298.8125,0.0,1.0
campaign-hedged,2.0,0.5,41000275,0.0,1.0,1.0,1.0,16,421.9375,0.0,1.0
anchored25-fixed,2.0,0.5,41000275,0.0,1.0,1.0,1.0,16,340.0625,0.0,0.9375
anchored50-fixed,2.0,0.5,41000275,0.0,1.0,1.0,1.0,16,344.125,0.0,0.9375
anchored75-fixed,2.0,0.5,41000275,0.0,1.0,1.0,1.0,16,361.0,0.0,0.9375
telescoping-fixed,2.0,0.5,41000276,0.0,0.9375,0.9375,1.0,15,641.0,0.0,0.9375
telescoping-hedged,2.0,0.5,41000276,0.0,0.75,0.75,1.0,12,695.5833333333334,0.0,0.75
campaign25-fixed,2.0,0.5,41000276,0.0,1.0,1.0,1.0,16,632.5625,0.0,1.0
campaign50-fixed,2.0,0.5,41000276,0.0,1.0,1.0,1.0,16,619.4375,0.0,1.0
campaign75-fixed,2.0,0.5,41000276,0.0,1.0,1.0,1.0,16,596.3125,0.0,1.0
campaign-hedged,2.0,0.5,41000276,0.0,0.875,0.875,1.0,14,688.5,0.0,0.875
anchored25-fixed,2.0,0.5,41000276,0.0,0.9375,0.9375,1.0,15,629.0,0.0,0.9375
anchored50-fixed,2.0,0.5,41000276,0.0,0.9375,0.9375,1.0,15,636.0,0.0,0.9375
anchored75-fixed,2.0,0.5,41000276,0.0,1.0,1.0,1.0,16,664.125,0.0,1.0
telescoping-fixed,2.0,0.5,41000277,0.0,1.0,1.0,1.0,16,521.625,0.0,0.875
telescoping-hedged,2.0,0.5,41000277,0.0,0.9375,0.9375,1.0,15,595.6666666666666,0.0,0.875
campaign25-fixed,2.0,0.5,41000277,0.0,1.0,1.0,1.0,16,504.125,0.0,1.0
campaign50-fixed,2.0,0.5,41000277,0.0,1.0,1.0,1.0,16,483.8125,0.0,1.0
campaign75-fixed,2.0,0.5,41000277,0.0,1.0,1.0,1.0,16,456.625,0.0,1.0
campaign-hedged,2.0,0.5,41000277,0.0,1.0,1.0,1.0,16,547.5625,0.0,0.9375
anchored25-fixed,2.0,0.5,41000277,0.0,1.0,1.0,1.0,16,516.625,0.0,0.875
anchored50-fixed,2.0,0.5,41000277,0.0,1.0,1.0,1.0,16,516.3125,0.0,1.0
anchored75-fixed,2.0,0.5,41000277,0.0,1.0,1.0,1.0,16,521.3125,0.0,1.0
telescoping-fixed,2.0,0.5,41000278,0.0,1.0,1.0,1.0,16,285.375,0.0,1.0
telescoping-hedged,2.0,0.5,41000278,0.0,1.0,1.0,1.0,16,366.9375,0.0,1.0
campaign25-fixed,2.0,0.5,41000278,0.0,1.0,1.0,1.0,16,278.1875,0.0,1.0
campaign50-fixed,2.0,0.5,41000278,0.0,1.0,1.0,1.0,16,254.125,0.0,1.0
campaign75-fixed,2.0,0.5,41000278,0.058823529411764705,1.0,1.0,1.0,17,246.0,0.0,1.0
campaign-hedged,2.0,0.5,41000278,0.0,1.0,1.0,1.0,16,334.4375,0.0,1.0
anchored25-fixed,2.0,0.5,41000278,0.0,1.0,1.0,1.0,16,291.0,0.0,1.0
anchored50-fixed,2.0,0.5,41000278,0.0,1.0,1.0,1.0,16,284.125,0.0,1.0
anchored75-fixed,2.0,0.5,41000278,0.0,1.0,1.0,1.0,16,284.4375,0.0,1.0
telescoping-fixed,2.0,0.5,41000279,0.0,1.0,1.0,1.0,16,359.75,0.0,1.0
telescoping-hedged,2.0,0.5,41000279,0.0,1.0,1.0,1.0,16,459.75,0.0,1.0
campaign25-fixed,2.0,0.5,41000279,0.0,1.0,1.0,1.0,16,342.875,0.0,1.0
campaign50-fixed,2.0,0.5,41000279,0.0,1.0,1.0,1.0,16,337.25,0.0,1.0
campaign75-fixed,2.0,0.5,41000279,0.0,1.0,1.0,1.0,16,327.25,0.0,1.0
campaign-hedged,2.0,0.5,41000279,0.0,1.0,1.0,1.0,16,426.0,0.0,1.0
anchored25-fixed,2.0,0.5,41000279,0.0,1.0,1.0,1.0,16,356.9375,0.0,1.0
anchored50-fixed,2.0,0.5,41000279,0.0,1.0,1.0,1.0,16,359.75,0.0,1.0
anchored75-fixed,2.0,0.5,41000279,0.0,1.0,1.0,1.0,16,364.125,0.0,1.0
telescoping-fixed,2.0,0.5,41000280,0.0,1.0,1.0,1.0,16,436.9375,0.0,1.0
telescoping-hedged,2.0,0.5,41000280,0.0,1.0,1.0,1.0,16,479.125,0.0,1.0
campaign25-fixed,2.0,0.5,41000280,0.0,1.0,1.0,1.0,16,424.4375,0.0,1.0
campaign50-fixed,2.0,0.5,41000280,0.0,1.0,1.0,1.0,16,422.5625,0.0,1.0
campaign75-fixed,2.0,0.5,41000280,0.0,1.0,1.0,1.0,16,415.375,0.0,1.0
campaign-hedged,2.0,0.5,41000280,0.0,1.0,1.0,1.0,16,453.1875,0.0,1.0
anchored25-fixed,2.0,0.5,41000280,0.0,1.0,1.0,1.0,16,435.375,0.0,1.0
anchored50-fixed,2.0,0.5,41000280,0.0,1.0,1.0,1.0,16,430.375,0.0,1.0
anchored75-fixed,2.0,0.5,41000280,0.0,1.0,1.0,1.0,16,432.875,0.0,1.0
telescoping-fixed,2.0,0.5,41000281,0.0,0.9375,0.9375,1.0,15,536.0,0.0,0.9375
telescoping-hedged,2.0,0.5,41000281,0.0,0.9375,0.9375,1.0,15,689.0,0.0,0.9375
campaign25-fixed,2.0,0.5,41000281,0.0,0.9375,0.9375,1.0,15,481.6666666666667,0.0,0.9375
campaign50-fixed,2.0,0.5,41000281,0.0,0.9375,0.9375,1.0,15,475.6666666666667,0.0,0.9375
campaign75-fixed,2.0,0.5,41000281,0.0,0.9375,0.9375,1.0,15,458.0,0.0,0.9375
campaign-hedged,2.0,0.5,41000281,0.0,0.9375,0.9375,1.0,15,649.0,0.0,0.9375
anchored25-fixed,2.0,0.5,41000281,0.0,0.9375,0.9375,1.0,15,510.3333333333333,0.0,0.9375
anchored50-fixed,2.0,0.5,41000281,0.0,0.9375,0.9375,1.0,15,566.6666666666666,0.0,0.9375
anchored75-fixed,2.0,0.5,41000281,0.0,0.9375,0.9375,1.0,15,564.3333333333334,0.0,0.9375
telescoping-fixed,2.0,0.5,41000282,0.0,0.9375,0.9375,1.0,15,421.0,0.0,0.9375
telescoping-hedged,2.0,0.5,41000282,0.0,0.875,0.875,1.0,14,514.5714285714286,0.0,0.875
campaign25-fixed,2.0,0.5,41000282,0.0,1.0,1.0,1.0,16,403.8125,0.0,0.9375
campaign50-fixed,2.0,0.5,41000282,0.0,1.0,1.0,1.0,16,393.5,0.0,0.9375
campaign75-fixed,2.0,0.5,41000282,0.0,1.0,1.0,1.0,16,379.4375,0.0,0.9375
campaign-hedged,2.0,0.5,41000282,0.0,0.9375,0.9375,1.0,15,495.3333333333333,0.0,0.9375
anchored25-fixed,2.0,0.5,41000282,0.0,1.0,1.0,1.0,16,420.375,0.0,0.9375
anchored50-fixed,2.0,0.5,41000282,0.0,0.9375,0.9375,1.0,15,368.6666666666667,0.0,0.9375
anchored75-fixed,2.0,0.5,41000282,0.0,0.9375,0.9375,1.0,15,379.3333333333333,0.0,0.9375
telescoping-fixed,2.0,0.5,41000283,0.0,0.8125,0.8125,1.0,13,716.0,0.0,0.6875
telescoping-hedged,2.0,0.5,41000283,0.0,0.75,0.75,1.0,12,801.4166666666666,0.0,0.75
campaign25-fixed,2.0,0.5,41000283,0.0,0.875,0.875,1.0,14,733.8571428571429,0.0,0.75
campaign50-fixed,2.0,0.5,41000283,0.0,0.875,0.875,1.0,14,714.9285714285714,0.0,0.75
campaign75-fixed,2.0,0.5,41000283,0.0,0.875,0.875,1.0,14,714.2142857142857,0.0,0.8125
campaign-hedged,2.0,0.5,41000283,0.0,0.8125,0.8125,1.0,13,785.6153846153846,0.0,0.75
anchored25-fixed,2.0,0.5,41000283,0.0,0.875,0.875,1.0,14,739.9285714285714,0.0,0.6875
anchored50-fixed,2.0,0.5,41000283,0.0,0.875,0.875,1.0,14,742.7857142857143,0.0,0.75
anchored75-fixed,2.0,0.5,41000283,0.0,0.875,0.875,1.0,14,755.6428571428571,0.0,0.75
telescoping-fixed,2.0,0.5,41000284,0.0,0.8125,0.8125,1.0,13,496.0,0.0,0.8125
telescoping-hedged,2.0,0.5,41000284,0.0,0.8125,0.8125,1.0,13,544.0769230769231,0.0,0.75
campaign25-fixed,2.0,0.5,41000284,0.0,0.875,0.875,1.0,14,513.8571428571429,0.0,0.8125
campaign50-fixed,2.0,0.5,41000284,0.0,1.0,1.0,1.0,16,562.25,0.0,0.875
campaign75-fixed,2.0,0.5,41000284,0.0,1.0,1.0,1.0,16,546.9375,0.0,0.9375
campaign-hedged,2.0,0.5,41000284,0.0,0.875,0.875,1.0,14,558.5,0.0,0.8125
anchored25-fixed,2.0,0.5,41000284,0.0,0.8125,0.8125,1.0,13,493.6923076923077,0.0,0.8125
anchored50-fixed,2.0,0.5,41000284,0.0,0.875,0.875,1.0,14,536.7142857142857,0.0,0.8125
anchored75-fixed,2.0,0.5,41000284,0.0,0.9375,0.9375,1.0,15,571.0,0.0,0.8125
telescoping-fixed,2.0,0.5,41000285,0.0,0.9375,0.9375,1.0,15,609.0,0.0,0.9375
telescoping-hedged,2.0,0.5,41000285,0.0,0.9375,0.9375,1.0,15,725.3333333333334,0.0,0.9375
campaign25-fixed,2.0,0.5,41000285,0.0,0.9375,0.9375,1.0,15,583.6666666666666,0.0,0.9375
campaign50-fixed,2.0,0.5,41000285,0.0,0.9375,0.9375,1.0,15,568.6666666666666,0.0,0.9375
campaign75-fixed,2.0,0.5,41000285,0.0,0.9375,0.9375,1.0,15,549.0,0.0,0.9375
campaign-hedged,2.0,0.5,41000285,0.0,0.9375,0.9375,1.0,15,657.6666666666666,0.0,0.9375
anchored25-fixed,2.0,0.5,41000285,0.0,0.9375,0.9375,1.0,15,598.6666666666666,0.0,0.9375
anchored50-fixed,2.0,0.5,41000285,0.0,0.9375,0.9375,1.0,15,601.0,0.0,0.9375
anchored75-fixed,2.0,0.5,41000285,0.0,0.9375,0.9375,1.0,15,597.3333333333334,0.0,0.9375
telescoping-fixed,2.0,0.5,41000286,0.0,0.875,0.875,1.0,14,838.1428571428571,0.0,0.875
telescoping-hedged,2.0,0.5,41000286,0.0,0.8125,0.8125,1.0,13,934.0769230769231,0.0,0.75
campaign25-fixed,2.0,0.5,41000286,0.0,0.875,0.875,1.0,14,784.5714285714286,0.0,0.875
campaign50-fixed,2.0,0.5,41000286,0.0,0.875,0.875,1.0,14,756.3571428571429,0.0,0.875
campaign75-fixed,2.0,0.5,41000286,0.0,0.875,0.875,1.0,14,725.6428571428571,0.0,0.875
campaign-hedged,2.0,0.5,41000286,0.0,0.875,0.875,1.0,14,973.8571428571429,0.0,0.875
anchored25-fixed,2.0,0.5,41000286,0.0,0.875,0.875,1.0,14,803.8571428571429,0.0,0.875
anchored50-fixed,2.0,0.5,41000286,0.0,0.875,0.875,1.0,14,823.8571428571429,0.0,0.8125
anchored75-fixed,2.0,0.5,41000286,0.0,0.875,0.875,1.0,14,870.2857142857143,0.0,0.75
telescoping-fixed,2.0,0.5,41000287,0.0,0.9375,0.9375,1.0,15,576.6666666666666,0.0,0.9375
telescoping-hedged,2.0,0.5,41000287,0.0,0.875,0.875,1.0,14,599.9285714285714,0.0,0.875
campaign25-fixed,2.0,0.5,41000287,0.0,0.9375,0.9375,1.0,15,541.6666666666666,0.0,0.9375
campaign50-fixed,2.0,0.5,41000287,0.0,1.0,1.0,1.0,16,555.6875,0.0,0.9375
campaign75-fixed,2.0,0.5,41000287,0.0,1.0,1.0,1.0,16,561.3125,0.0,1.0
campaign-hedged,2.0,0.5,41000287,0.0,0.9375,0.9375,1.0,15,612.0,0.0,0.9375
anchored25-fixed,2.0,0.5,41000287,0.0,0.9375,0.9375,1.0,15,578.0,0.0,0.9375
anchored50-fixed,2.0,0.5,41000287,0.0,0.9375,0.9375,1.0,15,565.0,0.0,0.9375
anchored75-fixed,2.0,0.5,41000287,0.0,0.9375,0.9375,1.0,15,556.6666666666666,0.0,0.9375
telescoping-fixed,2.0,0.5,41000288,0.0,1.0,1.0,1.0,16,461.625,0.0,0.875
telescoping-hedged,2.0,0.5,41000288,0.0,0.875,0.875,1.0,14,464.2142857142857,0.0,0.75
campaign25-fixed,2.0,0.5,41000288,0.0,1.0,1.0,1.0,16,432.5625,0.0,0.875
campaign50-fixed,2.0,0.5,41000288,0.0,1.0,1.0,1.0,16,421.3125,0.0,0.9375
campaign75-fixed,2.0,0.5,41000288,0.0,1.0,1.0,1.0,16,420.6875,0.0,1.0
campaign-hedged,2.0,0.5,41000288,0.0,1.0,1.0,1.0,16,482.875,0.0,0.875
anchored25-fixed,2.0,0.5,41000288,0.0,1.0,1.0,1.0,16,448.5,0.0,0.875
anchored50-fixed,2.0,0.5,41000288,0.0,1.0,1.0,1.0,16,447.875,0.0,0.875
anchored75-fixed,2.0,0.5,41000288,0.0,1.0,1.0,1.0,16,451.0,0.0,0.9375
telescoping-fixed,2.0,0.5,41000289,0.0,1.0,1.0,1.0,16,394.125,0.0,1.0
telescoping-hedged,2.0,0.5,41000289,0.0,1.0,1.0,1.0,16,486.3125,0.0,1.0
campaign25-fixed,2.0,0.5,41000289,0.0,1.0,1.0,1.0,16,381.9375,0.0,1.0
campaign50-fixed,2.0,0.5,41000289,0.0,1.0,1.0,1.0,16,384.4375,0.0,1.0
campaign75-fixed,2.0,0.5,41000289,0.058823529411764705,1.0,1.0,1.0,17,408.5,0.0,1.0
campaign-hedged,2.0,0.5,41000289,0.0,1.0,1.0,1.0,16,456.625,0.0,1.0
anchored25-fixed,2.0,0.5,41000289,0.0,1.0,1.0,1.0,16,386.9375,0.0,1.0
anchored50-fixed,2.0,0.5,41000289,0.0,1.0,1.0,1.0,16,406.0,0.0,1.0
anchored75-fixed,2.0,0.5,41000289,0.0,1.0,1.0,1.0,16,416.9375,0.0,1.0
telescoping-fixed,2.0,0.5,41000290,0.0,0.875,0.875,1.0,14,538.1428571428571,0.0,0.875
telescoping-hedged,2.0,0.5,41000290,0.0,0.8125,0.8125,1.0,13,628.6923076923077,0.0,0.75
campaign25-fixed,2.0,0.5,41000290,0.0,0.875,0.875,1.0,14,543.5,0.0,0.875
campaign50-fixed,2.0,0.5,41000290,0.0,0.875,0.875,1.0,14,531.7142857142857,0.0,0.875
campaign75-fixed,2.0,0.5,41000290,0.0,0.875,0.875,1.0,14,531.7142857142857,0.0,0.875
campaign-hedged,2.0,0.5,41000290,0.0,0.875,0.875,1.0,14,616.7142857142857,0.0,0.875
anchored25-fixed,2.0,0.5,41000290,0.0,0.875,0.875,1.0,14,562.0714285714286,0.0,0.875
anchored50-fixed,2.0,0.5,41000290,0.0,0.875,0.875,1.0,14,561.7142857142857,0.0,0.875
anchored75-fixed,2.0,0.5,41000290,0.0,0.875,0.875,1.0,14,557.4285714285714,0.0,0.875
telescoping-fixed,2.0,0.5,41000291,0.0,1.0,1.0,1.0,16,453.5,0.0,1.0
telescoping-hedged,2.0,0.5,41000291,0.0,1.0,1.0,1.0,16,545.6875,0.0,1.0
campaign25-fixed,2.0,0.5,41000291,0.0,1.0,1.0,1.0,16,430.375,0.0,1.0
campaign50-fixed,2.0,0.5,41000291,0.0,1.0,1.0,1.0,16,446.0,0.0,1.0
campaign75-fixed,2.0,0.5,41000291,0.0,1.0,1.0,1.0,16,445.0625,0.0,1.0
campaign-hedged,2.0,0.5,41000291,0.0,1.0,1.0,1.0,16,526.0,0.0,1.0
anchored25-fixed,2.0,0.5,41000291,0.0,1.0,1.0,1.0,16,448.1875,0.0,1.0
anchored50-fixed,2.0,0.5,41000291,0.0,1.0,1.0,1.0,16,450.375,0.0,1.0
anchored75-fixed,2.0,0.5,41000291,0.0,1.0,1.0,1.0,16,457.5625,0.0,1.0
telescoping-fixed,2.0,0.5,41000292,0.0,1.0,1.0,1.0,16,465.375,0.0,1.0
telescoping-hedged,2.0,0.5,41000292,0.0,1.0,1.0,1.0,16,567.75,0.0,1.0
campaign25-fixed,2.0,0.5,41000292,0.0,1.0,1.0,1.0,16,471.9375,0.0,1.0
campaign50-fixed,2.0,0.5,41000292,0.0,1.0,1.0,1.0,16,466.0,0.0,1.0
campaign75-fixed,2.0,0.5,41000292,0.0,1.0,1.0,1.0,16,465.375,0.0,1.0
campaign-hedged,2.0,0.5,41000292,0.0,1.0,1.0,1.0,16,517.5625,0.0,1.0
anchored25-fixed,2.0,0.5,41000292,0.0,1.0,1.0,1.0,16,485.6875,0.0,1.0
anchored50-fixed,2.0,0.5,41000292,0.0,1.0,1.0,1.0,16,485.6875,0.0,1.0
anchored75-fixed,2.0,0.5,41000292,0.0,1.0,1.0,1.0,16,486.625,0.0,1.0
telescoping-fixed,2.0,0.5,41000293,0.0,0.8125,0.8125,1.0,13,474.0769230769231,0.0,0.75
telescoping-hedged,2.0,0.5,41000293,0.0,0.75,0.75,1.0,12,564.3333333333334,0.0,0.6875
campaign25-fixed,2.0,0.5,41000293,0.0,0.875,0.875,1.0,14,483.5,0.0,0.875
campaign50-fixed,2.0,0.5,41000293,0.0,0.875,0.875,1.0,14,462.42857142857144,0.0,0.875
campaign75-fixed,2.0,0.5,41000293,0.0,0.875,0.875,1.0,14,461.0,0.0,0.875
campaign-hedged,2.0,0.5,41000293,0.0,0.875,0.875,1.0,14,629.5714285714286,0.0,0.75
anchored25-fixed,2.0,0.5,41000293,0.0,0.8125,0.8125,1.0,13,468.6923076923077,0.0,0.75
anchored50-fixed,2.0,0.5,41000293,0.0,0.875,0.875,1.0,14,507.2857142857143,0.0,0.875
anchored75-fixed,2.0,0.5,41000293,0.0,0.875,0.875,1.0,14,527.0714285714286,0.0,0.875
telescoping-fixed,2.0,0.5,41000294,0.0,1.0,1.0,1.0,16,443.8125,0.0,1.0
telescoping-hedged,2.0,0.5,41000294,0.0,1.0,1.0,1.0,16,549.75,0.0,1.0
campaign25-fixed,2.0,0.5,41000294,0.0,1.0,1.0,1.0,16,433.5,0.0,1.0
campaign50-fixed,2.0,0.5,41000294,0.0,1.0,1.0,1.0,16,425.6875,0.0,1.0
campaign75-fixed,2.0,0.5,41000294,0.058823529411764705,1.0,1.0,1.0,17,419.4375,0.0,1.0
campaign-hedged,2.0,0.5,41000294,0.0,1.0,1.0,1.0,16,496.9375,0.0,1.0
anchored25-fixed,2.0,0.5,41000294,0.0,1.0,1.0,1.0,16,452.25,0.0,1.0
anchored50-fixed,2.0,0.5,41000294,0.0,1.0,1.0,1.0,16,457.5625,0.0,1.0
anchored75-fixed,2.0,0.5,41000294,0.0,1.0,1.0,1.0,16,468.8125,0.0,1.0
telescoping-fixed,2.0,0.5,41000295,0.0,1.0,1.0,1.0,16,520.375,0.0,1.0
telescoping-hedged,2.0,0.5,41000295,0.0,1.0,1.0,1.0,16,606.625,0.0,1.0
campaign25-fixed,2.0,0.5,41000295,0.0,1.0,1.0,1.0,16,502.5625,0.0,1.0
campaign50-fixed,2.0,0.5,41000295,0.0,1.0,1.0,1.0,16,495.6875,0.0,1.0
campaign75-fixed,2.0,0.5,41000295,0.0,1.0,1.0,1.0,16,492.875,0.0,1.0
campaign-hedged,2.0,0.5,41000295,0.0,1.0,1.0,1.0,16,577.875,0.0,1.0
anchored25-fixed,2.0,0.5,41000295,0.0,1.0,1.0,1.0,16,533.1875,0.0,1.0
anchored50-fixed,2.0,0.5,41000295,0.0,1.0,1.0,1.0,16,531.0,0.0,1.0
anchored75-fixed,2.0,0.5,41000295,0.0,1.0,1.0,1.0,16,534.4375,0.0,1.0
telescoping-fixed,2.0,0.5,41000296,0.0,1.0,1.0,1.0,16,528.1875,0.0,0.9375
telescoping-hedged,2.0,0.5,41000296,0.0,0.9375,0.9375,1.0,15,535.0,0.0,0.9375
campaign25-fixed,2.0,0.5,41000296,0.0,1.0,1.0,1.0,16,465.6875,0.0,1.0
campaign50-fixed,2.0,0.5,41000296,0.0,1.0,1.0,1.0,16,408.8125,0.0,1.0
campaign75-fixed,2.0,0.5,41000296,0.0,1.0,1.0,1.0,16,355.0625,0.0,1.0
campaign-hedged,2.0,0.5,41000296,0.0,1.0,1.0,1.0,16,551.3125,0.0,0.9375
anchored25-fixed,2.0,0.5,41000296,0.0,1.0,1.0,1.0,16,516.9375,0.0,0.9375
anchored50-fixed,2.0,0.5,41000296,0.0,1.0,1.0,1.0,16,513.8125,0.0,0.9375
anchored75-fixed,2.0,0.5,41000296,0.0,1.0,1.0,1.0,16,475.0625,0.0,0.9375
telescoping-fixed,2.0,0.5,41000297,0.0,1.0,1.0,1.0,16,495.0625,0.0,1.0
telescoping-hedged,2.0,0.5,41000297,0.0,1.0,1.0,1.0,16,559.125,0.0,0.9375
campaign25-fixed,2.0,0.5,41000297,0.0,1.0,1.0,1.0,16,490.375,0.0,1.0
campaign50-fixed,2.0,0.5,41000297,0.058823529411764705,1.0,1.0,1.0,17,450.6875,0.0,1.0
campaign75-fixed,2.0,0.5,41000297,0.058823529411764705,1.0,1.0,1.0,17,451.9375,0.0,1.0
campaign-hedged,2.0,0.5,41000297,0.0,1.0,1.0,1.0,16,532.875,0.0,1.0
anchored25-fixed,2.0,0.5,41000297,0.0,1.0,1.0,1.0,16,494.75,0.0,1.0
anchored50-fixed,2.0,0.5,41000297,0.0,1.0,1.0,1.0,16,496.0,0.0,1.0
anchored75-fixed,2.0,0.5,41000297,0.0,1.0,1.0,1.0,16,499.125,0.0,1.0
telescoping-fixed,2.0,0.5,41000298,0.0,0.9375,0.9375,1.0,15,472.6666666666667,0.0,0.9375
telescoping-hedged,2.0,0.5,41000298,0.0,0.9375,0.9375,1.0,15,575.0,0.0,0.9375
campaign25-fixed,2.0,0.5,41000298,0.0,0.9375,0.9375,1.0,15,454.6666666666667,0.0,0.9375
campaign50-fixed,2.0,0.5,41000298,0.0,0.9375,0.9375,1.0,15,456.0,0.0,0.9375
campaign75-fixed,2.0,0.5,41000298,0.0,0.9375,0.9375,1.0,15,447.6666666666667,0.0,0.9375
campaign-hedged,2.0,0.5,41000298,0.0,0.9375,0.9375,1.0,15,534.0,0.0,0.9375
anchored25-fixed,2.0,0.5,41000298,0.0,0.9375,0.9375,1.0,15,473.3333333333333,0.0,0.9375
anchored50-fixed,2.0,0.5,41000298,0.0,0.9375,0.9375,1.0,15,471.0,0.0,0.9375
anchored75-fixed,2.0,0.5,41000298,0.0,0.9375,0.9375,1.0,15,471.6666666666667,0.0,0.9375
telescoping-fixed,2.0,0.5,41000299,0.0,0.9375,0.9375,1.0,15,492.0,0.0,0.8125
telescoping-hedged,2.0,0.5,41000299,0.0,0.875,0.875,1.0,14,569.9285714285714,0.0,0.75
campaign25-fixed,2.0,0.5,41000299,0.0,0.9375,0.9375,1.0,15,479.6666666666667,0.0,0.9375
campaign50-fixed,2.0,0.5,41000299,0.0,0.9375,0.9375,1.0,15,470.0,0.0,0.9375
campaign75-fixed,2.0,0.5,41000299,0.0,0.9375,0.9375,1.0,15,450.0,0.0,0.9375
campaign-hedged,2.0,0.5,41000299,0.0,0.9375,0.9375,1.0,15,603.0,0.0,0.9375
anchored25-fixed,2.0,0.5,41000299,0.0,0.9375,0.9375,1.0,15,486.3333333333333,0.0,0.875
anchored50-fixed,2.0,0.5,41000299,0.0,0.9375,0.9375,1.0,15,521.3333333333334,0.0,0.875
anchored75-fixed,2.0,0.5,41000299,0.0,0.9375,0.9375,1.0,15,574.0,0.0,0.8125
