design,seed,rank_bin,true_proposals,true_promotions
telescoping-fixed,52001000,1-5,5,5
telescoping-fixed,52001000,6-10,5,5
telescoping-fixed,52001000,11-20,6,1
telescoping-fixed,52001000,21-35,0,0
telescoping-fixed,52001000,36-50,0,0
campaign75-fixed-daily,52001000,1-5,5,5
campaign75-fixed-daily,52001000,6-10,5,5
campaign75-fixed-daily,52001000,11-20,6,4
campaign75-fixed-daily,52001000,21-35,0,0
campaign75-fixed-daily,52001000,36-50,0,0
campaign75-geometric-daily,52001000,1-5,5,5
campaign75-geometric-daily,52001000,6-10,5,5
campaign75-geometric-daily,52001000,11-20,6,6
campaign75-geometric-daily,52001000,21-35,0,0
campaign75-geometric-daily,52001000,36-50,0,0
telescoping-fixed,52001001,1-5,5,3
telescoping-fixed,52001001,6-10,5,1
telescoping-fixed,52001001,11-20,5,1
telescoping-fixed,52001001,21-35,1,0
telescoping-fixed,52001001,36-50,0,0
campaign75-fixed-daily,52001001,1-5,5,3
campaign75-fixed-daily,52001001,6-10,5,1
campaign75-fixed-daily,52001001,11-20,5,2
campaign75-fixed-daily,52001001,21-35,1,0
campaign75-fixed-daily,52001001,36-50,0,0
campaign75-geometric-daily,52001001,1-5,5,5
campaign75-geometric-daily,52001001,6-10,5,4
campaign75-geometric-daily,52001001,11-20,5,5
campaign75-geometric-daily,52001001,21-35,1,0
campaign75-geometric-daily,52001001,36-50,0,0
telescoping-fixed,52001002,1-5,5,3
telescoping-fixed,52001002,6-10,5,1
telescoping-fixed,52001002,11-20,5,2
telescoping-fixed,52001002,21-35,1,0
telescoping-fixed,52001002,36-50,0,0
campaign75-fixed-daily,52001002,1-5,5,3
campaign75-fixed-daily,52001002,6-10,5,1
campaign75-fixed-daily,52001002,11-20,5,2
campaign75-fixed-daily,52001002,21-35,1,0
campaign75-fixed-daily,52001002,36-50,0,0
campaign75-geometric-daily,52001002,1-5,5,3
campaign75-geometric-daily,52001002,6-10,5,1
campaign75-geometric-daily,52001002,11-20,5,2
campaign75-geometric-daily,52001002,21-35,1,0
campaign75-geometric-daily,52001002,36-50,0,0
telescoping-fixed,52001003,1-5,5,2
telescoping-fixed,52001003,6-10,5,3
telescoping-fixed,52001003,11-20,5,0
telescoping-fixed,52001003,21-35,1,0
telescoping-fixed,52001003,36-50,0,0
campaign75-fixed-daily,52001003,1-5,5,1
campaign75-fixed-daily,52001003,6-10,5,3
campaign75-fixed-daily,52001003,11-20,5,3
campaign75-fixed-daily,52001003,21-35,1,0
campaign75-fixed-daily,52001003,36-50,0,0
campaign75-geometric-daily,52001003,1-5,5,1
campaign75-geometric-daily,52001003,6-10,5,3
campaign75-geometric-daily,52001003,11-20,5,3
campaign75-geometric-daily,52001003,21-35,1,0
campaign75-geometric-daily,52001003,36-50,0,0
telescoping-fixed,52001004,1-5,5,5
telescoping-fixed,52001004,6-10,5,4
telescoping-fixed,52001004,11-20,6,1
telescoping-fixed,52001004,21-35,0,0
telescoping-fixed,52001004,36-50,0,0
campaign75-fixed-daily,52001004,1-5,5,5
campaign75-fixed-daily,52001004,6-10,5,4
campaign75-fixed-daily,52001004,11-20,6,1
campaign75-fixed-daily,52001004,21-35,0,0
campaign75-fixed-daily,52001004,36-50,0,0
campaign75-geometric-daily,52001004,1-5,5,5
campaign75-geometric-daily,52001004,6-10,5,4
campaign75-geometric-daily,52001004,11-20,6,5
campaign75-geometric-daily,52001004,21-35,0,0
campaign75-geometric-daily,52001004,36-50,0,0
telescoping-fixed,52001005,1-5,5,5
telescoping-fixed,52001005,6-10,3,2
telescoping-fixed,52001005,11-20,7,1
telescoping-fixed,52001005,21-35,1,0
telescoping-fixed,52001005,36-50,0,0
campaign75-fixed-daily,52001005,1-5,5,5
campaign75-fixed-daily,52001005,6-10,3,2
campaign75-fixed-daily,52001005,11-20,7,3
campaign75-fixed-daily,52001005,21-35,1,1
campaign75-fixed-daily,52001005,36-50,0,0
campaign75-geometric-daily,52001005,1-5,5,5
campaign75-geometric-daily,52001005,6-10,3,2
campaign75-geometric-daily,52001005,11-20,7,3
campaign75-geometric-daily,52001005,21-35,1,1
campaign75-geometric-daily,52001005,36-50,0,0
telescoping-fixed,52001006,1-5,5,4
telescoping-fixed,52001006,6-10,5,5
telescoping-fixed,52001006,11-20,5,4
telescoping-fixed,52001006,21-35,1,0
telescoping-fixed,52001006,36-50,0,0
campaign75-fixed-daily,52001006,1-5,5,4
campaign75-fixed-daily,52001006,6-10,5,5
campaign75-fixed-daily,52001006,11-20,5,5
campaign75-fixed-daily,52001006,21-35,1,0
campaign75-fixed-daily,52001006,36-50,0,0
campaign75-geometric-daily,52001006,1-5,5,4
campaign75-geometric-daily,52001006,6-10,5,5
campaign75-geometric-daily,52001006,11-20,5,5
campaign75-geometric-daily,52001006,21-35,1,0
campaign75-geometric-daily,52001006,36-50,0,0
telescoping-fixed,52001007,1-5,5,5
telescoping-fixed,52001007,6-10,5,5
telescoping-fixed,52001007,11-20,6,4
telescoping-fixed,52001007,21-35,0,0
telescoping-fixed,52001007,36-50,0,0
campaign75-fixed-daily,52001007,1-5,5,5
campaign75-fixed-daily,52001007,6-10,5,5
campaign75-fixed-daily,52001007,11-20,6,5
campaign75-fixed-daily,52001007,21-35,0,0
campaign75-fixed-daily,52001007,36-50,0,0
campaign75-geometric-daily,52001007,1-5,5,5
campaign75-geometric-daily,52001007,6-10,5,5
campaign75-geometric-daily,52001007,11-20,6,6
campaign75-geometric-daily,52001007,21-35,0,0
campaign75-geometric-daily,52001007,36-50,0,0
telescoping-fixed,52001008,1-5,5,4
telescoping-fixed,52001008,6-10,5,2
telescoping-fixed,52001008,11-20,5,1
telescoping-fixed,52001008,21-35,0,0
telescoping-fixed,52001008,36-50,1,0
campaign75-fixed-daily,52001008,1-5,5,4
campaign75-fixed-daily,52001008,6-10,5,2
campaign75-fixed-daily,52001008,11-20,5,2
campaign75-fixed-daily,52001008,21-35,0,0
campaign75-fixed-daily,52001008,36-50,1,0
campaign75-geometric-daily,52001008,1-5,5,4
campaign75-geometric-daily,52001008,6-10,5,2
campaign75-geometric-daily,52001008,11-20,5,4
campaign75-geometric-daily,52001008,21-35,0,0
campaign75-geometric-daily,52001008,36-50,1,0
telescoping-fixed,52001009,1-5,5,5
telescoping-fixed,52001009,6-10,5,2
telescoping-fixed,52001009,11-20,6,2
telescoping-fixed,52001009,21-35,0,0
telescoping-fixed,52001009,36-50,0,0
campaign75-fixed-daily,52001009,1-5,5,4
campaign75-fixed-daily,52001009,6-10,5,2
campaign75-fixed-daily,52001009,11-20,6,4
campaign75-fixed-daily,52001009,21-35,0,0
campaign75-fixed-daily,52001009,36-50,0,0
campaign75-geometric-daily,52001009,1-5,5,4
campaign75-geometric-daily,52001009,6-10,5,2
campaign75-geometric-daily,52001009,11-20,6,4
campaign75-geometric-daily,52001009,21-35,0,0
campaign75-geometric-daily,52001009,36-50,0,0
telescoping-fixed,52001010,1-5,5,4
telescoping-fixed,52001010,6-10,4,1
telescoping-fixed,52001010,11-20,6,0
telescoping-fixed,52001010,21-35,0,0
telescoping-fixed,52001010,36-50,1,0
campaign75-fixed-daily,52001010,1-5,5,4
campaign75-fixed-daily,52001010,6-10,4,1
campaign75-fixed-daily,52001010,11-20,6,0
campaign75-fixed-daily,52001010,21-35,0,0
campaign75-fixed-daily,52001010,36-50,1,0
campaign75-geometric-daily,52001010,1-5,5,4
campaign75-geometric-daily,52001010,6-10,4,2
campaign75-geometric-daily,52001010,11-20,6,2
campaign75-geometric-daily,52001010,21-35,0,0
campaign75-geometric-daily,52001010,36-50,1,0
telescoping-fixed,52001011,1-5,5,5
telescoping-fixed,52001011,6-10,5,3
telescoping-fixed,52001011,11-20,4,3
telescoping-fixed,52001011,21-35,2,0
telescoping-fixed,52001011,36-50,0,0
campaign75-fixed-daily,52001011,1-5,5,5
campaign75-fixed-daily,52001011,6-10,5,3
campaign75-fixed-daily,52001011,11-20,4,4
campaign75-fixed-daily,52001011,21-35,2,2
campaign75-fixed-daily,52001011,36-50,0,0
campaign75-geometric-daily,52001011,1-5,5,5
campaign75-geometric-daily,52001011,6-10,5,3
campaign75-geometric-daily,52001011,11-20,4,4
campaign75-geometric-daily,52001011,21-35,2,2
campaign75-geometric-daily,52001011,36-50,0,0
telescoping-fixed,52001012,1-5,5,4
telescoping-fixed,52001012,6-10,5,3
telescoping-fixed,52001012,11-20,6,3
telescoping-fixed,52001012,21-35,0,0
telescoping-fixed,52001012,36-50,0,0
campaign75-fixed-daily,52001012,1-5,5,3
campaign75-fixed-daily,52001012,6-10,5,3
campaign75-fixed-daily,52001012,11-20,6,5
campaign75-fixed-daily,52001012,21-35,0,0
campaign75-fixed-daily,52001012,36-50,0,0
campaign75-geometric-daily,52001012,1-5,5,3
campaign75-geometric-daily,52001012,6-10,5,3
campaign75-geometric-daily,52001012,11-20,6,5
campaign75-geometric-daily,52001012,21-35,0,0
campaign75-geometric-daily,52001012,36-50,0,0
telescoping-fixed,52001013,1-5,5,5
telescoping-fixed,52001013,6-10,4,4
telescoping-fixed,52001013,11-20,5,4
telescoping-fixed,52001013,21-35,2,0
telescoping-fixed,52001013,36-50,0,0
campaign75-fixed-daily,52001013,1-5,5,5
campaign75-fixed-daily,52001013,6-10,4,4
campaign75-fixed-daily,52001013,11-20,5,5
campaign75-fixed-daily,52001013,21-35,2,0
campaign75-fixed-daily,52001013,36-50,0,0
campaign75-geometric-daily,52001013,1-5,5,5
campaign75-geometric-daily,52001013,6-10,4,4
campaign75-geometric-daily,52001013,11-20,5,5
campaign75-geometric-daily,52001013,21-35,2,0
campaign75-geometric-daily,52001013,36-50,0,0
telescoping-fixed,52001014,1-5,5,4
telescoping-fixed,52001014,6-10,5,5
telescoping-fixed,52001014,11-20,6,2
telescoping-fixed,52001014,21-35,0,0
telescoping-fixed,52001014,36-50,0,0
campaign75-fixed-daily,52001014,1-5,5,4
campaign75-fixed-daily,52001014,6-10,5,5
campaign75-fixed-daily,52001014,11-20,6,4
campaign75-fixed-daily,52001014,21-35,0,0
campaign75-fixed-daily,52001014,36-50,0,0
campaign75-geometric-daily,52001014,1-5,5,4
campaign75-geometric-daily,52001014,6-10,5,5
campaign75-geometric-daily,52001014,11-20,6,4
campaign75-geometric-daily,52001014,21-35,0,0
campaign75-geometric-daily,52001014,36-50,0,0
telescoping-fixed,52001015,1-5,5,5
telescoping-fixed,52001015,6-10,5,5
telescoping-fixed,52001015,11-20,6,4
telescoping-fixed,52001015,21-35,0,0
telescoping-fixed,52001015,36-50,0,0
campaign75-fixed-daily,52001015,1-5,5,5
campaign75-fixed-daily,52001015,6-10,5,5
campaign75-fixed-daily,52001015,11-20,6,6
campaign75-fixed-daily,52001015,21-35,0,0
campaign75-fixed-daily,52001015,36-50,0,0
campaign75-geometric-daily,52001015,1-5,5,5
campaign75-geometric-daily,52001015,6-10,5,5
campaign75-geometric-daily,52001015,11-20,6,6
campaign75-geometric-daily,52001015,21-35,0,0
campaign75-geometric-daily,52001015,36-50,0,0
telescoping-fixed,52001016,1-5,5,4
telescoping-fixed,52001016,6-10,5,4
telescoping-fixed,52001016,11-20,5,2
telescoping-fixed,52001016,21-35,1,0
telescoping-fixed,52001016,36-50,0,0
campaign75-fixed-daily,52001016,1-5,5,4
campaign75-fixed-daily,52001016,6-10,5,5
campaign75-fixed-daily,52001016,11-20,5,3
campaign75-fixed-daily,52001016,21-35,1,0
campaign75-fixed-daily,52001016,36-50,0,0
campaign75-geometric-daily,52001016,1-5,5,4
campaign75-geometric-daily,52001016,6-10,5,5
campaign75-geometric-daily,52001016,11-20,5,4
campaign75-geometric-daily,52001016,21-35,1,0
campaign75-geometric-daily,52001016,36-50,0,0
telescoping-fixed,52001017,1-5,5,4
telescoping-fixed,52001017,6-10,5,4
telescoping-fixed,52001017,11-20,5,0
telescoping-fixed,52001017,21-35,1,0
telescoping-fixed,52001017,36-50,0,0
campaign75-fixed-daily,52001017,1-5,5,4
campaign75-fixed-daily,52001017,6-10,5,4
campaign75-fixed-daily,52001017,11-20,5,0
campaign75-fixed-daily,52001017,21-35,1,0
campaign75-fixed-daily,52001017,36-50,0,0
campaign75-geometric-daily,52001017,1-5,5,4
campaign75-geometric-daily,52001017,6-10,5,4
campaign75-geometric-daily,52001017,11-20,5,1
campaign75-geometric-daily,52001017,21-35,1,0
campaign75-geometric-daily,52001017,36-50,0,0
telescoping-fixed,52001018,1-5,5,5
telescoping-fixed,52001018,6-10,5,2
telescoping-fixed,52001018,11-20,5,3
telescoping-fixed,52001018,21-35,1,0
telescoping-fixed,52001018,36-50,0,0
campaign75-fixed-daily,52001018,1-5,5,5
campaign75-fixed-daily,52001018,6-10,5,3
campaign75-fixed-daily,52001018,11-20,5,3
campaign75-fixed-daily,52001018,21-35,1,0
campaign75-fixed-daily,52001018,36-50,0,0
campaign75-geometric-daily,52001018,1-5,5,5
campaign75-geometric-daily,52001018,6-10,5,3
campaign75-geometric-daily,52001018,11-20,5,3
campaign75-geometric-daily,52001018,21-35,1,0
campaign75-geometric-daily,52001018,36-50,0,0
telescoping-fixed,52001019,1-5,5,4
telescoping-fixed,52001019,6-10,5,4
telescoping-fixed,52001019,11-20,6,1
telescoping-fixed,52001019,21-35,0,0
telescoping-fixed,52001019,36-50,0,0
campaign75-fixed-daily,52001019,1-5,5,4
campaign75-fixed-daily,52001019,6-10,5,4
campaign75-fixed-daily,52001019,11-20,6,1
campaign75-fixed-daily,52001019,21-35,0,0
campaign75-fixed-daily,52001019,36-50,0,0
campaign75-geometric-daily,52001019,1-5,5,4
campaign75-geometric-daily,52001019,6-10,5,4
campaign75-geometric-daily,52001019,11-20,6,5
campaign75-geometric-daily,52001019,21-35,0,0
campaign75-geometric-daily,52001019,36-50,0,0
telescoping-fixed,52001020,1-5,5,5
telescoping-fixed,52001020,6-10,5,5
telescoping-fixed,52001020,11-20,6,4
telescoping-fixed,52001020,21-35,0,0
telescoping-fixed,52001020,36-50,0,0
campaign75-fixed-daily,52001020,1-5,5,5
campaign75-fixed-daily,52001020,6-10,5,5
campaign75-fixed-daily,52001020,11-20,6,5
campaign75-fixed-daily,52001020,21-35,0,0
campaign75-fixed-daily,52001020,36-50,0,0
campaign75-geometric-daily,52001020,1-5,5,5
campaign75-geometric-daily,52001020,6-10,5,5
campaign75-geometric-daily,52001020,11-20,6,5
campaign75-geometric-daily,52001020,21-35,0,0
campaign75-geometric-daily,52001020,36-50,0,0
telescoping-fixed,52001021,1-5,5,0
telescoping-fixed,52001021,6-10,5,0
telescoping-fixed,52001021,11-20,5,0
telescoping-fixed,52001021,21-35,1,0
telescoping-fixed,52001021,36-50,0,0
campaign75-fixed-daily,52001021,1-5,5,0
campaign75-fixed-daily,52001021,6-10,5,0
campaign75-fixed-daily,52001021,11-20,5,0
campaign75-fixed-daily,52001021,21-35,1,0
campaign75-fixed-daily,52001021,36-50,0,0
campaign75-geometric-daily,52001021,1-5,5,0
campaign75-geometric-daily,52001021,6-10,5,0
campaign75-geometric-daily,52001021,11-20,5,0
campaign75-geometric-daily,52001021,21-35,1,0
campaign75-geometric-daily,52001021,36-50,0,0
telescoping-fixed,52001022,1-5,5,3
telescoping-fixed,52001022,6-10,5,5
telescoping-fixed,52001022,11-20,5,2
telescoping-fixed,52001022,21-35,1,0
telescoping-fixed,52001022,36-50,0,0
campaign75-fixed-daily,52001022,1-5,5,3
campaign75-fixed-daily,52001022,6-10,5,5
campaign75-fixed-daily,52001022,11-20,5,3
campaign75-fixed-daily,52001022,21-35,1,0
campaign75-fixed-daily,52001022,36-50,0,0
campaign75-geometric-daily,52001022,1-5,5,3
campaign75-geometric-daily,52001022,6-10,5,5
campaign75-geometric-daily,52001022,11-20,5,3
campaign75-geometric-daily,52001022,21-35,1,0
campaign75-geometric-daily,52001022,36-50,0,0
telescoping-fixed,52001023,1-5,5,5
telescoping-fixed,52001023,6-10,5,3
telescoping-fixed,52001023,11-20,5,2
telescoping-fixed,52001023,21-35,1,0
telescoping-fixed,52001023,36-50,0,0
campaign75-fixed-daily,52001023,1-5,5,4
campaign75-fixed-daily,52001023,6-10,5,3
campaign75-fixed-daily,52001023,11-20,5,2
campaign75-fixed-daily,52001023,21-35,1,0
campaign75-fixed-daily,52001023,36-50,0,0
campaign75-geometric-daily,52001023,1-5,5,4
campaign75-geometric-daily,52001023,6-10,5,2
campaign75-geometric-daily,52001023,11-20,5,2
campaign75-geometric-daily,52001023,21-35,1,0
campaign75-geometric-daily,52001023,36-50,0,0
telescoping-fixed,52001024,1-5,5,5
telescoping-fixed,52001024,6-10,5,2
telescoping-fixed,52001024,11-20,5,2
telescoping-fixed,52001024,21-35,1,0
telescoping-fixed,52001024,36-50,0,0
campaign75-fixed-daily,52001024,1-5,5,5
campaign75-fixed-daily,52001024,6-10,5,3
campaign75-fixed-daily,52001024,11-20,5,2
campaign75-fixed-daily,52001024,21-35,1,0
campaign75-fixed-daily,52001024,36-50,0,0
campaign75-geometric-daily,52001024,1-5,5,5
campaign75-geometric-daily,52001024,6-10,5,3
campaign75-geometric-daily,52001024,11-20,5,2
campaign75-geometric-daily,52001024,21-35,1,0
campaign75-geometric-daily,52001024,36-50,0,0
telescoping-fixed,52001025,1-5,5,5
telescoping-fixed,52001025,6-10,5,1
telescoping-fixed,52001025,11-20,6,0
telescoping-fixed,52001025,21-35,0,0
telescoping-fixed,52001025,36-50,0,0
campaign75-fixed-daily,52001025,1-5,5,5
campaign75-fixed-daily,52001025,6-10,5,1
campaign75-fixed-daily,52001025,11-20,6,0
campaign75-fixed-daily,52001025,21-35,0,0
campaign75-fixed-daily,52001025,36-50,0,0
campaign75-geometric-daily,52001025,1-5,5,5
campaign75-geometric-daily,52001025,6-10,5,1
campaign75-geometric-daily,52001025,11-20,6,0
campaign75-geometric-daily,52001025,21-35,0,0
campaign75-geometric-daily,52001025,36-50,0,0
telescoping-fixed,52001026,1-5,5,5
telescoping-fixed,52001026,6-10,5,5
telescoping-fixed,52001026,11-20,6,6
telescoping-fixed,52001026,21-35,0,0
telescoping-fixed,52001026,36-50,0,0
campaign75-fixed-daily,52001026,1-5,5,5
campaign75-fixed-daily,52001026,6-10,5,5
campaign75-fixed-daily,52001026,11-20,6,6
campaign75-fixed-daily,52001026,21-35,0,0
campaign75-fixed-daily,52001026,36-50,0,0
campaign75-geometric-daily,52001026,1-5,5,5
campaign75-geometric-daily,52001026,6-10,5,5
campaign75-geometric-daily,52001026,11-20,6,6
campaign75-geometric-daily,52001026,21-35,0,0
campaign75-geometric-daily,52001026,36-50,0,0
telescoping-fixed,52001027,1-5,5,2
telescoping-fixed,52001027,6-10,5,0
telescoping-fixed,52001027,11-20,3,0
telescoping-fixed,52001027,21-35,3,0
telescoping-fixed,52001027,36-50,0,0
campaign75-fixed-daily,52001027,1-5,5,2
campaign75-fixed-daily,52001027,6-10,5,0
campaign75-fixed-daily,52001027,11-20,3,0
campaign75-fixed-daily,52001027,21-35,3,0
campaign75-fixed-daily,52001027,36-50,0,0
campaign75-geometric-daily,52001027,1-5,5,2
campaign75-geometric-daily,52001027,6-10,5,0
campaign75-geometric-daily,52001027,11-20,3,0
campaign75-geometric-daily,52001027,21-35,3,0
campaign75-geometric-daily,52001027,36-50,0,0
telescoping-fixed,52001028,1-5,5,5
telescoping-fixed,52001028,6-10,4,3
telescoping-fixed,52001028,11-20,6,6
telescoping-fixed,52001028,21-35,1,1
telescoping-fixed,52001028,36-50,0,0
campaign75-fixed-daily,52001028,1-5,5,5
campaign75-fixed-daily,52001028,6-10,4,4
campaign75-fixed-daily,52001028,11-20,6,6
campaign75-fixed-daily,52001028,21-35,1,1
campaign75-fixed-daily,52001028,36-50,0,0
campaign75-geometric-daily,52001028,1-5,5,5
campaign75-geometric-daily,52001028,6-10,4,4
campaign75-geometric-daily,52001028,11-20,6,6
campaign75-geometric-daily,52001028,21-35,1,1
campaign75-geometric-daily,52001028,36-50,0,0
telescoping-fixed,52001029,1-5,5,5
telescoping-fixed,52001029,6-10,5,4
telescoping-fixed,52001029,11-20,6,4
telescoping-fixed,52001029,21-35,0,0
telescoping-fixed,52001029,36-50,0,0
campaign75-fixed-daily,52001029,1-5,5,5
campaign75-fixed-daily,52001029,6-10,5,4
campaign75-fixed-daily,52001029,11-20,6,6
campaign75-fixed-daily,52001029,21-35,0,0
campaign75-fixed-daily,52001029,36-50,0,0
campaign75-geometric-daily,52001029,1-5,5,5
campaign75-geometric-daily,52001029,6-10,5,4
campaign75-geometric-daily,52001029,11-20,6,6
campaign75-geometric-daily,52001029,21-35,0,0
campaign75-geometric-daily,52001029,36-50,0,0
telescoping-fixed,52001030,1-5,5,5
telescoping-fixed,52001030,6-10,5,5
telescoping-fixed,52001030,11-20,4,4
telescoping-fixed,52001030,21-35,2,0
telescoping-fixed,52001030,36-50,0,0
campaign75-fixed-daily,52001030,1-5,5,5
campaign75-fixed-daily,52001030,6-10,5,5
campaign75-fixed-daily,52001030,11-20,4,4
campaign75-fixed-daily,52001030,21-35,2,0
campaign75-fixed-daily,52001030,36-50,0,0
campaign75-geometric-daily,52001030,1-5,5,5
campaign75-geometric-daily,52001030,6-10,5,5
campaign75-geometric-daily,52001030,11-20,4,4
campaign75-geometric-daily,52001030,21-35,2,1
campaign75-geometric-daily,52001030,36-50,0,0
telescoping-fixed,52001031,1-5,5,5
telescoping-fixed,52001031,6-10,5,3
telescoping-fixed,52001031,11-20,6,3
telescoping-fixed,52001031,21-35,0,0
telescoping-fixed,52001031,36-50,0,0
campaign75-fixed-daily,52001031,1-5,5,4
campaign75-fixed-daily,52001031,6-10,5,4
campaign75-fixed-daily,52001031,11-20,6,5
campaign75-fixed-daily,52001031,21-35,0,0
campaign75-fixed-daily,52001031,36-50,0,0
campaign75-geometric-daily,52001031,1-5,5,4
campaign75-geometric-daily,52001031,6-10,5,4
campaign75-geometric-daily,52001031,11-20,6,5
campaign75-geometric-daily,52001031,21-35,0,0
campaign75-geometric-daily,52001031,36-50,0,0
telescoping-fixed,52001032,1-5,5,5
telescoping-fixed,52001032,6-10,4,3
telescoping-fixed,52001032,11-20,7,1
telescoping-fixed,52001032,21-35,0,0
telescoping-fixed,52001032,36-50,0,0
campaign75-fixed-daily,52001032,1-5,5,5
campaign75-fixed-daily,52001032,6-10,4,4
campaign75-fixed-daily,52001032,11-20,7,3
campaign75-fixed-daily,52001032,21-35,0,0
campaign75-fixed-daily,52001032,36-50,0,0
campaign75-geometric-daily,52001032,1-5,5,5
campaign75-geometric-daily,52001032,6-10,4,4
campaign75-geometric-daily,52001032,11-20,7,5
campaign75-geometric-daily,52001032,21-35,0,0
campaign75-geometric-daily,52001032,36-50,0,0
telescoping-fixed,52001033,1-5,5,5
telescoping-fixed,52001033,6-10,5,5
telescoping-fixed,52001033,11-20,5,3
telescoping-fixed,52001033,21-35,1,1
telescoping-fixed,52001033,36-50,0,0
campaign75-fixed-daily,52001033,1-5,5,5
campaign75-fixed-daily,52001033,6-10,5,5
campaign75-fixed-daily,52001033,11-20,5,4
campaign75-fixed-daily,52001033,21-35,1,1
campaign75-fixed-daily,52001033,36-50,0,0
campaign75-geometric-daily,52001033,1-5,5,5
campaign75-geometric-daily,52001033,6-10,5,5
campaign75-geometric-daily,52001033,11-20,5,4
campaign75-geometric-daily,52001033,21-35,1,1
campaign75-geometric-daily,52001033,36-50,0,0
telescoping-fixed,52001034,1-5,4,4
telescoping-fixed,52001034,6-10,5,5
telescoping-fixed,52001034,11-20,5,3
telescoping-fixed,52001034,21-35,2,0
telescoping-fixed,52001034,36-50,0,0
campaign75-fixed-daily,52001034,1-5,4,4
campaign75-fixed-daily,52001034,6-10,5,5
campaign75-fixed-daily,52001034,11-20,5,3
campaign75-fixed-daily,52001034,21-35,2,2
campaign75-fixed-daily,52001034,36-50,0,0
campaign75-geometric-daily,52001034,1-5,4,4
campaign75-geometric-daily,52001034,6-10,5,5
campaign75-geometric-daily,52001034,11-20,5,5
campaign75-geometric-daily,52001034,21-35,2,2
campaign75-geometric-daily,52001034,36-50,0,0
telescoping-fixed,52001035,1-5,5,0
telescoping-fixed,52001035,6-10,5,0
telescoping-fixed,52001035,11-20,6,0
telescoping-fixed,52001035,21-35,0,0
telescoping-fixed,52001035,36-50,0,0
campaign75-fixed-daily,52001035,1-5,5,0
campaign75-fixed-daily,52001035,6-10,5,0
campaign75-fixed-daily,52001035,11-20,6,0
campaign75-fixed-daily,52001035,21-35,0,0
campaign75-fixed-daily,52001035,36-50,0,0
campaign75-geometric-daily,52001035,1-5,5,0
campaign75-geometric-daily,52001035,6-10,5,0
campaign75-geometric-daily,52001035,11-20,6,0
campaign75-geometric-daily,52001035,21-35,0,0
campaign75-geometric-daily,52001035,36-50,0,0
telescoping-fixed,52001036,1-5,5,4
telescoping-fixed,52001036,6-10,5,3
telescoping-fixed,52001036,11-20,6,2
telescoping-fixed,52001036,21-35,0,0
telescoping-fixed,52001036,36-50,0,0
campaign75-fixed-daily,52001036,1-5,5,4
campaign75-fixed-daily,52001036,6-10,5,3
campaign75-fixed-daily,52001036,11-20,6,5
campaign75-fixed-daily,52001036,21-35,0,0
campaign75-fixed-daily,52001036,36-50,0,0
campaign75-geometric-daily,52001036,1-5,5,4
campaign75-geometric-daily,52001036,6-10,5,3
campaign75-geometric-daily,52001036,11-20,6,5
campaign75-geometric-daily,52001036,21-35,0,0
campaign75-geometric-daily,52001036,36-50,0,0
telescoping-fixed,52001037,1-5,5,5
telescoping-fixed,52001037,6-10,5,5
telescoping-fixed,52001037,11-20,6,5
telescoping-fixed,52001037,21-35,0,0
telescoping-fixed,52001037,36-50,0,0
campaign75-fixed-daily,52001037,1-5,5,5
campaign75-fixed-daily,52001037,6-10,5,5
campaign75-fixed-daily,52001037,11-20,6,6
campaign75-fixed-daily,52001037,21-35,0,0
campaign75-fixed-daily,52001037,36-50,0,0
campaign75-geometric-daily,52001037,1-5,5,5
campaign75-geometric-daily,52001037,6-10,5,5
campaign75-geometric-daily,52001037,11-20,6,6
campaign75-geometric-daily,52001037,21-35,0,0
campaign75-geometric-daily,52001037,36-50,0,0
telescoping-fixed,52001038,1-5,5,4
telescoping-fixed,52001038,6-10,5,0
telescoping-fixed,52001038,11-20,5,2
telescoping-fixed,52001038,21-35,1,0
telescoping-fixed,52001038,36-50,0,0
campaign75-fixed-daily,52001038,1-5,5,4
campaign75-fixed-daily,52001038,6-10,5,2
campaign75-fixed-daily,52001038,11-20,5,4
campaign75-fixed-daily,52001038,21-35,1,0
campaign75-fixed-daily,52001038,36-50,0,0
campaign75-geometric-daily,52001038,1-5,5,4
campaign75-geometric-daily,52001038,6-10,5,2
campaign75-geometric-daily,52001038,11-20,5,4
campaign75-geometric-daily,52001038,21-35,1,0
campaign75-geometric-daily,52001038,36-50,0,0
telescoping-fixed,52001039,1-5,5,5
telescoping-fixed,52001039,6-10,4,4
telescoping-fixed,52001039,11-20,7,5
telescoping-fixed,52001039,21-35,0,0
telescoping-fixed,52001039,36-50,0,0
campaign75-fixed-daily,52001039,1-5,5,5
campaign75-fixed-daily,52001039,6-10,4,4
campaign75-fixed-daily,52001039,11-20,7,6
campaign75-fixed-daily,52001039,21-35,0,0
campaign75-fixed-daily,52001039,36-50,0,0
campaign75-geometric-daily,52001039,1-5,5,5
campaign75-geometric-daily,52001039,6-10,4,4
campaign75-geometric-daily,52001039,11-20,7,7
campaign75-geometric-daily,52001039,21-35,0,0
campaign75-geometric-daily,52001039,36-50,0,0
telescoping-fixed,52001040,1-5,5,5
telescoping-fixed,52001040,6-10,5,5
telescoping-fixed,52001040,11-20,6,6
telescoping-fixed,52001040,21-35,0,0
telescoping-fixed,52001040,36-50,0,0
campaign75-fixed-daily,52001040,1-5,5,5
campaign75-fixed-daily,52001040,6-10,5,5
campaign75-fixed-daily,52001040,11-20,6,6
campaign75-fixed-daily,52001040,21-35,0,0
campaign75-fixed-daily,52001040,36-50,0,0
campaign75-geometric-daily,52001040,1-5,5,5
campaign75-geometric-daily,52001040,6-10,5,5
campaign75-geometric-daily,52001040,11-20,6,6
campaign75-geometric-daily,52001040,21-35,0,0
campaign75-geometric-daily,52001040,36-50,0,0
telescoping-fixed,52001041,1-5,5,5
telescoping-fixed,52001041,6-10,5,5
telescoping-fixed,52001041,11-20,5,3
telescoping-fixed,52001041,21-35,1,0
telescoping-fixed,52001041,36-50,0,0
campaign75-fixed-daily,52001041,1-5,5,5
campaign75-fixed-daily,52001041,6-10,5,5
campaign75-fixed-daily,52001041,11-20,5,4
campaign75-fixed-daily,52001041,21-35,1,0
campaign75-fixed-daily,52001041,36-50,0,0
campaign75-geometric-daily,52001041,1-5,5,5
campaign75-geometric-daily,52001041,6-10,5,5
campaign75-geometric-daily,52001041,11-20,5,4
campaign75-geometric-daily,52001041,21-35,1,1
campaign75-geometric-daily,52001041,36-50,0,0
telescoping-fixed,52001042,1-5,5,3
telescoping-fixed,52001042,6-10,5,2
telescoping-fixed,52001042,11-20,5,1
telescoping-fixed,52001042,21-35,1,0
telescoping-fixed,52001042,36-50,0,0
campaign75-fixed-daily,52001042,1-5,5,3
campaign75-fixed-daily,52001042,6-10,5,3
campaign75-fixed-daily,52001042,11-20,5,3
campaign75-fixed-daily,52001042,21-35,1,0
campaign75-fixed-daily,52001042,36-50,0,0
campaign75-geometric-daily,52001042,1-5,5,2
campaign75-geometric-daily,52001042,6-10,5,3
campaign75-geometric-daily,52001042,11-20,5,3
campaign75-geometric-daily,52001042,21-35,1,0
campaign75-geometric-daily,52001042,36-50,0,0
telescoping-fixed,52001043,1-5,5,0
telescoping-fixed,52001043,6-10,5,0
telescoping-fixed,52001043,11-20,6,0
telescoping-fixed,52001043,21-35,0,0
telescoping-fixed,52001043,36-50,0,0
campaign75-fixed-daily,52001043,1-5,5,0
campaign75-fixed-daily,52001043,6-10,5,0
campaign75-fixed-daily,52001043,11-20,6,0
campaign75-fixed-daily,52001043,21-35,0,0
campaign75-fixed-daily,52001043,36-50,0,0
campaign75-geometric-daily,52001043,1-5,5,0
campaign75-geometric-daily,52001043,6-10,5,0
campaign75-geometric-daily,52001043,11-20,6,0
campaign75-geometric-daily,52001043,21-35,0,0
campaign75-geometric-daily,52001043,36-50,0,0
telescoping-fixed,52001044,1-5,5,5
telescoping-fixed,52001044,6-10,5,4
telescoping-fixed,52001044,11-20,5,3
telescoping-fixed,52001044,21-35,1,1
telescoping-fixed,52001044,36-50,0,0
campaign75-fixed-daily,52001044,1-5,5,5
campaign75-fixed-daily,52001044,6-10,5,4
campaign75-fixed-daily,52001044,11-20,5,4
campaign75-fixed-daily,52001044,21-35,1,1
campaign75-fixed-daily,52001044,36-50,0,0
campaign75-geometric-daily,52001044,1-5,5,5
campaign75-geometric-daily,52001044,6-10,5,4
campaign75-geometric-daily,52001044,11-20,5,4
campaign75-geometric-daily,52001044,21-35,1,1
campaign75-geometric-daily,52001044,36-50,0,0
telescoping-fixed,52001045,1-5,5,4
telescoping-fixed,52001045,6-10,5,4
telescoping-fixed,52001045,11-20,6,1
telescoping-fixed,52001045,21-35,0,0
telescoping-fixed,52001045,36-50,0,0
campaign75-fixed-daily,52001045,1-5,5,4
campaign75-fixed-daily,52001045,6-10,5,4
campaign75-fixed-daily,52001045,11-20,6,4
campaign75-fixed-daily,52001045,21-35,0,0
campaign75-fixed-daily,52001045,36-50,0,0
campaign75-geometric-daily,52001045,1-5,5,4
campaign75-geometric-daily,52001045,6-10,5,4
campaign75-geometric-daily,52001045,11-20,6,6
campaign75-geometric-daily,52001045,21-35,0,0
campaign75-geometric-daily,52001045,36-50,0,0
telescoping-fixed,52001046,1-5,5,0
telescoping-fixed,52001046,6-10,5,0
telescoping-fixed,52001046,11-20,5,0
telescoping-fixed,52001046,21-35,1,0
telescoping-fixed,52001046,36-50,0,0
campaign75-fixed-daily,52001046,1-5,5,0
campaign75-fixed-daily,52001046,6-10,5,0
campaign75-fixed-daily,52001046,11-20,5,0
campaign75-fixed-daily,52001046,21-35,1,0
campaign75-fixed-daily,52001046,36-50,0,0
campaign75-geometric-daily,52001046,1-5,5,0
campaign75-geometric-daily,52001046,6-10,5,0
campaign75-geometric-daily,52001046,11-20,5,0
campaign75-geometric-daily,52001046,21-35,1,0
campaign75-geometric-daily,52001046,36-50,0,0
telescoping-fixed,52001047,1-5,4,4
telescoping-fixed,52001047,6-10,5,3
telescoping-fixed,52001047,11-20,6,3
telescoping-fixed,52001047,21-35,1,0
telescoping-fixed,52001047,36-50,0,0
campaign75-fixed-daily,52001047,1-5,4,4
campaign75-fixed-daily,52001047,6-10,5,3
campaign75-fixed-daily,52001047,11-20,6,4
campaign75-fixed-daily,52001047,21-35,1,0
campaign75-fixed-daily,52001047,36-50,0,0
campaign75-geometric-daily,52001047,1-5,4,3
campaign75-geometric-daily,52001047,6-10,5,3
campaign75-geometric-daily,52001047,11-20,6,5
campaign75-geometric-daily,52001047,21-35,1,0
campaign75-geometric-daily,52001047,36-50,0,0
telescoping-fixed,52001048,1-5,5,4
telescoping-fixed,52001048,6-10,5,5
telescoping-fixed,52001048,11-20,6,2
telescoping-fixed,52001048,21-35,0,0
telescoping-fixed,52001048,36-50,0,0
campaign75-fixed-daily,52001048,1-5,5,4
campaign75-fixed-daily,52001048,6-10,5,5
campaign75-fixed-daily,52001048,11-20,6,4
campaign75-fixed-daily,52001048,21-35,0,0
campaign75-fixed-daily,52001048,36-50,0,0
campaign75-geometric-daily,52001048,1-5,5,4
campaign75-geometric-daily,52001048,6-10,5,5
campaign75-geometric-daily,52001048,11-20,6,4
campaign75-geometric-daily,52001048,21-35,0,0
campaign75-geometric-daily,52001048,36-50,0,0
telescoping-fixed,52001049,1-5,5,4
telescoping-fixed,52001049,6-10,5,3
telescoping-fixed,52001049,11-20,6,4
telescoping-fixed,52001049,21-35,0,0
telescoping-fixed,52001049,36-50,0,0
campaign75-fixed-daily,52001049,1-5,5,4
campaign75-fixed-daily,52001049,6-10,5,3
campaign75-fixed-daily,52001049,11-20,6,4
campaign75-fixed-daily,52001049,21-35,0,0
campaign75-fixed-daily,52001049,36-50,0,0
campaign75-geometric-daily,52001049,1-5,5,4
campaign75-geometric-daily,52001049,6-10,5,3
campaign75-geometric-daily,52001049,11-20,6,5
campaign75-geometric-daily,52001049,21-35,0,0
campaign75-geometric-daily,52001049,36-50,0,0
telescoping-fixed,52001050,1-5,5,4
telescoping-fixed,52001050,6-10,4,1
telescoping-fixed,52001050,11-20,6,1
telescoping-fixed,52001050,21-35,1,0
telescoping-fixed,52001050,36-50,0,0
campaign75-fixed-daily,52001050,1-5,5,4
campaign75-fixed-daily,52001050,6-10,4,1
campaign75-fixed-daily,52001050,11-20,6,1
campaign75-fixed-daily,52001050,21-35,1,0
campaign75-fixed-daily,52001050,36-50,0,0
campaign75-geometric-daily,52001050,1-5,5,5
campaign75-geometric-daily,52001050,6-10,4,4
campaign75-geometric-daily,52001050,11-20,6,6
campaign75-geometric-daily,52001050,21-35,1,0
campaign75-geometric-daily,52001050,36-50,0,0
telescoping-fixed,52001051,1-5,5,0
telescoping-fixed,52001051,6-10,5,0
telescoping-fixed,52001051,11-20,6,0
telescoping-fixed,52001051,21-35,0,0
telescoping-fixed,52001051,36-50,0,0
campaign75-fixed-daily,52001051,1-5,5,0
campaign75-fixed-daily,52001051,6-10,5,0
campaign75-fixed-daily,52001051,11-20,6,0
campaign75-fixed-daily,52001051,21-35,0,0
campaign75-fixed-daily,52001051,36-50,0,0
campaign75-geometric-daily,52001051,1-5,5,0
campaign75-geometric-daily,52001051,6-10,5,0
campaign75-geometric-daily,52001051,11-20,6,0
campaign75-geometric-daily,52001051,21-35,0,0
campaign75-geometric-daily,52001051,36-50,0,0
telescoping-fixed,52001052,1-5,5,3
telescoping-fixed,52001052,6-10,5,0
telescoping-fixed,52001052,11-20,4,1
telescoping-fixed,52001052,21-35,2,0
telescoping-fixed,52001052,36-50,0,0
campaign75-fixed-daily,52001052,1-5,5,3
campaign75-fixed-daily,52001052,6-10,5,1
campaign75-fixed-daily,52001052,11-20,4,3
campaign75-fixed-daily,52001052,21-35,2,0
campaign75-fixed-daily,52001052,36-50,0,0
campaign75-geometric-daily,52001052,1-5,5,3
campaign75-geometric-daily,52001052,6-10,5,1
campaign75-geometric-daily,52001052,11-20,4,3
campaign75-geometric-daily,52001052,21-35,2,0
campaign75-geometric-daily,52001052,36-50,0,0
telescoping-fixed,52001053,1-5,5,3
telescoping-fixed,52001053,6-10,4,2
telescoping-fixed,52001053,11-20,7,0
telescoping-fixed,52001053,21-35,0,0
telescoping-fixed,52001053,36-50,0,0
campaign75-fixed-daily,52001053,1-5,5,3
campaign75-fixed-daily,52001053,6-10,4,4
campaign75-fixed-daily,52001053,11-20,7,1
campaign75-fixed-daily,52001053,21-35,0,0
campaign75-fixed-daily,52001053,36-50,0,0
campaign75-geometric-daily,52001053,1-5,5,3
campaign75-geometric-daily,52001053,6-10,4,4
campaign75-geometric-daily,52001053,11-20,7,1
campaign75-geometric-daily,52001053,21-35,0,0
campaign75-geometric-daily,52001053,36-50,0,0
telescoping-fixed,52001054,1-5,5,5
telescoping-fixed,52001054,6-10,4,1
telescoping-fixed,52001054,11-20,5,0
telescoping-fixed,52001054,21-35,2,0
telescoping-fixed,52001054,36-50,0,0
campaign75-fixed-daily,52001054,1-5,5,3
campaign75-fixed-daily,52001054,6-10,4,1
campaign75-fixed-daily,52001054,11-20,5,0
campaign75-fixed-daily,52001054,21-35,2,0
campaign75-fixed-daily,52001054,36-50,0,0
campaign75-geometric-daily,52001054,1-5,5,5
campaign75-geometric-daily,52001054,6-10,4,4
campaign75-geometric-daily,52001054,11-20,5,4
campaign75-geometric-daily,52001054,21-35,2,1
campaign75-geometric-daily,52001054,36-50,0,0
telescoping-fixed,52001055,1-5,5,5
telescoping-fixed,52001055,6-10,5,4
telescoping-fixed,52001055,11-20,6,1
telescoping-fixed,52001055,21-35,0,0
telescoping-fixed,52001055,36-50,0,0
campaign75-fixed-daily,52001055,1-5,5,5
campaign75-fixed-daily,52001055,6-10,5,4
campaign75-fixed-daily,52001055,11-20,6,5
campaign75-fixed-daily,52001055,21-35,0,0
campaign75-fixed-daily,52001055,36-50,0,0
campaign75-geometric-daily,52001055,1-5,5,5
campaign75-geometric-daily,52001055,6-10,5,4
campaign75-geometric-daily,52001055,11-20,6,5
campaign75-geometric-daily,52001055,21-35,0,0
campaign75-geometric-daily,52001055,36-50,0,0
telescoping-fixed,52001056,1-5,5,4
telescoping-fixed,52001056,6-10,5,4
telescoping-fixed,52001056,11-20,5,0
telescoping-fixed,52001056,21-35,1,0
telescoping-fixed,52001056,36-50,0,0
campaign75-fixed-daily,52001056,1-5,5,3
campaign75-fixed-daily,52001056,6-10,5,5
campaign75-fixed-daily,52001056,11-20,5,2
campaign75-fixed-daily,52001056,21-35,1,0
campaign75-fixed-daily,52001056,36-50,0,0
campaign75-geometric-daily,52001056,1-5,5,3
campaign75-geometric-daily,52001056,6-10,5,5
campaign75-geometric-daily,52001056,11-20,5,1
campaign75-geometric-daily,52001056,21-35,1,0
campaign75-geometric-daily,52001056,36-50,0,0
telescoping-fixed,52001057,1-5,5,1
telescoping-fixed,52001057,6-10,5,3
telescoping-fixed,52001057,11-20,6,2
telescoping-fixed,52001057,21-35,0,0
telescoping-fixed,52001057,36-50,0,0
campaign75-fixed-daily,52001057,1-5,5,1
campaign75-fixed-daily,52001057,6-10,5,3
campaign75-fixed-daily,52001057,11-20,6,3
campaign75-fixed-daily,52001057,21-35,0,0
campaign75-fixed-daily,52001057,36-50,0,0
campaign75-geometric-daily,52001057,1-5,5,1
campaign75-geometric-daily,52001057,6-10,5,3
campaign75-geometric-daily,52001057,11-20,6,3
campaign75-geometric-daily,52001057,21-35,0,0
campaign75-geometric-daily,52001057,36-50,0,0
telescoping-fixed,52001058,1-5,5,3
telescoping-fixed,52001058,6-10,5,2
telescoping-fixed,52001058,11-20,6,3
telescoping-fixed,52001058,21-35,0,0
telescoping-fixed,52001058,36-50,0,0
campaign75-fixed-daily,52001058,1-5,5,3
campaign75-fixed-daily,52001058,6-10,5,2
campaign75-fixed-daily,52001058,11-20,6,4
campaign75-fixed-daily,52001058,21-35,0,0
campaign75-fixed-daily,52001058,36-50,0,0
campaign75-geometric-daily,52001058,1-5,5,3
campaign75-geometric-daily,52001058,6-10,5,2
campaign75-geometric-daily,52001058,11-20,6,4
campaign75-geometric-daily,52001058,21-35,0,0
campaign75-geometric-daily,52001058,36-50,0,0
telescoping-fixed,52001059,1-5,5,3
telescoping-fixed,52001059,6-10,4,3
telescoping-fixed,52001059,11-20,7,1
telescoping-fixed,52001059,21-35,0,0
telescoping-fixed,52001059,36-50,0,0
campaign75-fixed-daily,52001059,1-5,5,3
campaign75-fixed-daily,52001059,6-10,4,3
campaign75-fixed-daily,52001059,11-20,7,2
campaign75-fixed-daily,52001059,21-35,0,0
campaign75-fixed-daily,52001059,36-50,0,0
campaign75-geometric-daily,52001059,1-5,5,3
campaign75-geometric-daily,52001059,6-10,4,3
campaign75-geometric-daily,52001059,11-20,7,4
campaign75-geometric-daily,52001059,21-35,0,0
campaign75-geometric-daily,52001059,36-50,0,0
telescoping-fixed,52001060,1-5,5,4
telescoping-fixed,52001060,6-10,4,3
telescoping-fixed,52001060,11-20,7,0
telescoping-fixed,52001060,21-35,0,0
telescoping-fixed,52001060,36-50,0,0
campaign75-fixed-daily,52001060,1-5,5,4
campaign75-fixed-daily,52001060,6-10,4,4
campaign75-fixed-daily,52001060,11-20,7,0
campaign75-fixed-daily,52001060,21-35,0,0
campaign75-fixed-daily,52001060,36-50,0,0
campaign75-geometric-daily,52001060,1-5,5,4
campaign75-geometric-daily,52001060,6-10,4,4
campaign75-geometric-daily,52001060,11-20,7,5
campaign75-geometric-daily,52001060,21-35,0,0
campaign75-geometric-daily,52001060,36-50,0,0
telescoping-fixed,52001061,1-5,5,5
telescoping-fixed,52001061,6-10,5,5
telescoping-fixed,52001061,11-20,5,4
telescoping-fixed,52001061,21-35,1,1
telescoping-fixed,52001061,36-50,0,0
campaign75-fixed-daily,52001061,1-5,5,5
campaign75-fixed-daily,52001061,6-10,5,5
campaign75-fixed-daily,52001061,11-20,5,5
campaign75-fixed-daily,52001061,21-35,1,1
campaign75-fixed-daily,52001061,36-50,0,0
campaign75-geometric-daily,52001061,1-5,5,5
campaign75-geometric-daily,52001061,6-10,5,5
campaign75-geometric-daily,52001061,11-20,5,4
campaign75-geometric-daily,52001061,21-35,1,1
campaign75-geometric-daily,52001061,36-50,0,0
telescoping-fixed,52001062,1-5,5,5
telescoping-fixed,52001062,6-10,5,5
telescoping-fixed,52001062,11-20,6,4
telescoping-fixed,52001062,21-35,0,0
telescoping-fixed,52001062,36-50,0,0
campaign75-fixed-daily,52001062,1-5,5,5
campaign75-fixed-daily,52001062,6-10,5,5
campaign75-fixed-daily,52001062,11-20,6,4
campaign75-fixed-daily,52001062,21-35,0,0
campaign75-fixed-daily,52001062,36-50,0,0
campaign75-geometric-daily,52001062,1-5,5,5
campaign75-geometric-daily,52001062,6-10,5,5
campaign75-geometric-daily,52001062,11-20,6,4
campaign75-geometric-daily,52001062,21-35,0,0
campaign75-geometric-daily,52001062,36-50,0,0
telescoping-fixed,52001063,1-5,5,3
telescoping-fixed,52001063,6-10,5,3
telescoping-fixed,52001063,11-20,4,0
telescoping-fixed,52001063,21-35,2,0
telescoping-fixed,52001063,36-50,0,0
campaign75-fixed-daily,52001063,1-5,5,3
campaign75-fixed-daily,52001063,6-10,5,3
campaign75-fixed-daily,52001063,11-20,4,1
campaign75-fixed-daily,52001063,21-35,2,0
campaign75-fixed-daily,52001063,36-50,0,0
campaign75-geometric-daily,52001063,1-5,5,3
campaign75-geometric-daily,52001063,6-10,5,3
campaign75-geometric-daily,52001063,11-20,4,0
campaign75-geometric-daily,52001063,21-35,2,0
campaign75-geometric-daily,52001063,36-50,0,0
telescoping-fixed,52001064,1-5,5,1
telescoping-fixed,52001064,6-10,5,0
telescoping-fixed,52001064,11-20,6,0
telescoping-fixed,52001064,21-35,0,0
telescoping-fixed,52001064,36-50,0,0
campaign75-fixed-daily,52001064,1-5,5,0
campaign75-fixed-daily,52001064,6-10,5,0
campaign75-fixed-daily,52001064,11-20,6,0
campaign75-fixed-daily,52001064,21-35,0,0
campaign75-fixed-daily,52001064,36-50,0,0
campaign75-geometric-daily,52001064,1-5,5,0
campaign75-geometric-daily,52001064,6-10,5,0
campaign75-geometric-daily,52001064,11-20,6,0
campaign75-geometric-daily,52001064,21-35,0,0
campaign75-geometric-daily,52001064,36-50,0,0
telescoping-fixed,52001065,1-5,5,5
telescoping-fixed,52001065,6-10,5,1
telescoping-fixed,52001065,11-20,6,3
telescoping-fixed,52001065,21-35,0,0
telescoping-fixed,52001065,36-50,0,0
campaign75-fixed-daily,52001065,1-5,5,5
campaign75-fixed-daily,52001065,6-10,5,4
campaign75-fixed-daily,52001065,11-20,6,5
campaign75-fixed-daily,52001065,21-35,0,0
campaign75-fixed-daily,52001065,36-50,0,0
campaign75-geometric-daily,52001065,1-5,5,5
campaign75-geometric-daily,52001065,6-10,5,3
campaign75-geometric-daily,52001065,11-20,6,4
campaign75-geometric-daily,52001065,21-35,0,0
campaign75-geometric-daily,52001065,36-50,0,0
telescoping-fixed,52001066,1-5,5,5
telescoping-fixed,52001066,6-10,5,5
telescoping-fixed,52001066,11-20,6,2
telescoping-fixed,52001066,21-35,0,0
telescoping-fixed,52001066,36-50,0,0
campaign75-fixed-daily,52001066,1-5,5,5
campaign75-fixed-daily,52001066,6-10,5,5
campaign75-fixed-daily,52001066,11-20,6,6
campaign75-fixed-daily,52001066,21-35,0,0
campaign75-fixed-daily,52001066,36-50,0,0
campaign75-geometric-daily,52001066,1-5,5,5
campaign75-geometric-daily,52001066,6-10,5,5
campaign75-geometric-daily,52001066,11-20,6,5
campaign75-geometric-daily,52001066,21-35,0,0
campaign75-geometric-daily,52001066,36-50,0,0
telescoping-fixed,52001067,1-5,5,5
telescoping-fixed,52001067,6-10,5,3
telescoping-fixed,52001067,11-20,6,6
telescoping-fixed,52001067,21-35,0,0
telescoping-fixed,52001067,36-50,0,0
campaign75-fixed-daily,52001067,1-5,5,5
campaign75-fixed-daily,52001067,6-10,5,4
campaign75-fixed-daily,52001067,11-20,6,6
campaign75-fixed-daily,52001067,21-35,0,0
campaign75-fixed-daily,52001067,36-50,0,0
campaign75-geometric-daily,52001067,1-5,5,5
campaign75-geometric-daily,52001067,6-10,5,4
campaign75-geometric-daily,52001067,11-20,6,6
campaign75-geometric-daily,52001067,21-35,0,0
campaign75-geometric-daily,52001067,36-50,0,0
telescoping-fixed,52001068,1-5,5,5
telescoping-fixed,52001068,6-10,5,5
telescoping-fixed,52001068,11-20,6,5
telescoping-fixed,52001068,21-35,0,0
telescoping-fixed,52001068,36-50,0,0
campaign75-fixed-daily,52001068,1-5,5,5
campaign75-fixed-daily,52001068,6-10,5,5
campaign75-fixed-daily,52001068,11-20,6,6
campaign75-fixed-daily,52001068,21-35,0,0
campaign75-fixed-daily,52001068,36-50,0,0
campaign75-geometric-daily,52001068,1-5,5,5
campaign75-geometric-daily,52001068,6-10,5,5
campaign75-geometric-daily,52001068,11-20,6,6
campaign75-geometric-daily,52001068,21-35,0,0
campaign75-geometric-daily,52001068,36-50,0,0
telescoping-fixed,52001069,1-5,5,2
telescoping-fixed,52001069,6-10,5,0
telescoping-fixed,52001069,11-20,6,0
telescoping-fixed,52001069,21-35,0,0
telescoping-fixed,52001069,36-50,0,0
campaign75-fixed-daily,52001069,1-5,5,1
campaign75-fixed-daily,52001069,6-10,5,0
campaign75-fixed-daily,52001069,11-20,6,1
campaign75-fixed-daily,52001069,21-35,0,0
campaign75-fixed-daily,52001069,36-50,0,0
campaign75-geometric-daily,52001069,1-5,5,1
campaign75-geometric-daily,52001069,6-10,5,0
campaign75-geometric-daily,52001069,11-20,6,0
campaign75-geometric-daily,52001069,21-35,0,0
campaign75-geometric-daily,52001069,36-50,0,0
telescoping-fixed,52001070,1-5,5,5
telescoping-fixed,52001070,6-10,5,4
telescoping-fixed,52001070,11-20,5,3
telescoping-fixed,52001070,21-35,1,0
telescoping-fixed,52001070,36-50,0,0
campaign75-fixed-daily,52001070,1-5,5,4
campaign75-fixed-daily,52001070,6-10,5,4
campaign75-fixed-daily,52001070,11-20,5,4
campaign75-fixed-daily,52001070,21-35,1,0
campaign75-fixed-daily,52001070,36-50,0,0
campaign75-geometric-daily,52001070,1-5,5,5
campaign75-geometric-daily,52001070,6-10,5,4
campaign75-geometric-daily,52001070,11-20,5,4
campaign75-geometric-daily,52001070,21-35,1,1
campaign75-geometric-daily,52001070,36-50,0,0
telescoping-fixed,52001071,1-5,5,3
telescoping-fixed,52001071,6-10,5,3
telescoping-fixed,52001071,11-20,4,1
telescoping-fixed,52001071,21-35,2,0
telescoping-fixed,52001071,36-50,0,0
campaign75-fixed-daily,52001071,1-5,5,3
campaign75-fixed-daily,52001071,6-10,5,3
campaign75-fixed-daily,52001071,11-20,4,1
campaign75-fixed-daily,52001071,21-35,2,0
campaign75-fixed-daily,52001071,36-50,0,0
campaign75-geometric-daily,52001071,1-5,5,3
campaign75-geometric-daily,52001071,6-10,5,3
campaign75-geometric-daily,52001071,11-20,4,2
campaign75-geometric-daily,52001071,21-35,2,0
campaign75-geometric-daily,52001071,36-50,0,0
telescoping-fixed,52001072,1-5,5,5
telescoping-fixed,52001072,6-10,5,2
telescoping-fixed,52001072,11-20,4,0
telescoping-fixed,52001072,21-35,1,0
telescoping-fixed,52001072,36-50,1,0
campaign75-fixed-daily,52001072,1-5,5,4
campaign75-fixed-daily,52001072,6-10,5,3
campaign75-fixed-daily,52001072,11-20,4,1
campaign75-fixed-daily,52001072,21-35,1,0
campaign75-fixed-daily,52001072,36-50,1,0
campaign75-geometric-daily,52001072,1-5,5,4
campaign75-geometric-daily,52001072,6-10,5,1
campaign75-geometric-daily,52001072,11-20,4,1
campaign75-geometric-daily,52001072,21-35,1,0
campaign75-geometric-daily,52001072,36-50,1,0
telescoping-fixed,52001073,1-5,5,5
telescoping-fixed,52001073,6-10,5,5
telescoping-fixed,52001073,11-20,6,1
telescoping-fixed,52001073,21-35,0,0
telescoping-fixed,52001073,36-50,0,0
campaign75-fixed-daily,52001073,1-5,5,5
campaign75-fixed-daily,52001073,6-10,5,5
campaign75-fixed-daily,52001073,11-20,6,5
campaign75-fixed-daily,52001073,21-35,0,0
campaign75-fixed-daily,52001073,36-50,0,0
campaign75-geometric-daily,52001073,1-5,5,5
campaign75-geometric-daily,52001073,6-10,5,5
campaign75-geometric-daily,52001073,11-20,6,6
campaign75-geometric-daily,52001073,21-35,0,0
campaign75-geometric-daily,52001073,36-50,0,0
telescoping-fixed,52001074,1-5,5,1
telescoping-fixed,52001074,6-10,5,1
telescoping-fixed,52001074,11-20,6,0
telescoping-fixed,52001074,21-35,0,0
telescoping-fixed,52001074,36-50,0,0
campaign75-fixed-daily,52001074,1-5,5,1
campaign75-fixed-daily,52001074,6-10,5,1
campaign75-fixed-daily,52001074,11-20,6,1
campaign75-fixed-daily,52001074,21-35,0,0
campaign75-fixed-daily,52001074,36-50,0,0
campaign75-geometric-daily,52001074,1-5,5,1
campaign75-geometric-daily,52001074,6-10,5,1
campaign75-geometric-daily,52001074,11-20,6,1
campaign75-geometric-daily,52001074,21-35,0,0
campaign75-geometric-daily,52001074,36-50,0,0
telescoping-fixed,52001075,1-5,5,4
telescoping-fixed,52001075,6-10,5,2
telescoping-fixed,52001075,11-20,6,0
telescoping-fixed,52001075,21-35,0,0
telescoping-fixed,52001075,36-50,0,0
campaign75-fixed-daily,52001075,1-5,5,2
campaign75-fixed-daily,52001075,6-10,5,2
campaign75-fixed-daily,52001075,11-20,6,1
campaign75-fixed-daily,52001075,21-35,0,0
campaign75-fixed-daily,52001075,36-50,0,0
campaign75-geometric-daily,52001075,1-5,5,2
campaign75-geometric-daily,52001075,6-10,5,2
campaign75-geometric-daily,52001075,11-20,6,1
campaign75-geometric-daily,52001075,21-35,0,0
campaign75-geometric-daily,52001075,36-50,0,0
telescoping-fixed,52001076,1-5,5,2
telescoping-fixed,52001076,6-10,5,1
telescoping-fixed,52001076,11-20,6,0
telescoping-fixed,52001076,21-35,0,0
telescoping-fixed,52001076,36-50,0,0
campaign75-fixed-daily,52001076,1-5,5,2
campaign75-fixed-daily,52001076,6-10,5,1
campaign75-fixed-daily,52001076,11-20,6,0
campaign75-fixed-daily,52001076,21-35,0,0
campaign75-fixed-daily,52001076,36-50,0,0
campaign75-geometric-daily,52001076,1-5,5,2
campaign75-geometric-daily,52001076,6-10,5,1
campaign75-geometric-daily,52001076,11-20,6,0
campaign75-geometric-daily,52001076,21-35,0,0
campaign75-geometric-daily,52001076,36-50,0,0
telescoping-fixed,52001077,1-5,5,3
telescoping-fixed,52001077,6-10,5,2
telescoping-fixed,52001077,11-20,5,1
telescoping-fixed,52001077,21-35,1,0
telescoping-fixed,52001077,36-50,0,0
campaign75-fixed-daily,52001077,1-5,5,3
campaign75-fixed-daily,52001077,6-10,5,2
campaign75-fixed-daily,52001077,11-20,5,2
campaign75-fixed-daily,52001077,21-35,1,0
campaign75-fixed-daily,52001077,36-50,0,0
campaign75-geometric-daily,52001077,1-5,5,3
campaign75-geometric-daily,52001077,6-10,5,2
campaign75-geometric-daily,52001077,11-20,5,2
campaign75-geometric-daily,52001077,21-35,1,0
campaign75-geometric-daily,52001077,36-50,0,0
telescoping-fixed,52001078,1-5,5,3
telescoping-fixed,52001078,6-10,5,0
telescoping-fixed,52001078,11-20,5,1
telescoping-fixed,52001078,21-35,1,0
telescoping-fixed,52001078,36-50,0,0
campaign75-fixed-daily,52001078,1-5,5,1
campaign75-fixed-daily,52001078,6-10,5,0
campaign75-fixed-daily,52001078,11-20,5,1
campaign75-fixed-daily,52001078,21-35,1,0
campaign75-fixed-daily,52001078,36-50,0,0
campaign75-geometric-daily,52001078,1-5,5,2
campaign75-geometric-daily,52001078,6-10,5,0
campaign75-geometric-daily,52001078,11-20,5,2
campaign75-geometric-daily,52001078,21-35,1,0
campaign75-geometric-daily,52001078,36-50,0,0
telescoping-fixed,52001079,1-5,5,5
telescoping-fixed,52001079,6-10,5,4
telescoping-fixed,52001079,11-20,5,0
telescoping-fixed,52001079,21-35,1,0
telescoping-fixed,52001079,36-50,0,0
campaign75-fixed-daily,52001079,1-5,5,5
campaign75-fixed-daily,52001079,6-10,5,4
campaign75-fixed-daily,52001079,11-20,5,1
campaign75-fixed-daily,52001079,21-35,1,0
campaign75-fixed-daily,52001079,36-50,0,0
campaign75-geometric-daily,52001079,1-5,5,5
campaign75-geometric-daily,52001079,6-10,5,4
campaign75-geometric-daily,52001079,11-20,5,4
campaign75-geometric-daily,52001079,21-35,1,1
campaign75-geometric-daily,52001079,36-50,0,0
telescoping-fixed,52001080,1-5,5,4
telescoping-fixed,52001080,6-10,5,3
telescoping-fixed,52001080,11-20,4,0
telescoping-fixed,52001080,21-35,2,0
telescoping-fixed,52001080,36-50,0,0
campaign75-fixed-daily,52001080,1-5,5,4
campaign75-fixed-daily,52001080,6-10,5,3
campaign75-fixed-daily,52001080,11-20,4,2
campaign75-fixed-daily,52001080,21-35,2,0
campaign75-fixed-daily,52001080,36-50,0,0
campaign75-geometric-daily,52001080,1-5,5,4
campaign75-geometric-daily,52001080,6-10,5,4
campaign75-geometric-daily,52001080,11-20,4,4
campaign75-geometric-daily,52001080,21-35,2,0
campaign75-geometric-daily,52001080,36-50,0,0
telescoping-fixed,52001081,1-5,5,0
telescoping-fixed,52001081,6-10,5,0
telescoping-fixed,52001081,11-20,5,0
telescoping-fixed,52001081,21-35,1,0
telescoping-fixed,52001081,36-50,0,0
campaign75-fixed-daily,52001081,1-5,5,0
campaign75-fixed-daily,52001081,6-10,5,0
campaign75-fixed-daily,52001081,11-20,5,0
campaign75-fixed-daily,52001081,21-35,1,0
campaign75-fixed-daily,52001081,36-50,0,0
campaign75-geometric-daily,52001081,1-5,5,0
campaign75-geometric-daily,52001081,6-10,5,0
campaign75-geometric-daily,52001081,11-20,5,0
campaign75-geometric-daily,52001081,21-35,1,0
campaign75-geometric-daily,52001081,36-50,0,0
telescoping-fixed,52001082,1-5,5,5
telescoping-fixed,52001082,6-10,4,4
telescoping-fixed,52001082,11-20,7,5
telescoping-fixed,52001082,21-35,0,0
telescoping-fixed,52001082,36-50,0,0
campaign75-fixed-daily,52001082,1-5,5,5
campaign75-fixed-daily,52001082,6-10,4,4
campaign75-fixed-daily,52001082,11-20,7,7
campaign75-fixed-daily,52001082,21-35,0,0
campaign75-fixed-daily,52001082,36-50,0,0
campaign75-geometric-daily,52001082,1-5,5,5
campaign75-geometric-daily,52001082,6-10,4,4
campaign75-geometric-daily,52001082,11-20,7,7
campaign75-geometric-daily,52001082,21-35,0,0
campaign75-geometric-daily,52001082,36-50,0,0
telescoping-fixed,52001083,1-5,5,3
telescoping-fixed,52001083,6-10,5,4
telescoping-fixed,52001083,11-20,5,1
telescoping-fixed,52001083,21-35,1,0
telescoping-fixed,52001083,36-50,0,0
campaign75-fixed-daily,52001083,1-5,5,3
campaign75-fixed-daily,52001083,6-10,5,4
campaign75-fixed-daily,52001083,11-20,5,1
campaign75-fixed-daily,52001083,21-35,1,0
campaign75-fixed-daily,52001083,36-50,0,0
campaign75-geometric-daily,52001083,1-5,5,3
campaign75-geometric-daily,52001083,6-10,5,4
campaign75-geometric-daily,52001083,11-20,5,2
campaign75-geometric-daily,52001083,21-35,1,1
campaign75-geometric-daily,52001083,36-50,0,0
telescoping-fixed,52001084,1-5,5,5
telescoping-fixed,52001084,6-10,5,4
telescoping-fixed,52001084,11-20,6,0
telescoping-fixed,52001084,21-35,0,0
telescoping-fixed,52001084,36-50,0,0
campaign75-fixed-daily,52001084,1-5,5,5
campaign75-fixed-daily,52001084,6-10,5,4
campaign75-fixed-daily,52001084,11-20,6,0
campaign75-fixed-daily,52001084,21-35,0,0
campaign75-fixed-daily,52001084,36-50,0,0
campaign75-geometric-daily,52001084,1-5,5,4
campaign75-geometric-daily,52001084,6-10,5,4
campaign75-geometric-daily,52001084,11-20,6,2
campaign75-geometric-daily,52001084,21-35,0,0
campaign75-geometric-daily,52001084,36-50,0,0
telescoping-fixed,52001085,1-5,5,3
telescoping-fixed,52001085,6-10,5,2
telescoping-fixed,52001085,11-20,4,2
telescoping-fixed,52001085,21-35,2,0
telescoping-fixed,52001085,36-50,0,0
campaign75-fixed-daily,52001085,1-5,5,3
campaign75-fixed-daily,52001085,6-10,5,3
campaign75-fixed-daily,52001085,11-20,4,4
campaign75-fixed-daily,52001085,21-35,2,0
campaign75-fixed-daily,52001085,36-50,0,0
campaign75-geometric-daily,52001085,1-5,5,3
campaign75-geometric-daily,52001085,6-10,5,3
campaign75-geometric-daily,52001085,11-20,4,4
campaign75-geometric-daily,52001085,21-35,2,1
campaign75-geometric-daily,52001085,36-50,0,0
telescoping-fixed,52001086,1-5,5,4
telescoping-fixed,52001086,6-10,4,4
telescoping-fixed,52001086,11-20,6,6
telescoping-fixed,52001086,21-35,1,0
telescoping-fixed,52001086,36-50,0,0
campaign75-fixed-daily,52001086,1-5,5,4
campaign75-fixed-daily,52001086,6-10,4,4
campaign75-fixed-daily,52001086,11-20,6,6
campaign75-fixed-daily,52001086,21-35,1,0
campaign75-fixed-daily,52001086,36-50,0,0
campaign75-geometric-daily,52001086,1-5,5,4
campaign75-geometric-daily,52001086,6-10,4,4
campaign75-geometric-daily,52001086,11-20,6,6
campaign75-geometric-daily,52001086,21-35,1,1
campaign75-geometric-daily,52001086,36-50,0,0
telescoping-fixed,52001087,1-5,5,3
telescoping-fixed,52001087,6-10,5,0
telescoping-fixed,52001087,11-20,5,0
telescoping-fixed,52001087,21-35,1,0
telescoping-fixed,52001087,36-50,0,0
campaign75-fixed-daily,52001087,1-5,5,3
campaign75-fixed-daily,52001087,6-10,5,2
campaign75-fixed-daily,52001087,11-20,5,1
campaign75-fixed-daily,52001087,21-35,1,0
campaign75-fixed-daily,52001087,36-50,0,0
campaign75-geometric-daily,52001087,1-5,5,3
campaign75-geometric-daily,52001087,6-10,5,1
campaign75-geometric-daily,52001087,11-20,5,1
campaign75-geometric-daily,52001087,21-35,1,0
campaign75-geometric-daily,52001087,36-50,0,0
telescoping-fixed,52001088,1-5,5,0
telescoping-fixed,52001088,6-10,5,0
telescoping-fixed,52001088,11-20,5,0
telescoping-fixed,52001088,21-35,1,0
telescoping-fixed,52001088,36-50,0,0
campaign75-fixed-daily,52001088,1-5,5,0
campaign75-fixed-daily,52001088,6-10,5,0
campaign75-fixed-daily,52001088,11-20,5,0
campaign75-fixed-daily,52001088,21-35,1,0
campaign75-fixed-daily,52001088,36-50,0,0
campaign75-geometric-daily,52001088,1-5,5,0
campaign75-geometric-daily,52001088,6-10,5,0
campaign75-geometric-daily,52001088,11-20,5,1
campaign75-geometric-daily,52001088,21-35,1,0
campaign75-geometric-daily,52001088,36-50,0,0
telescoping-fixed,52001089,1-5,5,5
telescoping-fixed,52001089,6-10,4,2
telescoping-fixed,52001089,11-20,7,1
telescoping-fixed,52001089,21-35,0,0
telescoping-fixed,52001089,36-50,0,0
campaign75-fixed-daily,52001089,1-5,5,2
campaign75-fixed-daily,52001089,6-10,4,1
campaign75-fixed-daily,52001089,11-20,7,1
campaign75-fixed-daily,52001089,21-35,0,0
campaign75-fixed-daily,52001089,36-50,0,0
campaign75-geometric-daily,52001089,1-5,5,2
campaign75-geometric-daily,52001089,6-10,4,1
campaign75-geometric-daily,52001089,11-20,7,1
campaign75-geometric-daily,52001089,21-35,0,0
campaign75-geometric-daily,52001089,36-50,0,0
telescoping-fixed,52001090,1-5,5,5
telescoping-fixed,52001090,6-10,4,4
telescoping-fixed,52001090,11-20,6,3
telescoping-fixed,52001090,21-35,1,0
telescoping-fixed,52001090,36-50,0,0
campaign75-fixed-daily,52001090,1-5,5,5
campaign75-fixed-daily,52001090,6-10,4,4
campaign75-fixed-daily,52001090,11-20,6,6
campaign75-fixed-daily,52001090,21-35,1,1
campaign75-fixed-daily,52001090,36-50,0,0
campaign75-geometric-daily,52001090,1-5,5,5
campaign75-geometric-daily,52001090,6-10,4,4
campaign75-geometric-daily,52001090,11-20,6,6
campaign75-geometric-daily,52001090,21-35,1,1
campaign75-geometric-daily,52001090,36-50,0,0
telescoping-fixed,52001091,1-5,5,5
telescoping-fixed,52001091,6-10,5,5
telescoping-fixed,52001091,11-20,6,3
telescoping-fixed,52001091,21-35,0,0
telescoping-fixed,52001091,36-50,0,0
campaign75-fixed-daily,52001091,1-5,5,5
campaign75-fixed-daily,52001091,6-10,5,5
campaign75-fixed-daily,52001091,11-20,6,4
campaign75-fixed-daily,52001091,21-35,0,0
campaign75-fixed-daily,52001091,36-50,0,0
campaign75-geometric-daily,52001091,1-5,5,5
campaign75-geometric-daily,52001091,6-10,5,5
campaign75-geometric-daily,52001091,11-20,6,6
campaign75-geometric-daily,52001091,21-35,0,0
campaign75-geometric-daily,52001091,36-50,0,0
telescoping-fixed,52001092,1-5,5,5
telescoping-fixed,52001092,6-10,5,5
telescoping-fixed,52001092,11-20,6,5
telescoping-fixed,52001092,21-35,0,0
telescoping-fixed,52001092,36-50,0,0
campaign75-fixed-daily,52001092,1-5,5,5
campaign75-fixed-daily,52001092,6-10,5,5
campaign75-fixed-daily,52001092,11-20,6,6
campaign75-fixed-daily,52001092,21-35,0,0
campaign75-fixed-daily,52001092,36-50,0,0
campaign75-geometric-daily,52001092,1-5,5,5
campaign75-geometric-daily,52001092,6-10,5,5
campaign75-geometric-daily,52001092,11-20,6,6
campaign75-geometric-daily,52001092,21-35,0,0
campaign75-geometric-daily,52001092,36-50,0,0
telescoping-fixed,52001093,1-5,5,5
telescoping-fixed,52001093,6-10,5,5
telescoping-fixed,52001093,11-20,6,3
telescoping-fixed,52001093,21-35,0,0
telescoping-fixed,52001093,36-50,0,0
campaign75-fixed-daily,52001093,1-5,5,5
campaign75-fixed-daily,52001093,6-10,5,5
campaign75-fixed-daily,52001093,11-20,6,3
campaign75-fixed-daily,52001093,21-35,0,0
campaign75-fixed-daily,52001093,36-50,0,0
campaign75-geometric-daily,52001093,1-5,5,5
campaign75-geometric-daily,52001093,6-10,5,5
campaign75-geometric-daily,52001093,11-20,6,3
campaign75-geometric-daily,52001093,21-35,0,0
campaign75-geometric-daily,52001093,36-50,0,0
telescoping-fixed,52001094,1-5,5,5
telescoping-fixed,52001094,6-10,5,5
telescoping-fixed,52001094,11-20,5,5
telescoping-fixed,52001094,21-35,1,0
telescoping-fixed,52001094,36-50,0,0
campaign75-fixed-daily,52001094,1-5,5,5
campaign75-fixed-daily,52001094,6-10,5,5
campaign75-fixed-daily,52001094,11-20,5,5
campaign75-fixed-daily,52001094,21-35,1,0
campaign75-fixed-daily,52001094,36-50,0,0
campaign75-geometric-daily,52001094,1-5,5,5
campaign75-geometric-daily,52001094,6-10,5,5
campaign75-geometric-daily,52001094,11-20,5,5
campaign75-geometric-daily,52001094,21-35,1,0
campaign75-geometric-daily,52001094,36-50,0,0
telescoping-fixed,52001095,1-5,5,5
telescoping-fixed,52001095,6-10,5,1
telescoping-fixed,52001095,11-20,4,0
telescoping-fixed,52001095,21-35,2,0
telescoping-fixed,52001095,36-50,0,0
campaign75-fixed-daily,52001095,1-5,5,5
campaign75-fixed-daily,52001095,6-10,5,1
campaign75-fixed-daily,52001095,11-20,4,0
campaign75-fixed-daily,52001095,21-35,2,0
campaign75-fixed-daily,52001095,36-50,0,0
campaign75-geometric-daily,52001095,1-5,5,5
campaign75-geometric-daily,52001095,6-10,5,5
campaign75-geometric-daily,52001095,11-20,4,2
campaign75-geometric-daily,52001095,21-35,2,2
campaign75-geometric-daily,52001095,36-50,0,0
telescoping-fixed,52001096,1-5,5,4
telescoping-fixed,52001096,6-10,5,3
telescoping-fixed,52001096,11-20,6,0
telescoping-fixed,52001096,21-35,0,0
telescoping-fixed,52001096,36-50,0,0
campaign75-fixed-daily,52001096,1-5,5,3
campaign75-fixed-daily,52001096,6-10,5,3
campaign75-fixed-daily,52001096,11-20,6,0
campaign75-fixed-daily,52001096,21-35,0,0
campaign75-fixed-daily,52001096,36-50,0,0
campaign75-geometric-daily,52001096,1-5,5,3
campaign75-geometric-daily,52001096,6-10,5,3
campaign75-geometric-daily,52001096,11-20,6,1
campaign75-geometric-daily,52001096,21-35,0,0
campaign75-geometric-daily,52001096,36-50,0,0
telescoping-fixed,52001097,1-5,5,2
telescoping-fixed,52001097,6-10,5,0
telescoping-fixed,52001097,11-20,4,0
telescoping-fixed,52001097,21-35,2,0
telescoping-fixed,52001097,36-50,0,0
campaign75-fixed-daily,52001097,1-5,5,1
campaign75-fixed-daily,52001097,6-10,5,0
campaign75-fixed-daily,52001097,11-20,4,0
campaign75-fixed-daily,52001097,21-35,2,0
campaign75-fixed-daily,52001097,36-50,0,0
campaign75-geometric-daily,52001097,1-5,5,1
campaign75-geometric-daily,52001097,6-10,5,0
campaign75-geometric-daily,52001097,11-20,4,0
campaign75-geometric-daily,52001097,21-35,2,0
campaign75-geometric-daily,52001097,36-50,0,0
telescoping-fixed,52001098,1-5,5,5
telescoping-fixed,52001098,6-10,5,4
telescoping-fixed,52001098,11-20,6,4
telescoping-fixed,52001098,21-35,0,0
telescoping-fixed,52001098,36-50,0,0
campaign75-fixed-daily,52001098,1-5,5,5
campaign75-fixed-daily,52001098,6-10,5,4
campaign75-fixed-daily,52001098,11-20,6,6
campaign75-fixed-daily,52001098,21-35,0,0
campaign75-fixed-daily,52001098,36-50,0,0
campaign75-geometric-daily,52001098,1-5,5,5
campaign75-geometric-daily,52001098,6-10,5,4
campaign75-geometric-daily,52001098,11-20,6,6
campaign75-geometric-daily,52001098,21-35,0,0
campaign75-geometric-daily,52001098,36-50,0,0
telescoping-fixed,52001099,1-5,5,5
telescoping-fixed,52001099,6-10,5,5
telescoping-fixed,52001099,11-20,5,1
telescoping-fixed,52001099,21-35,1,0
telescoping-fixed,52001099,36-50,0,0
campaign75-fixed-daily,52001099,1-5,5,5
campaign75-fixed-daily,52001099,6-10,5,5
campaign75-fixed-daily,52001099,11-20,5,3
campaign75-fixed-daily,52001099,21-35,1,1
campaign75-fixed-daily,52001099,36-50,0,0
campaign75-geometric-daily,52001099,1-5,5,5
campaign75-geometric-daily,52001099,6-10,5,5
campaign75-geometric-daily,52001099,11-20,5,4
campaign75-geometric-daily,52001099,21-35,1,1
campaign75-geometric-daily,52001099,36-50,0,0
telescoping-fixed,52001100,1-5,5,1
telescoping-fixed,52001100,6-10,5,0
telescoping-fixed,52001100,11-20,6,0
telescoping-fixed,52001100,21-35,0,0
telescoping-fixed,52001100,36-50,0,0
campaign75-fixed-daily,52001100,1-5,5,1
campaign75-fixed-daily,52001100,6-10,5,0
campaign75-fixed-daily,52001100,11-20,6,0
campaign75-fixed-daily,52001100,21-35,0,0
campaign75-fixed-daily,52001100,36-50,0,0
campaign75-geometric-daily,52001100,1-5,5,2
campaign75-geometric-daily,52001100,6-10,5,0
campaign75-geometric-daily,52001100,11-20,6,0
campaign75-geometric-daily,52001100,21-35,0,0
campaign75-geometric-daily,52001100,36-50,0,0
telescoping-fixed,52001101,1-5,5,3
telescoping-fixed,52001101,6-10,5,1
telescoping-fixed,52001101,11-20,4,0
telescoping-fixed,52001101,21-35,2,0
telescoping-fixed,52001101,36-50,0,0
campaign75-fixed-daily,52001101,1-5,5,3
campaign75-fixed-daily,52001101,6-10,5,1
campaign75-fixed-daily,52001101,11-20,4,3
campaign75-fixed-daily,52001101,21-35,2,0
campaign75-fixed-daily,52001101,36-50,0,0
campaign75-geometric-daily,52001101,1-5,5,3
campaign75-geometric-daily,52001101,6-10,5,1
campaign75-geometric-daily,52001101,11-20,4,3
campaign75-geometric-daily,52001101,21-35,2,0
campaign75-geometric-daily,52001101,36-50,0,0
telescoping-fixed,52001102,1-5,5,5
telescoping-fixed,52001102,6-10,5,5
telescoping-fixed,52001102,11-20,6,5
telescoping-fixed,52001102,21-35,0,0
telescoping-fixed,52001102,36-50,0,0
campaign75-fixed-daily,52001102,1-5,5,5
campaign75-fixed-daily,52001102,6-10,5,5
campaign75-fixed-daily,52001102,11-20,6,6
campaign75-fixed-daily,52001102,21-35,0,0
campaign75-fixed-daily,52001102,36-50,0,0
campaign75-geometric-daily,52001102,1-5,5,5
campaign75-geometric-daily,52001102,6-10,5,5
campaign75-geometric-daily,52001102,11-20,6,6
campaign75-geometric-daily,52001102,21-35,0,0
campaign75-geometric-daily,52001102,36-50,0,0
telescoping-fixed,52001103,1-5,5,5
telescoping-fixed,52001103,6-10,5,5
telescoping-fixed,52001103,11-20,5,5
telescoping-fixed,52001103,21-35,1,0
telescoping-fixed,52001103,36-50,0,0
campaign75-fixed-daily,52001103,1-5,5,5
campaign75-fixed-daily,52001103,6-10,5,5
campaign75-fixed-daily,52001103,11-20,5,5
campaign75-fixed-daily,52001103,21-35,1,0
campaign75-fixed-daily,52001103,36-50,0,0
campaign75-geometric-daily,52001103,1-5,5,5
campaign75-geometric-daily,52001103,6-10,5,5
campaign75-geometric-daily,52001103,11-20,5,5
campaign75-geometric-daily,52001103,21-35,1,0
campaign75-geometric-daily,52001103,36-50,0,0
telescoping-fixed,52001104,1-5,5,2
telescoping-fixed,52001104,6-10,4,0
telescoping-fixed,52001104,11-20,6,2
telescoping-fixed,52001104,21-35,1,0
telescoping-fixed,52001104,36-50,0,0
campaign75-fixed-daily,52001104,1-5,5,2
campaign75-fixed-daily,52001104,6-10,4,0
campaign75-fixed-daily,52001104,11-20,6,2
campaign75-fixed-daily,52001104,21-35,1,1
campaign75-fixed-daily,52001104,36-50,0,0
campaign75-geometric-daily,52001104,1-5,5,2
campaign75-geometric-daily,52001104,6-10,4,0
campaign75-geometric-daily,52001104,11-20,6,2
campaign75-geometric-daily,52001104,21-35,1,0
campaign75-geometric-daily,52001104,36-50,0,0
telescoping-fixed,52001105,1-5,5,3
telescoping-fixed,52001105,6-10,5,3
telescoping-fixed,52001105,11-20,5,2
telescoping-fixed,52001105,21-35,1,0
telescoping-fixed,52001105,36-50,0,0
campaign75-fixed-daily,52001105,1-5,5,3
campaign75-fixed-daily,52001105,6-10,5,4
campaign75-fixed-daily,52001105,11-20,5,4
campaign75-fixed-daily,52001105,21-35,1,0
campaign75-fixed-daily,52001105,36-50,0,0
campaign75-geometric-daily,52001105,1-5,5,3
campaign75-geometric-daily,52001105,6-10,5,4
campaign75-geometric-daily,52001105,11-20,5,4
campaign75-geometric-daily,52001105,21-35,1,0
campaign75-geometric-daily,52001105,36-50,0,0
telescoping-fixed,52001106,1-5,5,5
telescoping-fixed,52001106,6-10,5,4
telescoping-fixed,52001106,11-20,5,5
telescoping-fixed,52001106,21-35,1,0
telescoping-fixed,52001106,36-50,0,0
campaign75-fixed-daily,52001106,1-5,5,5
campaign75-fixed-daily,52001106,6-10,5,4
campaign75-fixed-daily,52001106,11-20,5,5
campaign75-fixed-daily,52001106,21-35,1,1
campaign75-fixed-daily,52001106,36-50,0,0
campaign75-geometric-daily,52001106,1-5,5,5
campaign75-geometric-daily,52001106,6-10,5,4
campaign75-geometric-daily,52001106,11-20,5,5
campaign75-geometric-daily,52001106,21-35,1,1
campaign75-geometric-daily,52001106,36-50,0,0
telescoping-fixed,52001107,1-5,5,5
telescoping-fixed,52001107,6-10,5,5
telescoping-fixed,52001107,11-20,5,5
telescoping-fixed,52001107,21-35,1,0
telescoping-fixed,52001107,36-50,0,0
campaign75-fixed-daily,52001107,1-5,5,5
campaign75-fixed-daily,52001107,6-10,5,5
campaign75-fixed-daily,52001107,11-20,5,5
campaign75-fixed-daily,52001107,21-35,1,1
campaign75-fixed-daily,52001107,36-50,0,0
campaign75-geometric-daily,52001107,1-5,5,5
campaign75-geometric-daily,52001107,6-10,5,5
campaign75-geometric-daily,52001107,11-20,5,5
campaign75-geometric-daily,52001107,21-35,1,1
campaign75-geometric-daily,52001107,36-50,0,0
telescoping-fixed,52001108,1-5,5,5
telescoping-fixed,52001108,6-10,5,4
telescoping-fixed,52001108,11-20,5,1
telescoping-fixed,52001108,21-35,1,0
telescoping-fixed,52001108,36-50,0,0
campaign75-fixed-daily,52001108,1-5,5,5
campaign75-fixed-daily,52001108,6-10,5,4
campaign75-fixed-daily,52001108,11-20,5,5
campaign75-fixed-daily,52001108,21-35,1,1
campaign75-fixed-daily,52001108,36-50,0,0
campaign75-geometric-daily,52001108,1-5,5,5
campaign75-geometric-daily,52001108,6-10,5,4
campaign75-geometric-daily,52001108,11-20,5,5
campaign75-geometric-daily,52001108,21-35,1,1
campaign75-geometric-daily,52001108,36-50,0,0
telescoping-fixed,52001109,1-5,5,5
telescoping-fixed,52001109,6-10,5,4
telescoping-fixed,52001109,11-20,5,0
telescoping-fixed,52001109,21-35,1,0
telescoping-fixed,52001109,36-50,0,0
campaign75-fixed-daily,52001109,1-5,5,5
campaign75-fixed-daily,52001109,6-10,5,5
campaign75-fixed-daily,52001109,11-20,5,4
campaign75-fixed-daily,52001109,21-35,1,1
campaign75-fixed-daily,52001109,36-50,0,0
campaign75-geometric-daily,52001109,1-5,5,5
campaign75-geometric-daily,52001109,6-10,5,5
campaign75-geometric-daily,52001109,11-20,5,5
campaign75-geometric-daily,52001109,21-35,1,1
campaign75-geometric-daily,52001109,36-50,0,0
telescoping-fixed,52001110,1-5,5,5
telescoping-fixed,52001110,6-10,5,5
telescoping-fixed,52001110,11-20,5,4
telescoping-fixed,52001110,21-35,0,0
telescoping-fixed,52001110,36-50,1,0
campaign75-fixed-daily,52001110,1-5,5,5
campaign75-fixed-daily,52001110,6-10,5,5
campaign75-fixed-daily,52001110,11-20,5,4
campaign75-fixed-daily,52001110,21-35,0,0
campaign75-fixed-daily,52001110,36-50,1,1
campaign75-geometric-daily,52001110,1-5,5,5
campaign75-geometric-daily,52001110,6-10,5,5
campaign75-geometric-daily,52001110,11-20,5,5
campaign75-geometric-daily,52001110,21-35,0,0
campaign75-geometric-daily,52001110,36-50,1,1
telescoping-fixed,52001111,1-5,5,4
telescoping-fixed,52001111,6-10,5,2
telescoping-fixed,52001111,11-20,6,0
telescoping-fixed,52001111,21-35,0,0
telescoping-fixed,52001111,36-50,0,0
campaign75-fixed-daily,52001111,1-5,5,3
campaign75-fixed-daily,52001111,6-10,5,3
campaign75-fixed-daily,52001111,11-20,6,0
campaign75-fixed-daily,52001111,21-35,0,0
campaign75-fixed-daily,52001111,36-50,0,0
campaign75-geometric-daily,52001111,1-5,5,3
campaign75-geometric-daily,52001111,6-10,5,3
campaign75-geometric-daily,52001111,11-20,6,2
campaign75-geometric-daily,52001111,21-35,0,0
campaign75-geometric-daily,52001111,36-50,0,0
telescoping-fixed,52001112,1-5,5,3
telescoping-fixed,52001112,6-10,5,1
telescoping-fixed,52001112,11-20,5,0
telescoping-fixed,52001112,21-35,1,0
telescoping-fixed,52001112,36-50,0,0
campaign75-fixed-daily,52001112,1-5,5,3
campaign75-fixed-daily,52001112,6-10,5,1
campaign75-fixed-daily,52001112,11-20,5,0
campaign75-fixed-daily,52001112,21-35,1,0
campaign75-fixed-daily,52001112,36-50,0,0
campaign75-geometric-daily,52001112,1-5,5,3
campaign75-geometric-daily,52001112,6-10,5,1
campaign75-geometric-daily,52001112,11-20,5,0
campaign75-geometric-daily,52001112,21-35,1,0
campaign75-geometric-daily,52001112,36-50,0,0
telescoping-fixed,52001113,1-5,5,3
telescoping-fixed,52001113,6-10,5,3
telescoping-fixed,52001113,11-20,6,1
telescoping-fixed,52001113,21-35,0,0
telescoping-fixed,52001113,36-50,0,0
campaign75-fixed-daily,52001113,1-5,5,2
campaign75-fixed-daily,52001113,6-10,5,3
campaign75-fixed-daily,52001113,11-20,6,1
campaign75-fixed-daily,52001113,21-35,0,0
campaign75-fixed-daily,52001113,36-50,0,0
campaign75-geometric-daily,52001113,1-5,5,3
campaign75-geometric-daily,52001113,6-10,5,5
campaign75-geometric-daily,52001113,11-20,6,1
campaign75-geometric-daily,52001113,21-35,0,0
campaign75-geometric-daily,52001113,36-50,0,0
telescoping-fixed,52001114,1-5,5,4
telescoping-fixed,52001114,6-10,4,4
telescoping-fixed,52001114,11-20,6,3
telescoping-fixed,52001114,21-35,1,0
telescoping-fixed,52001114,36-50,0,0
campaign75-fixed-daily,52001114,1-5,5,4
campaign75-fixed-daily,52001114,6-10,4,4
campaign75-fixed-daily,52001114,11-20,6,5
campaign75-fixed-daily,52001114,21-35,1,1
campaign75-fixed-daily,52001114,36-50,0,0
campaign75-geometric-daily,52001114,1-5,5,4
campaign75-geometric-daily,52001114,6-10,4,4
campaign75-geometric-daily,52001114,11-20,6,6
campaign75-geometric-daily,52001114,21-35,1,1
campaign75-geometric-daily,52001114,36-50,0,0
telescoping-fixed,52001115,1-5,5,5
telescoping-fixed,52001115,6-10,5,4
telescoping-fixed,52001115,11-20,4,0
telescoping-fixed,52001115,21-35,2,0
telescoping-fixed,52001115,36-50,0,0
campaign75-fixed-daily,52001115,1-5,5,5
campaign75-fixed-daily,52001115,6-10,5,4
campaign75-fixed-daily,52001115,11-20,4,4
campaign75-fixed-daily,52001115,21-35,2,1
campaign75-fixed-daily,52001115,36-50,0,0
campaign75-geometric-daily,52001115,1-5,5,5
campaign75-geometric-daily,52001115,6-10,5,4
campaign75-geometric-daily,52001115,11-20,4,4
campaign75-geometric-daily,52001115,21-35,2,2
campaign75-geometric-daily,52001115,36-50,0,0
telescoping-fixed,52001116,1-5,5,5
telescoping-fixed,52001116,6-10,5,4
telescoping-fixed,52001116,11-20,4,2
telescoping-fixed,52001116,21-35,2,0
telescoping-fixed,52001116,36-50,0,0
campaign75-fixed-daily,52001116,1-5,5,5
campaign75-fixed-daily,52001116,6-10,5,4
campaign75-fixed-daily,52001116,11-20,4,2
campaign75-fixed-daily,52001116,21-35,2,0
campaign75-fixed-daily,52001116,36-50,0,0
campaign75-geometric-daily,52001116,1-5,5,5
campaign75-geometric-daily,52001116,6-10,5,4
campaign75-geometric-daily,52001116,11-20,4,4
campaign75-geometric-daily,52001116,21-35,2,1
campaign75-geometric-daily,52001116,36-50,0,0
telescoping-fixed,52001117,1-5,5,4
telescoping-fixed,52001117,6-10,5,3
telescoping-fixed,52001117,11-20,5,1
telescoping-fixed,52001117,21-35,1,0
telescoping-fixed,52001117,36-50,0,0
campaign75-fixed-daily,52001117,1-5,5,4
campaign75-fixed-daily,52001117,6-10,5,3
campaign75-fixed-daily,52001117,11-20,5,2
campaign75-fixed-daily,52001117,21-35,1,0
campaign75-fixed-daily,52001117,36-50,0,0
campaign75-geometric-daily,52001117,1-5,5,4
campaign75-geometric-daily,52001117,6-10,5,3
campaign75-geometric-daily,52001117,11-20,5,2
campaign75-geometric-daily,52001117,21-35,1,0
campaign75-geometric-daily,52001117,36-50,0,0
telescoping-fixed,52001118,1-5,5,5
telescoping-fixed,52001118,6-10,5,3
telescoping-fixed,52001118,11-20,4,2
telescoping-fixed,52001118,21-35,2,0
telescoping-fixed,52001118,36-50,0,0
campaign75-fixed-daily,52001118,1-5,5,5
campaign75-fixed-daily,52001118,6-10,5,3
campaign75-fixed-daily,52001118,11-20,4,2
campaign75-fixed-daily,52001118,21-35,2,0
campaign75-fixed-daily,52001118,36-50,0,0
campaign75-geometric-daily,52001118,1-5,5,5
campaign75-geometric-daily,52001118,6-10,5,3
campaign75-geometric-daily,52001118,11-20,4,3
campaign75-geometric-daily,52001118,21-35,2,0
campaign75-geometric-daily,52001118,36-50,0,0
telescoping-fixed,52001119,1-5,5,5
telescoping-fixed,52001119,6-10,5,5
telescoping-fixed,52001119,11-20,5,5
telescoping-fixed,52001119,21-35,1,1
telescoping-fixed,52001119,36-50,0,0
campaign75-fixed-daily,52001119,1-5,5,5
campaign75-fixed-daily,52001119,6-10,5,5
campaign75-fixed-daily,52001119,11-20,5,5
campaign75-fixed-daily,52001119,21-35,1,1
campaign75-fixed-daily,52001119,36-50,0,0
campaign75-geometric-daily,52001119,1-5,5,5
campaign75-geometric-daily,52001119,6-10,5,5
campaign75-geometric-daily,52001119,11-20,5,5
campaign75-geometric-daily,52001119,21-35,1,1
campaign75-geometric-daily,52001119,36-50,0,0
telescoping-fixed,52001120,1-5,5,5
telescoping-fixed,52001120,6-10,5,4
telescoping-fixed,52001120,11-20,6,5
telescoping-fixed,52001120,21-35,0,0
telescoping-fixed,52001120,36-50,0,0
campaign75-fixed-daily,52001120,1-5,5,5
campaign75-fixed-daily,52001120,6-10,5,5
campaign75-fixed-daily,52001120,11-20,6,6
campaign75-fixed-daily,52001120,21-35,0,0
campaign75-fixed-daily,52001120,36-50,0,0
campaign75-geometric-daily,52001120,1-5,5,5
campaign75-geometric-daily,52001120,6-10,5,5
campaign75-geometric-daily,52001120,11-20,6,6
campaign75-geometric-daily,52001120,21-35,0,0
campaign75-geometric-daily,52001120,36-50,0,0
telescoping-fixed,52001121,1-5,5,4
telescoping-fixed,52001121,6-10,5,3
telescoping-fixed,52001121,11-20,5,1
telescoping-fixed,52001121,21-35,1,0
telescoping-fixed,52001121,36-50,0,0
campaign75-fixed-daily,52001121,1-5,5,4
campaign75-fixed-daily,52001121,6-10,5,3
campaign75-fixed-daily,52001121,11-20,5,2
campaign75-fixed-daily,52001121,21-35,1,1
campaign75-fixed-daily,52001121,36-50,0,0
campaign75-geometric-daily,52001121,1-5,5,4
campaign75-geometric-daily,52001121,6-10,5,3
campaign75-geometric-daily,52001121,11-20,5,2
campaign75-geometric-daily,52001121,21-35,1,1
campaign75-geometric-daily,52001121,36-50,0,0
telescoping-fixed,52001122,1-5,5,4
telescoping-fixed,52001122,6-10,3,2
telescoping-fixed,52001122,11-20,7,0
telescoping-fixed,52001122,21-35,1,0
telescoping-fixed,52001122,36-50,0,0
campaign75-fixed-daily,52001122,1-5,5,4
campaign75-fixed-daily,52001122,6-10,3,2
campaign75-fixed-daily,52001122,11-20,7,2
campaign75-fixed-daily,52001122,21-35,1,1
campaign75-fixed-daily,52001122,36-50,0,0
campaign75-geometric-daily,52001122,1-5,5,4
campaign75-geometric-daily,52001122,6-10,3,2
campaign75-geometric-daily,52001122,11-20,7,2
campaign75-geometric-daily,52001122,21-35,1,1
campaign75-geometric-daily,52001122,36-50,0,0
telescoping-fixed,52001123,1-5,5,5
telescoping-fixed,52001123,6-10,5,5
telescoping-fixed,52001123,11-20,5,5
telescoping-fixed,52001123,21-35,1,1
telescoping-fixed,52001123,36-50,0,0
campaign75-fixed-daily,52001123,1-5,5,5
campaign75-fixed-daily,52001123,6-10,5,5
campaign75-fixed-daily,52001123,11-20,5,5
campaign75-fixed-daily,52001123,21-35,1,1
campaign75-fixed-daily,52001123,36-50,0,0
campaign75-geometric-daily,52001123,1-5,5,5
campaign75-geometric-daily,52001123,6-10,5,5
campaign75-geometric-daily,52001123,11-20,5,5
campaign75-geometric-daily,52001123,21-35,1,1
campaign75-geometric-daily,52001123,36-50,0,0
telescoping-fixed,52001124,1-5,5,5
telescoping-fixed,52001124,6-10,5,5
telescoping-fixed,52001124,11-20,5,0
telescoping-fixed,52001124,21-35,1,0
telescoping-fixed,52001124,36-50,0,0
campaign75-fixed-daily,52001124,1-5,5,5
campaign75-fixed-daily,52001124,6-10,5,5
campaign75-fixed-daily,52001124,11-20,5,2
campaign75-fixed-daily,52001124,21-35,1,0
campaign75-fixed-daily,52001124,36-50,0,0
campaign75-geometric-daily,52001124,1-5,5,5
campaign75-geometric-daily,52001124,6-10,5,5
campaign75-geometric-daily,52001124,11-20,5,5
campaign75-geometric-daily,52001124,21-35,1,1
campaign75-geometric-daily,52001124,36-50,0,0
telescoping-fixed,52001125,1-5,5,0
telescoping-fixed,52001125,6-10,5,0
telescoping-fixed,52001125,11-20,5,0
telescoping-fixed,52001125,21-35,1,0
telescoping-fixed,52001125,36-50,0,0
campaign75-fixed-daily,52001125,1-5,5,0
campaign75-fixed-daily,52001125,6-10,5,0
campaign75-fixed-daily,52001125,11-20,5,0
campaign75-fixed-daily,52001125,21-35,1,0
campaign75-fixed-daily,52001125,36-50,0,0
campaign75-geometric-daily,52001125,1-5,5,0
campaign75-geometric-daily,52001125,6-10,5,0
campaign75-geometric-daily,52001125,11-20,5,0
campaign75-geometric-daily,52001125,21-35,1,0
campaign75-geometric-daily,52001125,36-50,0,0
telescoping-fixed,52001126,1-5,5,5
telescoping-fixed,52001126,6-10,5,5
telescoping-fixed,52001126,11-20,6,4
telescoping-fixed,52001126,21-35,0,0
telescoping-fixed,52001126,36-50,0,0
campaign75-fixed-daily,52001126,1-5,5,5
campaign75-fixed-daily,52001126,6-10,5,5
campaign75-fixed-daily,52001126,11-20,6,4
campaign75-fixed-daily,52001126,21-35,0,0
campaign75-fixed-daily,52001126,36-50,0,0
campaign75-geometric-daily,52001126,1-5,5,5
campaign75-geometric-daily,52001126,6-10,5,5
campaign75-geometric-daily,52001126,11-20,6,4
campaign75-geometric-daily,52001126,21-35,0,0
campaign75-geometric-daily,52001126,36-50,0,0
telescoping-fixed,52001127,1-5,5,5
telescoping-fixed,52001127,6-10,5,4
telescoping-fixed,52001127,11-20,4,1
telescoping-fixed,52001127,21-35,2,0
telescoping-fixed,52001127,36-50,0,0
campaign75-fixed-daily,52001127,1-5,5,5
campaign75-fixed-daily,52001127,6-10,5,5
campaign75-fixed-daily,52001127,11-20,4,3
campaign75-fixed-daily,52001127,21-35,2,1
campaign75-fixed-daily,52001127,36-50,0,0
campaign75-geometric-daily,52001127,1-5,5,5
campaign75-geometric-daily,52001127,6-10,5,5
campaign75-geometric-daily,52001127,11-20,4,4
campaign75-geometric-daily,52001127,21-35,2,2
campaign75-geometric-daily,52001127,36-50,0,0
telescoping-fixed,52001128,1-5,5,5
telescoping-fixed,52001128,6-10,5,5
telescoping-fixed,52001128,11-20,5,5
telescoping-fixed,52001128,21-35,1,1
telescoping-fixed,52001128,36-50,0,0
campaign75-fixed-daily,52001128,1-5,5,5
campaign75-fixed-daily,52001128,6-10,5,5
campaign75-fixed-daily,52001128,11-20,5,5
campaign75-fixed-daily,52001128,21-35,1,1
campaign75-fixed-daily,52001128,36-50,0,0
campaign75-geometric-daily,52001128,1-5,5,5
campaign75-geometric-daily,52001128,6-10,5,5
campaign75-geometric-daily,52001128,11-20,5,5
campaign75-geometric-daily,52001128,21-35,1,1
campaign75-geometric-daily,52001128,36-50,0,0
telescoping-fixed,52001129,1-5,5,5
telescoping-fixed,52001129,6-10,5,2
telescoping-fixed,52001129,11-20,4,2
telescoping-fixed,52001129,21-35,2,0
telescoping-fixed,52001129,36-50,0,0
campaign75-fixed-daily,52001129,1-5,5,4
campaign75-fixed-daily,52001129,6-10,5,2
campaign75-fixed-daily,52001129,11-20,4,3
campaign75-fixed-daily,52001129,21-35,2,1
campaign75-fixed-daily,52001129,36-50,0,0
campaign75-geometric-daily,52001129,1-5,5,4
campaign75-geometric-daily,52001129,6-10,5,2
campaign75-geometric-daily,52001129,11-20,4,3
campaign75-geometric-daily,52001129,21-35,2,1
campaign75-geometric-daily,52001129,36-50,0,0
telescoping-fixed,52001130,1-5,5,5
telescoping-fixed,52001130,6-10,5,5
telescoping-fixed,52001130,11-20,4,0
telescoping-fixed,52001130,21-35,2,0
telescoping-fixed,52001130,36-50,0,0
campaign75-fixed-daily,52001130,1-5,5,5
campaign75-fixed-daily,52001130,6-10,5,5
campaign75-fixed-daily,52001130,11-20,4,0
campaign75-fixed-daily,52001130,21-35,2,0
campaign75-fixed-daily,52001130,36-50,0,0
campaign75-geometric-daily,52001130,1-5,5,5
campaign75-geometric-daily,52001130,6-10,5,5
campaign75-geometric-daily,52001130,11-20,4,3
campaign75-geometric-daily,52001130,21-35,2,2
campaign75-geometric-daily,52001130,36-50,0,0
telescoping-fixed,52001131,1-5,5,5
telescoping-fixed,52001131,6-10,5,3
telescoping-fixed,52001131,11-20,6,5
telescoping-fixed,52001131,21-35,0,0
telescoping-fixed,52001131,36-50,0,0
campaign75-fixed-daily,52001131,1-5,5,5
campaign75-fixed-daily,52001131,6-10,5,3
campaign75-fixed-daily,52001131,11-20,6,5
campaign75-fixed-daily,52001131,21-35,0,0
campaign75-fixed-daily,52001131,36-50,0,0
campaign75-geometric-daily,52001131,1-5,5,5
campaign75-geometric-daily,52001131,6-10,5,3
campaign75-geometric-daily,52001131,11-20,6,5
campaign75-geometric-daily,52001131,21-35,0,0
campaign75-geometric-daily,52001131,36-50,0,0
telescoping-fixed,52001132,1-5,5,5
telescoping-fixed,52001132,6-10,5,5
telescoping-fixed,52001132,11-20,6,4
telescoping-fixed,52001132,21-35,0,0
telescoping-fixed,52001132,36-50,0,0
campaign75-fixed-daily,52001132,1-5,5,5
campaign75-fixed-daily,52001132,6-10,5,5
campaign75-fixed-daily,52001132,11-20,6,6
campaign75-fixed-daily,52001132,21-35,0,0
campaign75-fixed-daily,52001132,36-50,0,0
campaign75-geometric-daily,52001132,1-5,5,5
campaign75-geometric-daily,52001132,6-10,5,5
campaign75-geometric-daily,52001132,11-20,6,6
campaign75-geometric-daily,52001132,21-35,0,0
campaign75-geometric-daily,52001132,36-50,0,0
telescoping-fixed,52001133,1-5,5,5
telescoping-fixed,52001133,6-10,5,5
telescoping-fixed,52001133,11-20,6,0
telescoping-fixed,52001133,21-35,0,0
telescoping-fixed,52001133,36-50,0,0
campaign75-fixed-daily,52001133,1-5,5,5
campaign75-fixed-daily,52001133,6-10,5,5
campaign75-fixed-daily,52001133,11-20,6,4
campaign75-fixed-daily,52001133,21-35,0,0
campaign75-fixed-daily,52001133,36-50,0,0
campaign75-geometric-daily,52001133,1-5,5,5
campaign75-geometric-daily,52001133,6-10,5,5
campaign75-geometric-daily,52001133,11-20,6,4
campaign75-geometric-daily,52001133,21-35,0,0
campaign75-geometric-daily,52001133,36-50,0,0
telescoping-fixed,52001134,1-5,5,5
telescoping-fixed,52001134,6-10,4,2
telescoping-fixed,52001134,11-20,6,1
telescoping-fixed,52001134,21-35,1,0
telescoping-fixed,52001134,36-50,0,0
campaign75-fixed-daily,52001134,1-5,5,5
campaign75-fixed-daily,52001134,6-10,4,3
campaign75-fixed-daily,52001134,11-20,6,2
campaign75-fixed-daily,52001134,21-35,1,0
campaign75-fixed-daily,52001134,36-50,0,0
campaign75-geometric-daily,52001134,1-5,5,5
campaign75-geometric-daily,52001134,6-10,4,3
campaign75-geometric-daily,52001134,11-20,6,4
campaign75-geometric-daily,52001134,21-35,1,0
campaign75-geometric-daily,52001134,36-50,0,0
telescoping-fixed,52001135,1-5,5,3
telescoping-fixed,52001135,6-10,5,2
telescoping-fixed,52001135,11-20,6,2
telescoping-fixed,52001135,21-35,0,0
telescoping-fixed,52001135,36-50,0,0
campaign75-fixed-daily,52001135,1-5,5,3
campaign75-fixed-daily,52001135,6-10,5,3
campaign75-fixed-daily,52001135,11-20,6,5
campaign75-fixed-daily,52001135,21-35,0,0
campaign75-fixed-daily,52001135,36-50,0,0
campaign75-geometric-daily,52001135,1-5,5,3
campaign75-geometric-daily,52001135,6-10,5,3
campaign75-geometric-daily,52001135,11-20,6,5
campaign75-geometric-daily,52001135,21-35,0,0
campaign75-geometric-daily,52001135,36-50,0,0
telescoping-fixed,52001136,1-5,5,5
telescoping-fixed,52001136,6-10,5,2
telescoping-fixed,52001136,11-20,5,0
telescoping-fixed,52001136,21-35,1,0
telescoping-fixed,52001136,36-50,0,0
campaign75-fixed-daily,52001136,1-5,5,5
campaign75-fixed-daily,52001136,6-10,5,2
campaign75-fixed-daily,52001136,11-20,5,1
campaign75-fixed-daily,52001136,21-35,1,0
campaign75-fixed-daily,52001136,36-50,0,0
campaign75-geometric-daily,52001136,1-5,5,5
campaign75-geometric-daily,52001136,6-10,5,4
campaign75-geometric-daily,52001136,11-20,5,3
campaign75-geometric-daily,52001136,21-35,1,1
campaign75-geometric-daily,52001136,36-50,0,0
telescoping-fixed,52001137,1-5,5,5
telescoping-fixed,52001137,6-10,5,4
telescoping-fixed,52001137,11-20,4,1
telescoping-fixed,52001137,21-35,2,0
telescoping-fixed,52001137,36-50,0,0
campaign75-fixed-daily,52001137,1-5,5,5
campaign75-fixed-daily,52001137,6-10,5,4
campaign75-fixed-daily,52001137,11-20,4,4
campaign75-fixed-daily,52001137,21-35,2,0
campaign75-fixed-daily,52001137,36-50,0,0
campaign75-geometric-daily,52001137,1-5,5,5
campaign75-geometric-daily,52001137,6-10,5,5
campaign75-geometric-daily,52001137,11-20,4,4
campaign75-geometric-daily,52001137,21-35,2,1
campaign75-geometric-daily,52001137,36-50,0,0
telescoping-fixed,52001138,1-5,5,5
telescoping-fixed,52001138,6-10,5,4
telescoping-fixed,52001138,11-20,4,1
telescoping-fixed,52001138,21-35,2,0
telescoping-fixed,52001138,36-50,0,0
campaign75-fixed-daily,52001138,1-5,5,5
campaign75-fixed-daily,52001138,6-10,5,4
campaign75-fixed-daily,52001138,11-20,4,3
campaign75-fixed-daily,52001138,21-35,2,0
campaign75-fixed-daily,52001138,36-50,0,0
campaign75-geometric-daily,52001138,1-5,5,5
campaign75-geometric-daily,52001138,6-10,5,4
campaign75-geometric-daily,52001138,11-20,4,3
campaign75-geometric-daily,52001138,21-35,2,1
campaign75-geometric-daily,52001138,36-50,0,0
telescoping-fixed,52001139,1-5,5,2
telescoping-fixed,52001139,6-10,5,0
telescoping-fixed,52001139,11-20,6,0
telescoping-fixed,52001139,21-35,0,0
telescoping-fixed,52001139,36-50,0,0
campaign75-fixed-daily,52001139,1-5,5,2
campaign75-fixed-daily,52001139,6-10,5,0
campaign75-fixed-daily,52001139,11-20,6,0
campaign75-fixed-daily,52001139,21-35,0,0
campaign75-fixed-daily,52001139,36-50,0,0
campaign75-geometric-daily,52001139,1-5,5,1
campaign75-geometric-daily,52001139,6-10,5,0
campaign75-geometric-daily,52001139,11-20,6,1
campaign75-geometric-daily,52001139,21-35,0,0
campaign75-geometric-daily,52001139,36-50,0,0
telescoping-fixed,52001140,1-5,5,5
telescoping-fixed,52001140,6-10,5,3
telescoping-fixed,52001140,11-20,4,2
telescoping-fixed,52001140,21-35,2,0
telescoping-fixed,52001140,36-50,0,0
campaign75-fixed-daily,52001140,1-5,5,5
campaign75-fixed-daily,52001140,6-10,5,4
campaign75-fixed-daily,52001140,11-20,4,4
campaign75-fixed-daily,52001140,21-35,2,2
campaign75-fixed-daily,52001140,36-50,0,0
campaign75-geometric-daily,52001140,1-5,5,5
campaign75-geometric-daily,52001140,6-10,5,4
campaign75-geometric-daily,52001140,11-20,4,4
campaign75-geometric-daily,52001140,21-35,2,1
campaign75-geometric-daily,52001140,36-50,0,0
telescoping-fixed,52001141,1-5,5,5
telescoping-fixed,52001141,6-10,5,3
telescoping-fixed,52001141,11-20,5,1
telescoping-fixed,52001141,21-35,1,0
telescoping-fixed,52001141,36-50,0,0
campaign75-fixed-daily,52001141,1-5,5,4
campaign75-fixed-daily,52001141,6-10,5,3
campaign75-fixed-daily,52001141,11-20,5,1
campaign75-fixed-daily,52001141,21-35,1,0
campaign75-fixed-daily,52001141,36-50,0,0
campaign75-geometric-daily,52001141,1-5,5,4
campaign75-geometric-daily,52001141,6-10,5,5
campaign75-geometric-daily,52001141,11-20,5,2
campaign75-geometric-daily,52001141,21-35,1,0
campaign75-geometric-daily,52001141,36-50,0,0
telescoping-fixed,52001142,1-5,5,4
telescoping-fixed,52001142,6-10,5,4
telescoping-fixed,52001142,11-20,4,2
telescoping-fixed,52001142,21-35,1,0
telescoping-fixed,52001142,36-50,1,0
campaign75-fixed-daily,52001142,1-5,5,4
campaign75-fixed-daily,52001142,6-10,5,4
campaign75-fixed-daily,52001142,11-20,4,3
campaign75-fixed-daily,52001142,21-35,1,0
campaign75-fixed-daily,52001142,36-50,1,0
campaign75-geometric-daily,52001142,1-5,5,4
campaign75-geometric-daily,52001142,6-10,5,4
campaign75-geometric-daily,52001142,11-20,4,2
campaign75-geometric-daily,52001142,21-35,1,0
campaign75-geometric-daily,52001142,36-50,1,0
telescoping-fixed,52001143,1-5,5,5
telescoping-fixed,52001143,6-10,5,5
telescoping-fixed,52001143,11-20,5,3
telescoping-fixed,52001143,21-35,1,0
telescoping-fixed,52001143,36-50,0,0
campaign75-fixed-daily,52001143,1-5,5,5
campaign75-fixed-daily,52001143,6-10,5,5
campaign75-fixed-daily,52001143,11-20,5,4
campaign75-fixed-daily,52001143,21-35,1,1
campaign75-fixed-daily,52001143,36-50,0,0
campaign75-geometric-daily,52001143,1-5,5,5
campaign75-geometric-daily,52001143,6-10,5,5
campaign75-geometric-daily,52001143,11-20,5,4
campaign75-geometric-daily,52001143,21-35,1,1
campaign75-geometric-daily,52001143,36-50,0,0
telescoping-fixed,52001144,1-5,5,4
telescoping-fixed,52001144,6-10,5,5
telescoping-fixed,52001144,11-20,5,4
telescoping-fixed,52001144,21-35,1,0
telescoping-fixed,52001144,36-50,0,0
campaign75-fixed-daily,52001144,1-5,5,4
campaign75-fixed-daily,52001144,6-10,5,5
campaign75-fixed-daily,52001144,11-20,5,5
campaign75-fixed-daily,52001144,21-35,1,1
campaign75-fixed-daily,52001144,36-50,0,0
campaign75-geometric-daily,52001144,1-5,5,4
campaign75-geometric-daily,52001144,6-10,5,5
campaign75-geometric-daily,52001144,11-20,5,5
campaign75-geometric-daily,52001144,21-35,1,1
campaign75-geometric-daily,52001144,36-50,0,0
telescoping-fixed,52001145,1-5,5,5
telescoping-fixed,52001145,6-10,5,5
telescoping-fixed,52001145,11-20,5,5
telescoping-fixed,52001145,21-35,1,0
telescoping-fixed,52001145,36-50,0,0
campaign75-fixed-daily,52001145,1-5,5,5
campaign75-fixed-daily,52001145,6-10,5,5
campaign75-fixed-daily,52001145,11-20,5,5
campaign75-fixed-daily,52001145,21-35,1,1
campaign75-fixed-daily,52001145,36-50,0,0
campaign75-geometric-daily,52001145,1-5,5,5
campaign75-geometric-daily,52001145,6-10,5,5
campaign75-geometric-daily,52001145,11-20,5,5
campaign75-geometric-daily,52001145,21-35,1,1
campaign75-geometric-daily,52001145,36-50,0,0
telescoping-fixed,52001146,1-5,5,2
telescoping-fixed,52001146,6-10,5,1
telescoping-fixed,52001146,11-20,4,0
telescoping-fixed,52001146,21-35,2,0
telescoping-fixed,52001146,36-50,0,0
campaign75-fixed-daily,52001146,1-5,5,2
campaign75-fixed-daily,52001146,6-10,5,1
campaign75-fixed-daily,52001146,11-20,4,1
campaign75-fixed-daily,52001146,21-35,2,0
campaign75-fixed-daily,52001146,36-50,0,0
campaign75-geometric-daily,52001146,1-5,5,2
campaign75-geometric-daily,52001146,6-10,5,1
campaign75-geometric-daily,52001146,11-20,4,1
campaign75-geometric-daily,52001146,21-35,2,0
campaign75-geometric-daily,52001146,36-50,0,0
telescoping-fixed,52001147,1-5,5,5
telescoping-fixed,52001147,6-10,5,5
telescoping-fixed,52001147,11-20,5,4
telescoping-fixed,52001147,21-35,1,0
telescoping-fixed,52001147,36-50,0,0
campaign75-fixed-daily,52001147,1-5,5,5
campaign75-fixed-daily,52001147,6-10,5,5
campaign75-fixed-daily,52001147,11-20,5,4
campaign75-fixed-daily,52001147,21-35,1,1
campaign75-fixed-daily,52001147,36-50,0,0
campaign75-geometric-daily,52001147,1-5,5,5
campaign75-geometric-daily,52001147,6-10,5,5
campaign75-geometric-daily,52001147,11-20,5,4
campaign75-geometric-daily,52001147,21-35,1,1
campaign75-geometric-daily,52001147,36-50,0,0
telescoping-fixed,52001148,1-5,5,5
telescoping-fixed,52001148,6-10,5,2
telescoping-fixed,52001148,11-20,6,0
telescoping-fixed,52001148,21-35,0,0
telescoping-fixed,52001148,36-50,0,0
campaign75-fixed-daily,52001148,1-5,5,4
campaign75-fixed-daily,52001148,6-10,5,2
campaign75-fixed-daily,52001148,11-20,6,0
campaign75-fixed-daily,52001148,21-35,0,0
campaign75-fixed-daily,52001148,36-50,0,0
campaign75-geometric-daily,52001148,1-5,5,4
campaign75-geometric-daily,52001148,6-10,5,3
campaign75-geometric-daily,52001148,11-20,6,2
campaign75-geometric-daily,52001148,21-35,0,0
campaign75-geometric-daily,52001148,36-50,0,0
telescoping-fixed,52001149,1-5,5,1
telescoping-fixed,52001149,6-10,5,0
telescoping-fixed,52001149,11-20,5,0
telescoping-fixed,52001149,21-35,1,0
telescoping-fixed,52001149,36-50,0,0
campaign75-fixed-daily,52001149,1-5,5,1
campaign75-fixed-daily,52001149,6-10,5,0
campaign75-fixed-daily,52001149,11-20,5,0
campaign75-fixed-daily,52001149,21-35,1,0
campaign75-fixed-daily,52001149,36-50,0,0
campaign75-geometric-daily,52001149,1-5,5,1
campaign75-geometric-daily,52001149,6-10,5,0
campaign75-geometric-daily,52001149,11-20,5,0
campaign75-geometric-daily,52001149,21-35,1,0
campaign75-geometric-daily,52001149,36-50,0,0
telescoping-fixed,52001150,1-5,5,5
telescoping-fixed,52001150,6-10,4,4
telescoping-fixed,52001150,11-20,7,5
telescoping-fixed,52001150,21-35,0,0
telescoping-fixed,52001150,36-50,0,0
campaign75-fixed-daily,52001150,1-5,5,5
campaign75-fixed-daily,52001150,6-10,4,4
campaign75-fixed-daily,52001150,11-20,7,6
campaign75-fixed-daily,52001150,21-35,0,0
campaign75-fixed-daily,52001150,36-50,0,0
campaign75-geometric-daily,52001150,1-5,5,5
campaign75-geometric-daily,52001150,6-10,4,4
campaign75-geometric-daily,52001150,11-20,7,6
campaign75-geometric-daily,52001150,21-35,0,0
campaign75-geometric-daily,52001150,36-50,0,0
telescoping-fixed,52001151,1-5,5,4
telescoping-fixed,52001151,6-10,5,3
telescoping-fixed,52001151,11-20,6,2
telescoping-fixed,52001151,21-35,0,0
telescoping-fixed,52001151,36-50,0,0
campaign75-fixed-daily,52001151,1-5,5,4
campaign75-fixed-daily,52001151,6-10,5,3
campaign75-fixed-daily,52001151,11-20,6,4
campaign75-fixed-daily,52001151,21-35,0,0
campaign75-fixed-daily,52001151,36-50,0,0
campaign75-geometric-daily,52001151,1-5,5,4
campaign75-geometric-daily,52001151,6-10,5,3
campaign75-geometric-daily,52001151,11-20,6,4
campaign75-geometric-daily,52001151,21-35,0,0
campaign75-geometric-daily,52001151,36-50,0,0
telescoping-fixed,52001152,1-5,5,4
telescoping-fixed,52001152,6-10,5,3
telescoping-fixed,52001152,11-20,5,0
telescoping-fixed,52001152,21-35,1,0
telescoping-fixed,52001152,36-50,0,0
campaign75-fixed-daily,52001152,1-5,5,4
campaign75-fixed-daily,52001152,6-10,5,3
campaign75-fixed-daily,52001152,11-20,5,0
campaign75-fixed-daily,52001152,21-35,1,0
campaign75-fixed-daily,52001152,36-50,0,0
campaign75-geometric-daily,52001152,1-5,5,4
campaign75-geometric-daily,52001152,6-10,5,4
campaign75-geometric-daily,52001152,11-20,5,5
campaign75-geometric-daily,52001152,21-35,1,0
campaign75-geometric-daily,52001152,36-50,0,0
telescoping-fixed,52001153,1-5,5,0
telescoping-fixed,52001153,6-10,5,0
telescoping-fixed,52001153,11-20,5,0
telescoping-fixed,52001153,21-35,1,0
telescoping-fixed,52001153,36-50,0,0
campaign75-fixed-daily,52001153,1-5,5,0
campaign75-fixed-daily,52001153,6-10,5,0
campaign75-fixed-daily,52001153,11-20,5,0
campaign75-fixed-daily,52001153,21-35,1,0
campaign75-fixed-daily,52001153,36-50,0,0
campaign75-geometric-daily,52001153,1-5,5,0
campaign75-geometric-daily,52001153,6-10,5,0
campaign75-geometric-daily,52001153,11-20,5,0
campaign75-geometric-daily,52001153,21-35,1,0
campaign75-geometric-daily,52001153,36-50,0,0
telescoping-fixed,52001154,1-5,5,3
telescoping-fixed,52001154,6-10,5,2
telescoping-fixed,52001154,11-20,5,1
telescoping-fixed,52001154,21-35,1,0
telescoping-fixed,52001154,36-50,0,0
campaign75-fixed-daily,52001154,1-5,5,3
campaign75-fixed-daily,52001154,6-10,5,2
campaign75-fixed-daily,52001154,11-20,5,1
campaign75-fixed-daily,52001154,21-35,1,0
campaign75-fixed-daily,52001154,36-50,0,0
campaign75-geometric-daily,52001154,1-5,5,3
campaign75-geometric-daily,52001154,6-10,5,2
campaign75-geometric-daily,52001154,11-20,5,1
campaign75-geometric-daily,52001154,21-35,1,0
campaign75-geometric-daily,52001154,36-50,0,0
telescoping-fixed,52001155,1-5,5,1
telescoping-fixed,52001155,6-10,5,0
telescoping-fixed,52001155,11-20,6,0
telescoping-fixed,52001155,21-35,0,0
telescoping-fixed,52001155,36-50,0,0
campaign75-fixed-daily,52001155,1-5,5,0
campaign75-fixed-daily,52001155,6-10,5,0
campaign75-fixed-daily,52001155,11-20,6,0
campaign75-fixed-daily,52001155,21-35,0,0
campaign75-fixed-daily,52001155,36-50,0,0
campaign75-geometric-daily,52001155,1-5,5,0
campaign75-geometric-daily,52001155,6-10,5,0
campaign75-geometric-daily,52001155,11-20,6,0
campaign75-geometric-daily,52001155,21-35,0,0
campaign75-geometric-daily,52001155,36-50,0,0
telescoping-fixed,52001156,1-5,5,5
telescoping-fixed,52001156,6-10,3,2
telescoping-fixed,52001156,11-20,8,3
telescoping-fixed,52001156,21-35,0,0
telescoping-fixed,52001156,36-50,0,0
campaign75-fixed-daily,52001156,1-5,5,5
campaign75-fixed-daily,52001156,6-10,3,2
campaign75-fixed-daily,52001156,11-20,8,5
campaign75-fixed-daily,52001156,21-35,0,0
campaign75-fixed-daily,52001156,36-50,0,0
campaign75-geometric-daily,52001156,1-5,5,5
campaign75-geometric-daily,52001156,6-10,3,2
campaign75-geometric-daily,52001156,11-20,8,5
campaign75-geometric-daily,52001156,21-35,0,0
campaign75-geometric-daily,52001156,36-50,0,0
telescoping-fixed,52001157,1-5,5,5
telescoping-fixed,52001157,6-10,5,5
telescoping-fixed,52001157,11-20,6,6
telescoping-fixed,52001157,21-35,0,0
telescoping-fixed,52001157,36-50,0,0
campaign75-fixed-daily,52001157,1-5,5,5
campaign75-fixed-daily,52001157,6-10,5,5
campaign75-fixed-daily,52001157,11-20,6,6
campaign75-fixed-daily,52001157,21-35,0,0
campaign75-fixed-daily,52001157,36-50,0,0
campaign75-geometric-daily,52001157,1-5,5,5
campaign75-geometric-daily,52001157,6-10,5,5
campaign75-geometric-daily,52001157,11-20,6,6
campaign75-geometric-daily,52001157,21-35,0,0
campaign75-geometric-daily,52001157,36-50,0,0
telescoping-fixed,52001158,1-5,5,2
telescoping-fixed,52001158,6-10,4,1
telescoping-fixed,52001158,11-20,5,0
telescoping-fixed,52001158,21-35,2,0
telescoping-fixed,52001158,36-50,0,0
campaign75-fixed-daily,52001158,1-5,5,2
campaign75-fixed-daily,52001158,6-10,4,1
campaign75-fixed-daily,52001158,11-20,5,0
campaign75-fixed-daily,52001158,21-35,2,0
campaign75-fixed-daily,52001158,36-50,0,0
campaign75-geometric-daily,52001158,1-5,5,2
campaign75-geometric-daily,52001158,6-10,4,1
campaign75-geometric-daily,52001158,11-20,5,0
campaign75-geometric-daily,52001158,21-35,2,0
campaign75-geometric-daily,52001158,36-50,0,0
telescoping-fixed,52001159,1-5,5,3
telescoping-fixed,52001159,6-10,5,3
telescoping-fixed,52001159,11-20,6,4
telescoping-fixed,52001159,21-35,0,0
telescoping-fixed,52001159,36-50,0,0
campaign75-fixed-daily,52001159,1-5,5,3
campaign75-fixed-daily,52001159,6-10,5,5
campaign75-fixed-daily,52001159,11-20,6,6
campaign75-fixed-daily,52001159,21-35,0,0
campaign75-fixed-daily,52001159,36-50,0,0
campaign75-geometric-daily,52001159,1-5,5,3
campaign75-geometric-daily,52001159,6-10,5,5
campaign75-geometric-daily,52001159,11-20,6,6
campaign75-geometric-daily,52001159,21-35,0,0
campaign75-geometric-daily,52001159,36-50,0,0
telescoping-fixed,52001160,1-5,5,5
telescoping-fixed,52001160,6-10,4,4
telescoping-fixed,52001160,11-20,5,4
telescoping-fixed,52001160,21-35,2,0
telescoping-fixed,52001160,36-50,0,0
campaign75-fixed-daily,52001160,1-5,5,5
campaign75-fixed-daily,52001160,6-10,4,4
campaign75-fixed-daily,52001160,11-20,5,5
campaign75-fixed-daily,52001160,21-35,2,2
campaign75-fixed-daily,52001160,36-50,0,0
campaign75-geometric-daily,52001160,1-5,5,5
campaign75-geometric-daily,52001160,6-10,4,4
campaign75-geometric-daily,52001160,11-20,5,5
campaign75-geometric-daily,52001160,21-35,2,2
campaign75-geometric-daily,52001160,36-50,0,0
telescoping-fixed,52001161,1-5,5,2
telescoping-fixed,52001161,6-10,5,0
telescoping-fixed,52001161,11-20,5,0
telescoping-fixed,52001161,21-35,1,0
telescoping-fixed,52001161,36-50,0,0
campaign75-fixed-daily,52001161,1-5,5,1
campaign75-fixed-daily,52001161,6-10,5,0
campaign75-fixed-daily,52001161,11-20,5,0
campaign75-fixed-daily,52001161,21-35,1,0
campaign75-fixed-daily,52001161,36-50,0,0
campaign75-geometric-daily,52001161,1-5,5,1
campaign75-geometric-daily,52001161,6-10,5,0
campaign75-geometric-daily,52001161,11-20,5,0
campaign75-geometric-daily,52001161,21-35,1,0
campaign75-geometric-daily,52001161,36-50,0,0
telescoping-fixed,52001162,1-5,5,5
telescoping-fixed,52001162,6-10,5,4
telescoping-fixed,52001162,11-20,5,2
telescoping-fixed,52001162,21-35,1,0
telescoping-fixed,52001162,36-50,0,0
campaign75-fixed-daily,52001162,1-5,5,5
campaign75-fixed-daily,52001162,6-10,5,5
campaign75-fixed-daily,52001162,11-20,5,3
campaign75-fixed-daily,52001162,21-35,1,0
campaign75-fixed-daily,52001162,36-50,0,0
campaign75-geometric-daily,52001162,1-5,5,5
campaign75-geometric-daily,52001162,6-10,5,4
campaign75-geometric-daily,52001162,11-20,5,3
campaign75-geometric-daily,52001162,21-35,1,0
campaign75-geometric-daily,52001162,36-50,0,0
telescoping-fixed,52001163,1-5,5,5
telescoping-fixed,52001163,6-10,5,2
telescoping-fixed,52001163,11-20,6,2
telescoping-fixed,52001163,21-35,0,0
telescoping-fixed,52001163,36-50,0,0
campaign75-fixed-daily,52001163,1-5,5,5
campaign75-fixed-daily,52001163,6-10,5,3
campaign75-fixed-daily,52001163,11-20,6,3
campaign75-fixed-daily,52001163,21-35,0,0
campaign75-fixed-daily,52001163,36-50,0,0
campaign75-geometric-daily,52001163,1-5,5,5
campaign75-geometric-daily,52001163,6-10,5,2
campaign75-geometric-daily,52001163,11-20,6,3
campaign75-geometric-daily,52001163,21-35,0,0
campaign75-geometric-daily,52001163,36-50,0,0
telescoping-fixed,52001164,1-5,5,4
telescoping-fixed,52001164,6-10,5,4
telescoping-fixed,52001164,11-20,5,3
telescoping-fixed,52001164,21-35,1,0
telescoping-fixed,52001164,36-50,0,0
campaign75-fixed-daily,52001164,1-5,5,4
campaign75-fixed-daily,52001164,6-10,5,4
campaign75-fixed-daily,52001164,11-20,5,4
campaign75-fixed-daily,52001164,21-35,1,0
campaign75-fixed-daily,52001164,36-50,0,0
campaign75-geometric-daily,52001164,1-5,5,4
campaign75-geometric-daily,52001164,6-10,5,4
campaign75-geometric-daily,52001164,11-20,5,3
campaign75-geometric-daily,52001164,21-35,1,0
campaign75-geometric-daily,52001164,36-50,0,0
telescoping-fixed,52001165,1-5,5,5
telescoping-fixed,52001165,6-10,5,5
telescoping-fixed,52001165,11-20,4,4
telescoping-fixed,52001165,21-35,2,1
telescoping-fixed,52001165,36-50,0,0
campaign75-fixed-daily,52001165,1-5,5,5
campaign75-fixed-daily,52001165,6-10,5,5
campaign75-fixed-daily,52001165,11-20,4,4
campaign75-fixed-daily,52001165,21-35,2,2
campaign75-fixed-daily,52001165,36-50,0,0
campaign75-geometric-daily,52001165,1-5,5,5
campaign75-geometric-daily,52001165,6-10,5,5
campaign75-geometric-daily,52001165,11-20,4,4
campaign75-geometric-daily,52001165,21-35,2,2
campaign75-geometric-daily,52001165,36-50,0,0
telescoping-fixed,52001166,1-5,5,5
telescoping-fixed,52001166,6-10,5,3
telescoping-fixed,52001166,11-20,6,3
telescoping-fixed,52001166,21-35,0,0
telescoping-fixed,52001166,36-50,0,0
campaign75-fixed-daily,52001166,1-5,5,5
campaign75-fixed-daily,52001166,6-10,5,4
campaign75-fixed-daily,52001166,11-20,6,3
campaign75-fixed-daily,52001166,21-35,0,0
campaign75-fixed-daily,52001166,36-50,0,0
campaign75-geometric-daily,52001166,1-5,5,5
campaign75-geometric-daily,52001166,6-10,5,4
campaign75-geometric-daily,52001166,11-20,6,3
campaign75-geometric-daily,52001166,21-35,0,0
campaign75-geometric-daily,52001166,36-50,0,0
telescoping-fixed,52001167,1-5,4,1
telescoping-fixed,52001167,6-10,5,2
telescoping-fixed,52001167,11-20,6,0
telescoping-fixed,52001167,21-35,1,0
telescoping-fixed,52001167,36-50,0,0
campaign75-fixed-daily,52001167,1-5,4,1
campaign75-fixed-daily,52001167,6-10,5,2
campaign75-fixed-daily,52001167,11-20,6,0
campaign75-fixed-daily,52001167,21-35,1,0
campaign75-fixed-daily,52001167,36-50,0,0
campaign75-geometric-daily,52001167,1-5,4,1
campaign75-geometric-daily,52001167,6-10,5,2
campaign75-geometric-daily,52001167,11-20,6,0
campaign75-geometric-daily,52001167,21-35,1,0
campaign75-geometric-daily,52001167,36-50,0,0
telescoping-fixed,52001168,1-5,5,4
telescoping-fixed,52001168,6-10,5,5
telescoping-fixed,52001168,11-20,4,1
telescoping-fixed,52001168,21-35,1,0
telescoping-fixed,52001168,36-50,1,0
campaign75-fixed-daily,52001168,1-5,5,4
campaign75-fixed-daily,52001168,6-10,5,5
campaign75-fixed-daily,52001168,11-20,4,2
campaign75-fixed-daily,52001168,21-35,1,0
campaign75-fixed-daily,52001168,36-50,1,0
campaign75-geometric-daily,52001168,1-5,5,4
campaign75-geometric-daily,52001168,6-10,5,5
campaign75-geometric-daily,52001168,11-20,4,3
campaign75-geometric-daily,52001168,21-35,1,1
campaign75-geometric-daily,52001168,36-50,1,0
telescoping-fixed,52001169,1-5,5,4
telescoping-fixed,52001169,6-10,5,2
telescoping-fixed,52001169,11-20,3,2
telescoping-fixed,52001169,21-35,3,0
telescoping-fixed,52001169,36-50,0,0
campaign75-fixed-daily,52001169,1-5,5,4
campaign75-fixed-daily,52001169,6-10,5,5
campaign75-fixed-daily,52001169,11-20,3,3
campaign75-fixed-daily,52001169,21-35,3,0
campaign75-fixed-daily,52001169,36-50,0,0
campaign75-geometric-daily,52001169,1-5,5,4
campaign75-geometric-daily,52001169,6-10,5,5
campaign75-geometric-daily,52001169,11-20,3,3
campaign75-geometric-daily,52001169,21-35,3,3
campaign75-geometric-daily,52001169,36-50,0,0
telescoping-fixed,52001170,1-5,5,5
telescoping-fixed,52001170,6-10,4,4
telescoping-fixed,52001170,11-20,6,4
telescoping-fixed,52001170,21-35,1,0
telescoping-fixed,52001170,36-50,0,0
campaign75-fixed-daily,52001170,1-5,5,5
campaign75-fixed-daily,52001170,6-10,4,4
campaign75-fixed-daily,52001170,11-20,6,5
campaign75-fixed-daily,52001170,21-35,1,1
campaign75-fixed-daily,52001170,36-50,0,0
campaign75-geometric-daily,52001170,1-5,5,5
campaign75-geometric-daily,52001170,6-10,4,4
campaign75-geometric-daily,52001170,11-20,6,4
campaign75-geometric-daily,52001170,21-35,1,1
campaign75-geometric-daily,52001170,36-50,0,0
telescoping-fixed,52001171,1-5,5,5
telescoping-fixed,52001171,6-10,5,5
telescoping-fixed,52001171,11-20,6,2
telescoping-fixed,52001171,21-35,0,0
telescoping-fixed,52001171,36-50,0,0
campaign75-fixed-daily,52001171,1-5,5,5
campaign75-fixed-daily,52001171,6-10,5,5
campaign75-fixed-daily,52001171,11-20,6,6
campaign75-fixed-daily,52001171,21-35,0,0
campaign75-fixed-daily,52001171,36-50,0,0
campaign75-geometric-daily,52001171,1-5,5,5
campaign75-geometric-daily,52001171,6-10,5,5
campaign75-geometric-daily,52001171,11-20,6,6
campaign75-geometric-daily,52001171,21-35,0,0
campaign75-geometric-daily,52001171,36-50,0,0
telescoping-fixed,52001172,1-5,5,5
telescoping-fixed,52001172,6-10,5,1
telescoping-fixed,52001172,11-20,6,0
telescoping-fixed,52001172,21-35,0,0
telescoping-fixed,52001172,36-50,0,0
campaign75-fixed-daily,52001172,1-5,5,5
campaign75-fixed-daily,52001172,6-10,5,2
campaign75-fixed-daily,52001172,11-20,6,0
campaign75-fixed-daily,52001172,21-35,0,0
campaign75-fixed-daily,52001172,36-50,0,0
campaign75-geometric-daily,52001172,1-5,5,5
campaign75-geometric-daily,52001172,6-10,5,4
campaign75-geometric-daily,52001172,11-20,6,4
campaign75-geometric-daily,52001172,21-35,0,0
campaign75-geometric-daily,52001172,36-50,0,0
telescoping-fixed,52001173,1-5,5,5
telescoping-fixed,52001173,6-10,5,5
telescoping-fixed,52001173,11-20,5,5
telescoping-fixed,52001173,21-35,1,1
telescoping-fixed,52001173,36-50,0,0
campaign75-fixed-daily,52001173,1-5,5,5
campaign75-fixed-daily,52001173,6-10,5,5
campaign75-fixed-daily,52001173,11-20,5,5
campaign75-fixed-daily,52001173,21-35,1,1
campaign75-fixed-daily,52001173,36-50,0,0
campaign75-geometric-daily,52001173,1-5,5,5
campaign75-geometric-daily,52001173,6-10,5,5
campaign75-geometric-daily,52001173,11-20,5,5
campaign75-geometric-daily,52001173,21-35,1,1
campaign75-geometric-daily,52001173,36-50,0,0
telescoping-fixed,52001174,1-5,5,5
telescoping-fixed,52001174,6-10,5,5
telescoping-fixed,52001174,11-20,6,5
telescoping-fixed,52001174,21-35,0,0
telescoping-fixed,52001174,36-50,0,0
campaign75-fixed-daily,52001174,1-5,5,5
campaign75-fixed-daily,52001174,6-10,5,5
campaign75-fixed-daily,52001174,11-20,6,6
campaign75-fixed-daily,52001174,21-35,0,0
campaign75-fixed-daily,52001174,36-50,0,0
campaign75-geometric-daily,52001174,1-5,5,5
campaign75-geometric-daily,52001174,6-10,5,5
campaign75-geometric-daily,52001174,11-20,6,6
campaign75-geometric-daily,52001174,21-35,0,0
campaign75-geometric-daily,52001174,36-50,0,0
telescoping-fixed,52001175,1-5,5,5
telescoping-fixed,52001175,6-10,5,5
telescoping-fixed,52001175,11-20,5,3
telescoping-fixed,52001175,21-35,1,0
telescoping-fixed,52001175,36-50,0,0
campaign75-fixed-daily,52001175,1-5,5,5
campaign75-fixed-daily,52001175,6-10,5,5
campaign75-fixed-daily,52001175,11-20,5,5
campaign75-fixed-daily,52001175,21-35,1,0
campaign75-fixed-daily,52001175,36-50,0,0
campaign75-geometric-daily,52001175,1-5,5,5
campaign75-geometric-daily,52001175,6-10,5,5
campaign75-geometric-daily,52001175,11-20,5,5
campaign75-geometric-daily,52001175,21-35,1,1
campaign75-geometric-daily,52001175,36-50,0,0
telescoping-fixed,52001176,1-5,5,4
telescoping-fixed,52001176,6-10,5,4
telescoping-fixed,52001176,11-20,5,3
telescoping-fixed,52001176,21-35,1,0
telescoping-fixed,52001176,36-50,0,0
campaign75-fixed-daily,52001176,1-5,5,3
campaign75-fixed-daily,52001176,6-10,5,4
campaign75-fixed-daily,52001176,11-20,5,4
campaign75-fixed-daily,52001176,21-35,1,0
campaign75-fixed-daily,52001176,36-50,0,0
campaign75-geometric-daily,52001176,1-5,5,3
campaign75-geometric-daily,52001176,6-10,5,4
campaign75-geometric-daily,52001176,11-20,5,3
campaign75-geometric-daily,52001176,21-35,1,0
campaign75-geometric-daily,52001176,36-50,0,0
telescoping-fixed,52001177,1-5,5,5
telescoping-fixed,52001177,6-10,5,4
telescoping-fixed,52001177,11-20,5,0
telescoping-fixed,52001177,21-35,1,0
telescoping-fixed,52001177,36-50,0,0
campaign75-fixed-daily,52001177,1-5,5,3
campaign75-fixed-daily,52001177,6-10,5,4
campaign75-fixed-daily,52001177,11-20,5,0
campaign75-fixed-daily,52001177,21-35,1,0
campaign75-fixed-daily,52001177,36-50,0,0
campaign75-geometric-daily,52001177,1-5,5,3
campaign75-geometric-daily,52001177,6-10,5,4
campaign75-geometric-daily,52001177,11-20,5,0
campaign75-geometric-daily,52001177,21-35,1,0
campaign75-geometric-daily,52001177,36-50,0,0
telescoping-fixed,52001178,1-5,5,5
telescoping-fixed,52001178,6-10,5,4
telescoping-fixed,52001178,11-20,4,1
telescoping-fixed,52001178,21-35,2,0
telescoping-fixed,52001178,36-50,0,0
campaign75-fixed-daily,52001178,1-5,5,4
campaign75-fixed-daily,52001178,6-10,5,4
campaign75-fixed-daily,52001178,11-20,4,3
campaign75-fixed-daily,52001178,21-35,2,0
campaign75-fixed-daily,52001178,36-50,0,0
campaign75-geometric-daily,52001178,1-5,5,4
campaign75-geometric-daily,52001178,6-10,5,4
campaign75-geometric-daily,52001178,11-20,4,3
campaign75-geometric-daily,52001178,21-35,2,0
campaign75-geometric-daily,52001178,36-50,0,0
telescoping-fixed,52001179,1-5,5,4
telescoping-fixed,52001179,6-10,5,2
telescoping-fixed,52001179,11-20,5,1
telescoping-fixed,52001179,21-35,1,0
telescoping-fixed,52001179,36-50,0,0
campaign75-fixed-daily,52001179,1-5,5,4
campaign75-fixed-daily,52001179,6-10,5,2
campaign75-fixed-daily,52001179,11-20,5,3
campaign75-fixed-daily,52001179,21-35,1,1
campaign75-fixed-daily,52001179,36-50,0,0
campaign75-geometric-daily,52001179,1-5,5,4
campaign75-geometric-daily,52001179,6-10,5,2
campaign75-geometric-daily,52001179,11-20,5,3
campaign75-geometric-daily,52001179,21-35,1,1
campaign75-geometric-daily,52001179,36-50,0,0
telescoping-fixed,52001180,1-5,5,5
telescoping-fixed,52001180,6-10,5,4
telescoping-fixed,52001180,11-20,5,4
telescoping-fixed,52001180,21-35,1,0
telescoping-fixed,52001180,36-50,0,0
campaign75-fixed-daily,52001180,1-5,5,5
campaign75-fixed-daily,52001180,6-10,5,5
campaign75-fixed-daily,52001180,11-20,5,4
campaign75-fixed-daily,52001180,21-35,1,0
campaign75-fixed-daily,52001180,36-50,0,0
campaign75-geometric-daily,52001180,1-5,5,5
campaign75-geometric-daily,52001180,6-10,5,5
campaign75-geometric-daily,52001180,11-20,5,4
campaign75-geometric-daily,52001180,21-35,1,1
campaign75-geometric-daily,52001180,36-50,0,0
telescoping-fixed,52001181,1-5,5,5
telescoping-fixed,52001181,6-10,5,4
telescoping-fixed,52001181,11-20,6,2
telescoping-fixed,52001181,21-35,0,0
telescoping-fixed,52001181,36-50,0,0
campaign75-fixed-daily,52001181,1-5,5,5
campaign75-fixed-daily,52001181,6-10,5,4
campaign75-fixed-daily,52001181,11-20,6,3
campaign75-fixed-daily,52001181,21-35,0,0
campaign75-fixed-daily,52001181,36-50,0,0
campaign75-geometric-daily,52001181,1-5,5,5
campaign75-geometric-daily,52001181,6-10,5,4
campaign75-geometric-daily,52001181,11-20,6,6
campaign75-geometric-daily,52001181,21-35,0,0
campaign75-geometric-daily,52001181,36-50,0,0
telescoping-fixed,52001182,1-5,5,5
telescoping-fixed,52001182,6-10,5,1
telescoping-fixed,52001182,11-20,6,1
telescoping-fixed,52001182,21-35,0,0
telescoping-fixed,52001182,36-50,0,0
campaign75-fixed-daily,52001182,1-5,5,4
campaign75-fixed-daily,52001182,6-10,5,1
campaign75-fixed-daily,52001182,11-20,6,2
campaign75-fixed-daily,52001182,21-35,0,0
campaign75-fixed-daily,52001182,36-50,0,0
campaign75-geometric-daily,52001182,1-5,5,4
campaign75-geometric-daily,52001182,6-10,5,1
campaign75-geometric-daily,52001182,11-20,6,1
campaign75-geometric-daily,52001182,21-35,0,0
campaign75-geometric-daily,52001182,36-50,0,0
telescoping-fixed,52001183,1-5,5,5
telescoping-fixed,52001183,6-10,4,3
telescoping-fixed,52001183,11-20,6,3
telescoping-fixed,52001183,21-35,1,0
telescoping-fixed,52001183,36-50,0,0
campaign75-fixed-daily,52001183,1-5,5,5
campaign75-fixed-daily,52001183,6-10,4,4
campaign75-fixed-daily,52001183,11-20,6,3
campaign75-fixed-daily,52001183,21-35,1,1
campaign75-fixed-daily,52001183,36-50,0,0
campaign75-geometric-daily,52001183,1-5,5,5
campaign75-geometric-daily,52001183,6-10,4,4
campaign75-geometric-daily,52001183,11-20,6,3
campaign75-geometric-daily,52001183,21-35,1,1
campaign75-geometric-daily,52001183,36-50,0,0
telescoping-fixed,52001184,1-5,5,5
telescoping-fixed,52001184,6-10,5,5
telescoping-fixed,52001184,11-20,5,3
telescoping-fixed,52001184,21-35,1,1
telescoping-fixed,52001184,36-50,0,0
campaign75-fixed-daily,52001184,1-5,5,5
campaign75-fixed-daily,52001184,6-10,5,5
campaign75-fixed-daily,52001184,11-20,5,3
campaign75-fixed-daily,52001184,21-35,1,1
campaign75-fixed-daily,52001184,36-50,0,0
campaign75-geometric-daily,52001184,1-5,5,5
campaign75-geometric-daily,52001184,6-10,5,5
campaign75-geometric-daily,52001184,11-20,5,5
campaign75-geometric-daily,52001184,21-35,1,1
campaign75-geometric-daily,52001184,36-50,0,0
telescoping-fixed,52001185,1-5,5,5
telescoping-fixed,52001185,6-10,5,1
telescoping-fixed,52001185,11-20,5,1
telescoping-fixed,52001185,21-35,1,0
telescoping-fixed,52001185,36-50,0,0
campaign75-fixed-daily,52001185,1-5,5,5
campaign75-fixed-daily,52001185,6-10,5,2
campaign75-fixed-daily,52001185,11-20,5,2
campaign75-fixed-daily,52001185,21-35,1,0
campaign75-fixed-daily,52001185,36-50,0,0
campaign75-geometric-daily,52001185,1-5,5,5
campaign75-geometric-daily,52001185,6-10,5,2
campaign75-geometric-daily,52001185,11-20,5,2
campaign75-geometric-daily,52001185,21-35,1,0
campaign75-geometric-daily,52001185,36-50,0,0
telescoping-fixed,52001186,1-5,5,4
telescoping-fixed,52001186,6-10,5,1
telescoping-fixed,52001186,11-20,6,1
telescoping-fixed,52001186,21-35,0,0
telescoping-fixed,52001186,36-50,0,0
campaign75-fixed-daily,52001186,1-5,5,4
campaign75-fixed-daily,52001186,6-10,5,3
campaign75-fixed-daily,52001186,11-20,6,3
campaign75-fixed-daily,52001186,21-35,0,0
campaign75-fixed-daily,52001186,36-50,0,0
campaign75-geometric-daily,52001186,1-5,5,4
campaign75-geometric-daily,52001186,6-10,5,3
campaign75-geometric-daily,52001186,11-20,6,5
campaign75-geometric-daily,52001186,21-35,0,0
campaign75-geometric-daily,52001186,36-50,0,0
telescoping-fixed,52001187,1-5,5,3
telescoping-fixed,52001187,6-10,5,2
telescoping-fixed,52001187,11-20,6,2
telescoping-fixed,52001187,21-35,0,0
telescoping-fixed,52001187,36-50,0,0
campaign75-fixed-daily,52001187,1-5,5,2
campaign75-fixed-daily,52001187,6-10,5,2
campaign75-fixed-daily,52001187,11-20,6,4
campaign75-fixed-daily,52001187,21-35,0,0
campaign75-fixed-daily,52001187,36-50,0,0
campaign75-geometric-daily,52001187,1-5,5,2
campaign75-geometric-daily,52001187,6-10,5,2
campaign75-geometric-daily,52001187,11-20,6,4
campaign75-geometric-daily,52001187,21-35,0,0
campaign75-geometric-daily,52001187,36-50,0,0
telescoping-fixed,52001188,1-5,5,5
telescoping-fixed,52001188,6-10,5,5
telescoping-fixed,52001188,11-20,4,4
telescoping-fixed,52001188,21-35,2,1
telescoping-fixed,52001188,36-50,0,0
campaign75-fixed-daily,52001188,1-5,5,5
campaign75-fixed-daily,52001188,6-10,5,5
campaign75-fixed-daily,52001188,11-20,4,4
campaign75-fixed-daily,52001188,21-35,2,2
campaign75-fixed-daily,52001188,36-50,0,0
campaign75-geometric-daily,52001188,1-5,5,5
campaign75-geometric-daily,52001188,6-10,5,5
campaign75-geometric-daily,52001188,11-20,4,4
campaign75-geometric-daily,52001188,21-35,2,2
campaign75-geometric-daily,52001188,36-50,0,0
telescoping-fixed,52001189,1-5,5,5
telescoping-fixed,52001189,6-10,4,4
telescoping-fixed,52001189,11-20,6,4
telescoping-fixed,52001189,21-35,1,0
telescoping-fixed,52001189,36-50,0,0
campaign75-fixed-daily,52001189,1-5,5,5
campaign75-fixed-daily,52001189,6-10,4,4
campaign75-fixed-daily,52001189,11-20,6,6
campaign75-fixed-daily,52001189,21-35,1,1
campaign75-fixed-daily,52001189,36-50,0,0
campaign75-geometric-daily,52001189,1-5,5,5
campaign75-geometric-daily,52001189,6-10,4,4
campaign75-geometric-daily,52001189,11-20,6,5
campaign75-geometric-daily,52001189,21-35,1,1
campaign75-geometric-daily,52001189,36-50,0,0
telescoping-fixed,52001190,1-5,5,5
telescoping-fixed,52001190,6-10,5,5
telescoping-fixed,52001190,11-20,4,4
telescoping-fixed,52001190,21-35,2,2
telescoping-fixed,52001190,36-50,0,0
campaign75-fixed-daily,52001190,1-5,5,5
campaign75-fixed-daily,52001190,6-10,5,5
campaign75-fixed-daily,52001190,11-20,4,4
campaign75-fixed-daily,52001190,21-35,2,2
campaign75-fixed-daily,52001190,36-50,0,0
campaign75-geometric-daily,52001190,1-5,5,5
campaign75-geometric-daily,52001190,6-10,5,5
campaign75-geometric-daily,52001190,11-20,4,4
campaign75-geometric-daily,52001190,21-35,2,2
campaign75-geometric-daily,52001190,36-50,0,0
telescoping-fixed,52001191,1-5,5,0
telescoping-fixed,52001191,6-10,4,0
telescoping-fixed,52001191,11-20,6,0
telescoping-fixed,52001191,21-35,1,0
telescoping-fixed,52001191,36-50,0,0
campaign75-fixed-daily,52001191,1-5,5,0
campaign75-fixed-daily,52001191,6-10,4,0
campaign75-fixed-daily,52001191,11-20,6,0
campaign75-fixed-daily,52001191,21-35,1,0
campaign75-fixed-daily,52001191,36-50,0,0
campaign75-geometric-daily,52001191,1-5,5,0
campaign75-geometric-daily,52001191,6-10,4,1
campaign75-geometric-daily,52001191,11-20,6,0
campaign75-geometric-daily,52001191,21-35,1,0
campaign75-geometric-daily,52001191,36-50,0,0
telescoping-fixed,52001192,1-5,5,5
telescoping-fixed,52001192,6-10,5,5
telescoping-fixed,52001192,11-20,5,5
telescoping-fixed,52001192,21-35,1,1
telescoping-fixed,52001192,36-50,0,0
campaign75-fixed-daily,52001192,1-5,5,5
campaign75-fixed-daily,52001192,6-10,5,5
campaign75-fixed-daily,52001192,11-20,5,5
campaign75-fixed-daily,52001192,21-35,1,1
campaign75-fixed-daily,52001192,36-50,0,0
campaign75-geometric-daily,52001192,1-5,5,5
campaign75-geometric-daily,52001192,6-10,5,5
campaign75-geometric-daily,52001192,11-20,5,5
campaign75-geometric-daily,52001192,21-35,1,1
campaign75-geometric-daily,52001192,36-50,0,0
telescoping-fixed,52001193,1-5,5,3
telescoping-fixed,52001193,6-10,4,1
telescoping-fixed,52001193,11-20,6,0
telescoping-fixed,52001193,21-35,1,0
telescoping-fixed,52001193,36-50,0,0
campaign75-fixed-daily,52001193,1-5,5,2
campaign75-fixed-daily,52001193,6-10,4,2
campaign75-fixed-daily,52001193,11-20,6,0
campaign75-fixed-daily,52001193,21-35,1,0
campaign75-fixed-daily,52001193,36-50,0,0
campaign75-geometric-daily,52001193,1-5,5,5
campaign75-geometric-daily,52001193,6-10,4,4
campaign75-geometric-daily,52001193,11-20,6,6
campaign75-geometric-daily,52001193,21-35,1,0
campaign75-geometric-daily,52001193,36-50,0,0
telescoping-fixed,52001194,1-5,5,5
telescoping-fixed,52001194,6-10,4,2
telescoping-fixed,52001194,11-20,7,0
telescoping-fixed,52001194,21-35,0,0
telescoping-fixed,52001194,36-50,0,0
campaign75-fixed-daily,52001194,1-5,5,4
campaign75-fixed-daily,52001194,6-10,4,3
campaign75-fixed-daily,52001194,11-20,7,0
campaign75-fixed-daily,52001194,21-35,0,0
campaign75-fixed-daily,52001194,36-50,0,0
campaign75-geometric-daily,52001194,1-5,5,4
campaign75-geometric-daily,52001194,6-10,4,4
campaign75-geometric-daily,52001194,11-20,7,5
campaign75-geometric-daily,52001194,21-35,0,0
campaign75-geometric-daily,52001194,36-50,0,0
telescoping-fixed,52001195,1-5,5,5
telescoping-fixed,52001195,6-10,5,5
telescoping-fixed,52001195,11-20,5,3
telescoping-fixed,52001195,21-35,1,0
telescoping-fixed,52001195,36-50,0,0
campaign75-fixed-daily,52001195,1-5,5,5
campaign75-fixed-daily,52001195,6-10,5,5
campaign75-fixed-daily,52001195,11-20,5,3
campaign75-fixed-daily,52001195,21-35,1,1
campaign75-fixed-daily,52001195,36-50,0,0
campaign75-geometric-daily,52001195,1-5,5,5
campaign75-geometric-daily,52001195,6-10,5,5
campaign75-geometric-daily,52001195,11-20,5,3
campaign75-geometric-daily,52001195,21-35,1,1
campaign75-geometric-daily,52001195,36-50,0,0
telescoping-fixed,52001196,1-5,5,5
telescoping-fixed,52001196,6-10,5,4
telescoping-fixed,52001196,11-20,4,1
telescoping-fixed,52001196,21-35,2,0
telescoping-fixed,52001196,36-50,0,0
campaign75-fixed-daily,52001196,1-5,5,5
campaign75-fixed-daily,52001196,6-10,5,5
campaign75-fixed-daily,52001196,11-20,4,1
campaign75-fixed-daily,52001196,21-35,2,0
campaign75-fixed-daily,52001196,36-50,0,0
campaign75-geometric-daily,52001196,1-5,5,5
campaign75-geometric-daily,52001196,6-10,5,5
campaign75-geometric-daily,52001196,11-20,4,2
campaign75-geometric-daily,52001196,21-35,2,0
campaign75-geometric-daily,52001196,36-50,0,0
telescoping-fixed,52001197,1-5,5,4
telescoping-fixed,52001197,6-10,5,0
telescoping-fixed,52001197,11-20,5,0
telescoping-fixed,52001197,21-35,1,0
telescoping-fixed,52001197,36-50,0,0
campaign75-fixed-daily,52001197,1-5,5,4
campaign75-fixed-daily,52001197,6-10,5,1
campaign75-fixed-daily,52001197,11-20,5,0
campaign75-fixed-daily,52001197,21-35,1,0
campaign75-fixed-daily,52001197,36-50,0,0
campaign75-geometric-daily,52001197,1-5,5,4
campaign75-geometric-daily,52001197,6-10,5,1
campaign75-geometric-daily,52001197,11-20,5,2
campaign75-geometric-daily,52001197,21-35,1,0
campaign75-geometric-daily,52001197,36-50,0,0
telescoping-fixed,52001198,1-5,5,4
telescoping-fixed,52001198,6-10,5,4
telescoping-fixed,52001198,11-20,6,2
telescoping-fixed,52001198,21-35,0,0
telescoping-fixed,52001198,36-50,0,0
campaign75-fixed-daily,52001198,1-5,5,3
campaign75-fixed-daily,52001198,6-10,5,5
campaign75-fixed-daily,52001198,11-20,6,5
campaign75-fixed-daily,52001198,21-35,0,0
campaign75-fixed-daily,52001198,36-50,0,0
campaign75-geometric-daily,52001198,1-5,5,3
campaign75-geometric-daily,52001198,6-10,5,5
campaign75-geometric-daily,52001198,11-20,6,5
campaign75-geometric-daily,52001198,21-35,0,0
campaign75-geometric-daily,52001198,36-50,0,0
telescoping-fixed,52001199,1-5,5,5
telescoping-fixed,52001199,6-10,5,5
telescoping-fixed,52001199,11-20,5,3
telescoping-fixed,52001199,21-35,1,0
telescoping-fixed,52001199,36-50,0,0
campaign75-fixed-daily,52001199,1-5,5,5
campaign75-fixed-daily,52001199,6-10,5,5
campaign75-fixed-daily,52001199,11-20,5,4
campaign75-fixed-daily,52001199,21-35,1,0
campaign75-fixed-daily,52001199,36-50,0,0
campaign75-geometric-daily,52001199,1-5,5,5
campaign75-geometric-daily,52001199,6-10,5,5
campaign75-geometric-daily,52001199,11-20,5,4
campaign75-geometric-daily,52001199,21-35,1,1
campaign75-geometric-daily,52001199,36-50,0,0
telescoping-fixed,52001200,1-5,5,5
telescoping-fixed,52001200,6-10,4,4
telescoping-fixed,52001200,11-20,6,4
telescoping-fixed,52001200,21-35,0,0
telescoping-fixed,52001200,36-50,1,0
campaign75-fixed-daily,52001200,1-5,5,5
campaign75-fixed-daily,52001200,6-10,4,4
campaign75-fixed-daily,52001200,11-20,6,6
campaign75-fixed-daily,52001200,21-35,0,0
campaign75-fixed-daily,52001200,36-50,1,0
campaign75-geometric-daily,52001200,1-5,5,5
campaign75-geometric-daily,52001200,6-10,4,4
campaign75-geometric-daily,52001200,11-20,6,6
campaign75-geometric-daily,52001200,21-35,0,0
campaign75-geometric-daily,52001200,36-50,1,0
telescoping-fixed,52001201,1-5,5,3
telescoping-fixed,52001201,6-10,5,0
telescoping-fixed,52001201,11-20,6,0
telescoping-fixed,52001201,21-35,0,0
telescoping-fixed,52001201,36-50,0,0
campaign75-fixed-daily,52001201,1-5,5,2
campaign75-fixed-daily,52001201,6-10,5,1
campaign75-fixed-daily,52001201,11-20,6,0
campaign75-fixed-daily,52001201,21-35,0,0
campaign75-fixed-daily,52001201,36-50,0,0
campaign75-geometric-daily,52001201,1-5,5,3
campaign75-geometric-daily,52001201,6-10,5,1
campaign75-geometric-daily,52001201,11-20,6,1
campaign75-geometric-daily,52001201,21-35,0,0
campaign75-geometric-daily,52001201,36-50,0,0
telescoping-fixed,52001202,1-5,5,5
telescoping-fixed,52001202,6-10,5,5
telescoping-fixed,52001202,11-20,6,6
telescoping-fixed,52001202,21-35,0,0
telescoping-fixed,52001202,36-50,0,0
campaign75-fixed-daily,52001202,1-5,5,5
campaign75-fixed-daily,52001202,6-10,5,5
campaign75-fixed-daily,52001202,11-20,6,6
campaign75-fixed-daily,52001202,21-35,0,0
campaign75-fixed-daily,52001202,36-50,0,0
campaign75-geometric-daily,52001202,1-5,5,5
campaign75-geometric-daily,52001202,6-10,5,5
campaign75-geometric-daily,52001202,11-20,6,6
campaign75-geometric-daily,52001202,21-35,0,0
campaign75-geometric-daily,52001202,36-50,0,0
telescoping-fixed,52001203,1-5,5,5
telescoping-fixed,52001203,6-10,5,5
telescoping-fixed,52001203,11-20,6,6
telescoping-fixed,52001203,21-35,0,0
telescoping-fixed,52001203,36-50,0,0
campaign75-fixed-daily,52001203,1-5,5,5
campaign75-fixed-daily,52001203,6-10,5,5
campaign75-fixed-daily,52001203,11-20,6,6
campaign75-fixed-daily,52001203,21-35,0,0
campaign75-fixed-daily,52001203,36-50,0,0
campaign75-geometric-daily,52001203,1-5,5,5
campaign75-geometric-daily,52001203,6-10,5,5
campaign75-geometric-daily,52001203,11-20,6,6
campaign75-geometric-daily,52001203,21-35,0,0
campaign75-geometric-daily,52001203,36-50,0,0
telescoping-fixed,52001204,1-5,5,5
telescoping-fixed,52001204,6-10,4,4
telescoping-fixed,52001204,11-20,5,3
telescoping-fixed,52001204,21-35,2,1
telescoping-fixed,52001204,36-50,0,0
campaign75-fixed-daily,52001204,1-5,5,5
campaign75-fixed-daily,52001204,6-10,4,4
campaign75-fixed-daily,52001204,11-20,5,4
campaign75-fixed-daily,52001204,21-35,2,1
campaign75-fixed-daily,52001204,36-50,0,0
campaign75-geometric-daily,52001204,1-5,5,5
campaign75-geometric-daily,52001204,6-10,4,4
campaign75-geometric-daily,52001204,11-20,5,4
campaign75-geometric-daily,52001204,21-35,2,2
campaign75-geometric-daily,52001204,36-50,0,0
telescoping-fixed,52001205,1-5,5,4
telescoping-fixed,52001205,6-10,5,2
telescoping-fixed,52001205,11-20,5,0
telescoping-fixed,52001205,21-35,1,0
telescoping-fixed,52001205,36-50,0,0
campaign75-fixed-daily,52001205,1-5,5,4
campaign75-fixed-daily,52001205,6-10,5,2
campaign75-fixed-daily,52001205,11-20,5,0
campaign75-fixed-daily,52001205,21-35,1,0
campaign75-fixed-daily,52001205,36-50,0,0
campaign75-geometric-daily,52001205,1-5,5,4
campaign75-geometric-daily,52001205,6-10,5,2
campaign75-geometric-daily,52001205,11-20,5,2
campaign75-geometric-daily,52001205,21-35,1,1
campaign75-geometric-daily,52001205,36-50,0,0
telescoping-fixed,52001206,1-5,5,1
telescoping-fixed,52001206,6-10,5,0
telescoping-fixed,52001206,11-20,4,1
telescoping-fixed,52001206,21-35,2,0
telescoping-fixed,52001206,36-50,0,0
campaign75-fixed-daily,52001206,1-5,5,1
campaign75-fixed-daily,52001206,6-10,5,0
campaign75-fixed-daily,52001206,11-20,4,1
campaign75-fixed-daily,52001206,21-35,2,0
campaign75-fixed-daily,52001206,36-50,0,0
campaign75-geometric-daily,52001206,1-5,5,1
campaign75-geometric-daily,52001206,6-10,5,0
campaign75-geometric-daily,52001206,11-20,4,1
campaign75-geometric-daily,52001206,21-35,2,0
campaign75-geometric-daily,52001206,36-50,0,0
telescoping-fixed,52001207,1-5,5,3
telescoping-fixed,52001207,6-10,5,0
telescoping-fixed,52001207,11-20,3,0
telescoping-fixed,52001207,21-35,3,0
telescoping-fixed,52001207,36-50,0,0
campaign75-fixed-daily,52001207,1-5,5,3
campaign75-fixed-daily,52001207,6-10,5,0
campaign75-fixed-daily,52001207,11-20,3,0
campaign75-fixed-daily,52001207,21-35,3,0
campaign75-fixed-daily,52001207,36-50,0,0
campaign75-geometric-daily,52001207,1-5,5,3
campaign75-geometric-daily,52001207,6-10,5,0
campaign75-geometric-daily,52001207,11-20,3,0
campaign75-geometric-daily,52001207,21-35,3,0
campaign75-geometric-daily,52001207,36-50,0,0
telescoping-fixed,52001208,1-5,5,3
telescoping-fixed,52001208,6-10,4,3
telescoping-fixed,52001208,11-20,5,0
telescoping-fixed,52001208,21-35,2,0
telescoping-fixed,52001208,36-50,0,0
campaign75-fixed-daily,52001208,1-5,5,3
campaign75-fixed-daily,52001208,6-10,4,3
campaign75-fixed-daily,52001208,11-20,5,2
campaign75-fixed-daily,52001208,21-35,2,0
campaign75-fixed-daily,52001208,36-50,0,0
campaign75-geometric-daily,52001208,1-5,5,3
campaign75-geometric-daily,52001208,6-10,4,3
campaign75-geometric-daily,52001208,11-20,5,1
campaign75-geometric-daily,52001208,21-35,2,1
campaign75-geometric-daily,52001208,36-50,0,0
telescoping-fixed,52001209,1-5,5,5
telescoping-fixed,52001209,6-10,5,1
telescoping-fixed,52001209,11-20,5,2
telescoping-fixed,52001209,21-35,1,0
telescoping-fixed,52001209,36-50,0,0
campaign75-fixed-daily,52001209,1-5,5,5
campaign75-fixed-daily,52001209,6-10,5,3
campaign75-fixed-daily,52001209,11-20,5,4
campaign75-fixed-daily,52001209,21-35,1,0
campaign75-fixed-daily,52001209,36-50,0,0
campaign75-geometric-daily,52001209,1-5,5,5
campaign75-geometric-daily,52001209,6-10,5,2
campaign75-geometric-daily,52001209,11-20,5,3
campaign75-geometric-daily,52001209,21-35,1,0
campaign75-geometric-daily,52001209,36-50,0,0
telescoping-fixed,52001210,1-5,5,5
telescoping-fixed,52001210,6-10,5,4
telescoping-fixed,52001210,11-20,5,5
telescoping-fixed,52001210,21-35,1,0
telescoping-fixed,52001210,36-50,0,0
campaign75-fixed-daily,52001210,1-5,5,5
campaign75-fixed-daily,52001210,6-10,5,4
campaign75-fixed-daily,52001210,11-20,5,5
campaign75-fixed-daily,52001210,21-35,1,1
campaign75-fixed-daily,52001210,36-50,0,0
campaign75-geometric-daily,52001210,1-5,5,5
campaign75-geometric-daily,52001210,6-10,5,4
campaign75-geometric-daily,52001210,11-20,5,5
campaign75-geometric-daily,52001210,21-35,1,1
campaign75-geometric-daily,52001210,36-50,0,0
telescoping-fixed,52001211,1-5,5,5
telescoping-fixed,52001211,6-10,4,4
telescoping-fixed,52001211,11-20,7,6
telescoping-fixed,52001211,21-35,0,0
telescoping-fixed,52001211,36-50,0,0
campaign75-fixed-daily,52001211,1-5,5,5
campaign75-fixed-daily,52001211,6-10,4,4
campaign75-fixed-daily,52001211,11-20,7,7
campaign75-fixed-daily,52001211,21-35,0,0
campaign75-fixed-daily,52001211,36-50,0,0
campaign75-geometric-daily,52001211,1-5,5,5
campaign75-geometric-daily,52001211,6-10,4,4
campaign75-geometric-daily,52001211,11-20,7,7
campaign75-geometric-daily,52001211,21-35,0,0
campaign75-geometric-daily,52001211,36-50,0,0
telescoping-fixed,52001212,1-5,5,5
telescoping-fixed,52001212,6-10,5,5
telescoping-fixed,52001212,11-20,6,3
telescoping-fixed,52001212,21-35,0,0
telescoping-fixed,52001212,36-50,0,0
campaign75-fixed-daily,52001212,1-5,5,5
campaign75-fixed-daily,52001212,6-10,5,5
campaign75-fixed-daily,52001212,11-20,6,5
campaign75-fixed-daily,52001212,21-35,0,0
campaign75-fixed-daily,52001212,36-50,0,0
campaign75-geometric-daily,52001212,1-5,5,5
campaign75-geometric-daily,52001212,6-10,5,5
campaign75-geometric-daily,52001212,11-20,6,5
campaign75-geometric-daily,52001212,21-35,0,0
campaign75-geometric-daily,52001212,36-50,0,0
telescoping-fixed,52001213,1-5,5,5
telescoping-fixed,52001213,6-10,4,4
telescoping-fixed,52001213,11-20,7,4
telescoping-fixed,52001213,21-35,0,0
telescoping-fixed,52001213,36-50,0,0
campaign75-fixed-daily,52001213,1-5,5,5
campaign75-fixed-daily,52001213,6-10,4,4
campaign75-fixed-daily,52001213,11-20,7,5
campaign75-fixed-daily,52001213,21-35,0,0
campaign75-fixed-daily,52001213,36-50,0,0
campaign75-geometric-daily,52001213,1-5,5,5
campaign75-geometric-daily,52001213,6-10,4,4
campaign75-geometric-daily,52001213,11-20,7,5
campaign75-geometric-daily,52001213,21-35,0,0
campaign75-geometric-daily,52001213,36-50,0,0
telescoping-fixed,52001214,1-5,5,5
telescoping-fixed,52001214,6-10,5,5
telescoping-fixed,52001214,11-20,6,2
telescoping-fixed,52001214,21-35,0,0
telescoping-fixed,52001214,36-50,0,0
campaign75-fixed-daily,52001214,1-5,5,5
campaign75-fixed-daily,52001214,6-10,5,5
campaign75-fixed-daily,52001214,11-20,6,3
campaign75-fixed-daily,52001214,21-35,0,0
campaign75-fixed-daily,52001214,36-50,0,0
campaign75-geometric-daily,52001214,1-5,5,5
campaign75-geometric-daily,52001214,6-10,5,5
campaign75-geometric-daily,52001214,11-20,6,6
campaign75-geometric-daily,52001214,21-35,0,0
campaign75-geometric-daily,52001214,36-50,0,0
telescoping-fixed,52001215,1-5,5,4
telescoping-fixed,52001215,6-10,5,1
telescoping-fixed,52001215,11-20,6,0
telescoping-fixed,52001215,21-35,0,0
telescoping-fixed,52001215,36-50,0,0
campaign75-fixed-daily,52001215,1-5,5,2
campaign75-fixed-daily,52001215,6-10,5,1
campaign75-fixed-daily,52001215,11-20,6,0
campaign75-fixed-daily,52001215,21-35,0,0
campaign75-fixed-daily,52001215,36-50,0,0
campaign75-geometric-daily,52001215,1-5,5,2
campaign75-geometric-daily,52001215,6-10,5,1
campaign75-geometric-daily,52001215,11-20,6,0
campaign75-geometric-daily,52001215,21-35,0,0
campaign75-geometric-daily,52001215,36-50,0,0
telescoping-fixed,52001216,1-5,5,4
telescoping-fixed,52001216,6-10,5,4
telescoping-fixed,52001216,11-20,5,1
telescoping-fixed,52001216,21-35,1,0
telescoping-fixed,52001216,36-50,0,0
campaign75-fixed-daily,52001216,1-5,5,5
campaign75-fixed-daily,52001216,6-10,5,5
campaign75-fixed-daily,52001216,11-20,5,4
campaign75-fixed-daily,52001216,21-35,1,1
campaign75-fixed-daily,52001216,36-50,0,0
campaign75-geometric-daily,52001216,1-5,5,5
campaign75-geometric-daily,52001216,6-10,5,5
campaign75-geometric-daily,52001216,11-20,5,4
campaign75-geometric-daily,52001216,21-35,1,1
campaign75-geometric-daily,52001216,36-50,0,0
telescoping-fixed,52001217,1-5,5,4
telescoping-fixed,52001217,6-10,5,2
telescoping-fixed,52001217,11-20,5,2
telescoping-fixed,52001217,21-35,1,0
telescoping-fixed,52001217,36-50,0,0
campaign75-fixed-daily,52001217,1-5,5,4
campaign75-fixed-daily,52001217,6-10,5,4
campaign75-fixed-daily,52001217,11-20,5,4
campaign75-fixed-daily,52001217,21-35,1,1
campaign75-fixed-daily,52001217,36-50,0,0
campaign75-geometric-daily,52001217,1-5,5,4
campaign75-geometric-daily,52001217,6-10,5,4
campaign75-geometric-daily,52001217,11-20,5,4
campaign75-geometric-daily,52001217,21-35,1,1
campaign75-geometric-daily,52001217,36-50,0,0
telescoping-fixed,52001218,1-5,5,4
telescoping-fixed,52001218,6-10,5,2
telescoping-fixed,52001218,11-20,6,1
telescoping-fixed,52001218,21-35,0,0
telescoping-fixed,52001218,36-50,0,0
campaign75-fixed-daily,52001218,1-5,5,4
campaign75-fixed-daily,52001218,6-10,5,2
campaign75-fixed-daily,52001218,11-20,6,1
campaign75-fixed-daily,52001218,21-35,0,0
campaign75-fixed-daily,52001218,36-50,0,0
campaign75-geometric-daily,52001218,1-5,5,4
campaign75-geometric-daily,52001218,6-10,5,2
campaign75-geometric-daily,52001218,11-20,6,1
campaign75-geometric-daily,52001218,21-35,0,0
campaign75-geometric-daily,52001218,36-50,0,0
telescoping-fixed,52001219,1-5,5,5
telescoping-fixed,52001219,6-10,5,5
telescoping-fixed,52001219,11-20,6,6
telescoping-fixed,52001219,21-35,0,0
telescoping-fixed,52001219,36-50,0,0
campaign75-fixed-daily,52001219,1-5,5,5
campaign75-fixed-daily,52001219,6-10,5,5
campaign75-fixed-daily,52001219,11-20,6,6
campaign75-fixed-daily,52001219,21-35,0,0
campaign75-fixed-daily,52001219,36-50,0,0
campaign75-geometric-daily,52001219,1-5,5,5
campaign75-geometric-daily,52001219,6-10,5,5
campaign75-geometric-daily,52001219,11-20,6,6
campaign75-geometric-daily,52001219,21-35,0,0
campaign75-geometric-daily,52001219,36-50,0,0
telescoping-fixed,52001220,1-5,5,5
telescoping-fixed,52001220,6-10,5,5
telescoping-fixed,52001220,11-20,6,2
telescoping-fixed,52001220,21-35,0,0
telescoping-fixed,52001220,36-50,0,0
campaign75-fixed-daily,52001220,1-5,5,5
campaign75-fixed-daily,52001220,6-10,5,5
campaign75-fixed-daily,52001220,11-20,6,3
campaign75-fixed-daily,52001220,21-35,0,0
campaign75-fixed-daily,52001220,36-50,0,0
campaign75-geometric-daily,52001220,1-5,5,5
campaign75-geometric-daily,52001220,6-10,5,5
campaign75-geometric-daily,52001220,11-20,6,2
campaign75-geometric-daily,52001220,21-35,0,0
campaign75-geometric-daily,52001220,36-50,0,0
telescoping-fixed,52001221,1-5,5,4
telescoping-fixed,52001221,6-10,5,0
telescoping-fixed,52001221,11-20,4,0
telescoping-fixed,52001221,21-35,1,0
telescoping-fixed,52001221,36-50,1,0
campaign75-fixed-daily,52001221,1-5,5,3
campaign75-fixed-daily,52001221,6-10,5,0
campaign75-fixed-daily,52001221,11-20,4,0
campaign75-fixed-daily,52001221,21-35,1,0
campaign75-fixed-daily,52001221,36-50,1,0
campaign75-geometric-daily,52001221,1-5,5,3
campaign75-geometric-daily,52001221,6-10,5,2
campaign75-geometric-daily,52001221,11-20,4,0
campaign75-geometric-daily,52001221,21-35,1,0
campaign75-geometric-daily,52001221,36-50,1,0
telescoping-fixed,52001222,1-5,5,4
telescoping-fixed,52001222,6-10,4,1
telescoping-fixed,52001222,11-20,7,0
telescoping-fixed,52001222,21-35,0,0
telescoping-fixed,52001222,36-50,0,0
campaign75-fixed-daily,52001222,1-5,5,4
campaign75-fixed-daily,52001222,6-10,4,1
campaign75-fixed-daily,52001222,11-20,7,0
campaign75-fixed-daily,52001222,21-35,0,0
campaign75-fixed-daily,52001222,36-50,0,0
campaign75-geometric-daily,52001222,1-5,5,4
campaign75-geometric-daily,52001222,6-10,4,4
campaign75-geometric-daily,52001222,11-20,7,2
campaign75-geometric-daily,52001222,21-35,0,0
campaign75-geometric-daily,52001222,36-50,0,0
telescoping-fixed,52001223,1-5,5,5
telescoping-fixed,52001223,6-10,4,3
telescoping-fixed,52001223,11-20,7,1
telescoping-fixed,52001223,21-35,0,0
telescoping-fixed,52001223,36-50,0,0
campaign75-fixed-daily,52001223,1-5,5,3
campaign75-fixed-daily,52001223,6-10,4,3
campaign75-fixed-daily,52001223,11-20,7,1
campaign75-fixed-daily,52001223,21-35,0,0
campaign75-fixed-daily,52001223,36-50,0,0
campaign75-geometric-daily,52001223,1-5,5,4
campaign75-geometric-daily,52001223,6-10,4,3
campaign75-geometric-daily,52001223,11-20,7,1
campaign75-geometric-daily,52001223,21-35,0,0
campaign75-geometric-daily,52001223,36-50,0,0
telescoping-fixed,52001224,1-5,5,0
telescoping-fixed,52001224,6-10,4,0
telescoping-fixed,52001224,11-20,5,0
telescoping-fixed,52001224,21-35,2,0
telescoping-fixed,52001224,36-50,0,0
campaign75-fixed-daily,52001224,1-5,5,0
campaign75-fixed-daily,52001224,6-10,4,0
campaign75-fixed-daily,52001224,11-20,5,0
campaign75-fixed-daily,52001224,21-35,2,0
campaign75-fixed-daily,52001224,36-50,0,0
campaign75-geometric-daily,52001224,1-5,5,0
campaign75-geometric-daily,52001224,6-10,4,0
campaign75-geometric-daily,52001224,11-20,5,0
campaign75-geometric-daily,52001224,21-35,2,0
campaign75-geometric-daily,52001224,36-50,0,0
telescoping-fixed,52001225,1-5,5,4
telescoping-fixed,52001225,6-10,5,4
telescoping-fixed,52001225,11-20,6,2
telescoping-fixed,52001225,21-35,0,0
telescoping-fixed,52001225,36-50,0,0
campaign75-fixed-daily,52001225,1-5,5,4
campaign75-fixed-daily,52001225,6-10,5,5
campaign75-fixed-daily,52001225,11-20,6,5
campaign75-fixed-daily,52001225,21-35,0,0
campaign75-fixed-daily,52001225,36-50,0,0
campaign75-geometric-daily,52001225,1-5,5,4
campaign75-geometric-daily,52001225,6-10,5,5
campaign75-geometric-daily,52001225,11-20,6,6
campaign75-geometric-daily,52001225,21-35,0,0
campaign75-geometric-daily,52001225,36-50,0,0
telescoping-fixed,52001226,1-5,5,4
telescoping-fixed,52001226,6-10,5,2
telescoping-fixed,52001226,11-20,6,1
telescoping-fixed,52001226,21-35,0,0
telescoping-fixed,52001226,36-50,0,0
campaign75-fixed-daily,52001226,1-5,5,3
campaign75-fixed-daily,52001226,6-10,5,2
campaign75-fixed-daily,52001226,11-20,6,1
campaign75-fixed-daily,52001226,21-35,0,0
campaign75-fixed-daily,52001226,36-50,0,0
campaign75-geometric-daily,52001226,1-5,5,3
campaign75-geometric-daily,52001226,6-10,5,2
campaign75-geometric-daily,52001226,11-20,6,2
campaign75-geometric-daily,52001226,21-35,0,0
campaign75-geometric-daily,52001226,36-50,0,0
telescoping-fixed,52001227,1-5,5,5
telescoping-fixed,52001227,6-10,5,5
telescoping-fixed,52001227,11-20,5,4
telescoping-fixed,52001227,21-35,1,1
telescoping-fixed,52001227,36-50,0,0
campaign75-fixed-daily,52001227,1-5,5,5
campaign75-fixed-daily,52001227,6-10,5,5
campaign75-fixed-daily,52001227,11-20,5,5
campaign75-fixed-daily,52001227,21-35,1,1
campaign75-fixed-daily,52001227,36-50,0,0
campaign75-geometric-daily,52001227,1-5,5,5
campaign75-geometric-daily,52001227,6-10,5,5
campaign75-geometric-daily,52001227,11-20,5,5
campaign75-geometric-daily,52001227,21-35,1,1
campaign75-geometric-daily,52001227,36-50,0,0
telescoping-fixed,52001228,1-5,5,1
telescoping-fixed,52001228,6-10,5,1
telescoping-fixed,52001228,11-20,6,1
telescoping-fixed,52001228,21-35,0,0
telescoping-fixed,52001228,36-50,0,0
campaign75-fixed-daily,52001228,1-5,5,1
campaign75-fixed-daily,52001228,6-10,5,2
campaign75-fixed-daily,52001228,11-20,6,2
campaign75-fixed-daily,52001228,21-35,0,0
campaign75-fixed-daily,52001228,36-50,0,0
campaign75-geometric-daily,52001228,1-5,5,1
campaign75-geometric-daily,52001228,6-10,5,2
campaign75-geometric-daily,52001228,11-20,6,4
campaign75-geometric-daily,52001228,21-35,0,0
campaign75-geometric-daily,52001228,36-50,0,0
telescoping-fixed,52001229,1-5,5,2
telescoping-fixed,52001229,6-10,5,0
telescoping-fixed,52001229,11-20,5,0
telescoping-fixed,52001229,21-35,1,0
telescoping-fixed,52001229,36-50,0,0
campaign75-fixed-daily,52001229,1-5,5,2
campaign75-fixed-daily,52001229,6-10,5,0
campaign75-fixed-daily,52001229,11-20,5,0
campaign75-fixed-daily,52001229,21-35,1,0
campaign75-fixed-daily,52001229,36-50,0,0
campaign75-geometric-daily,52001229,1-5,5,2
campaign75-geometric-daily,52001229,6-10,5,0
campaign75-geometric-daily,52001229,11-20,5,0
campaign75-geometric-daily,52001229,21-35,1,0
campaign75-geometric-daily,52001229,36-50,0,0
telescoping-fixed,52001230,1-5,5,5
telescoping-fixed,52001230,6-10,5,2
telescoping-fixed,52001230,11-20,5,2
telescoping-fixed,52001230,21-35,1,0
telescoping-fixed,52001230,36-50,0,0
campaign75-fixed-daily,52001230,1-5,5,5
campaign75-fixed-daily,52001230,6-10,5,3
campaign75-fixed-daily,52001230,11-20,5,4
campaign75-fixed-daily,52001230,21-35,1,0
campaign75-fixed-daily,52001230,36-50,0,0
campaign75-geometric-daily,52001230,1-5,5,5
campaign75-geometric-daily,52001230,6-10,5,2
campaign75-geometric-daily,52001230,11-20,5,4
campaign75-geometric-daily,52001230,21-35,1,1
campaign75-geometric-daily,52001230,36-50,0,0
telescoping-fixed,52001231,1-5,5,2
telescoping-fixed,52001231,6-10,5,1
telescoping-fixed,52001231,11-20,5,0
telescoping-fixed,52001231,21-35,1,0
telescoping-fixed,52001231,36-50,0,0
campaign75-fixed-daily,52001231,1-5,5,2
campaign75-fixed-daily,52001231,6-10,5,1
campaign75-fixed-daily,52001231,11-20,5,0
campaign75-fixed-daily,52001231,21-35,1,0
campaign75-fixed-daily,52001231,36-50,0,0
campaign75-geometric-daily,52001231,1-5,5,2
campaign75-geometric-daily,52001231,6-10,5,1
campaign75-geometric-daily,52001231,11-20,5,2
campaign75-geometric-daily,52001231,21-35,1,0
campaign75-geometric-daily,52001231,36-50,0,0
telescoping-fixed,52001232,1-5,5,5
telescoping-fixed,52001232,6-10,5,5
telescoping-fixed,52001232,11-20,6,5
telescoping-fixed,52001232,21-35,0,0
telescoping-fixed,52001232,36-50,0,0
campaign75-fixed-daily,52001232,1-5,5,5
campaign75-fixed-daily,52001232,6-10,5,5
campaign75-fixed-daily,52001232,11-20,6,6
campaign75-fixed-daily,52001232,21-35,0,0
campaign75-fixed-daily,52001232,36-50,0,0
campaign75-geometric-daily,52001232,1-5,5,5
campaign75-geometric-daily,52001232,6-10,5,5
campaign75-geometric-daily,52001232,11-20,6,6
campaign75-geometric-daily,52001232,21-35,0,0
campaign75-geometric-daily,52001232,36-50,0,0
telescoping-fixed,52001233,1-5,5,5
telescoping-fixed,52001233,6-10,5,4
telescoping-fixed,52001233,11-20,4,1
telescoping-fixed,52001233,21-35,2,0
telescoping-fixed,52001233,36-50,0,0
campaign75-fixed-daily,52001233,1-5,5,5
campaign75-fixed-daily,52001233,6-10,5,4
campaign75-fixed-daily,52001233,11-20,4,2
campaign75-fixed-daily,52001233,21-35,2,1
campaign75-fixed-daily,52001233,36-50,0,0
campaign75-geometric-daily,52001233,1-5,5,5
campaign75-geometric-daily,52001233,6-10,5,5
campaign75-geometric-daily,52001233,11-20,4,4
campaign75-geometric-daily,52001233,21-35,2,2
campaign75-geometric-daily,52001233,36-50,0,0
telescoping-fixed,52001234,1-5,5,5
telescoping-fixed,52001234,6-10,5,5
telescoping-fixed,52001234,11-20,5,2
telescoping-fixed,52001234,21-35,1,0
telescoping-fixed,52001234,36-50,0,0
campaign75-fixed-daily,52001234,1-5,5,5
campaign75-fixed-daily,52001234,6-10,5,5
campaign75-fixed-daily,52001234,11-20,5,4
campaign75-fixed-daily,52001234,21-35,1,0
campaign75-fixed-daily,52001234,36-50,0,0
campaign75-geometric-daily,52001234,1-5,5,5
campaign75-geometric-daily,52001234,6-10,5,5
campaign75-geometric-daily,52001234,11-20,5,4
campaign75-geometric-daily,52001234,21-35,1,0
campaign75-geometric-daily,52001234,36-50,0,0
telescoping-fixed,52001235,1-5,5,5
telescoping-fixed,52001235,6-10,5,4
telescoping-fixed,52001235,11-20,5,2
telescoping-fixed,52001235,21-35,1,0
telescoping-fixed,52001235,36-50,0,0
campaign75-fixed-daily,52001235,1-5,5,5
campaign75-fixed-daily,52001235,6-10,5,4
campaign75-fixed-daily,52001235,11-20,5,4
campaign75-fixed-daily,52001235,21-35,1,0
campaign75-fixed-daily,52001235,36-50,0,0
campaign75-geometric-daily,52001235,1-5,5,5
campaign75-geometric-daily,52001235,6-10,5,4
campaign75-geometric-daily,52001235,11-20,5,4
campaign75-geometric-daily,52001235,21-35,1,0
campaign75-geometric-daily,52001235,36-50,0,0
telescoping-fixed,52001236,1-5,5,2
telescoping-fixed,52001236,6-10,5,0
telescoping-fixed,52001236,11-20,6,1
telescoping-fixed,52001236,21-35,0,0
telescoping-fixed,52001236,36-50,0,0
campaign75-fixed-daily,52001236,1-5,5,2
campaign75-fixed-daily,52001236,6-10,5,0
campaign75-fixed-daily,52001236,11-20,6,1
campaign75-fixed-daily,52001236,21-35,0,0
campaign75-fixed-daily,52001236,36-50,0,0
campaign75-geometric-daily,52001236,1-5,5,2
campaign75-geometric-daily,52001236,6-10,5,0
campaign75-geometric-daily,52001236,11-20,6,1
campaign75-geometric-daily,52001236,21-35,0,0
campaign75-geometric-daily,52001236,36-50,0,0
telescoping-fixed,52001237,1-5,5,4
telescoping-fixed,52001237,6-10,5,4
telescoping-fixed,52001237,11-20,6,3
telescoping-fixed,52001237,21-35,0,0
telescoping-fixed,52001237,36-50,0,0
campaign75-fixed-daily,52001237,1-5,5,4
campaign75-fixed-daily,52001237,6-10,5,4
campaign75-fixed-daily,52001237,11-20,6,4
campaign75-fixed-daily,52001237,21-35,0,0
campaign75-fixed-daily,52001237,36-50,0,0
campaign75-geometric-daily,52001237,1-5,5,4
campaign75-geometric-daily,52001237,6-10,5,4
campaign75-geometric-daily,52001237,11-20,6,5
campaign75-geometric-daily,52001237,21-35,0,0
campaign75-geometric-daily,52001237,36-50,0,0
telescoping-fixed,52001238,1-5,5,5
telescoping-fixed,52001238,6-10,5,5
telescoping-fixed,52001238,11-20,6,4
telescoping-fixed,52001238,21-35,0,0
telescoping-fixed,52001238,36-50,0,0
campaign75-fixed-daily,52001238,1-5,5,5
campaign75-fixed-daily,52001238,6-10,5,5
campaign75-fixed-daily,52001238,11-20,6,6
campaign75-fixed-daily,52001238,21-35,0,0
campaign75-fixed-daily,52001238,36-50,0,0
campaign75-geometric-daily,52001238,1-5,5,5
campaign75-geometric-daily,52001238,6-10,5,5
campaign75-geometric-daily,52001238,11-20,6,6
campaign75-geometric-daily,52001238,21-35,0,0
campaign75-geometric-daily,52001238,36-50,0,0
telescoping-fixed,52001239,1-5,5,5
telescoping-fixed,52001239,6-10,5,4
telescoping-fixed,52001239,11-20,6,4
telescoping-fixed,52001239,21-35,0,0
telescoping-fixed,52001239,36-50,0,0
campaign75-fixed-daily,52001239,1-5,5,5
campaign75-fixed-daily,52001239,6-10,5,4
campaign75-fixed-daily,52001239,11-20,6,4
campaign75-fixed-daily,52001239,21-35,0,0
campaign75-fixed-daily,52001239,36-50,0,0
campaign75-geometric-daily,52001239,1-5,5,5
campaign75-geometric-daily,52001239,6-10,5,4
campaign75-geometric-daily,52001239,11-20,6,4
campaign75-geometric-daily,52001239,21-35,0,0
campaign75-geometric-daily,52001239,36-50,0,0
telescoping-fixed,52001240,1-5,5,4
telescoping-fixed,52001240,6-10,5,1
telescoping-fixed,52001240,11-20,5,0
telescoping-fixed,52001240,21-35,1,0
telescoping-fixed,52001240,36-50,0,0
campaign75-fixed-daily,52001240,1-5,5,4
campaign75-fixed-daily,52001240,6-10,5,0
campaign75-fixed-daily,52001240,11-20,5,0
campaign75-fixed-daily,52001240,21-35,1,0
campaign75-fixed-daily,52001240,36-50,0,0
campaign75-geometric-daily,52001240,1-5,5,4
campaign75-geometric-daily,52001240,6-10,5,0
campaign75-geometric-daily,52001240,11-20,5,0
campaign75-geometric-daily,52001240,21-35,1,0
campaign75-geometric-daily,52001240,36-50,0,0
telescoping-fixed,52001241,1-5,5,5
telescoping-fixed,52001241,6-10,5,4
telescoping-fixed,52001241,11-20,5,1
telescoping-fixed,52001241,21-35,1,1
telescoping-fixed,52001241,36-50,0,0
campaign75-fixed-daily,52001241,1-5,5,5
campaign75-fixed-daily,52001241,6-10,5,4
campaign75-fixed-daily,52001241,11-20,5,3
campaign75-fixed-daily,52001241,21-35,1,1
campaign75-fixed-daily,52001241,36-50,0,0
campaign75-geometric-daily,52001241,1-5,5,5
campaign75-geometric-daily,52001241,6-10,5,4
campaign75-geometric-daily,52001241,11-20,5,3
campaign75-geometric-daily,52001241,21-35,1,1
campaign75-geometric-daily,52001241,36-50,0,0
telescoping-fixed,52001242,1-5,5,5
telescoping-fixed,52001242,6-10,5,5
telescoping-fixed,52001242,11-20,4,4
telescoping-fixed,52001242,21-35,2,0
telescoping-fixed,52001242,36-50,0,0
campaign75-fixed-daily,52001242,1-5,5,5
campaign75-fixed-daily,52001242,6-10,5,5
campaign75-fixed-daily,52001242,11-20,4,4
campaign75-fixed-daily,52001242,21-35,2,2
campaign75-fixed-daily,52001242,36-50,0,0
campaign75-geometric-daily,52001242,1-5,5,5
campaign75-geometric-daily,52001242,6-10,5,5
campaign75-geometric-daily,52001242,11-20,4,4
campaign75-geometric-daily,52001242,21-35,2,2
campaign75-geometric-daily,52001242,36-50,0,0
telescoping-fixed,52001243,1-5,5,4
telescoping-fixed,52001243,6-10,5,3
telescoping-fixed,52001243,11-20,6,2
telescoping-fixed,52001243,21-35,0,0
telescoping-fixed,52001243,36-50,0,0
campaign75-fixed-daily,52001243,1-5,5,4
campaign75-fixed-daily,52001243,6-10,5,4
campaign75-fixed-daily,52001243,11-20,6,3
campaign75-fixed-daily,52001243,21-35,0,0
campaign75-fixed-daily,52001243,36-50,0,0
campaign75-geometric-daily,52001243,1-5,5,4
campaign75-geometric-daily,52001243,6-10,5,4
campaign75-geometric-daily,52001243,11-20,6,3
campaign75-geometric-daily,52001243,21-35,0,0
campaign75-geometric-daily,52001243,36-50,0,0
telescoping-fixed,52001244,1-5,5,3
telescoping-fixed,52001244,6-10,5,0
telescoping-fixed,52001244,11-20,4,0
telescoping-fixed,52001244,21-35,2,0
telescoping-fixed,52001244,36-50,0,0
campaign75-fixed-daily,52001244,1-5,5,3
campaign75-fixed-daily,52001244,6-10,5,0
campaign75-fixed-daily,52001244,11-20,4,1
campaign75-fixed-daily,52001244,21-35,2,0
campaign75-fixed-daily,52001244,36-50,0,0
campaign75-geometric-daily,52001244,1-5,5,3
campaign75-geometric-daily,52001244,6-10,5,0
campaign75-geometric-daily,52001244,11-20,4,2
campaign75-geometric-daily,52001244,21-35,2,0
campaign75-geometric-daily,52001244,36-50,0,0
telescoping-fixed,52001245,1-5,5,5
telescoping-fixed,52001245,6-10,5,5
telescoping-fixed,52001245,11-20,5,3
telescoping-fixed,52001245,21-35,1,0
telescoping-fixed,52001245,36-50,0,0
campaign75-fixed-daily,52001245,1-5,5,5
campaign75-fixed-daily,52001245,6-10,5,5
campaign75-fixed-daily,52001245,11-20,5,4
campaign75-fixed-daily,52001245,21-35,1,0
campaign75-fixed-daily,52001245,36-50,0,0
campaign75-geometric-daily,52001245,1-5,5,5
campaign75-geometric-daily,52001245,6-10,5,5
campaign75-geometric-daily,52001245,11-20,5,5
campaign75-geometric-daily,52001245,21-35,1,0
campaign75-geometric-daily,52001245,36-50,0,0
telescoping-fixed,52001246,1-5,5,5
telescoping-fixed,52001246,6-10,5,2
telescoping-fixed,52001246,11-20,6,0
telescoping-fixed,52001246,21-35,0,0
telescoping-fixed,52001246,36-50,0,0
campaign75-fixed-daily,52001246,1-5,5,4
campaign75-fixed-daily,52001246,6-10,5,2
campaign75-fixed-daily,52001246,11-20,6,0
campaign75-fixed-daily,52001246,21-35,0,0
campaign75-fixed-daily,52001246,36-50,0,0
campaign75-geometric-daily,52001246,1-5,5,5
campaign75-geometric-daily,52001246,6-10,5,4
campaign75-geometric-daily,52001246,11-20,6,1
campaign75-geometric-daily,52001246,21-35,0,0
campaign75-geometric-daily,52001246,36-50,0,0
telescoping-fixed,52001247,1-5,5,4
telescoping-fixed,52001247,6-10,5,1
telescoping-fixed,52001247,11-20,5,0
telescoping-fixed,52001247,21-35,1,0
telescoping-fixed,52001247,36-50,0,0
campaign75-fixed-daily,52001247,1-5,5,4
campaign75-fixed-daily,52001247,6-10,5,2
campaign75-fixed-daily,52001247,11-20,5,1
campaign75-fixed-daily,52001247,21-35,1,0
campaign75-fixed-daily,52001247,36-50,0,0
campaign75-geometric-daily,52001247,1-5,5,4
campaign75-geometric-daily,52001247,6-10,5,2
campaign75-geometric-daily,52001247,11-20,5,3
campaign75-geometric-daily,52001247,21-35,1,0
campaign75-geometric-daily,52001247,36-50,0,0
telescoping-fixed,52001248,1-5,5,5
telescoping-fixed,52001248,6-10,5,4
telescoping-fixed,52001248,11-20,6,2
telescoping-fixed,52001248,21-35,0,0
telescoping-fixed,52001248,36-50,0,0
campaign75-fixed-daily,52001248,1-5,5,5
campaign75-fixed-daily,52001248,6-10,5,5
campaign75-fixed-daily,52001248,11-20,6,6
campaign75-fixed-daily,52001248,21-35,0,0
campaign75-fixed-daily,52001248,36-50,0,0
campaign75-geometric-daily,52001248,1-5,5,5
campaign75-geometric-daily,52001248,6-10,5,4
campaign75-geometric-daily,52001248,11-20,6,5
campaign75-geometric-daily,52001248,21-35,0,0
campaign75-geometric-daily,52001248,36-50,0,0
telescoping-fixed,52001249,1-5,5,5
telescoping-fixed,52001249,6-10,5,4
telescoping-fixed,52001249,11-20,6,2
telescoping-fixed,52001249,21-35,0,0
telescoping-fixed,52001249,36-50,0,0
campaign75-fixed-daily,52001249,1-5,5,5
campaign75-fixed-daily,52001249,6-10,5,4
campaign75-fixed-daily,52001249,11-20,6,6
campaign75-fixed-daily,52001249,21-35,0,0
campaign75-fixed-daily,52001249,36-50,0,0
campaign75-geometric-daily,52001249,1-5,5,5
campaign75-geometric-daily,52001249,6-10,5,4
campaign75-geometric-daily,52001249,11-20,6,6
campaign75-geometric-daily,52001249,21-35,0,0
campaign75-geometric-daily,52001249,36-50,0,0
