q,method,fdp,end_to_end_power,discoveries,delay_days,seed
0.01,SAFE-ALPHA,0,0.625,10,963.5,315909
0.01,Matched terminal weighted e-BH,0,0.625,10,1167.5,315909
0.025,SAFE-ALPHA,0,0.75,12,856,315909
0.025,Matched terminal weighted e-BH,0,0.75,12,1159,315909
0.05,SAFE-ALPHA,0,0.875,14,849.571428571,315909
0.05,Matched terminal weighted e-BH,0,0.8125,13,1154,315909
0.075,SAFE-ALPHA,0,0.9375,15,842.333333333,315909
0.075,Matched terminal weighted e-BH,0,0.875,14,1146.5,315909
0.1,SAFE-ALPHA,0,1,16,814.75,315909
0.1,Matched terminal weighted e-BH,0,0.9375,15,1149,315909
0.125,SAFE-ALPHA,0,1,16,773.1875,315909
0.125,Matched terminal weighted e-BH,0,0.9375,15,1149,315909
0.15,SAFE-ALPHA,0,1,16,744.75,315909
0.15,Matched terminal weighted e-BH,0,1,16,1146.5,315909
0.175,SAFE-ALPHA,0,1,16,741,315909
0.175,Matched terminal weighted e-BH,0,1,16,1146.5,315909
0.2,SAFE-ALPHA,0,1,16,733.8125,315909
0.2,Matched terminal weighted e-BH,0,1,16,1146.5,315909
0.01,SAFE-ALPHA,0,0.6875,11,667.363636364,315910
0.01,Matched terminal weighted e-BH,0,0.5625,9,1139,315910
0.025,SAFE-ALPHA,0,0.8125,13,525.615384615,315910
0.025,Matched terminal weighted e-BH,0,0.625,10,1140.5,315910
0.05,SAFE-ALPHA,0,0.8125,13,466.384615385,315910
0.05,Matched terminal weighted e-BH,0,0.75,12,1149,315910
0.075,SAFE-ALPHA,0,0.875,14,438.857142857,315910
0.075,Matched terminal weighted e-BH,0,0.75,12,1149,315910
0.1,SAFE-ALPHA,0,0.9375,15,414,315910
0.1,Matched terminal weighted e-BH,0,0.8125,13,1148.23076923,315910
0.125,SAFE-ALPHA,0,0.9375,15,391.333333333,315910
0.125,Matched terminal weighted e-BH,0,0.8125,13,1148.23076923,315910
0.15,SAFE-ALPHA,0,0.9375,15,352.666666667,315910
0.15,Matched terminal weighted e-BH,0,0.8125,13,1148.23076923,315910
0.175,SAFE-ALPHA,0,0.9375,15,344,315910
0.175,Matched terminal weighted e-BH,0,0.8125,13,1148.23076923,315910
0.2,SAFE-ALPHA,0,0.9375,15,329.666666667,315910
0.2,Matched terminal weighted e-BH,0,0.8125,13,1148.23076923,315910
0.01,SAFE-ALPHA,0,0.1875,3,909.333333333,315911
0.01,Matched terminal weighted e-BH,0,0.1875,3,1199,315911
0.025,SAFE-ALPHA,0,0.4375,7,1002.85714286,315911
0.025,Matched terminal weighted e-BH,0,0.4375,7,1158.28571429,315911
0.05,SAFE-ALPHA,0,0.5,8,981,315911
0.05,Matched terminal weighted e-BH,0,0.5,8,1169,315911
0.075,SAFE-ALPHA,0,0.625,10,887,315911
0.075,Matched terminal weighted e-BH,0,0.625,10,1167.5,315911
0.1,SAFE-ALPHA,0,0.625,10,838,315911
0.1,Matched terminal weighted e-BH,0,0.625,10,1167.5,315911
0.125,SAFE-ALPHA,0,0.625,10,815.5,315911
0.125,Matched terminal weighted e-BH,0,0.625,10,1167.5,315911
0.15,SAFE-ALPHA,0,0.625,10,779,315911
0.15,Matched terminal weighted e-BH,0,0.625,10,1167.5,315911
0.175,SAFE-ALPHA,0,0.625,10,734,315911
0.175,Matched terminal weighted e-BH,0,0.625,10,1167.5,315911
0.2,SAFE-ALPHA,0,0.625,10,664,315911
0.2,Matched terminal weighted e-BH,0,0.625,10,1167.5,315911
0.01,SAFE-ALPHA,0,0.0625,1,1169,315912
0.01,Matched terminal weighted e-BH,0,0.0625,1,1169,315912
0.025,SAFE-ALPHA,0,0.1875,3,1137.66666667,315912
0.025,Matched terminal weighted e-BH,0,0.1875,3,1154,315912
0.05,SAFE-ALPHA,0,0.25,4,1102.25,315912
0.05,Matched terminal weighted e-BH,0,0.25,4,1154,315912
0.075,SAFE-ALPHA,0,0.3125,5,938,315912
0.075,Matched terminal weighted e-BH,0,0.25,4,1154,315912
0.1,SAFE-ALPHA,0,0.3125,5,923,315912
0.1,Matched terminal weighted e-BH,0,0.25,4,1154,315912
0.125,SAFE-ALPHA,0,0.5625,9,1002.55555556,315912
0.125,Matched terminal weighted e-BH,0,0.25,4,1154,315912
0.15,SAFE-ALPHA,0,0.5625,9,981.111111111,315912
0.15,Matched terminal weighted e-BH,0,0.5,8,1148.375,315912
0.175,SAFE-ALPHA,0,0.625,10,997.5,315912
0.175,Matched terminal weighted e-BH,0,0.625,10,1167.5,315912
0.2,SAFE-ALPHA,0,0.625,10,992.5,315912
0.2,Matched terminal weighted e-BH,0,0.625,10,1167.5,315912
0.01,SAFE-ALPHA,0,0.5,8,802.875,315913
0.01,Matched terminal weighted e-BH,0,0.375,6,1186.5,315913
0.025,SAFE-ALPHA,0,0.5625,9,652.666666667,315913
0.025,Matched terminal weighted e-BH,0,0.5,8,1157.75,315913
0.05,SAFE-ALPHA,0,0.75,12,546,315913
0.05,Matched terminal weighted e-BH,0,0.5625,9,1162.33333333,315913
0.075,SAFE-ALPHA,0,0.8125,13,498.692307692,315913
0.075,Matched terminal weighted e-BH,0,0.5625,9,1162.33333333,315913
0.1,SAFE-ALPHA,0,0.875,14,469.928571429,315913
0.1,Matched terminal weighted e-BH,0,0.5625,9,1162.33333333,315913
0.125,SAFE-ALPHA,0,0.9375,15,449.666666667,315913
0.125,Matched terminal weighted e-BH,0,0.6875,11,1158.09090909,315913
0.15,SAFE-ALPHA,0,0.9375,15,443.666666667,315913
0.15,Matched terminal weighted e-BH,0,0.6875,11,1158.09090909,315913
0.175,SAFE-ALPHA,0,0.9375,15,433.666666667,315913
0.175,Matched terminal weighted e-BH,0,0.75,12,1152.75,315913
0.2,SAFE-ALPHA,0,0.9375,15,360,315913
0.2,Matched terminal weighted e-BH,0,0.875,14,1149.71428571,315913
0.01,SAFE-ALPHA,0,0.5625,9,739.333333333,315914
0.01,Matched terminal weighted e-BH,0,0.375,6,1209,315914
0.025,SAFE-ALPHA,0,0.5625,9,668.222222222,315914
0.025,Matched terminal weighted e-BH,0,0.375,6,1209,315914
0.05,SAFE-ALPHA,0,0.6875,11,665.090909091,315914
0.05,Matched terminal weighted e-BH,0,0.5625,9,1192.33333333,315914
0.075,SAFE-ALPHA,0,0.8125,13,686,315914
0.075,Matched terminal weighted e-BH,0,0.5625,9,1192.33333333,315914
0.1,SAFE-ALPHA,0,0.8125,13,660.230769231,315914
0.1,Matched terminal weighted e-BH,0,0.5625,9,1192.33333333,315914
0.125,SAFE-ALPHA,0,0.8125,13,638.307692308,315914
0.125,Matched terminal weighted e-BH,0,0.6875,11,1178.54545455,315914
0.15,SAFE-ALPHA,0,0.8125,13,545.615384615,315914
0.15,Matched terminal weighted e-BH,0,0.6875,11,1178.54545455,315914
0.175,SAFE-ALPHA,0,0.8125,13,534.461538462,315914
0.175,Matched terminal weighted e-BH,0,0.75,12,1171.5,315914
0.2,SAFE-ALPHA,0,0.8125,13,522.538461538,315914
0.2,Matched terminal weighted e-BH,0,0.75,12,1171.5,315914
0.01,SAFE-ALPHA,0,0,0,,315915
0.01,Matched terminal weighted e-BH,0,0,0,,315915
0.025,SAFE-ALPHA,0,0.375,6,996.833333333,315915
0.025,Matched terminal weighted e-BH,0,0,0,,315915
0.05,SAFE-ALPHA,0,0.5,8,706.625,315915
0.05,Matched terminal weighted e-BH,0,0.3125,5,1181,315915
0.075,SAFE-ALPHA,0,0.625,10,760.5,315915
0.075,Matched terminal weighted e-BH,0,0.3125,5,1181,315915
0.1,SAFE-ALPHA,0,0.625,10,729,315915
0.1,Matched terminal weighted e-BH,0,0.4375,7,1184,315915
0.125,SAFE-ALPHA,0,0.6875,11,731.454545455,315915
0.125,Matched terminal weighted e-BH,0,0.4375,7,1184,315915
0.15,SAFE-ALPHA,0,0.6875,11,624.636363636,315915
0.15,Matched terminal weighted e-BH,0,0.4375,7,1184,315915
0.175,SAFE-ALPHA,0,0.6875,11,590.090909091,315915
0.175,Matched terminal weighted e-BH,0,0.4375,7,1184,315915
0.2,SAFE-ALPHA,0,0.6875,11,548.272727273,315915
0.2,Matched terminal weighted e-BH,0,0.5625,9,1164,315915
0.01,SAFE-ALPHA,0,0.125,2,758.5,315916
0.01,Matched terminal weighted e-BH,0,0.125,2,1251.5,315916
0.025,SAFE-ALPHA,0,0.125,2,708.5,315916
0.025,Matched terminal weighted e-BH,0,0.125,2,1251.5,315916
0.05,SAFE-ALPHA,0,0.4375,7,694.571428571,315916
0.05,Matched terminal weighted e-BH,0,0.125,2,1251.5,315916
0.075,SAFE-ALPHA,0,0.5,8,695.375,315916
0.075,Matched terminal weighted e-BH,0,0.25,4,1202.75,315916
0.1,SAFE-ALPHA,0,0.625,10,766.5,315916
0.1,Matched terminal weighted e-BH,0,0.25,4,1202.75,315916
0.125,SAFE-ALPHA,0,0.625,10,699,315916
0.125,Matched terminal weighted e-BH,0,0.25,4,1202.75,315916
0.15,SAFE-ALPHA,0,0.6875,11,654.636363636,315916
0.15,Matched terminal weighted e-BH,0,0.25,4,1202.75,315916
0.175,SAFE-ALPHA,0,0.75,12,649.75,315916
0.175,Matched terminal weighted e-BH,0,0.5,8,1184,315916
0.2,SAFE-ALPHA,0,0.75,12,640.166666667,315916
0.2,Matched terminal weighted e-BH,0,0.5625,9,1189,315916
0.01,SAFE-ALPHA,0,0.0625,1,1036,315917
0.01,Matched terminal weighted e-BH,0,0.0625,1,1139,315917
0.025,SAFE-ALPHA,0,0.0625,1,986,315917
0.025,Matched terminal weighted e-BH,0,0.0625,1,1139,315917
0.05,SAFE-ALPHA,0,0.0625,1,686,315917
0.05,Matched terminal weighted e-BH,0,0.0625,1,1139,315917
0.075,SAFE-ALPHA,0,0.125,2,898.5,315917
0.075,Matched terminal weighted e-BH,0,0.0625,1,1139,315917
0.1,SAFE-ALPHA,0,0.125,2,878.5,315917
0.1,Matched terminal weighted e-BH,0,0.0625,1,1139,315917
0.125,SAFE-ALPHA,0,0.3125,5,991,315917
0.125,Matched terminal weighted e-BH,0,0.125,2,1184,315917
0.15,SAFE-ALPHA,0,0.3125,5,988,315917
0.15,Matched terminal weighted e-BH,0,0.1875,3,1149,315917
0.175,SAFE-ALPHA,0,0.375,6,950.166666667,315917
0.175,Matched terminal weighted e-BH,0,0.1875,3,1149,315917
0.2,SAFE-ALPHA,0,0.375,6,939.333333333,315917
0.2,Matched terminal weighted e-BH,0,0.1875,3,1149,315917
0.01,SAFE-ALPHA,0,0.4375,7,967.428571429,315918
0.01,Matched terminal weighted e-BH,0,0.375,6,1209,315918
0.025,SAFE-ALPHA,0,0.5,8,902.875,315918
0.025,Matched terminal weighted e-BH,0,0.5,8,1204.625,315918
0.05,SAFE-ALPHA,0,0.5625,9,802.666666667,315918
0.05,Matched terminal weighted e-BH,0,0.5625,9,1195.66666667,315918
0.075,SAFE-ALPHA,0,0.6875,11,784.181818182,315918
0.075,Matched terminal weighted e-BH,0,0.6875,11,1175.81818182,315918
0.1,SAFE-ALPHA,0,0.6875,11,761.909090909,315918
0.1,Matched terminal weighted e-BH,0,0.6875,11,1175.81818182,315918
0.125,SAFE-ALPHA,0,0.6875,11,744.181818182,315918
0.125,Matched terminal weighted e-BH,0,0.6875,11,1175.81818182,315918
0.15,SAFE-ALPHA,0,0.8125,13,788.538461538,315918
0.15,Matched terminal weighted e-BH,0,0.8125,13,1159.76923077,315918
0.175,SAFE-ALPHA,0,0.875,14,779.928571429,315918
0.175,Matched terminal weighted e-BH,0,0.8125,13,1159.76923077,315918
0.2,SAFE-ALPHA,0,0.875,14,769.571428571,315918
0.2,Matched terminal weighted e-BH,0,0.875,14,1148.64285714,315918
0.01,SAFE-ALPHA,0,0.0625,1,611,315919
0.01,Matched terminal weighted e-BH,0,0.0625,1,1244,315919
0.025,SAFE-ALPHA,0,0.0625,1,596,315919
0.025,Matched terminal weighted e-BH,0,0.0625,1,1244,315919
0.05,SAFE-ALPHA,0,0.125,2,746,315919
0.05,Matched terminal weighted e-BH,0,0.0625,1,1244,315919
0.075,SAFE-ALPHA,0,0.1875,3,751,315919
0.075,Matched terminal weighted e-BH,0,0.125,2,1214,315919
0.1,SAFE-ALPHA,0,0.1875,3,679.333333333,315919
0.1,Matched terminal weighted e-BH,0,0.125,2,1214,315919
0.125,SAFE-ALPHA,0,0.1875,3,652.666666667,315919
0.125,Matched terminal weighted e-BH,0,0.125,2,1214,315919
0.15,SAFE-ALPHA,0,0.1875,3,591,315919
0.15,Matched terminal weighted e-BH,0,0.125,2,1214,315919
0.175,SAFE-ALPHA,0,0.1875,3,541,315919
0.175,Matched terminal weighted e-BH,0,0.125,2,1214,315919
0.2,SAFE-ALPHA,0,0.1875,3,536,315919
0.2,Matched terminal weighted e-BH,0,0.1875,3,1229,315919
0.01,SAFE-ALPHA,0,0,0,,315920
0.01,Matched terminal weighted e-BH,0,0,0,,315920
0.025,SAFE-ALPHA,0,0,0,,315920
0.025,Matched terminal weighted e-BH,0,0,0,,315920
0.05,SAFE-ALPHA,0,0.125,2,958.5,315920
0.05,Matched terminal weighted e-BH,0,0,0,,315920
0.075,SAFE-ALPHA,0,0.125,2,913.5,315920
0.075,Matched terminal weighted e-BH,0,0.0625,1,1184,315920
0.1,SAFE-ALPHA,0,0.125,2,868.5,315920
0.1,Matched terminal weighted e-BH,0,0.0625,1,1184,315920
0.125,SAFE-ALPHA,0,0.125,2,856,315920
0.125,Matched terminal weighted e-BH,0,0.0625,1,1184,315920
0.15,SAFE-ALPHA,0,0.125,2,816,315920
0.15,Matched terminal weighted e-BH,0,0.0625,1,1184,315920
0.175,SAFE-ALPHA,0,0.125,2,751,315920
0.175,Matched terminal weighted e-BH,0,0.0625,1,1184,315920
0.2,SAFE-ALPHA,0,0.125,2,628.5,315920
0.2,Matched terminal weighted e-BH,0,0.0625,1,1184,315920
0.01,SAFE-ALPHA,0,0.6875,11,680.545454545,315921
0.01,Matched terminal weighted e-BH,0,0.5,8,1199,315921
0.025,SAFE-ALPHA,0,0.75,12,651.833333333,315921
0.025,Matched terminal weighted e-BH,0,0.5625,9,1190.66666667,315921
0.05,SAFE-ALPHA,0,0.75,12,596,315921
0.05,Matched terminal weighted e-BH,0,0.6875,11,1178.54545455,315921
0.075,SAFE-ALPHA,0,0.8125,13,486,315921
0.075,Matched terminal weighted e-BH,0,0.8125,13,1164.38461538,315921
0.1,SAFE-ALPHA,0,0.875,14,443.142857143,315921
0.1,Matched terminal weighted e-BH,0,0.875,14,1152.92857143,315921
0.125,SAFE-ALPHA,0,0.9375,15,457.666666667,315921
0.125,Matched terminal weighted e-BH,0,0.875,14,1152.92857143,315921
0.15,SAFE-ALPHA,0,0.9375,15,431.666666667,315921
0.15,Matched terminal weighted e-BH,0,0.9375,15,1146,315921
0.175,SAFE-ALPHA,0,1,16,418.5,315921
0.175,Matched terminal weighted e-BH,0,0.9375,15,1146,315921
0.2,SAFE-ALPHA,0,1,16,401.9375,315921
0.2,Matched terminal weighted e-BH,0,0.9375,15,1146,315921
0.01,SAFE-ALPHA,0,0.875,14,748.857142857,315922
0.01,Matched terminal weighted e-BH,0,0.875,14,1143.28571429,315922
0.025,SAFE-ALPHA,0,0.875,14,680.642857143,315922
0.025,Matched terminal weighted e-BH,0,0.875,14,1143.28571429,315922
0.05,SAFE-ALPHA,0,0.9375,15,596.666666667,315922
0.05,Matched terminal weighted e-BH,0,0.9375,15,1151,315922
0.075,SAFE-ALPHA,0,1,16,545.6875,315922
0.075,Matched terminal weighted e-BH,0,0.9375,15,1151,315922
0.1,SAFE-ALPHA,0,1,16,501.625,315922
0.1,Matched terminal weighted e-BH,0,0.9375,15,1151,315922
0.125,SAFE-ALPHA,0,1,16,465.6875,315922
0.125,Matched terminal weighted e-BH,0,0.9375,15,1151,315922
0.15,SAFE-ALPHA,0,1,16,450.6875,315922
0.15,Matched terminal weighted e-BH,0,0.9375,15,1151,315922
0.175,SAFE-ALPHA,0,1,16,443.1875,315922
0.175,Matched terminal weighted e-BH,0,0.9375,15,1151,315922
0.2,SAFE-ALPHA,0,1,16,436.9375,315922
0.2,Matched terminal weighted e-BH,0,0.9375,15,1151,315922
0.01,SAFE-ALPHA,0,0.3125,5,874,315923
0.01,Matched terminal weighted e-BH,0,0.1875,3,1214,315923
0.025,SAFE-ALPHA,0,0.375,6,676.833333333,315923
0.025,Matched terminal weighted e-BH,0,0.3125,5,1190,315923
0.05,SAFE-ALPHA,0,0.5625,9,601,315923
0.05,Matched terminal weighted e-BH,0,0.3125,5,1190,315923
0.075,SAFE-ALPHA,0,0.625,10,549.5,315923
0.075,Matched terminal weighted e-BH,0,0.3125,5,1190,315923
0.1,SAFE-ALPHA,0,0.625,10,545,315923
0.1,Matched terminal weighted e-BH,0,0.3125,5,1190,315923
0.125,SAFE-ALPHA,0,0.6875,11,525.090909091,315923
0.125,Matched terminal weighted e-BH,0,0.3125,5,1190,315923
0.15,SAFE-ALPHA,0,0.75,12,535.166666667,315923
0.15,Matched terminal weighted e-BH,0,0.375,6,1179,315923
0.175,SAFE-ALPHA,0,0.75,12,526.833333333,315923
0.175,Matched terminal weighted e-BH,0,0.375,6,1179,315923
0.2,SAFE-ALPHA,0,0.75,12,509.75,315923
0.2,Matched terminal weighted e-BH,0,0.625,10,1158.5,315923
0.01,SAFE-ALPHA,0,0.6875,11,842.818181818,315924
0.01,Matched terminal weighted e-BH,0,0.5,8,1174.625,315924
0.025,SAFE-ALPHA,0,0.8125,13,788.692307692,315924
0.025,Matched terminal weighted e-BH,0,0.5625,9,1174,315924
0.05,SAFE-ALPHA,0,0.8125,13,759.076923077,315924
0.05,Matched terminal weighted e-BH,0,0.6875,11,1169,315924
0.075,SAFE-ALPHA,0,0.875,14,645.285714286,315924
0.075,Matched terminal weighted e-BH,0,0.8125,13,1165.53846154,315924
0.1,SAFE-ALPHA,0,0.875,14,625.642857143,315924
0.1,Matched terminal weighted e-BH,0,0.8125,13,1165.53846154,315924
0.125,SAFE-ALPHA,0,0.875,14,573.5,315924
0.125,Matched terminal weighted e-BH,0,0.8125,13,1165.53846154,315924
0.15,SAFE-ALPHA,0,0.875,14,568.857142857,315924
0.15,Matched terminal weighted e-BH,0,0.8125,13,1165.53846154,315924
0.175,SAFE-ALPHA,0,0.875,14,561.714285714,315924
0.175,Matched terminal weighted e-BH,0,0.8125,13,1165.53846154,315924
0.2,SAFE-ALPHA,0,0.875,14,559.214285714,315924
0.2,Matched terminal weighted e-BH,0,0.8125,13,1165.53846154,315924
0.01,SAFE-ALPHA,0,0.25,4,759.75,315925
0.01,Matched terminal weighted e-BH,0,0.1875,3,1224,315925
0.025,SAFE-ALPHA,0,0.4375,7,736.714285714,315925
0.025,Matched terminal weighted e-BH,0,0.1875,3,1224,315925
0.05,SAFE-ALPHA,0,0.4375,7,630.285714286,315925
0.05,Matched terminal weighted e-BH,0,0.3125,5,1205,315925
0.075,SAFE-ALPHA,0,0.4375,7,588.857142857,315925
0.075,Matched terminal weighted e-BH,0,0.375,6,1211.5,315925
0.1,SAFE-ALPHA,0,0.625,10,656,315925
0.1,Matched terminal weighted e-BH,0,0.4375,7,1205.42857143,315925
0.125,SAFE-ALPHA,0,0.625,10,592.5,315925
0.125,Matched terminal weighted e-BH,0,0.5,8,1195.25,315925
0.15,SAFE-ALPHA,0,0.625,10,572.5,315925
0.15,Matched terminal weighted e-BH,0,0.5625,9,1189,315925
0.175,SAFE-ALPHA,0,0.625,10,526.5,315925
0.175,Matched terminal weighted e-BH,0,0.5625,9,1189,315925
0.2,SAFE-ALPHA,0,0.6875,11,500.545454545,315925
0.2,Matched terminal weighted e-BH,0,0.5625,9,1189,315925
0.01,SAFE-ALPHA,0,0,0,,315926
0.01,Matched terminal weighted e-BH,0,0,0,,315926
0.025,SAFE-ALPHA,0,0,0,,315926
0.025,Matched terminal weighted e-BH,0,0,0,,315926
0.05,SAFE-ALPHA,0,0,0,,315926
0.05,Matched terminal weighted e-BH,0,0,0,,315926
0.075,SAFE-ALPHA,0,0,0,,315926
0.075,Matched terminal weighted e-BH,0,0,0,,315926
0.1,SAFE-ALPHA,0,0,0,,315926
0.1,Matched terminal weighted e-BH,0,0,0,,315926
0.125,SAFE-ALPHA,0,0,0,,315926
0.125,Matched terminal weighted e-BH,0,0,0,,315926
0.15,SAFE-ALPHA,0,0,0,,315926
0.15,Matched terminal weighted e-BH,0,0,0,,315926
0.175,SAFE-ALPHA,0,0,0,,315926
0.175,Matched terminal weighted e-BH,0,0,0,,315926
0.2,SAFE-ALPHA,0,0,0,,315926
0.2,Matched terminal weighted e-BH,0,0,0,,315926
0.01,SAFE-ALPHA,0,0.6875,11,936.909090909,315927
0.01,Matched terminal weighted e-BH,0,0.25,4,1180.25,315927
0.025,SAFE-ALPHA,0,0.75,12,806,315927
0.025,Matched terminal weighted e-BH,0,0.6875,11,1169,315927
0.05,SAFE-ALPHA,0,0.75,12,760.583333333,315927
0.05,Matched terminal weighted e-BH,0,0.6875,11,1169,315927
0.075,SAFE-ALPHA,0,0.8125,13,748.692307692,315927
0.075,Matched terminal weighted e-BH,0,0.6875,11,1169,315927
0.1,SAFE-ALPHA,0,0.8125,13,717.538461538,315927
0.1,Matched terminal weighted e-BH,0,0.75,12,1176.5,315927
0.125,SAFE-ALPHA,0,0.8125,13,657.153846154,315927
0.125,Matched terminal weighted e-BH,0,0.8125,13,1167.84615385,315927
0.15,SAFE-ALPHA,0,0.875,14,673.142857143,315927
0.15,Matched terminal weighted e-BH,0,0.8125,13,1167.84615385,315927
0.175,SAFE-ALPHA,0,0.875,14,653.5,315927
0.175,Matched terminal weighted e-BH,0,0.875,14,1157.21428571,315927
0.2,SAFE-ALPHA,0,0.9375,15,663.333333333,315927
0.2,Matched terminal weighted e-BH,0,0.9375,15,1152,315927
0.01,SAFE-ALPHA,0,0.75,12,732.25,315928
0.01,Matched terminal weighted e-BH,0,0.6875,11,1175.81818182,315928
0.025,SAFE-ALPHA,0,0.875,14,685.285714286,315928
0.025,Matched terminal weighted e-BH,0,0.8125,13,1156.30769231,315928
0.05,SAFE-ALPHA,0,0.875,14,640.642857143,315928
0.05,Matched terminal weighted e-BH,0,0.875,14,1147.57142857,315928
0.075,SAFE-ALPHA,0,0.875,14,602.785714286,315928
0.075,Matched terminal weighted e-BH,0,0.875,14,1147.57142857,315928
0.1,SAFE-ALPHA,0,0.875,14,556,315928
0.1,Matched terminal weighted e-BH,0,0.875,14,1147.57142857,315928
0.125,SAFE-ALPHA,0,0.875,14,529.214285714,315928
0.125,Matched terminal weighted e-BH,0,0.875,14,1147.57142857,315928
0.15,SAFE-ALPHA,0,0.875,14,495.642857143,315928
0.15,Matched terminal weighted e-BH,0,0.875,14,1147.57142857,315928
0.175,SAFE-ALPHA,0,0.875,14,491.714285714,315928
0.175,Matched terminal weighted e-BH,0,0.875,14,1147.57142857,315928
0.2,SAFE-ALPHA,0.0666666666667,0.875,15,478.142857143,315928
0.2,Matched terminal weighted e-BH,0,0.875,14,1147.57142857,315928
0.01,SAFE-ALPHA,0,0.0625,1,881,315929
0.01,Matched terminal weighted e-BH,0,0.0625,1,1139,315929
0.025,SAFE-ALPHA,0,0.375,6,965.166666667,315929
0.025,Matched terminal weighted e-BH,0,0.1875,3,1169,315929
0.05,SAFE-ALPHA,0,0.4375,7,923.857142857,315929
0.05,Matched terminal weighted e-BH,0,0.25,4,1150.25,315929
0.075,SAFE-ALPHA,0,0.5625,9,588.222222222,315929
0.075,Matched terminal weighted e-BH,0,0.3125,5,1151,315929
0.1,SAFE-ALPHA,0,0.5625,9,478.777777778,315929
0.1,Matched terminal weighted e-BH,0,0.3125,5,1151,315929
0.125,SAFE-ALPHA,0,0.75,12,465.583333333,315929
0.125,Matched terminal weighted e-BH,0,0.375,6,1164,315929
0.15,SAFE-ALPHA,0,0.75,12,442.666666667,315929
0.15,Matched terminal weighted e-BH,0,0.5,8,1148.375,315929
0.175,SAFE-ALPHA,0,0.75,12,371.833333333,315929
0.175,Matched terminal weighted e-BH,0,0.5,8,1148.375,315929
0.2,SAFE-ALPHA,0,0.8125,13,342.538461538,315929
0.2,Matched terminal weighted e-BH,0,0.5,8,1148.375,315929
0.01,SAFE-ALPHA,0,0.1875,3,1138.66666667,315930
0.01,Matched terminal weighted e-BH,0,0.125,2,1236.5,315930
0.025,SAFE-ALPHA,0,0.25,4,828.5,315930
0.025,Matched terminal weighted e-BH,0,0.1875,3,1234,315930
0.05,SAFE-ALPHA,0,0.3125,5,806,315930
0.05,Matched terminal weighted e-BH,0,0.1875,3,1234,315930
0.075,SAFE-ALPHA,0,0.3125,5,593,315930
0.075,Matched terminal weighted e-BH,0,0.25,4,1225.25,315930
0.1,SAFE-ALPHA,0,0.3125,5,572,315930
0.1,Matched terminal weighted e-BH,0,0.25,4,1225.25,315930
0.125,SAFE-ALPHA,0,0.375,6,664.333333333,315930
0.125,Matched terminal weighted e-BH,0,0.25,4,1225.25,315930
0.15,SAFE-ALPHA,0,0.5625,9,811.333333333,315930
0.15,Matched terminal weighted e-BH,0,0.3125,5,1217,315930
0.175,SAFE-ALPHA,0,0.5625,9,786,315930
0.175,Matched terminal weighted e-BH,0,0.5625,9,1189,315930
0.2,SAFE-ALPHA,0,0.5625,9,753.222222222,315930
0.2,Matched terminal weighted e-BH,0,0.5625,9,1189,315930
0.01,SAFE-ALPHA,0,0.4375,7,630.285714286,315931
0.01,Matched terminal weighted e-BH,0,0.3125,5,1196,315931
0.025,SAFE-ALPHA,0,0.5625,9,544.333333333,315931
0.025,Matched terminal weighted e-BH,0,0.3125,5,1196,315931
0.05,SAFE-ALPHA,0,0.625,10,483,315931
0.05,Matched terminal weighted e-BH,0,0.4375,7,1166.85714286,315931
0.075,SAFE-ALPHA,0,0.625,10,383.5,315931
0.075,Matched terminal weighted e-BH,0,0.4375,7,1166.85714286,315931
0.1,SAFE-ALPHA,0,0.6875,11,361.454545455,315931
0.1,Matched terminal weighted e-BH,0,0.4375,7,1166.85714286,315931
0.125,SAFE-ALPHA,0,0.6875,11,337.363636364,315931
0.125,Matched terminal weighted e-BH,0,0.5,8,1172.75,315931
0.15,SAFE-ALPHA,0,0.6875,11,287.818181818,315931
0.15,Matched terminal weighted e-BH,0,0.5,8,1172.75,315931
0.175,SAFE-ALPHA,0,0.75,12,321.833333333,315931
0.175,Matched terminal weighted e-BH,0,0.5625,9,1170.66666667,315931
0.2,SAFE-ALPHA,0,0.75,12,307.25,315931
0.2,Matched terminal weighted e-BH,0,0.5625,9,1170.66666667,315931
0.01,SAFE-ALPHA,0,0,0,,315932
0.01,Matched terminal weighted e-BH,0,0,0,,315932
0.025,SAFE-ALPHA,0,0,0,,315932
0.025,Matched terminal weighted e-BH,0,0,0,,315932
0.05,SAFE-ALPHA,0,0,0,,315932
0.05,Matched terminal weighted e-BH,0,0,0,,315932
0.075,SAFE-ALPHA,0,0.25,4,791,315932
0.075,Matched terminal weighted e-BH,0,0,0,,315932
0.1,SAFE-ALPHA,0,0.4375,7,806.714285714,315932
0.1,Matched terminal weighted e-BH,0,0,0,,315932
0.125,SAFE-ALPHA,0,0.4375,7,789.571428571,315932
0.125,Matched terminal weighted e-BH,0,0,0,,315932
0.15,SAFE-ALPHA,0,0.5,8,685.375,315932
0.15,Matched terminal weighted e-BH,0,0,0,,315932
0.175,SAFE-ALPHA,0,0.5,8,679.75,315932
0.175,Matched terminal weighted e-BH,0,0,0,,315932
0.2,SAFE-ALPHA,0,0.5,8,677.25,315932
0.2,Matched terminal weighted e-BH,0,0,0,,315932
0.01,SAFE-ALPHA,0,0.5625,9,906.555555556,315933
0.01,Matched terminal weighted e-BH,0,0.1875,3,1184,315933
0.025,SAFE-ALPHA,0,0.625,10,748.5,315933
0.025,Matched terminal weighted e-BH,0,0.5,8,1185.875,315933
0.05,SAFE-ALPHA,0,0.6875,11,664.636363636,315933
0.05,Matched terminal weighted e-BH,0,0.625,10,1179.5,315933
0.075,SAFE-ALPHA,0,0.75,12,651.416666667,315933
0.075,Matched terminal weighted e-BH,0,0.625,10,1179.5,315933
0.1,SAFE-ALPHA,0,0.8125,13,671.384615385,315933
0.1,Matched terminal weighted e-BH,0,0.625,10,1179.5,315933
0.125,SAFE-ALPHA,0,0.875,14,630.642857143,315933
0.125,Matched terminal weighted e-BH,0,0.6875,11,1174.45454545,315933
0.15,SAFE-ALPHA,0,0.875,14,581,315933
0.15,Matched terminal weighted e-BH,0,0.75,12,1161.5,315933
0.175,SAFE-ALPHA,0,0.875,14,575.285714286,315933
0.175,Matched terminal weighted e-BH,0,0.8125,13,1162.07692308,315933
0.2,SAFE-ALPHA,0,0.875,14,567.785714286,315933
0.2,Matched terminal weighted e-BH,0,0.8125,13,1162.07692308,315933
0.01,SAFE-ALPHA,0,0.0625,1,921,315934
0.01,Matched terminal weighted e-BH,0,0,0,,315934
0.025,SAFE-ALPHA,0,0.125,2,693.5,315934
0.025,Matched terminal weighted e-BH,0,0,0,,315934
0.05,SAFE-ALPHA,0,0.1875,3,639.333333333,315934
0.05,Matched terminal weighted e-BH,0,0.125,2,1251.5,315934
0.075,SAFE-ALPHA,0,0.3125,5,708,315934
0.075,Matched terminal weighted e-BH,0,0.1875,3,1229,315934
0.1,SAFE-ALPHA,0,0.3125,5,619,315934
0.1,Matched terminal weighted e-BH,0,0.1875,3,1229,315934
0.125,SAFE-ALPHA,0,0.375,6,553.5,315934
0.125,Matched terminal weighted e-BH,0,0.3125,5,1202,315934
0.15,SAFE-ALPHA,0,0.5625,9,469.333333333,315934
0.15,Matched terminal weighted e-BH,0,0.3125,5,1202,315934
0.175,SAFE-ALPHA,0,0.5625,9,448.777777778,315934
0.175,Matched terminal weighted e-BH,0,0.3125,5,1202,315934
0.2,SAFE-ALPHA,0,0.5625,9,421.555555556,315934
0.2,Matched terminal weighted e-BH,0,0.3125,5,1202,315934
0.01,SAFE-ALPHA,0,0.375,6,921,315935
0.01,Matched terminal weighted e-BH,0,0.375,6,1189,315935
0.025,SAFE-ALPHA,0,0.4375,7,873.142857143,315935
0.025,Matched terminal weighted e-BH,0,0.4375,7,1196.85714286,315935
0.05,SAFE-ALPHA,0,0.5,8,631.625,315935
0.05,Matched terminal weighted e-BH,0,0.4375,7,1196.85714286,315935
0.075,SAFE-ALPHA,0,0.625,10,599,315935
0.075,Matched terminal weighted e-BH,0,0.5,8,1187.75,315935
0.1,SAFE-ALPHA,0,0.8125,13,643.692307692,315935
0.1,Matched terminal weighted e-BH,0,0.5,8,1187.75,315935
0.125,SAFE-ALPHA,0,0.8125,13,638.307692308,315935
0.125,Matched terminal weighted e-BH,0,0.8125,13,1162.07692308,315935
0.15,SAFE-ALPHA,0,0.8125,13,580.230769231,315935
0.15,Matched terminal weighted e-BH,0,0.8125,13,1162.07692308,315935
0.175,SAFE-ALPHA,0,0.8125,13,574.461538462,315935
0.175,Matched terminal weighted e-BH,0,0.8125,13,1162.07692308,315935
0.2,SAFE-ALPHA,0,0.8125,13,524.461538462,315935
0.2,Matched terminal weighted e-BH,0,0.8125,13,1162.07692308,315935
0.01,SAFE-ALPHA,0,0.125,2,616,315936
0.01,Matched terminal weighted e-BH,0,0,0,,315936
0.025,SAFE-ALPHA,0,0.125,2,586,315936
0.025,Matched terminal weighted e-BH,0,0.0625,1,1259,315936
0.05,SAFE-ALPHA,0,0.1875,3,321,315936
0.05,Matched terminal weighted e-BH,0,0.125,2,1236.5,315936
0.075,SAFE-ALPHA,0,0.25,4,439.75,315936
0.075,Matched terminal weighted e-BH,0,0.125,2,1236.5,315936
0.1,SAFE-ALPHA,0,0.25,4,413.5,315936
0.1,Matched terminal weighted e-BH,0,0.125,2,1236.5,315936
0.125,SAFE-ALPHA,0,0.25,4,411,315936
0.125,Matched terminal weighted e-BH,0,0.125,2,1236.5,315936
0.15,SAFE-ALPHA,0,0.25,4,398.5,315936
0.15,Matched terminal weighted e-BH,0,0.125,2,1236.5,315936
0.175,SAFE-ALPHA,0,0.3125,5,460,315936
0.175,Matched terminal weighted e-BH,0,0.125,2,1236.5,315936
0.2,SAFE-ALPHA,0,0.375,6,516,315936
0.2,Matched terminal weighted e-BH,0,0.125,2,1236.5,315936
0.01,SAFE-ALPHA,0,0.3125,5,901,315937
0.01,Matched terminal weighted e-BH,0,0.3125,5,1202,315937
0.025,SAFE-ALPHA,0,0.5625,9,792.666666667,315937
0.025,Matched terminal weighted e-BH,0,0.5625,9,1164,315937
0.05,SAFE-ALPHA,0,0.625,10,731,315937
0.05,Matched terminal weighted e-BH,0,0.625,10,1167.5,315937
0.075,SAFE-ALPHA,0,0.625,10,721,315937
0.075,Matched terminal weighted e-BH,0,0.625,10,1167.5,315937
0.1,SAFE-ALPHA,0,0.625,10,711.5,315937
0.1,Matched terminal weighted e-BH,0,0.625,10,1167.5,315937
0.125,SAFE-ALPHA,0,0.6875,11,734.636363636,315937
0.125,Matched terminal weighted e-BH,0,0.625,10,1167.5,315937
0.15,SAFE-ALPHA,0,0.6875,11,717.818181818,315937
0.15,Matched terminal weighted e-BH,0,0.625,10,1167.5,315937
0.175,SAFE-ALPHA,0,0.6875,11,705.545454545,315937
0.175,Matched terminal weighted e-BH,0,0.625,10,1167.5,315937
0.2,SAFE-ALPHA,0,0.6875,11,695.090909091,315937
0.2,Matched terminal weighted e-BH,0,0.6875,11,1160.81818182,315937
0.01,SAFE-ALPHA,0,0.4375,7,791.714285714,315938
0.01,Matched terminal weighted e-BH,0,0.375,6,1201.5,315938
0.025,SAFE-ALPHA,0,0.5625,9,776.555555556,315938
0.025,Matched terminal weighted e-BH,0,0.5625,9,1182.33333333,315938
0.05,SAFE-ALPHA,0,0.75,12,731.833333333,315938
0.05,Matched terminal weighted e-BH,0,0.6875,11,1154,315938
0.075,SAFE-ALPHA,0,0.75,12,644.333333333,315938
0.075,Matched terminal weighted e-BH,0,0.75,12,1155.25,315938
0.1,SAFE-ALPHA,0,0.75,12,600.583333333,315938
0.1,Matched terminal weighted e-BH,0,0.75,12,1155.25,315938
0.125,SAFE-ALPHA,0,0.75,12,556.833333333,315938
0.125,Matched terminal weighted e-BH,0,0.75,12,1155.25,315938
0.15,SAFE-ALPHA,0,0.75,12,527.666666667,315938
0.15,Matched terminal weighted e-BH,0,0.75,12,1155.25,315938
0.175,SAFE-ALPHA,0,0.8125,13,530.230769231,315938
0.175,Matched terminal weighted e-BH,0,0.75,12,1155.25,315938
0.2,SAFE-ALPHA,0,0.875,14,534.928571429,315938
0.2,Matched terminal weighted e-BH,0,0.75,12,1155.25,315938
0.01,SAFE-ALPHA,0,0.8125,13,731,315939
0.01,Matched terminal weighted e-BH,0,0.6875,11,1170.36363636,315939
0.025,SAFE-ALPHA,0,0.875,14,620.285714286,315939
0.025,Matched terminal weighted e-BH,0,0.75,12,1166.5,315939
0.05,SAFE-ALPHA,0,0.875,14,555.642857143,315939
0.05,Matched terminal weighted e-BH,0,0.8125,13,1160.92307692,315939
0.075,SAFE-ALPHA,0,0.875,14,522.071428571,315939
0.075,Matched terminal weighted e-BH,0,0.8125,13,1160.92307692,315939
0.1,SAFE-ALPHA,0,0.875,14,489.928571429,315939
0.1,Matched terminal weighted e-BH,0,0.875,14,1159.35714286,315939
0.125,SAFE-ALPHA,0,0.875,14,476,315939
0.125,Matched terminal weighted e-BH,0,0.875,14,1159.35714286,315939
0.15,SAFE-ALPHA,0,0.9375,15,491,315939
0.15,Matched terminal weighted e-BH,0,0.875,14,1159.35714286,315939
0.175,SAFE-ALPHA,0,0.9375,15,438.333333333,315939
0.175,Matched terminal weighted e-BH,0,0.875,14,1159.35714286,315939
0.2,SAFE-ALPHA,0,0.9375,15,424.333333333,315939
0.2,Matched terminal weighted e-BH,0,0.875,14,1159.35714286,315939
0.01,SAFE-ALPHA,0,0.1875,3,1002.66666667,315940
0.01,Matched terminal weighted e-BH,0,0.1875,3,1229,315940
0.025,SAFE-ALPHA,0,0.625,10,1075.3,315940
0.025,Matched terminal weighted e-BH,0,0.625,10,1173.5,315940
0.05,SAFE-ALPHA,0,0.6875,11,983.727272727,315940
0.05,Matched terminal weighted e-BH,0,0.6875,11,1163.54545455,315940
0.075,SAFE-ALPHA,0,0.75,12,931.416666667,315940
0.075,Matched terminal weighted e-BH,0,0.6875,11,1163.54545455,315940
0.1,SAFE-ALPHA,0,0.75,12,898.083333333,315940
0.1,Matched terminal weighted e-BH,0,0.6875,11,1163.54545455,315940
0.125,SAFE-ALPHA,0,0.75,12,847.666666667,315940
0.125,Matched terminal weighted e-BH,0,0.6875,11,1163.54545455,315940
0.15,SAFE-ALPHA,0,0.75,12,780.166666667,315940
0.15,Matched terminal weighted e-BH,0,0.75,12,1162.75,315940
0.175,SAFE-ALPHA,0,0.75,12,756.833333333,315940
0.175,Matched terminal weighted e-BH,0,0.75,12,1162.75,315940
0.2,SAFE-ALPHA,0,0.75,12,748.916666667,315940
0.2,Matched terminal weighted e-BH,0,0.75,12,1162.75,315940
0.01,SAFE-ALPHA,0,0,0,,315941
0.01,Matched terminal weighted e-BH,0,0,0,,315941
0.025,SAFE-ALPHA,0,0,0,,315941
0.025,Matched terminal weighted e-BH,0,0,0,,315941
0.05,SAFE-ALPHA,0,0,0,,315941
0.05,Matched terminal weighted e-BH,0,0,0,,315941
0.075,SAFE-ALPHA,0,0,0,,315941
0.075,Matched terminal weighted e-BH,0,0,0,,315941
0.1,SAFE-ALPHA,0,0,0,,315941
0.1,Matched terminal weighted e-BH,0,0,0,,315941
0.125,SAFE-ALPHA,0,0,0,,315941
0.125,Matched terminal weighted e-BH,0,0,0,,315941
0.15,SAFE-ALPHA,0,0.1875,3,1087.66666667,315941
0.15,Matched terminal weighted e-BH,0,0,0,,315941
0.175,SAFE-ALPHA,0,0.1875,3,1072.66666667,315941
0.175,Matched terminal weighted e-BH,0,0,0,,315941
0.2,SAFE-ALPHA,0,0.1875,3,1032.66666667,315941
0.2,Matched terminal weighted e-BH,0,0,0,,315941
0.01,SAFE-ALPHA,0,0.125,2,958.5,315942
0.01,Matched terminal weighted e-BH,0,0.125,2,1244,315942
0.025,SAFE-ALPHA,0,0.1875,3,946,315942
0.025,Matched terminal weighted e-BH,0,0.1875,3,1219,315942
0.05,SAFE-ALPHA,0,0.1875,3,892.666666667,315942
0.05,Matched terminal weighted e-BH,0,0.1875,3,1219,315942
0.075,SAFE-ALPHA,0,0.25,4,936,315942
0.075,Matched terminal weighted e-BH,0,0.25,4,1210.25,315942
0.1,SAFE-ALPHA,0,0.3125,5,939,315942
0.1,Matched terminal weighted e-BH,0,0.3125,5,1199,315942
0.125,SAFE-ALPHA,0,0.375,6,934.333333333,315942
0.125,Matched terminal weighted e-BH,0,0.3125,5,1199,315942
0.15,SAFE-ALPHA,0,0.4375,7,938.142857143,315942
0.15,Matched terminal weighted e-BH,0,0.3125,5,1199,315942
0.175,SAFE-ALPHA,0,0.4375,7,915.285714286,315942
0.175,Matched terminal weighted e-BH,0,0.4375,7,1181.85714286,315942
0.2,SAFE-ALPHA,0,0.4375,7,909.571428571,315942
0.2,Matched terminal weighted e-BH,0,0.4375,7,1181.85714286,315942
0.01,SAFE-ALPHA,0,0.5,8,1001.625,315943
0.01,Matched terminal weighted e-BH,0,0.5,8,1204.625,315943
0.025,SAFE-ALPHA,0,0.625,10,909.5,315943
0.025,Matched terminal weighted e-BH,0,0.625,10,1190,315943
0.05,SAFE-ALPHA,0,0.8125,13,867.923076923,315943
0.05,Matched terminal weighted e-BH,0,0.6875,11,1179.90909091,315943
0.075,SAFE-ALPHA,0,0.875,14,844.214285714,315943
0.075,Matched terminal weighted e-BH,0,0.8125,13,1159.76923077,315943
0.1,SAFE-ALPHA,0,0.875,14,744.928571429,315943
0.1,Matched terminal weighted e-BH,0,0.8125,13,1159.76923077,315943
0.125,SAFE-ALPHA,0,0.875,14,723.857142857,315943
0.125,Matched terminal weighted e-BH,0,0.8125,13,1159.76923077,315943
0.15,SAFE-ALPHA,0,0.875,14,700.642857143,315943
0.15,Matched terminal weighted e-BH,0,0.875,14,1157.21428571,315943
0.175,SAFE-ALPHA,0,0.875,14,684.928571429,315943
0.175,Matched terminal weighted e-BH,0,0.875,14,1157.21428571,315943
0.2,SAFE-ALPHA,0,0.875,14,670.285714286,315943
0.2,Matched terminal weighted e-BH,0,0.875,14,1157.21428571,315943
0.01,SAFE-ALPHA,0,0.875,14,664.571428571,315944
0.01,Matched terminal weighted e-BH,0,0.8125,13,1152.84615385,315944
0.025,SAFE-ALPHA,0,0.9375,15,552.333333333,315944
0.025,Matched terminal weighted e-BH,0,0.875,14,1148.64285714,315944
0.05,SAFE-ALPHA,0,1,16,458.1875,315944
0.05,Matched terminal weighted e-BH,0,0.9375,15,1147,315944
0.075,SAFE-ALPHA,0,1,16,410.375,315944
0.075,Matched terminal weighted e-BH,0,0.9375,15,1147,315944
0.1,SAFE-ALPHA,0,1,16,371.3125,315944
0.1,Matched terminal weighted e-BH,0,0.9375,15,1147,315944
0.125,SAFE-ALPHA,0,1,16,352.25,315944
0.125,Matched terminal weighted e-BH,0,1,16,1146.5,315944
0.15,SAFE-ALPHA,0,1,16,317.25,315944
0.15,Matched terminal weighted e-BH,0,1,16,1146.5,315944
0.175,SAFE-ALPHA,0,1,16,310.0625,315944
0.175,Matched terminal weighted e-BH,0,1,16,1146.5,315944
0.2,SAFE-ALPHA,0,1,16,302.875,315944
0.2,Matched terminal weighted e-BH,0,1,16,1146.5,315944
0.01,SAFE-ALPHA,0,0.3125,5,1070,315945
0.01,Matched terminal weighted e-BH,0,0.3125,5,1208,315945
0.025,SAFE-ALPHA,0,0.375,6,942.666666667,315945
0.025,Matched terminal weighted e-BH,0,0.375,6,1204,315945
0.05,SAFE-ALPHA,0,0.375,6,888.5,315945
0.05,Matched terminal weighted e-BH,0,0.375,6,1204,315945
0.075,SAFE-ALPHA,0,0.4375,7,829.571428571,315945
0.075,Matched terminal weighted e-BH,0,0.4375,7,1194.71428571,315945
0.1,SAFE-ALPHA,0,0.625,10,861.6,315945
0.1,Matched terminal weighted e-BH,0,0.4375,7,1194.71428571,315945
0.125,SAFE-ALPHA,0,0.6875,11,849.454545455,315945
0.125,Matched terminal weighted e-BH,0,0.5625,9,1170.66666667,315945
0.15,SAFE-ALPHA,0,0.75,12,826.25,315945
0.15,Matched terminal weighted e-BH,0,0.75,12,1164,315945
0.175,SAFE-ALPHA,0,0.75,12,816,315945
0.175,Matched terminal weighted e-BH,0,0.75,12,1164,315945
0.2,SAFE-ALPHA,0,0.75,12,789.333333333,315945
0.2,Matched terminal weighted e-BH,0,0.75,12,1164,315945
0.01,SAFE-ALPHA,0,0.0625,1,926,315946
0.01,Matched terminal weighted e-BH,0,0.0625,1,1259,315946
0.025,SAFE-ALPHA,0,0.0625,1,791,315946
0.025,Matched terminal weighted e-BH,0,0.0625,1,1259,315946
0.05,SAFE-ALPHA,0,0.125,2,916,315946
0.05,Matched terminal weighted e-BH,0,0.0625,1,1259,315946
0.075,SAFE-ALPHA,0,0.375,6,1026.83333333,315946
0.075,Matched terminal weighted e-BH,0,0.0625,1,1259,315946
0.1,SAFE-ALPHA,0,0.375,6,1016,315946
0.1,Matched terminal weighted e-BH,0,0.0625,1,1259,315946
0.125,SAFE-ALPHA,0,0.375,6,985.166666667,315946
0.125,Matched terminal weighted e-BH,0,0.0625,1,1259,315946
0.15,SAFE-ALPHA,0,0.4375,7,920.285714286,315946
0.15,Matched terminal weighted e-BH,0,0.125,2,1191.5,315946
0.175,SAFE-ALPHA,0,0.5625,9,942.111111111,315946
0.175,Matched terminal weighted e-BH,0,0.25,4,1176.5,315946
0.2,SAFE-ALPHA,0,0.5625,9,848.222222222,315946
0.2,Matched terminal weighted e-BH,0,0.25,4,1176.5,315946
0.01,SAFE-ALPHA,0,0.4375,7,844.571428571,315947
0.01,Matched terminal weighted e-BH,0,0.1875,3,1234,315947
0.025,SAFE-ALPHA,0,0.4375,7,745.285714286,315947
0.025,Matched terminal weighted e-BH,0,0.3125,5,1229,315947
0.05,SAFE-ALPHA,0,0.5,8,657.25,315947
0.05,Matched terminal weighted e-BH,0,0.4375,7,1205.42857143,315947
0.075,SAFE-ALPHA,0,0.5,8,631.625,315947
0.075,Matched terminal weighted e-BH,0,0.4375,7,1205.42857143,315947
0.1,SAFE-ALPHA,0,0.5,8,617.25,315947
0.1,Matched terminal weighted e-BH,0,0.4375,7,1205.42857143,315947
0.125,SAFE-ALPHA,0,0.5,8,596,315947
0.125,Matched terminal weighted e-BH,0,0.4375,7,1205.42857143,315947
0.15,SAFE-ALPHA,0,0.5,8,563.5,315947
0.15,Matched terminal weighted e-BH,0,0.4375,7,1205.42857143,315947
0.175,SAFE-ALPHA,0,0.5,8,561.625,315947
0.175,Matched terminal weighted e-BH,0,0.4375,7,1205.42857143,315947
0.2,SAFE-ALPHA,0,0.5,8,491.625,315947
0.2,Matched terminal weighted e-BH,0,0.4375,7,1205.42857143,315947
0.01,SAFE-ALPHA,0,0,0,,315948
0.01,Matched terminal weighted e-BH,0,0,0,,315948
0.025,SAFE-ALPHA,0,0,0,,315948
0.025,Matched terminal weighted e-BH,0,0,0,,315948
0.05,SAFE-ALPHA,0,0,0,,315948
0.05,Matched terminal weighted e-BH,0,0,0,,315948
0.075,SAFE-ALPHA,0,0.0625,1,1186,315948
0.075,Matched terminal weighted e-BH,0,0,0,,315948
0.1,SAFE-ALPHA,0,0.0625,1,1131,315948
0.1,Matched terminal weighted e-BH,0,0,0,,315948
0.125,SAFE-ALPHA,0,0.0625,1,1131,315948
0.125,Matched terminal weighted e-BH,0,0.0625,1,1229,315948
0.15,SAFE-ALPHA,0,0.0625,1,1091,315948
0.15,Matched terminal weighted e-BH,0,0.0625,1,1229,315948
0.175,SAFE-ALPHA,0,0.125,2,1166,315948
0.175,Matched terminal weighted e-BH,0,0.0625,1,1229,315948
0.2,SAFE-ALPHA,0,0.125,2,1163.5,315948
0.2,Matched terminal weighted e-BH,0,0.125,2,1244,315948
0.01,SAFE-ALPHA,0,0.375,6,970.166666667,315949
0.01,Matched terminal weighted e-BH,0,0.3125,5,1229,315949
0.025,SAFE-ALPHA,0,0.5,8,924.125,315949
0.025,Matched terminal weighted e-BH,0,0.5,8,1199,315949
0.05,SAFE-ALPHA,0,0.6875,11,858.272727273,315949
0.05,Matched terminal weighted e-BH,0,0.6875,11,1182.63636364,315949
0.075,SAFE-ALPHA,0,0.75,12,792.25,315949
0.075,Matched terminal weighted e-BH,0,0.75,12,1172.75,315949
0.1,SAFE-ALPHA,0,0.75,12,728.5,315949
0.1,Matched terminal weighted e-BH,0,0.75,12,1172.75,315949
0.125,SAFE-ALPHA,0,0.75,12,694.75,315949
0.125,Matched terminal weighted e-BH,0,0.75,12,1172.75,315949
0.15,SAFE-ALPHA,0,0.75,12,686.416666667,315949
0.15,Matched terminal weighted e-BH,0,0.75,12,1172.75,315949
0.175,SAFE-ALPHA,0,0.75,12,658.5,315949
0.175,Matched terminal weighted e-BH,0,0.75,12,1172.75,315949
0.2,SAFE-ALPHA,0,0.75,12,642.666666667,315949
0.2,Matched terminal weighted e-BH,0,0.75,12,1172.75,315949
0.01,SAFE-ALPHA,0,0.3125,5,1029,315950
0.01,Matched terminal weighted e-BH,0,0.3125,5,1187,315950
0.025,SAFE-ALPHA,0,0.375,6,981.833333333,315950
0.025,Matched terminal weighted e-BH,0,0.375,6,1199,315950
0.05,SAFE-ALPHA,0,0.5,8,906,315950
0.05,Matched terminal weighted e-BH,0,0.5,8,1178.375,315950
0.075,SAFE-ALPHA,0,0.5,8,847.25,315950
0.075,Matched terminal weighted e-BH,0,0.5,8,1178.375,315950
0.1,SAFE-ALPHA,0,0.5,8,802.875,315950
0.1,Matched terminal weighted e-BH,0,0.5,8,1178.375,315950
0.125,SAFE-ALPHA,0,0.5625,9,821.555555556,315950
0.125,Matched terminal weighted e-BH,0,0.5,8,1178.375,315950
0.15,SAFE-ALPHA,0,0.5625,9,804.888888889,315950
0.15,Matched terminal weighted e-BH,0,0.5,8,1178.375,315950
0.175,SAFE-ALPHA,0,0.5625,9,794.888888889,315950
0.175,Matched terminal weighted e-BH,0,0.5,8,1178.375,315950
0.2,SAFE-ALPHA,0,0.625,10,809,315950
0.2,Matched terminal weighted e-BH,0,0.5,8,1178.375,315950
0.01,SAFE-ALPHA,0,0,0,,315951
0.01,Matched terminal weighted e-BH,0,0,0,,315951
0.025,SAFE-ALPHA,0,0,0,,315951
0.025,Matched terminal weighted e-BH,0,0,0,,315951
0.05,SAFE-ALPHA,0,0,0,,315951
0.05,Matched terminal weighted e-BH,0,0,0,,315951
0.075,SAFE-ALPHA,0,0,0,,315951
0.075,Matched terminal weighted e-BH,0,0,0,,315951
0.1,SAFE-ALPHA,0,0.0625,1,1071,315951
0.1,Matched terminal weighted e-BH,0,0,0,,315951
0.125,SAFE-ALPHA,0,0.125,2,641,315951
0.125,Matched terminal weighted e-BH,0,0,0,,315951
0.15,SAFE-ALPHA,0,0.125,2,628.5,315951
0.15,Matched terminal weighted e-BH,0,0,0,,315951
0.175,SAFE-ALPHA,0,0.125,2,621,315951
0.175,Matched terminal weighted e-BH,0,0,0,,315951
0.2,SAFE-ALPHA,0,0.125,2,621,315951
0.2,Matched terminal weighted e-BH,0,0,0,,315951
0.01,SAFE-ALPHA,0,0.375,6,913.5,315952
0.01,Matched terminal weighted e-BH,0,0.1875,3,1219,315952
0.025,SAFE-ALPHA,0,0.6875,11,871.454545455,315952
0.025,Matched terminal weighted e-BH,0,0.4375,7,1179.71428571,315952
0.05,SAFE-ALPHA,0,0.8125,13,852.923076923,315952
0.05,Matched terminal weighted e-BH,0,0.5625,9,1169,315952
0.075,SAFE-ALPHA,0,0.8125,13,757.153846154,315952
0.075,Matched terminal weighted e-BH,0,0.5625,9,1169,315952
0.1,SAFE-ALPHA,0,0.8125,13,714.461538462,315952
0.1,Matched terminal weighted e-BH,0,0.625,10,1161.5,315952
0.125,SAFE-ALPHA,0,0.8125,13,632.153846154,315952
0.125,Matched terminal weighted e-BH,0,0.6875,11,1166.27272727,315952
0.15,SAFE-ALPHA,0,0.8125,13,590.230769231,315952
0.15,Matched terminal weighted e-BH,0,0.6875,11,1166.27272727,315952
0.175,SAFE-ALPHA,0,0.8125,13,567.923076923,315952
0.175,Matched terminal weighted e-BH,0,0.6875,11,1166.27272727,315952
0.2,SAFE-ALPHA,0,0.8125,13,560.615384615,315952
0.2,Matched terminal weighted e-BH,0,0.8125,13,1169,315952
0.01,SAFE-ALPHA,0,0.75,12,785.166666667,315953
0.01,Matched terminal weighted e-BH,0,0.5625,9,1190.66666667,315953
0.025,SAFE-ALPHA,0,0.8125,13,719.846153846,315953
0.025,Matched terminal weighted e-BH,0,0.75,12,1170.25,315953
0.05,SAFE-ALPHA,0,0.8125,13,575.230769231,315953
0.05,Matched terminal weighted e-BH,0,0.8125,13,1157.46153846,315953
0.075,SAFE-ALPHA,0,0.875,14,566.357142857,315953
0.075,Matched terminal weighted e-BH,0,0.8125,13,1157.46153846,315953
0.1,SAFE-ALPHA,0,0.875,14,528.857142857,315953
0.1,Matched terminal weighted e-BH,0,0.875,14,1152.92857143,315953
0.125,SAFE-ALPHA,0,0.875,14,515.285714286,315953
0.125,Matched terminal weighted e-BH,0,0.875,14,1152.92857143,315953
0.15,SAFE-ALPHA,0,0.875,14,502.785714286,315953
0.15,Matched terminal weighted e-BH,0,0.875,14,1152.92857143,315953
0.175,SAFE-ALPHA,0,0.875,14,438.857142857,315953
0.175,Matched terminal weighted e-BH,0,0.875,14,1152.92857143,315953
0.2,SAFE-ALPHA,0,0.875,14,426,315953
0.2,Matched terminal weighted e-BH,0,0.875,14,1152.92857143,315953
0.01,SAFE-ALPHA,0,0.5,8,691,315954
0.01,Matched terminal weighted e-BH,0,0.1875,3,1224,315954
0.025,SAFE-ALPHA,0,0.75,12,625.583333333,315954
0.025,Matched terminal weighted e-BH,0,0.375,6,1196.5,315954
0.05,SAFE-ALPHA,0,0.8125,13,590.230769231,315954
0.05,Matched terminal weighted e-BH,0,0.4375,7,1173.28571429,315954
0.075,SAFE-ALPHA,0,0.8125,13,549.461538462,315954
0.075,Matched terminal weighted e-BH,0,0.625,10,1149.5,315954
0.1,SAFE-ALPHA,0,0.9375,15,544.333333333,315954
0.1,Matched terminal weighted e-BH,0,0.75,12,1164,315954
0.125,SAFE-ALPHA,0,0.9375,15,515.333333333,315954
0.125,Matched terminal weighted e-BH,0,0.75,12,1164,315954
0.15,SAFE-ALPHA,0,0.9375,15,496.666666667,315954
0.15,Matched terminal weighted e-BH,0,0.75,12,1164,315954
0.175,SAFE-ALPHA,0,0.9375,15,443,315954
0.175,Matched terminal weighted e-BH,0,0.75,12,1164,315954
0.2,SAFE-ALPHA,0,0.9375,15,435.666666667,315954
0.2,Matched terminal weighted e-BH,0,0.75,12,1164,315954
0.01,SAFE-ALPHA,0,0,0,,315955
0.01,Matched terminal weighted e-BH,0,0,0,,315955
0.025,SAFE-ALPHA,0,0,0,,315955
0.025,Matched terminal weighted e-BH,0,0,0,,315955
0.05,SAFE-ALPHA,0,0,0,,315955
0.05,Matched terminal weighted e-BH,0,0,0,,315955
0.075,SAFE-ALPHA,0,0,0,,315955
0.075,Matched terminal weighted e-BH,0,0,0,,315955
0.1,SAFE-ALPHA,0,0.3125,5,986,315955
0.1,Matched terminal weighted e-BH,0,0,0,,315955
0.125,SAFE-ALPHA,0,0.3125,5,857,315955
0.125,Matched terminal weighted e-BH,0,0,0,,315955
0.15,SAFE-ALPHA,0,0.3125,5,761,315955
0.15,Matched terminal weighted e-BH,0,0,0,,315955
0.175,SAFE-ALPHA,0,0.3125,5,758,315955
0.175,Matched terminal weighted e-BH,0,0,0,,315955
0.2,SAFE-ALPHA,0,0.4375,7,812.428571429,315955
0.2,Matched terminal weighted e-BH,0,0,0,,315955
0.01,SAFE-ALPHA,0,0.5,8,830.375,315956
0.01,Matched terminal weighted e-BH,0,0.5,8,1193.375,315956
0.025,SAFE-ALPHA,0,0.5625,9,711,315956
0.025,Matched terminal weighted e-BH,0,0.5625,9,1160.66666667,315956
0.05,SAFE-ALPHA,0,0.5625,9,649.333333333,315956
0.05,Matched terminal weighted e-BH,0,0.5625,9,1160.66666667,315956
0.075,SAFE-ALPHA,0,0.5625,9,507.666666667,315956
0.075,Matched terminal weighted e-BH,0,0.5625,9,1160.66666667,315956
0.1,SAFE-ALPHA,0,0.5625,9,466.555555556,315956
0.1,Matched terminal weighted e-BH,0,0.5625,9,1160.66666667,315956
0.125,SAFE-ALPHA,0,0.5625,9,388.777777778,315956
0.125,Matched terminal weighted e-BH,0,0.5625,9,1160.66666667,315956
0.15,SAFE-ALPHA,0,0.5625,9,384.333333333,315956
0.15,Matched terminal weighted e-BH,0,0.5625,9,1160.66666667,315956
0.175,SAFE-ALPHA,0,0.6875,11,493.727272727,315956
0.175,Matched terminal weighted e-BH,0,0.5625,9,1160.66666667,315956
0.2,SAFE-ALPHA,0,0.75,12,499.75,315956
0.2,Matched terminal weighted e-BH,0,0.5625,9,1160.66666667,315956
0.01,SAFE-ALPHA,0,0.6875,11,708.272727273,315957
0.01,Matched terminal weighted e-BH,0,0.0625,1,1229,315957
0.025,SAFE-ALPHA,0,0.8125,13,646,315957
0.025,Matched terminal weighted e-BH,0,0.375,6,1181.5,315957
0.05,SAFE-ALPHA,0,0.8125,13,600.230769231,315957
0.05,Matched terminal weighted e-BH,0,0.4375,7,1181.85714286,315957
0.075,SAFE-ALPHA,0,0.8125,13,552.153846154,315957
0.075,Matched terminal weighted e-BH,0,0.4375,7,1181.85714286,315957
0.1,SAFE-ALPHA,0,0.8125,13,517.923076923,315957
0.1,Matched terminal weighted e-BH,0,0.6875,11,1156.72727273,315957
0.125,SAFE-ALPHA,0,0.8125,13,478.692307692,315957
0.125,Matched terminal weighted e-BH,0,0.75,12,1154,315957
0.15,SAFE-ALPHA,0,0.875,14,479.928571429,315957
0.15,Matched terminal weighted e-BH,0,0.8125,13,1150.53846154,315957
0.175,SAFE-ALPHA,0,0.875,14,445.285714286,315957
0.175,Matched terminal weighted e-BH,0,0.8125,13,1150.53846154,315957
0.2,SAFE-ALPHA,0,0.875,14,425.285714286,315957
0.2,Matched terminal weighted e-BH,0,0.8125,13,1150.53846154,315957
0.01,SAFE-ALPHA,0,0.5,8,754.125,315958
0.01,Matched terminal weighted e-BH,0,0.375,6,1191.5,315958
0.025,SAFE-ALPHA,0,0.6875,11,761,315958
0.025,Matched terminal weighted e-BH,0,0.5,8,1193.375,315958
0.05,SAFE-ALPHA,0,0.8125,13,700.230769231,315958
0.05,Matched terminal weighted e-BH,0,0.625,10,1173.5,315958
0.075,SAFE-ALPHA,0,0.9375,15,681.666666667,315958
0.075,Matched terminal weighted e-BH,0,0.6875,11,1159.45454545,315958
0.1,SAFE-ALPHA,0,0.9375,15,597.666666667,315958
0.1,Matched terminal weighted e-BH,0,0.8125,13,1147.07692308,315958
0.125,SAFE-ALPHA,0,0.9375,15,577,315958
0.125,Matched terminal weighted e-BH,0,0.875,14,1146.5,315958
0.15,SAFE-ALPHA,0,0.9375,15,536.666666667,315958
0.15,Matched terminal weighted e-BH,0,0.875,14,1146.5,315958
0.175,SAFE-ALPHA,0,0.9375,15,522,315958
0.175,Matched terminal weighted e-BH,0,0.875,14,1146.5,315958
0.2,SAFE-ALPHA,0,0.9375,15,504.666666667,315958
0.2,Matched terminal weighted e-BH,0,0.9375,15,1137,315958
0.01,SAFE-ALPHA,0,0.125,2,463.5,315959
0.01,Matched terminal weighted e-BH,0,0.0625,1,1259,315959
0.025,SAFE-ALPHA,0,0.4375,7,715.285714286,315959
0.025,Matched terminal weighted e-BH,0,0.0625,1,1259,315959
0.05,SAFE-ALPHA,0,0.625,10,580.5,315959
0.05,Matched terminal weighted e-BH,0,0.3125,5,1193,315959
0.075,SAFE-ALPHA,0,0.6875,11,590.545454545,315959
0.075,Matched terminal weighted e-BH,0,0.3125,5,1193,315959
0.1,SAFE-ALPHA,0,0.6875,11,566.909090909,315959
0.1,Matched terminal weighted e-BH,0,0.3125,5,1193,315959
0.125,SAFE-ALPHA,0,0.6875,11,451.909090909,315959
0.125,Matched terminal weighted e-BH,0,0.5,8,1174.625,315959
0.15,SAFE-ALPHA,0,0.6875,11,423.727272727,315959
0.15,Matched terminal weighted e-BH,0,0.5,8,1174.625,315959
0.175,SAFE-ALPHA,0,0.6875,11,410.545454545,315959
0.175,Matched terminal weighted e-BH,0,0.5625,9,1172.33333333,315959
0.2,SAFE-ALPHA,0,0.6875,11,395.090909091,315959
0.2,Matched terminal weighted e-BH,0,0.5625,9,1172.33333333,315959
0.01,SAFE-ALPHA,0,0.5625,9,964.333333333,315960
0.01,Matched terminal weighted e-BH,0,0.5,8,1191.5,315960
0.025,SAFE-ALPHA,0,0.625,10,844,315960
0.025,Matched terminal weighted e-BH,0,0.625,10,1191.5,315960
0.05,SAFE-ALPHA,0,0.6875,11,781.454545455,315960
0.05,Matched terminal weighted e-BH,0,0.6875,11,1184,315960
0.075,SAFE-ALPHA,0,0.75,12,747.25,315960
0.075,Matched terminal weighted e-BH,0,0.75,12,1176.5,315960
0.1,SAFE-ALPHA,0,0.8125,13,743.307692308,315960
0.1,Matched terminal weighted e-BH,0,0.8125,13,1166.69230769,315960
0.125,SAFE-ALPHA,0,0.8125,13,722.923076923,315960
0.125,Matched terminal weighted e-BH,0,0.8125,13,1166.69230769,315960
0.15,SAFE-ALPHA,0,0.8125,13,699.461538462,315960
0.15,Matched terminal weighted e-BH,0,0.8125,13,1166.69230769,315960
0.175,SAFE-ALPHA,0,0.8125,13,677.923076923,315960
0.175,Matched terminal weighted e-BH,0,0.8125,13,1166.69230769,315960
0.2,SAFE-ALPHA,0,0.8125,13,656.769230769,315960
0.2,Matched terminal weighted e-BH,0,0.8125,13,1166.69230769,315960
0.01,SAFE-ALPHA,0,0.5,8,972.875,315961
0.01,Matched terminal weighted e-BH,0,0.5,8,1206.5,315961
0.025,SAFE-ALPHA,0,0.5625,9,861.555555556,315961
0.025,Matched terminal weighted e-BH,0,0.5,8,1206.5,315961
0.05,SAFE-ALPHA,0,0.625,10,772.5,315961
0.05,Matched terminal weighted e-BH,0,0.5,8,1206.5,315961
0.075,SAFE-ALPHA,0,0.6875,11,768.272727273,315961
0.075,Matched terminal weighted e-BH,0,0.6875,11,1177.18181818,315961
0.1,SAFE-ALPHA,0,0.6875,11,737.363636364,315961
0.1,Matched terminal weighted e-BH,0,0.6875,11,1177.18181818,315961
0.125,SAFE-ALPHA,0,0.6875,11,729.636363636,315961
0.125,Matched terminal weighted e-BH,0,0.6875,11,1177.18181818,315961
0.15,SAFE-ALPHA,0,0.6875,11,713.272727273,315961
0.15,Matched terminal weighted e-BH,0,0.6875,11,1177.18181818,315961
0.175,SAFE-ALPHA,0,0.6875,11,684.636363636,315961
0.175,Matched terminal weighted e-BH,0,0.6875,11,1177.18181818,315961
0.2,SAFE-ALPHA,0,0.6875,11,672.363636364,315961
0.2,Matched terminal weighted e-BH,0,0.6875,11,1177.18181818,315961
0.01,SAFE-ALPHA,0,0,0,,315962
0.01,Matched terminal weighted e-BH,0,0,0,,315962
0.025,SAFE-ALPHA,0,0,0,,315962
0.025,Matched terminal weighted e-BH,0,0,0,,315962
0.05,SAFE-ALPHA,0,0,0,,315962
0.05,Matched terminal weighted e-BH,0,0,0,,315962
0.075,SAFE-ALPHA,0,0,0,,315962
0.075,Matched terminal weighted e-BH,0,0,0,,315962
0.1,SAFE-ALPHA,0,0,0,,315962
0.1,Matched terminal weighted e-BH,0,0,0,,315962
0.125,SAFE-ALPHA,0,0,0,,315962
0.125,Matched terminal weighted e-BH,0,0,0,,315962
0.15,SAFE-ALPHA,0,0,0,,315962
0.15,Matched terminal weighted e-BH,0,0,0,,315962
0.175,SAFE-ALPHA,0,0,0,,315962
0.175,Matched terminal weighted e-BH,0,0,0,,315962
0.2,SAFE-ALPHA,0,0.0625,1,1146,315962
0.2,Matched terminal weighted e-BH,0,0,0,,315962
0.01,SAFE-ALPHA,0,0.4375,7,718.857142857,315963
0.01,Matched terminal weighted e-BH,0,0.4375,7,1177.57142857,315963
0.025,SAFE-ALPHA,0,0.5,8,663.5,315963
0.025,Matched terminal weighted e-BH,0,0.4375,7,1177.57142857,315963
0.05,SAFE-ALPHA,0,0.75,12,731,315963
0.05,Matched terminal weighted e-BH,0,0.4375,7,1177.57142857,315963
0.075,SAFE-ALPHA,0,0.75,12,672.666666667,315963
0.075,Matched terminal weighted e-BH,0,0.5625,9,1174,315963
0.1,SAFE-ALPHA,0,0.75,12,636,315963
0.1,Matched terminal weighted e-BH,0,0.6875,11,1156.72727273,315963
0.125,SAFE-ALPHA,0,0.75,12,627.666666667,315963
0.125,Matched terminal weighted e-BH,0,0.6875,11,1156.72727273,315963
0.15,SAFE-ALPHA,0,0.75,12,615.166666667,315963
0.15,Matched terminal weighted e-BH,0,0.6875,11,1156.72727273,315963
0.175,SAFE-ALPHA,0,0.8125,13,542.923076923,315963
0.175,Matched terminal weighted e-BH,0,0.6875,11,1156.72727273,315963
0.2,SAFE-ALPHA,0,0.8125,13,536,315963
0.2,Matched terminal weighted e-BH,0,0.6875,11,1156.72727273,315963
0.01,SAFE-ALPHA,0,0.3125,5,792,315964
0.01,Matched terminal weighted e-BH,0,0.0625,1,1259,315964
0.025,SAFE-ALPHA,0,0.4375,7,766,315964
0.025,Matched terminal weighted e-BH,0,0.0625,1,1259,315964
0.05,SAFE-ALPHA,0,0.5625,9,782.666666667,315964
0.05,Matched terminal weighted e-BH,0,0.0625,1,1259,315964
0.075,SAFE-ALPHA,0,0.5625,9,714.333333333,315964
0.075,Matched terminal weighted e-BH,0,0.0625,1,1259,315964
0.1,SAFE-ALPHA,0,0.5625,9,669.333333333,315964
0.1,Matched terminal weighted e-BH,0,0.0625,1,1259,315964
0.125,SAFE-ALPHA,0,0.5625,9,638.777777778,315964
0.125,Matched terminal weighted e-BH,0,0.0625,1,1259,315964
0.15,SAFE-ALPHA,0,0.5625,9,633.777777778,315964
0.15,Matched terminal weighted e-BH,0,0.0625,1,1259,315964
0.175,SAFE-ALPHA,0,0.5625,9,616.555555556,315964
0.175,Matched terminal weighted e-BH,0,0.0625,1,1259,315964
0.2,SAFE-ALPHA,0,0.5625,9,607.111111111,315964
0.2,Matched terminal weighted e-BH,0,0.25,4,1210.25,315964
0.01,SAFE-ALPHA,0,0.1875,3,836,315965
0.01,Matched terminal weighted e-BH,0,0.1875,3,1199,315965
0.025,SAFE-ALPHA,0,0.4375,7,878.285714286,315965
0.025,Matched terminal weighted e-BH,0,0.4375,7,1209.71428571,315965
0.05,SAFE-ALPHA,0,0.4375,7,832.428571429,315965
0.05,Matched terminal weighted e-BH,0,0.4375,7,1209.71428571,315965
0.075,SAFE-ALPHA,0,0.625,10,760.5,315965
0.075,Matched terminal weighted e-BH,0,0.5625,9,1192.33333333,315965
0.1,SAFE-ALPHA,0,0.6875,11,638.545454545,315965
0.1,Matched terminal weighted e-BH,0,0.6875,11,1184,315965
0.125,SAFE-ALPHA,0,0.75,12,667.5,315965
0.125,Matched terminal weighted e-BH,0,0.75,12,1176.5,315965
0.15,SAFE-ALPHA,0,0.75,12,648.083333333,315965
0.15,Matched terminal weighted e-BH,0,0.75,12,1176.5,315965
0.175,SAFE-ALPHA,0,0.75,12,633.083333333,315965
0.175,Matched terminal weighted e-BH,0,0.75,12,1176.5,315965
0.2,SAFE-ALPHA,0,0.75,12,603.916666667,315965
0.2,Matched terminal weighted e-BH,0,0.75,12,1176.5,315965
0.01,SAFE-ALPHA,0,0.4375,7,737.428571429,315966
0.01,Matched terminal weighted e-BH,0,0.375,6,1199,315966
0.025,SAFE-ALPHA,0,0.5625,9,655.444444444,315966
0.025,Matched terminal weighted e-BH,0,0.5,8,1184,315966
0.05,SAFE-ALPHA,0,0.5625,9,506.555555556,315966
0.05,Matched terminal weighted e-BH,0,0.5,8,1184,315966
0.075,SAFE-ALPHA,0,0.5625,9,442.111111111,315966
0.075,Matched terminal weighted e-BH,0,0.5,8,1184,315966
0.1,SAFE-ALPHA,0,0.625,10,446.5,315966
0.1,Matched terminal weighted e-BH,0,0.5,8,1184,315966
0.125,SAFE-ALPHA,0,0.625,10,440,315966
0.125,Matched terminal weighted e-BH,0,0.5,8,1184,315966
0.15,SAFE-ALPHA,0,0.625,10,433,315966
0.15,Matched terminal weighted e-BH,0,0.5,8,1184,315966
0.175,SAFE-ALPHA,0,0.6875,11,476.909090909,315966
0.175,Matched terminal weighted e-BH,0,0.5,8,1184,315966
0.2,SAFE-ALPHA,0,0.75,12,479.75,315966
0.2,Matched terminal weighted e-BH,0,0.5,8,1184,315966
0.01,SAFE-ALPHA,0,0.125,2,1171,315967
0.01,Matched terminal weighted e-BH,0,0,0,,315967
0.025,SAFE-ALPHA,0,0.125,2,1008.5,315967
0.025,Matched terminal weighted e-BH,0,0.125,2,1251.5,315967
0.05,SAFE-ALPHA,0,0.1875,3,861,315967
0.05,Matched terminal weighted e-BH,0,0.125,2,1251.5,315967
0.075,SAFE-ALPHA,0,0.25,4,866,315967
0.075,Matched terminal weighted e-BH,0,0.1875,3,1239,315967
0.1,SAFE-ALPHA,0,0.25,4,793.5,315967
0.1,Matched terminal weighted e-BH,0,0.1875,3,1239,315967
0.125,SAFE-ALPHA,0,0.25,4,781,315967
0.125,Matched terminal weighted e-BH,0,0.1875,3,1239,315967
0.15,SAFE-ALPHA,0,0.5,8,952.875,315967
0.15,Matched terminal weighted e-BH,0,0.1875,3,1239,315967
0.175,SAFE-ALPHA,0,0.5625,9,957.111111111,315967
0.175,Matched terminal weighted e-BH,0,0.1875,3,1239,315967
0.2,SAFE-ALPHA,0,0.5625,9,948.222222222,315967
0.2,Matched terminal weighted e-BH,0,0.1875,3,1239,315967
0.01,SAFE-ALPHA,0,0.3125,5,824,315968
0.01,Matched terminal weighted e-BH,0,0.1875,3,1229,315968
0.025,SAFE-ALPHA,0,0.4375,7,625.285714286,315968
0.025,Matched terminal weighted e-BH,0,0.1875,3,1229,315968
0.05,SAFE-ALPHA,0,0.5,8,570.375,315968
0.05,Matched terminal weighted e-BH,0,0.375,6,1204,315968
0.075,SAFE-ALPHA,0,0.5625,9,543.777777778,315968
0.075,Matched terminal weighted e-BH,0,0.375,6,1204,315968
0.1,SAFE-ALPHA,0,0.5625,9,506,315968
0.1,Matched terminal weighted e-BH,0,0.4375,7,1211.85714286,315968
0.125,SAFE-ALPHA,0,0.5625,9,416.555555556,315968
0.125,Matched terminal weighted e-BH,0,0.4375,7,1211.85714286,315968
0.15,SAFE-ALPHA,0,0.5625,9,413.777777778,315968
0.15,Matched terminal weighted e-BH,0,0.4375,7,1211.85714286,315968
0.175,SAFE-ALPHA,0,0.5625,9,368.777777778,315968
0.175,Matched terminal weighted e-BH,0,0.4375,7,1211.85714286,315968
0.2,SAFE-ALPHA,0,0.625,10,342,315968
0.2,Matched terminal weighted e-BH,0,0.4375,7,1211.85714286,315968
0.01,SAFE-ALPHA,0,0.125,2,913.5,315969
0.01,Matched terminal weighted e-BH,0,0.125,2,1236.5,315969
0.025,SAFE-ALPHA,0,0.25,4,966,315969
0.025,Matched terminal weighted e-BH,0,0.125,2,1236.5,315969
0.05,SAFE-ALPHA,0,0.375,6,881.833333333,315969
0.05,Matched terminal weighted e-BH,0,0.3125,5,1217,315969
0.075,SAFE-ALPHA,0,0.375,6,842.666666667,315969
0.075,Matched terminal weighted e-BH,0,0.375,6,1194,315969
0.1,SAFE-ALPHA,0,0.375,6,806,315969
0.1,Matched terminal weighted e-BH,0,0.375,6,1194,315969
0.125,SAFE-ALPHA,0,0.5,8,800.375,315969
0.125,Matched terminal weighted e-BH,0,0.375,6,1194,315969
0.15,SAFE-ALPHA,0,0.5,8,766.625,315969
0.15,Matched terminal weighted e-BH,0,0.375,6,1194,315969
0.175,SAFE-ALPHA,0,0.5,8,758.5,315969
0.175,Matched terminal weighted e-BH,0,0.375,6,1194,315969
0.2,SAFE-ALPHA,0,0.5,8,741,315969
0.2,Matched terminal weighted e-BH,0,0.5,8,1189.625,315969
0.01,SAFE-ALPHA,0,0.25,4,707.25,315970
0.01,Matched terminal weighted e-BH,0,0,0,,315970
0.025,SAFE-ALPHA,0,0.5625,9,737.666666667,315970
0.025,Matched terminal weighted e-BH,0,0.125,2,1236.5,315970
0.05,SAFE-ALPHA,0,0.625,10,599.5,315970
0.05,Matched terminal weighted e-BH,0,0.3125,5,1208,315970
0.075,SAFE-ALPHA,0,0.625,10,536.5,315970
0.075,Matched terminal weighted e-BH,0,0.3125,5,1208,315970
0.1,SAFE-ALPHA,0,0.625,10,495.5,315970
0.1,Matched terminal weighted e-BH,0,0.3125,5,1208,315970
0.125,SAFE-ALPHA,0,0.75,12,527.25,315970
0.125,Matched terminal weighted e-BH,0,0.5,8,1200.875,315970
0.15,SAFE-ALPHA,0,0.8125,13,489.846153846,315970
0.15,Matched terminal weighted e-BH,0,0.5625,9,1187.33333333,315970
0.175,SAFE-ALPHA,0,0.875,14,473.142857143,315970
0.175,Matched terminal weighted e-BH,0,0.5625,9,1187.33333333,315970
0.2,SAFE-ALPHA,0,0.875,14,451.357142857,315970
0.2,Matched terminal weighted e-BH,0,0.625,10,1187,315970
0.01,SAFE-ALPHA,0,0.125,2,1156,315971
0.01,Matched terminal weighted e-BH,0,0.125,2,1244,315971
0.025,SAFE-ALPHA,0,0.1875,3,1106,315971
0.025,Matched terminal weighted e-BH,0,0.1875,3,1209,315971
0.05,SAFE-ALPHA,0,0.3125,5,993,315971
0.05,Matched terminal weighted e-BH,0,0.25,4,1184,315971
0.075,SAFE-ALPHA,0,0.5,8,999.75,315971
0.075,Matched terminal weighted e-BH,0,0.25,4,1184,315971
0.1,SAFE-ALPHA,0,0.5625,9,964.888888889,315971
0.1,Matched terminal weighted e-BH,0,0.4375,7,1156.14285714,315971
0.125,SAFE-ALPHA,0,0.5625,9,954.333333333,315971
0.125,Matched terminal weighted e-BH,0,0.5625,9,1167.33333333,315971
0.15,SAFE-ALPHA,0,0.5625,9,947.666666667,315971
0.15,Matched terminal weighted e-BH,0,0.5625,9,1167.33333333,315971
0.175,SAFE-ALPHA,0,0.5625,9,929.333333333,315971
0.175,Matched terminal weighted e-BH,0,0.5625,9,1167.33333333,315971
0.2,SAFE-ALPHA,0,0.5625,9,912.666666667,315971
0.2,Matched terminal weighted e-BH,0,0.5625,9,1167.33333333,315971
0.01,SAFE-ALPHA,0,0.25,4,989.75,315972
0.01,Matched terminal weighted e-BH,0,0.25,4,1221.5,315972
0.025,SAFE-ALPHA,0,0.3125,5,941,315972
0.025,Matched terminal weighted e-BH,0,0.3125,5,1220,315972
0.05,SAFE-ALPHA,0,0.3125,5,744,315972
0.05,Matched terminal weighted e-BH,0,0.3125,5,1220,315972
0.075,SAFE-ALPHA,0,0.3125,5,677,315972
0.075,Matched terminal weighted e-BH,0,0.3125,5,1220,315972
0.1,SAFE-ALPHA,0,0.375,6,729.333333333,315972
0.1,Matched terminal weighted e-BH,0,0.3125,5,1220,315972
0.125,SAFE-ALPHA,0,0.375,6,594.333333333,315972
0.125,Matched terminal weighted e-BH,0,0.3125,5,1220,315972
0.15,SAFE-ALPHA,0,0.4375,7,555.285714286,315972
0.15,Matched terminal weighted e-BH,0,0.4375,7,1190.42857143,315972
0.175,SAFE-ALPHA,0,0.4375,7,545.285714286,315972
0.175,Matched terminal weighted e-BH,0,0.4375,7,1190.42857143,315972
0.2,SAFE-ALPHA,0,0.4375,7,523.142857143,315972
0.2,Matched terminal weighted e-BH,0,0.4375,7,1190.42857143,315972
0.01,SAFE-ALPHA,0,0.125,2,951,315973
0.01,Matched terminal weighted e-BH,0,0.125,2,1236.5,315973
0.025,SAFE-ALPHA,0,0.125,2,903.5,315973
0.025,Matched terminal weighted e-BH,0,0.125,2,1236.5,315973
0.05,SAFE-ALPHA,0,0.25,4,822.25,315973
0.05,Matched terminal weighted e-BH,0,0.125,2,1236.5,315973
0.075,SAFE-ALPHA,0,0.25,4,793.5,315973
0.075,Matched terminal weighted e-BH,0,0.25,4,1229,315973
0.1,SAFE-ALPHA,0,0.375,6,897.666666667,315973
0.1,Matched terminal weighted e-BH,0,0.3125,5,1217,315973
0.125,SAFE-ALPHA,0,0.375,6,886.833333333,315973
0.125,Matched terminal weighted e-BH,0,0.3125,5,1217,315973
0.15,SAFE-ALPHA,0,0.4375,7,850.285714286,315973
0.15,Matched terminal weighted e-BH,0,0.3125,5,1217,315973
0.175,SAFE-ALPHA,0,0.4375,7,820.285714286,315973
0.175,Matched terminal weighted e-BH,0,0.3125,5,1217,315973
0.2,SAFE-ALPHA,0,0.4375,7,816.714285714,315973
0.2,Matched terminal weighted e-BH,0,0.375,6,1219,315973
0.01,SAFE-ALPHA,0,0.125,2,1023.5,315974
0.01,Matched terminal weighted e-BH,0,0.0625,1,1244,315974
0.025,SAFE-ALPHA,0,0.125,2,1013.5,315974
0.025,Matched terminal weighted e-BH,0,0.125,2,1236.5,315974
0.05,SAFE-ALPHA,0,0.25,4,1028.5,315974
0.05,Matched terminal weighted e-BH,0,0.1875,3,1214,315974
0.075,SAFE-ALPHA,0,0.4375,7,1018.85714286,315974
0.075,Matched terminal weighted e-BH,0,0.1875,3,1214,315974
0.1,SAFE-ALPHA,0,0.5,8,955.375,315974
0.1,Matched terminal weighted e-BH,0,0.4375,7,1171.14285714,315974
0.125,SAFE-ALPHA,0,0.5,8,942.875,315974
0.125,Matched terminal weighted e-BH,0,0.4375,7,1171.14285714,315974
0.15,SAFE-ALPHA,0,0.5,8,921.625,315974
0.15,Matched terminal weighted e-BH,0,0.4375,7,1171.14285714,315974
0.175,SAFE-ALPHA,0,0.5625,9,916,315974
0.175,Matched terminal weighted e-BH,0,0.4375,7,1171.14285714,315974
0.2,SAFE-ALPHA,0,0.6875,11,918.272727273,315974
0.2,Matched terminal weighted e-BH,0,0.4375,7,1171.14285714,315974
0.01,SAFE-ALPHA,0,0,0,,315975
0.01,Matched terminal weighted e-BH,0,0,0,,315975
0.025,SAFE-ALPHA,0,0,0,,315975
0.025,Matched terminal weighted e-BH,0,0,0,,315975
0.05,SAFE-ALPHA,0,0,0,,315975
0.05,Matched terminal weighted e-BH,0,0,0,,315975
0.075,SAFE-ALPHA,0,0,0,,315975
0.075,Matched terminal weighted e-BH,0,0,0,,315975
0.1,SAFE-ALPHA,0,0,0,,315975
0.1,Matched terminal weighted e-BH,0,0,0,,315975
0.125,SAFE-ALPHA,0,0,0,,315975
0.125,Matched terminal weighted e-BH,0,0,0,,315975
0.15,SAFE-ALPHA,0,0.0625,1,876,315975
0.15,Matched terminal weighted e-BH,0,0,0,,315975
0.175,SAFE-ALPHA,0,0.0625,1,876,315975
0.175,Matched terminal weighted e-BH,0,0,0,,315975
0.2,SAFE-ALPHA,0,0.0625,1,566,315975
0.2,Matched terminal weighted e-BH,0,0,0,,315975
0.01,SAFE-ALPHA,0,0.25,4,827.25,315976
0.01,Matched terminal weighted e-BH,0,0.1875,3,1214,315976
0.025,SAFE-ALPHA,0,0.5625,9,900.444444444,315976
0.025,Matched terminal weighted e-BH,0,0.4375,7,1207.57142857,315976
0.05,SAFE-ALPHA,0,0.5625,9,624.888888889,315976
0.05,Matched terminal weighted e-BH,0,0.5625,9,1199,315976
0.075,SAFE-ALPHA,0,0.625,10,656,315976
0.075,Matched terminal weighted e-BH,0,0.5625,9,1199,315976
0.1,SAFE-ALPHA,0,0.75,12,623.5,315976
0.1,Matched terminal weighted e-BH,0,0.625,10,1188.5,315976
0.125,SAFE-ALPHA,0,0.8125,13,615.230769231,315976
0.125,Matched terminal weighted e-BH,0,0.6875,11,1181.27272727,315976
0.15,SAFE-ALPHA,0,0.8125,13,575.230769231,315976
0.15,Matched terminal weighted e-BH,0,0.8125,13,1165.53846154,315976
0.175,SAFE-ALPHA,0,0.8125,13,563.692307692,315976
0.175,Matched terminal weighted e-BH,0,0.8125,13,1165.53846154,315976
0.2,SAFE-ALPHA,0,0.8125,13,517.538461538,315976
0.2,Matched terminal weighted e-BH,0,0.8125,13,1165.53846154,315976
0.01,SAFE-ALPHA,0,0.625,10,542,315977
0.01,Matched terminal weighted e-BH,0,0.625,10,1182.5,315977
0.025,SAFE-ALPHA,0,0.75,12,506.416666667,315977
0.025,Matched terminal weighted e-BH,0,0.6875,11,1166.27272727,315977
0.05,SAFE-ALPHA,0,0.75,12,398.5,315977
0.05,Matched terminal weighted e-BH,0,0.6875,11,1166.27272727,315977
0.075,SAFE-ALPHA,0,0.75,12,357.666666667,315977
0.075,Matched terminal weighted e-BH,0,0.75,12,1165.25,315977
0.1,SAFE-ALPHA,0,0.8125,13,360.230769231,315977
0.1,Matched terminal weighted e-BH,0,0.75,12,1165.25,315977
0.125,SAFE-ALPHA,0,0.8125,13,350.230769231,315977
0.125,Matched terminal weighted e-BH,0,0.75,12,1165.25,315977
0.15,SAFE-ALPHA,0,0.875,14,393.857142857,315977
0.15,Matched terminal weighted e-BH,0,0.75,12,1165.25,315977
0.175,SAFE-ALPHA,0,0.875,14,367.071428571,315977
0.175,Matched terminal weighted e-BH,0,0.8125,13,1160.92307692,315977
0.2,SAFE-ALPHA,0,0.875,14,364.214285714,315977
0.2,Matched terminal weighted e-BH,0,0.8125,13,1160.92307692,315977
0.01,SAFE-ALPHA,0,0.0625,1,686,315978
0.01,Matched terminal weighted e-BH,0,0.0625,1,1259,315978
0.025,SAFE-ALPHA,0,0.0625,1,611,315978
0.025,Matched terminal weighted e-BH,0,0.0625,1,1259,315978
0.05,SAFE-ALPHA,0,0.3125,5,881,315978
0.05,Matched terminal weighted e-BH,0,0.3125,5,1229,315978
0.075,SAFE-ALPHA,0,0.3125,5,809,315978
0.075,Matched terminal weighted e-BH,0,0.3125,5,1229,315978
0.1,SAFE-ALPHA,0,0.375,6,764.333333333,315978
0.1,Matched terminal weighted e-BH,0,0.375,6,1214,315978
0.125,SAFE-ALPHA,0,0.375,6,729.333333333,315978
0.125,Matched terminal weighted e-BH,0,0.375,6,1214,315978
0.15,SAFE-ALPHA,0,0.375,6,653.5,315978
0.15,Matched terminal weighted e-BH,0,0.375,6,1214,315978
0.175,SAFE-ALPHA,0,0.4375,7,688.857142857,315978
0.175,Matched terminal weighted e-BH,0,0.375,6,1214,315978
0.2,SAFE-ALPHA,0,0.4375,7,658.857142857,315978
0.2,Matched terminal weighted e-BH,0,0.375,6,1214,315978
0.01,SAFE-ALPHA,0,0.3125,5,768,315979
0.01,Matched terminal weighted e-BH,0,0.25,4,1199,315979
0.025,SAFE-ALPHA,0,0.5625,9,814.888888889,315979
0.025,Matched terminal weighted e-BH,0,0.5625,9,1170.66666667,315979
0.05,SAFE-ALPHA,0,0.75,12,751.833333333,315979
0.05,Matched terminal weighted e-BH,0,0.625,10,1164.5,315979
0.075,SAFE-ALPHA,0,0.75,12,731,315979
0.075,Matched terminal weighted e-BH,0,0.75,12,1159,315979
0.1,SAFE-ALPHA,0,0.75,12,706,315979
0.1,Matched terminal weighted e-BH,0,0.75,12,1159,315979
0.125,SAFE-ALPHA,0,0.75,12,686.416666667,315979
0.125,Matched terminal weighted e-BH,0,0.75,12,1159,315979
0.15,SAFE-ALPHA,0,0.8125,13,694.461538462,315979
0.15,Matched terminal weighted e-BH,0,0.75,12,1159,315979
0.175,SAFE-ALPHA,0,0.8125,13,672.538461538,315979
0.175,Matched terminal weighted e-BH,0,0.8125,13,1147.07692308,315979
0.2,SAFE-ALPHA,0,0.8125,13,657.923076923,315979
0.2,Matched terminal weighted e-BH,0,0.8125,13,1147.07692308,315979
0.01,SAFE-ALPHA,0,0.0625,1,896,315980
0.01,Matched terminal weighted e-BH,0,0.0625,1,1244,315980
0.025,SAFE-ALPHA,0,0.25,4,631,315980
0.025,Matched terminal weighted e-BH,0,0.0625,1,1244,315980
0.05,SAFE-ALPHA,0,0.25,4,613.5,315980
0.05,Matched terminal weighted e-BH,0,0.0625,1,1244,315980
0.075,SAFE-ALPHA,0,0.25,4,549.75,315980
0.075,Matched terminal weighted e-BH,0,0.125,2,1236.5,315980
0.1,SAFE-ALPHA,0,0.25,4,518.5,315980
0.1,Matched terminal weighted e-BH,0,0.125,2,1236.5,315980
0.125,SAFE-ALPHA,0,0.375,6,431.833333333,315980
0.125,Matched terminal weighted e-BH,0,0.125,2,1236.5,315980
0.15,SAFE-ALPHA,0,0.375,6,423.5,315980
0.15,Matched terminal weighted e-BH,0,0.125,2,1236.5,315980
0.175,SAFE-ALPHA,0,0.4375,7,347.428571429,315980
0.175,Matched terminal weighted e-BH,0,0.125,2,1236.5,315980
0.2,SAFE-ALPHA,0,0.4375,7,340.285714286,315980
0.2,Matched terminal weighted e-BH,0,0.1875,3,1209,315980
0.01,SAFE-ALPHA,0,0.0625,1,591,315981
0.01,Matched terminal weighted e-BH,0,0,0,,315981
0.025,SAFE-ALPHA,0,0.0625,1,476,315981
0.025,Matched terminal weighted e-BH,0,0.0625,1,1259,315981
0.05,SAFE-ALPHA,0,0.3125,5,914.8,315981
0.05,Matched terminal weighted e-BH,0,0.3125,5,1196,315981
0.075,SAFE-ALPHA,0,0.4375,7,935.285714286,315981
0.075,Matched terminal weighted e-BH,0,0.4375,7,1207.57142857,315981
0.1,SAFE-ALPHA,0,0.4375,7,753.857142857,315981
0.1,Matched terminal weighted e-BH,0,0.4375,7,1207.57142857,315981
0.125,SAFE-ALPHA,0,0.5,8,784.125,315981
0.125,Matched terminal weighted e-BH,0,0.4375,7,1207.57142857,315981
0.15,SAFE-ALPHA,0,0.6875,11,737.818181818,315981
0.15,Matched terminal weighted e-BH,0,0.5625,9,1187.33333333,315981
0.175,SAFE-ALPHA,0,0.6875,11,665.545454545,315981
0.175,Matched terminal weighted e-BH,0,0.625,10,1173.5,315981
0.2,SAFE-ALPHA,0,0.6875,11,627.818181818,315981
0.2,Matched terminal weighted e-BH,0,0.625,10,1173.5,315981
0.01,SAFE-ALPHA,0,0.5,8,784.125,315982
0.01,Matched terminal weighted e-BH,0,0.375,6,1171.5,315982
0.025,SAFE-ALPHA,0,0.6875,11,673.727272727,315982
0.025,Matched terminal weighted e-BH,0,0.5,8,1178.375,315982
0.05,SAFE-ALPHA,0,0.75,12,586.416666667,315982
0.05,Matched terminal weighted e-BH,0,0.6875,11,1162.18181818,315982
0.075,SAFE-ALPHA,0,0.75,12,551.416666667,315982
0.075,Matched terminal weighted e-BH,0,0.6875,11,1162.18181818,315982
0.1,SAFE-ALPHA,0,0.8125,13,547.538461538,315982
0.1,Matched terminal weighted e-BH,0,0.6875,11,1162.18181818,315982
0.125,SAFE-ALPHA,0,0.8125,13,527.923076923,315982
0.125,Matched terminal weighted e-BH,0,0.6875,11,1162.18181818,315982
0.15,SAFE-ALPHA,0,0.8125,13,513.307692308,315982
0.15,Matched terminal weighted e-BH,0,0.6875,11,1162.18181818,315982
0.175,SAFE-ALPHA,0,0.8125,13,508.692307692,315982
0.175,Matched terminal weighted e-BH,0,0.6875,11,1162.18181818,315982
0.2,SAFE-ALPHA,0,0.8125,13,478.307692308,315982
0.2,Matched terminal weighted e-BH,0,0.6875,11,1162.18181818,315982
0.01,SAFE-ALPHA,0,0.5,8,789.75,315983
0.01,Matched terminal weighted e-BH,0,0.5,8,1193.375,315983
0.025,SAFE-ALPHA,0,0.625,10,773.5,315983
0.025,Matched terminal weighted e-BH,0,0.5625,9,1184,315983
0.05,SAFE-ALPHA,0,0.875,14,786.357142857,315983
0.05,Matched terminal weighted e-BH,0,0.8125,13,1154,315983
0.075,SAFE-ALPHA,0,0.9375,15,752,315983
0.075,Matched terminal weighted e-BH,0,0.8125,13,1154,315983
0.1,SAFE-ALPHA,0,0.9375,15,737.333333333,315983
0.1,Matched terminal weighted e-BH,0,0.875,14,1147.57142857,315983
0.125,SAFE-ALPHA,0,0.9375,15,727.333333333,315983
0.125,Matched terminal weighted e-BH,0,0.875,14,1147.57142857,315983
0.15,SAFE-ALPHA,0,0.9375,15,699.333333333,315983
0.15,Matched terminal weighted e-BH,0,0.875,14,1147.57142857,315983
0.175,SAFE-ALPHA,0,0.9375,15,664.333333333,315983
0.175,Matched terminal weighted e-BH,0,0.875,14,1147.57142857,315983
0.2,SAFE-ALPHA,0,0.9375,15,646.333333333,315983
0.2,Matched terminal weighted e-BH,0,0.875,14,1147.57142857,315983
0.01,SAFE-ALPHA,0,0.5,8,602.875,315984
0.01,Matched terminal weighted e-BH,0,0.5,8,1199,315984
0.025,SAFE-ALPHA,0,0.5,8,496,315984
0.025,Matched terminal weighted e-BH,0,0.5,8,1199,315984
0.05,SAFE-ALPHA,0,0.75,12,621.416666667,315984
0.05,Matched terminal weighted e-BH,0,0.5625,9,1192.33333333,315984
0.075,SAFE-ALPHA,0,0.8125,13,571.384615385,315984
0.075,Matched terminal weighted e-BH,0,0.6875,11,1182.63636364,315984
0.1,SAFE-ALPHA,0,0.8125,13,538.307692308,315984
0.1,Matched terminal weighted e-BH,0,0.75,12,1174,315984
0.125,SAFE-ALPHA,0,0.8125,13,417.153846154,315984
0.125,Matched terminal weighted e-BH,0,0.75,12,1174,315984
0.15,SAFE-ALPHA,0,0.875,14,451.714285714,315984
0.15,Matched terminal weighted e-BH,0,0.75,12,1174,315984
0.175,SAFE-ALPHA,0,0.875,14,432.785714286,315984
0.175,Matched terminal weighted e-BH,0,0.75,12,1174,315984
0.2,SAFE-ALPHA,0,0.875,14,424.928571429,315984
0.2,Matched terminal weighted e-BH,0,0.8125,13,1164.38461538,315984
0.01,SAFE-ALPHA,0,0,0,,315985
0.01,Matched terminal weighted e-BH,0,0,0,,315985
0.025,SAFE-ALPHA,0,0,0,,315985
0.025,Matched terminal weighted e-BH,0,0,0,,315985
0.05,SAFE-ALPHA,0,0.25,4,943.5,315985
0.05,Matched terminal weighted e-BH,0,0,0,,315985
0.075,SAFE-ALPHA,0,0.25,4,908.5,315985
0.075,Matched terminal weighted e-BH,0,0.125,2,1251.5,315985
0.1,SAFE-ALPHA,0,0.375,6,826,315985
0.1,Matched terminal weighted e-BH,0,0.25,4,1221.5,315985
0.125,SAFE-ALPHA,0,0.4375,7,816,315985
0.125,Matched terminal weighted e-BH,0,0.375,6,1204,315985
0.15,SAFE-ALPHA,0,0.4375,7,775.285714286,315985
0.15,Matched terminal weighted e-BH,0,0.375,6,1204,315985
0.175,SAFE-ALPHA,0,0.4375,7,754.571428571,315985
0.175,Matched terminal weighted e-BH,0,0.375,6,1204,315985
0.2,SAFE-ALPHA,0,0.4375,7,726.714285714,315985
0.2,Matched terminal weighted e-BH,0,0.375,6,1204,315985
0.01,SAFE-ALPHA,0,0.875,14,801.357142857,315986
0.01,Matched terminal weighted e-BH,0,0.75,12,1165.25,315986
0.025,SAFE-ALPHA,0,0.9375,15,729,315986
0.025,Matched terminal weighted e-BH,0,0.875,14,1161.5,315986
0.05,SAFE-ALPHA,0,1,16,652.5625,315986
0.05,Matched terminal weighted e-BH,0,0.9375,15,1152,315986
0.075,SAFE-ALPHA,0,1,16,561.9375,315986
0.075,Matched terminal weighted e-BH,0,1,16,1145.5625,315986
0.1,SAFE-ALPHA,0,1,16,531,315986
0.1,Matched terminal weighted e-BH,0,1,16,1145.5625,315986
0.125,SAFE-ALPHA,0,1,16,515.6875,315986
0.125,Matched terminal weighted e-BH,0,1,16,1145.5625,315986
0.15,SAFE-ALPHA,0,1,16,506,315986
0.15,Matched terminal weighted e-BH,0,1,16,1145.5625,315986
0.175,SAFE-ALPHA,0,1,16,495.0625,315986
0.175,Matched terminal weighted e-BH,0,1,16,1145.5625,315986
0.2,SAFE-ALPHA,0,1,16,483.8125,315986
0.2,Matched terminal weighted e-BH,0,1,16,1145.5625,315986
0.01,SAFE-ALPHA,0,0.0625,1,936,315987
0.01,Matched terminal weighted e-BH,0,0,0,,315987
0.025,SAFE-ALPHA,0,0.125,2,978.5,315987
0.025,Matched terminal weighted e-BH,0,0,0,,315987
0.05,SAFE-ALPHA,0,0.25,4,814.75,315987
0.05,Matched terminal weighted e-BH,0,0,0,,315987
0.075,SAFE-ALPHA,0,0.25,4,791,315987
0.075,Matched terminal weighted e-BH,0,0,0,,315987
0.1,SAFE-ALPHA,0,0.25,4,711,315987
0.1,Matched terminal weighted e-BH,0,0.0625,1,1259,315987
0.125,SAFE-ALPHA,0,0.5,8,828.5,315987
0.125,Matched terminal weighted e-BH,0,0.25,4,1236.5,315987
0.15,SAFE-ALPHA,0,0.5,8,809.75,315987
0.15,Matched terminal weighted e-BH,0,0.25,4,1236.5,315987
0.175,SAFE-ALPHA,0,0.5,8,783.5,315987
0.175,Matched terminal weighted e-BH,0,0.25,4,1236.5,315987
0.2,SAFE-ALPHA,0,0.5,8,779.75,315987
0.2,Matched terminal weighted e-BH,0,0.3125,5,1217,315987
0.01,SAFE-ALPHA,0,0.375,6,842.666666667,315988
0.01,Matched terminal weighted e-BH,0,0.3125,5,1211,315988
0.025,SAFE-ALPHA,0,0.4375,7,766.714285714,315988
0.025,Matched terminal weighted e-BH,0,0.3125,5,1211,315988
0.05,SAFE-ALPHA,0,0.6875,11,783.727272727,315988
0.05,Matched terminal weighted e-BH,0,0.5625,9,1165.66666667,315988
0.075,SAFE-ALPHA,0,0.75,12,754.75,315988
0.075,Matched terminal weighted e-BH,0,0.5625,9,1165.66666667,315988
0.1,SAFE-ALPHA,0,0.8125,13,743.307692308,315988
0.1,Matched terminal weighted e-BH,0,0.5625,9,1165.66666667,315988
0.125,SAFE-ALPHA,0,0.875,14,732.428571429,315988
0.125,Matched terminal weighted e-BH,0,0.625,10,1143.5,315988
0.15,SAFE-ALPHA,0,0.875,14,708.857142857,315988
0.15,Matched terminal weighted e-BH,0,0.625,10,1143.5,315988
0.175,SAFE-ALPHA,0,0.875,14,707.071428571,315988
0.175,Matched terminal weighted e-BH,0,0.625,10,1143.5,315988
0.2,SAFE-ALPHA,0,0.875,14,702.071428571,315988
0.2,Matched terminal weighted e-BH,0,0.625,10,1143.5,315988
0.01,SAFE-ALPHA,0,0,0,,315989
0.01,Matched terminal weighted e-BH,0,0,0,,315989
0.025,SAFE-ALPHA,0,0,0,,315989
0.025,Matched terminal weighted e-BH,0,0,0,,315989
0.05,SAFE-ALPHA,0,0,0,,315989
0.05,Matched terminal weighted e-BH,0,0,0,,315989
0.075,SAFE-ALPHA,0,0,0,,315989
0.075,Matched terminal weighted e-BH,0,0,0,,315989
0.1,SAFE-ALPHA,0,0.0625,1,1166,315989
0.1,Matched terminal weighted e-BH,0,0,0,,315989
0.125,SAFE-ALPHA,0,0.0625,1,1166,315989
0.125,Matched terminal weighted e-BH,0,0.0625,1,1259,315989
0.15,SAFE-ALPHA,0,0.0625,1,1161,315989
0.15,Matched terminal weighted e-BH,0,0.0625,1,1259,315989
0.175,SAFE-ALPHA,0,0.0625,1,1141,315989
0.175,Matched terminal weighted e-BH,0,0.0625,1,1259,315989
0.2,SAFE-ALPHA,0,0.0625,1,236,315989
0.2,Matched terminal weighted e-BH,0,0.0625,1,1259,315989
0.01,SAFE-ALPHA,0,0.375,6,625.166666667,315990
0.01,Matched terminal weighted e-BH,0,0.3125,5,1187,315990
0.025,SAFE-ALPHA,0,0.625,10,605.5,315990
0.025,Matched terminal weighted e-BH,0,0.4375,7,1169,315990
0.05,SAFE-ALPHA,0,0.75,12,626.833333333,315990
0.05,Matched terminal weighted e-BH,0,0.5625,9,1147.33333333,315990
0.075,SAFE-ALPHA,0,0.8125,13,567.923076923,315990
0.075,Matched terminal weighted e-BH,0,0.625,10,1148,315990
0.1,SAFE-ALPHA,0,0.9375,15,519.333333333,315990
0.1,Matched terminal weighted e-BH,0,0.625,10,1148,315990
0.125,SAFE-ALPHA,0,0.9375,15,487,315990
0.125,Matched terminal weighted e-BH,0,0.75,12,1144,315990
0.15,SAFE-ALPHA,0,0.9375,15,472.333333333,315990
0.15,Matched terminal weighted e-BH,0,0.75,12,1144,315990
0.175,SAFE-ALPHA,0,0.9375,15,452.333333333,315990
0.175,Matched terminal weighted e-BH,0,0.875,14,1155.07142857,315990
0.2,SAFE-ALPHA,0,0.9375,15,380.666666667,315990
0.2,Matched terminal weighted e-BH,0,0.875,14,1155.07142857,315990
0.01,SAFE-ALPHA,0,0.1875,3,929.333333333,315991
0.01,Matched terminal weighted e-BH,0,0.125,2,1244,315991
0.025,SAFE-ALPHA,0,0.5,8,1025.125,315991
0.025,Matched terminal weighted e-BH,0,0.375,6,1194,315991
0.05,SAFE-ALPHA,0,0.5625,9,911.555555556,315991
0.05,Matched terminal weighted e-BH,0,0.5,8,1197.125,315991
0.075,SAFE-ALPHA,0,0.5625,9,851,315991
0.075,Matched terminal weighted e-BH,0,0.5625,9,1199,315991
0.1,SAFE-ALPHA,0,0.5625,9,767.666666667,315991
0.1,Matched terminal weighted e-BH,0,0.5625,9,1199,315991
0.125,SAFE-ALPHA,0,0.625,10,786,315991
0.125,Matched terminal weighted e-BH,0,0.5625,9,1199,315991
0.15,SAFE-ALPHA,0,0.625,10,779.5,315991
0.15,Matched terminal weighted e-BH,0,0.5625,9,1199,315991
0.175,SAFE-ALPHA,0,0.625,10,740,315991
0.175,Matched terminal weighted e-BH,0,0.5625,9,1199,315991
0.2,SAFE-ALPHA,0,0.625,10,735.5,315991
0.2,Matched terminal weighted e-BH,0,0.5625,9,1199,315991
0.01,SAFE-ALPHA,0,0.0625,1,1016,315992
0.01,Matched terminal weighted e-BH,0,0.0625,1,1244,315992
0.025,SAFE-ALPHA,0,0.0625,1,896,315992
0.025,Matched terminal weighted e-BH,0,0.0625,1,1244,315992
0.05,SAFE-ALPHA,0,0.0625,1,871,315992
0.05,Matched terminal weighted e-BH,0,0.0625,1,1244,315992
0.075,SAFE-ALPHA,0,0.3125,5,754,315992
0.075,Matched terminal weighted e-BH,0,0.0625,1,1244,315992
0.1,SAFE-ALPHA,0,0.375,6,764.333333333,315992
0.1,Matched terminal weighted e-BH,0,0.0625,1,1244,315992
0.125,SAFE-ALPHA,0,0.375,6,759.333333333,315992
0.125,Matched terminal weighted e-BH,0,0.0625,1,1244,315992
0.15,SAFE-ALPHA,0,0.4375,7,708.857142857,315992
0.15,Matched terminal weighted e-BH,0,0.25,4,1184,315992
0.175,SAFE-ALPHA,0,0.4375,7,670.285714286,315992
0.175,Matched terminal weighted e-BH,0,0.375,6,1174,315992
0.2,SAFE-ALPHA,0,0.4375,7,642.428571429,315992
0.2,Matched terminal weighted e-BH,0,0.375,6,1174,315992
0.01,SAFE-ALPHA,0,0.625,10,577,315993
0.01,Matched terminal weighted e-BH,0,0.625,10,1160,315993
0.025,SAFE-ALPHA,0,0.6875,11,580.090909091,315993
0.025,Matched terminal weighted e-BH,0,0.6875,11,1159.45454545,315993
0.05,SAFE-ALPHA,0,0.8125,13,531,315993
0.05,Matched terminal weighted e-BH,0,0.8125,13,1150.53846154,315993
0.075,SAFE-ALPHA,0,0.875,14,464.214285714,315993
0.075,Matched terminal weighted e-BH,0,0.875,14,1144.35714286,315993
0.1,SAFE-ALPHA,0,0.9375,15,419,315993
0.1,Matched terminal weighted e-BH,0,0.875,14,1144.35714286,315993
0.125,SAFE-ALPHA,0,0.9375,15,406,315993
0.125,Matched terminal weighted e-BH,0,0.875,14,1144.35714286,315993
0.15,SAFE-ALPHA,0,0.9375,15,366,315993
0.15,Matched terminal weighted e-BH,0,0.875,14,1144.35714286,315993
0.175,SAFE-ALPHA,0,0.9375,15,349.666666667,315993
0.175,Matched terminal weighted e-BH,0,0.875,14,1144.35714286,315993
0.2,SAFE-ALPHA,0,0.9375,15,342,315993
0.2,Matched terminal weighted e-BH,0,0.875,14,1144.35714286,315993
0.01,SAFE-ALPHA,0,0.3125,5,767,315994
0.01,Matched terminal weighted e-BH,0,0.0625,1,1229,315994
0.025,SAFE-ALPHA,0,0.375,6,746.833333333,315994
0.025,Matched terminal weighted e-BH,0,0.3125,5,1178,315994
0.05,SAFE-ALPHA,0,0.5,8,593.5,315994
0.05,Matched terminal weighted e-BH,0,0.4375,7,1177.57142857,315994
0.075,SAFE-ALPHA,0,0.5,8,489.75,315994
0.075,Matched terminal weighted e-BH,0,0.4375,7,1177.57142857,315994
0.1,SAFE-ALPHA,0,0.75,12,630.833333333,315994
0.1,Matched terminal weighted e-BH,0,0.4375,7,1177.57142857,315994
0.125,SAFE-ALPHA,0,0.75,12,583.916666667,315994
0.125,Matched terminal weighted e-BH,0,0.5625,9,1175.66666667,315994
0.15,SAFE-ALPHA,0,0.75,12,469.75,315994
0.15,Matched terminal weighted e-BH,0,0.625,10,1182.5,315994
0.175,SAFE-ALPHA,0,0.75,12,443.5,315994
0.175,Matched terminal weighted e-BH,0,0.625,10,1182.5,315994
0.2,SAFE-ALPHA,0,0.75,12,428.083333333,315994
0.2,Matched terminal weighted e-BH,0,0.625,10,1182.5,315994
0.01,SAFE-ALPHA,0,0.0625,1,1041,315995
0.01,Matched terminal weighted e-BH,0,0.0625,1,1094,315995
0.025,SAFE-ALPHA,0,0.1875,3,956,315995
0.025,Matched terminal weighted e-BH,0,0.1875,3,1169,315995
0.05,SAFE-ALPHA,0,0.375,6,1039.33333333,315995
0.05,Matched terminal weighted e-BH,0,0.3125,5,1202,315995
0.075,SAFE-ALPHA,0,0.625,10,1015.5,315995
0.075,Matched terminal weighted e-BH,0,0.4375,7,1188.28571429,315995
0.1,SAFE-ALPHA,0,0.6875,11,905.090909091,315995
0.1,Matched terminal weighted e-BH,0,0.6875,11,1177.18181818,315995
0.125,SAFE-ALPHA,0,0.75,12,899.75,315995
0.125,Matched terminal weighted e-BH,0,0.6875,11,1177.18181818,315995
0.15,SAFE-ALPHA,0,0.8125,13,891.769230769,315995
0.15,Matched terminal weighted e-BH,0,0.75,12,1166.5,315995
0.175,SAFE-ALPHA,0,0.8125,13,875.230769231,315995
0.175,Matched terminal weighted e-BH,0,0.75,12,1166.5,315995
0.2,SAFE-ALPHA,0,0.8125,13,839.846153846,315995
0.2,Matched terminal weighted e-BH,0,0.75,12,1166.5,315995
0.01,SAFE-ALPHA,0,0.125,2,818.5,315996
0.01,Matched terminal weighted e-BH,0,0.125,2,1236.5,315996
0.025,SAFE-ALPHA,0,0.1875,3,747.666666667,315996
0.025,Matched terminal weighted e-BH,0,0.125,2,1236.5,315996
0.05,SAFE-ALPHA,0,0.3125,5,845,315996
0.05,Matched terminal weighted e-BH,0,0.25,4,1236.5,315996
0.075,SAFE-ALPHA,0,0.375,6,530.166666667,315996
0.075,Matched terminal weighted e-BH,0,0.25,4,1236.5,315996
0.1,SAFE-ALPHA,0,0.375,6,321,315996
0.1,Matched terminal weighted e-BH,0,0.3125,5,1226,315996
0.125,SAFE-ALPHA,0,0.4375,7,390.285714286,315996
0.125,Matched terminal weighted e-BH,0,0.4375,7,1203.28571429,315996
0.15,SAFE-ALPHA,0,0.4375,7,325.285714286,315996
0.15,Matched terminal weighted e-BH,0,0.4375,7,1203.28571429,315996
0.175,SAFE-ALPHA,0,0.4375,7,321,315996
0.175,Matched terminal weighted e-BH,0,0.4375,7,1203.28571429,315996
0.2,SAFE-ALPHA,0,0.4375,7,306.714285714,315996
0.2,Matched terminal weighted e-BH,0,0.4375,7,1203.28571429,315996
0.01,SAFE-ALPHA,0,0.4375,7,841.714285714,315997
0.01,Matched terminal weighted e-BH,0,0.0625,1,1259,315997
0.025,SAFE-ALPHA,0,0.5625,9,745.444444444,315997
0.025,Matched terminal weighted e-BH,0,0.375,6,1214,315997
0.05,SAFE-ALPHA,0,0.5625,9,537.111111111,315997
0.05,Matched terminal weighted e-BH,0,0.4375,7,1203.28571429,315997
0.075,SAFE-ALPHA,0,0.5625,9,463.777777778,315997
0.075,Matched terminal weighted e-BH,0,0.5625,9,1189,315997
0.1,SAFE-ALPHA,0,0.625,10,448.5,315997
0.1,Matched terminal weighted e-BH,0,0.5625,9,1189,315997
0.125,SAFE-ALPHA,0,0.625,10,433.5,315997
0.125,Matched terminal weighted e-BH,0,0.5625,9,1189,315997
0.15,SAFE-ALPHA,0,0.625,10,409,315997
0.15,Matched terminal weighted e-BH,0,0.5625,9,1189,315997
0.175,SAFE-ALPHA,0,0.625,10,393,315997
0.175,Matched terminal weighted e-BH,0,0.5625,9,1189,315997
0.2,SAFE-ALPHA,0,0.625,10,375.5,315997
0.2,Matched terminal weighted e-BH,0,0.5625,9,1189,315997
0.01,SAFE-ALPHA,0,0.625,10,961.3,315998
0.01,Matched terminal weighted e-BH,0,0.625,10,1170.5,315998
0.025,SAFE-ALPHA,0,0.6875,11,882.818181818,315998
0.025,Matched terminal weighted e-BH,0,0.6875,11,1169,315998
0.05,SAFE-ALPHA,0,0.6875,11,818.727272727,315998
0.05,Matched terminal weighted e-BH,0,0.6875,11,1169,315998
0.075,SAFE-ALPHA,0,0.8125,13,675.076923077,315998
0.075,Matched terminal weighted e-BH,0,0.75,12,1157.75,315998
0.1,SAFE-ALPHA,0,0.8125,13,624.461538462,315998
0.1,Matched terminal weighted e-BH,0,0.8125,13,1155.15384615,315998
0.125,SAFE-ALPHA,0,0.875,14,632.071428571,315998
0.125,Matched terminal weighted e-BH,0,0.875,14,1143.28571429,315998
0.15,SAFE-ALPHA,0,0.875,14,604.214285714,315998
0.15,Matched terminal weighted e-BH,0,0.875,14,1143.28571429,315998
0.175,SAFE-ALPHA,0,0.9375,15,559.333333333,315998
0.175,Matched terminal weighted e-BH,0,0.875,14,1143.28571429,315998
0.2,SAFE-ALPHA,0,0.9375,15,455.666666667,315998
0.2,Matched terminal weighted e-BH,0,0.875,14,1143.28571429,315998
0.01,SAFE-ALPHA,0,0.5,8,1036.625,315999
0.01,Matched terminal weighted e-BH,0,0.5,8,1200.875,315999
0.025,SAFE-ALPHA,0,0.5,8,796.625,315999
0.025,Matched terminal weighted e-BH,0,0.5,8,1200.875,315999
0.05,SAFE-ALPHA,0,0.5625,9,742.111111111,315999
0.05,Matched terminal weighted e-BH,0,0.5625,9,1199,315999
0.075,SAFE-ALPHA,0,0.5625,9,702.111111111,315999
0.075,Matched terminal weighted e-BH,0,0.5625,9,1199,315999
0.1,SAFE-ALPHA,0,0.625,10,715.5,315999
0.1,Matched terminal weighted e-BH,0,0.625,10,1191.5,315999
0.125,SAFE-ALPHA,0,0.6875,11,694.181818182,315999
0.125,Matched terminal weighted e-BH,0,0.6875,11,1182.63636364,315999
0.15,SAFE-ALPHA,0,0.75,12,712.25,315999
0.15,Matched terminal weighted e-BH,0,0.6875,11,1182.63636364,315999
0.175,SAFE-ALPHA,0,0.75,12,693.916666667,315999
0.175,Matched terminal weighted e-BH,0,0.75,12,1176.5,315999
0.2,SAFE-ALPHA,0,0.75,12,676.833333333,315999
0.2,Matched terminal weighted e-BH,0,0.75,12,1176.5,315999
0.01,SAFE-ALPHA,0,0.0625,1,806,316000
0.01,Matched terminal weighted e-BH,0,0.0625,1,1214,316000
0.025,SAFE-ALPHA,0,0.3125,5,908,316000
0.025,Matched terminal weighted e-BH,0,0.125,2,1229,316000
0.05,SAFE-ALPHA,0,0.5,8,827.625,316000
0.05,Matched terminal weighted e-BH,0,0.375,6,1194,316000
0.075,SAFE-ALPHA,0,0.625,10,837.1,316000
0.075,Matched terminal weighted e-BH,0,0.625,10,1187,316000
0.1,SAFE-ALPHA,0,0.6875,11,829.181818182,316000
0.1,Matched terminal weighted e-BH,0,0.6875,11,1177.18181818,316000
0.125,SAFE-ALPHA,0,0.75,12,791.833333333,316000
0.125,Matched terminal weighted e-BH,0,0.6875,11,1177.18181818,316000
0.15,SAFE-ALPHA,0,0.75,12,771,316000
0.15,Matched terminal weighted e-BH,0,0.75,12,1170.25,316000
0.175,SAFE-ALPHA,0,0.75,12,716.833333333,316000
0.175,Matched terminal weighted e-BH,0,0.75,12,1170.25,316000
0.2,SAFE-ALPHA,0,0.75,12,710.583333333,316000
0.2,Matched terminal weighted e-BH,0,0.75,12,1170.25,316000
0.01,SAFE-ALPHA,0,0.3125,5,895,316001
0.01,Matched terminal weighted e-BH,0,0.25,4,1161.5,316001
0.025,SAFE-ALPHA,0,0.4375,7,981,316001
0.025,Matched terminal weighted e-BH,0,0.4375,7,1196.85714286,316001
0.05,SAFE-ALPHA,0,0.4375,7,853.857142857,316001
0.05,Matched terminal weighted e-BH,0,0.4375,7,1196.85714286,316001
0.075,SAFE-ALPHA,0,0.4375,7,756,316001
0.075,Matched terminal weighted e-BH,0,0.4375,7,1196.85714286,316001
0.1,SAFE-ALPHA,0,0.5,8,786,316001
0.1,Matched terminal weighted e-BH,0,0.5,8,1184,316001
0.125,SAFE-ALPHA,0,0.5625,9,703.777777778,316001
0.125,Matched terminal weighted e-BH,0,0.5,8,1184,316001
0.15,SAFE-ALPHA,0,0.6875,11,735.090909091,316001
0.15,Matched terminal weighted e-BH,0,0.5625,9,1185.66666667,316001
0.175,SAFE-ALPHA,0,0.6875,11,691.454545455,316001
0.175,Matched terminal weighted e-BH,0,0.6875,11,1170.36363636,316001
0.2,SAFE-ALPHA,0,0.875,14,730.142857143,316001
0.2,Matched terminal weighted e-BH,0,0.6875,11,1170.36363636,316001
0.01,SAFE-ALPHA,0,0.0625,1,651,316002
0.01,Matched terminal weighted e-BH,0,0,0,,316002
0.025,SAFE-ALPHA,0,0.0625,1,601,316002
0.025,Matched terminal weighted e-BH,0,0.0625,1,1229,316002
0.05,SAFE-ALPHA,0,0.125,2,873.5,316002
0.05,Matched terminal weighted e-BH,0,0.0625,1,1229,316002
0.075,SAFE-ALPHA,0,0.25,4,958.5,316002
0.075,Matched terminal weighted e-BH,0,0.125,2,1206.5,316002
0.1,SAFE-ALPHA,0,0.625,10,801,316002
0.1,Matched terminal weighted e-BH,0,0.25,4,1161.5,316002
0.125,SAFE-ALPHA,0,0.75,12,725.166666667,316002
0.125,Matched terminal weighted e-BH,0,0.25,4,1161.5,316002
0.15,SAFE-ALPHA,0,0.75,12,717.666666667,316002
0.15,Matched terminal weighted e-BH,0,0.25,4,1161.5,316002
0.175,SAFE-ALPHA,0,0.75,12,703.083333333,316002
0.175,Matched terminal weighted e-BH,0,0.25,4,1161.5,316002
0.2,SAFE-ALPHA,0,0.75,12,680.166666667,316002
0.2,Matched terminal weighted e-BH,0,0.3125,5,1169,316002
0.01,SAFE-ALPHA,0,0,0,,316003
0.01,Matched terminal weighted e-BH,0,0,0,,316003
0.025,SAFE-ALPHA,0,0,0,,316003
0.025,Matched terminal weighted e-BH,0,0,0,,316003
0.05,SAFE-ALPHA,0,0,0,,316003
0.05,Matched terminal weighted e-BH,0,0,0,,316003
0.075,SAFE-ALPHA,0,0,0,,316003
0.075,Matched terminal weighted e-BH,0,0,0,,316003
0.1,SAFE-ALPHA,0,0,0,,316003
0.1,Matched terminal weighted e-BH,0,0,0,,316003
0.125,SAFE-ALPHA,0,0.1875,3,421,316003
0.125,Matched terminal weighted e-BH,0,0,0,,316003
0.15,SAFE-ALPHA,0,0.1875,3,416,316003
0.15,Matched terminal weighted e-BH,0,0,0,,316003
0.175,SAFE-ALPHA,0,0.1875,3,357.666666667,316003
0.175,Matched terminal weighted e-BH,0,0,0,,316003
0.2,SAFE-ALPHA,0,0.1875,3,357.666666667,316003
0.2,Matched terminal weighted e-BH,0,0,0,,316003
0.01,SAFE-ALPHA,0,0.375,6,915.166666667,316004
0.01,Matched terminal weighted e-BH,0,0.25,4,1225.25,316004
0.025,SAFE-ALPHA,0,0.4375,7,884.571428571,316004
0.025,Matched terminal weighted e-BH,0,0.4375,7,1214,316004
0.05,SAFE-ALPHA,0,0.4375,7,808.142857143,316004
0.05,Matched terminal weighted e-BH,0,0.4375,7,1214,316004
0.075,SAFE-ALPHA,0,0.5,8,807.25,316004
0.075,Matched terminal weighted e-BH,0,0.5,8,1202.75,316004
0.1,SAFE-ALPHA,0,0.5625,9,804.333333333,316004
0.1,Matched terminal weighted e-BH,0,0.5625,9,1195.66666667,316004
0.125,SAFE-ALPHA,0,0.5625,9,792.666666667,316004
0.125,Matched terminal weighted e-BH,0,0.5625,9,1195.66666667,316004
0.15,SAFE-ALPHA,0,0.5625,9,787.111111111,316004
0.15,Matched terminal weighted e-BH,0,0.5625,9,1195.66666667,316004
0.175,SAFE-ALPHA,0,0.625,10,756.5,316004
0.175,Matched terminal weighted e-BH,0,0.5625,9,1195.66666667,316004
0.2,SAFE-ALPHA,0,0.625,10,727.5,316004
0.2,Matched terminal weighted e-BH,0,0.5625,9,1195.66666667,316004
0.01,SAFE-ALPHA,0,0,0,,316005
0.01,Matched terminal weighted e-BH,0,0,0,,316005
0.025,SAFE-ALPHA,0,0,0,,316005
0.025,Matched terminal weighted e-BH,0,0,0,,316005
0.05,SAFE-ALPHA,0,0,0,,316005
0.05,Matched terminal weighted e-BH,0,0,0,,316005
0.075,SAFE-ALPHA,0,0,0,,316005
0.075,Matched terminal weighted e-BH,0,0,0,,316005
0.1,SAFE-ALPHA,0,0,0,,316005
0.1,Matched terminal weighted e-BH,0,0,0,,316005
0.125,SAFE-ALPHA,0,0,0,,316005
0.125,Matched terminal weighted e-BH,0,0,0,,316005
0.15,SAFE-ALPHA,0,0,0,,316005
0.15,Matched terminal weighted e-BH,0,0,0,,316005
0.175,SAFE-ALPHA,0,0,0,,316005
0.175,Matched terminal weighted e-BH,0,0,0,,316005
0.2,SAFE-ALPHA,0,0,0,,316005
0.2,Matched terminal weighted e-BH,0,0,0,,316005
0.01,SAFE-ALPHA,0,0.75,12,935.583333333,316006
0.01,Matched terminal weighted e-BH,0,0.75,12,1169,316006
0.025,SAFE-ALPHA,0,0.75,12,789.333333333,316006
0.025,Matched terminal weighted e-BH,0,0.75,12,1169,316006
0.05,SAFE-ALPHA,0,0.875,14,771,316006
0.05,Matched terminal weighted e-BH,0,0.8125,13,1163.23076923,316006
0.075,SAFE-ALPHA,0,0.875,14,729.214285714,316006
0.075,Matched terminal weighted e-BH,0,0.875,14,1156.14285714,316006
0.1,SAFE-ALPHA,0,0.875,14,701.357142857,316006
0.1,Matched terminal weighted e-BH,0,0.875,14,1156.14285714,316006
0.125,SAFE-ALPHA,0,0.875,14,677.071428571,316006
0.125,Matched terminal weighted e-BH,0,0.875,14,1156.14285714,316006
0.15,SAFE-ALPHA,0,0.875,14,653.142857143,316006
0.15,Matched terminal weighted e-BH,0,0.875,14,1156.14285714,316006
0.175,SAFE-ALPHA,0,0.9375,15,649.333333333,316006
0.175,Matched terminal weighted e-BH,0,0.875,14,1156.14285714,316006
0.2,SAFE-ALPHA,0,0.9375,15,641.666666667,316006
0.2,Matched terminal weighted e-BH,0,0.9375,15,1146,316006
0.01,SAFE-ALPHA,0,0,0,,316007
0.01,Matched terminal weighted e-BH,0,0,0,,316007
0.025,SAFE-ALPHA,0,0.0625,1,806,316007
0.025,Matched terminal weighted e-BH,0,0,0,,316007
0.05,SAFE-ALPHA,0,0.0625,1,801,316007
0.05,Matched terminal weighted e-BH,0,0,0,,316007
0.075,SAFE-ALPHA,0,0.0625,1,786,316007
0.075,Matched terminal weighted e-BH,0,0,0,,316007
0.1,SAFE-ALPHA,0,0.0625,1,786,316007
0.1,Matched terminal weighted e-BH,0,0,0,,316007
0.125,SAFE-ALPHA,0,0.0625,1,786,316007
0.125,Matched terminal weighted e-BH,0,0,0,,316007
0.15,SAFE-ALPHA,0,0.0625,1,786,316007
0.15,Matched terminal weighted e-BH,0,0,0,,316007
0.175,SAFE-ALPHA,0,0.125,2,78.5,316007
0.175,Matched terminal weighted e-BH,0,0,0,,316007
0.2,SAFE-ALPHA,0,0.125,2,78.5,316007
0.2,Matched terminal weighted e-BH,0,0,0,,316007
0.01,SAFE-ALPHA,0,0.0625,1,1111,316008
0.01,Matched terminal weighted e-BH,0,0.0625,1,1214,316008
0.025,SAFE-ALPHA,0,0.125,2,1118.5,316008
0.025,Matched terminal weighted e-BH,0,0.125,2,1221.5,316008
0.05,SAFE-ALPHA,0,0.125,2,1108.5,316008
0.05,Matched terminal weighted e-BH,0,0.125,2,1221.5,316008
0.075,SAFE-ALPHA,0,0.1875,3,1097,316008
0.075,Matched terminal weighted e-BH,0,0.1875,3,1234,316008
0.1,SAFE-ALPHA,0,0.1875,3,1082.66666667,316008
0.1,Matched terminal weighted e-BH,0,0.1875,3,1234,316008
0.125,SAFE-ALPHA,0,0.375,6,1071.83333333,316008
0.125,Matched terminal weighted e-BH,0,0.1875,3,1234,316008
0.15,SAFE-ALPHA,0,0.4375,7,1059.57142857,316008
0.15,Matched terminal weighted e-BH,0,0.25,4,1214,316008
0.175,SAFE-ALPHA,0,0.4375,7,921,316008
0.175,Matched terminal weighted e-BH,0,0.4375,7,1173.28571429,316008
0.2,SAFE-ALPHA,0,0.5,8,886.625,316008
0.2,Matched terminal weighted e-BH,0,0.4375,7,1173.28571429,316008
0.01,SAFE-ALPHA,0,0,0,,316009
0.01,Matched terminal weighted e-BH,0,0,0,,316009
0.025,SAFE-ALPHA,0,0.125,2,1136,316009
0.025,Matched terminal weighted e-BH,0,0,0,,316009
0.05,SAFE-ALPHA,0,0.125,2,1096,316009
0.05,Matched terminal weighted e-BH,0,0.125,2,1169,316009
0.075,SAFE-ALPHA,0,0.25,4,894.75,316009
0.075,Matched terminal weighted e-BH,0,0.25,4,1161.5,316009
0.1,SAFE-ALPHA,0,0.5,8,894.75,316009
0.1,Matched terminal weighted e-BH,0,0.25,4,1161.5,316009
0.125,SAFE-ALPHA,0,0.5625,9,863.777777778,316009
0.125,Matched terminal weighted e-BH,0,0.4375,7,1139,316009
0.15,SAFE-ALPHA,0,0.5625,9,846.555555556,316009
0.15,Matched terminal weighted e-BH,0,0.4375,7,1139,316009
0.175,SAFE-ALPHA,0,0.5625,9,833.777777778,316009
0.175,Matched terminal weighted e-BH,0,0.5625,9,1155.66666667,316009
0.2,SAFE-ALPHA,0,0.5625,9,812.666666667,316009
0.2,Matched terminal weighted e-BH,0,0.5625,9,1155.66666667,316009
0.01,SAFE-ALPHA,0,0.25,4,919.75,316010
0.01,Matched terminal weighted e-BH,0,0.0625,1,1259,316010
0.025,SAFE-ALPHA,0,0.625,10,999,316010
0.025,Matched terminal weighted e-BH,0,0.375,6,1191.5,316010
0.05,SAFE-ALPHA,0,0.625,10,960,316010
0.05,Matched terminal weighted e-BH,0,0.5625,9,1187.33333333,316010
0.075,SAFE-ALPHA,0,0.625,10,916.5,316010
0.075,Matched terminal weighted e-BH,0,0.625,10,1178,316010
0.1,SAFE-ALPHA,0,0.625,10,734.5,316010
0.1,Matched terminal weighted e-BH,0,0.625,10,1178,316010
0.125,SAFE-ALPHA,0,0.6875,11,671,316010
0.125,Matched terminal weighted e-BH,0,0.625,10,1178,316010
0.15,SAFE-ALPHA,0,0.6875,11,626,316010
0.15,Matched terminal weighted e-BH,0,0.625,10,1178,316010
0.175,SAFE-ALPHA,0,0.6875,11,611.454545455,316010
0.175,Matched terminal weighted e-BH,0,0.625,10,1178,316010
0.2,SAFE-ALPHA,0,0.6875,11,586.909090909,316010
0.2,Matched terminal weighted e-BH,0,0.625,10,1178,316010
0.01,SAFE-ALPHA,0,0.875,14,481.714285714,316011
0.01,Matched terminal weighted e-BH,0,0.75,12,1170.25,316011
0.025,SAFE-ALPHA,0,0.9375,15,399,316011
0.025,Matched terminal weighted e-BH,0,0.8125,13,1160.92307692,316011
0.05,SAFE-ALPHA,0,1,16,376.9375,316011
0.05,Matched terminal weighted e-BH,0,0.9375,15,1142,316011
0.075,SAFE-ALPHA,0,1,16,326.625,316011
0.075,Matched terminal weighted e-BH,0,1,16,1131.5,316011
0.1,SAFE-ALPHA,0,1,16,306.9375,316011
0.1,Matched terminal weighted e-BH,0,1,16,1131.5,316011
0.125,SAFE-ALPHA,0,1,16,282.25,316011
0.125,Matched terminal weighted e-BH,0,1,16,1131.5,316011
0.15,SAFE-ALPHA,0,1,16,275.0625,316011
0.15,Matched terminal weighted e-BH,0,1,16,1131.5,316011
0.175,SAFE-ALPHA,0,1,16,266.9375,316011
0.175,Matched terminal weighted e-BH,0,1,16,1131.5,316011
0.2,SAFE-ALPHA,0,1,16,262.5625,316011
0.2,Matched terminal weighted e-BH,0,1,16,1131.5,316011
0.01,SAFE-ALPHA,0,0.1875,3,746,316012
0.01,Matched terminal weighted e-BH,0,0.0625,1,1244,316012
0.025,SAFE-ALPHA,0,0.1875,3,672.666666667,316012
0.025,Matched terminal weighted e-BH,0,0.0625,1,1244,316012
0.05,SAFE-ALPHA,0,0.25,4,646,316012
0.05,Matched terminal weighted e-BH,0,0.0625,1,1244,316012
0.075,SAFE-ALPHA,0,0.25,4,636,316012
0.075,Matched terminal weighted e-BH,0,0.0625,1,1244,316012
0.1,SAFE-ALPHA,0,0.25,4,617.25,316012
0.1,Matched terminal weighted e-BH,0,0.0625,1,1244,316012
0.125,SAFE-ALPHA,0,0.25,4,603.5,316012
0.125,Matched terminal weighted e-BH,0,0.0625,1,1244,316012
0.15,SAFE-ALPHA,0,0.25,4,592.25,316012
0.15,Matched terminal weighted e-BH,0,0.0625,1,1244,316012
0.175,SAFE-ALPHA,0,0.25,4,589.75,316012
0.175,Matched terminal weighted e-BH,0,0.0625,1,1244,316012
0.2,SAFE-ALPHA,0,0.25,4,579.75,316012
0.2,Matched terminal weighted e-BH,0,0.1875,3,1194,316012
0.01,SAFE-ALPHA,0,0.0625,1,1196,316013
0.01,Matched terminal weighted e-BH,0,0.0625,1,1199,316013
0.025,SAFE-ALPHA,0,0.0625,1,946,316013
0.025,Matched terminal weighted e-BH,0,0.0625,1,1199,316013
0.05,SAFE-ALPHA,0,0.0625,1,936,316013
0.05,Matched terminal weighted e-BH,0,0.0625,1,1199,316013
0.075,SAFE-ALPHA,0,0.125,2,478.5,316013
0.075,Matched terminal weighted e-BH,0,0.0625,1,1199,316013
0.1,SAFE-ALPHA,0,0.1875,3,691,316013
0.1,Matched terminal weighted e-BH,0,0.125,2,1229,316013
0.125,SAFE-ALPHA,0,0.3125,5,639,316013
0.125,Matched terminal weighted e-BH,0,0.125,2,1229,316013
0.15,SAFE-ALPHA,0,0.3125,5,627,316013
0.15,Matched terminal weighted e-BH,0,0.25,4,1184,316013
0.175,SAFE-ALPHA,0,0.3125,5,615,316013
0.175,Matched terminal weighted e-BH,0,0.25,4,1184,316013
0.2,SAFE-ALPHA,0,0.3125,5,614,316013
0.2,Matched terminal weighted e-BH,0,0.25,4,1184,316013
0.01,SAFE-ALPHA,0,0.3125,5,755,316014
0.01,Matched terminal weighted e-BH,0,0.25,4,1221.5,316014
0.025,SAFE-ALPHA,0,0.4375,7,733.857142857,316014
0.025,Matched terminal weighted e-BH,0,0.3125,5,1199,316014
0.05,SAFE-ALPHA,0,0.6875,11,666.454545455,316014
0.05,Matched terminal weighted e-BH,0,0.3125,5,1199,316014
0.075,SAFE-ALPHA,0,0.6875,11,624.636363636,316014
0.075,Matched terminal weighted e-BH,0,0.3125,5,1199,316014
0.1,SAFE-ALPHA,0,0.75,12,660.166666667,316014
0.1,Matched terminal weighted e-BH,0,0.3125,5,1199,316014
0.125,SAFE-ALPHA,0,0.75,12,645.166666667,316014
0.125,Matched terminal weighted e-BH,0,0.375,6,1199,316014
0.15,SAFE-ALPHA,0,0.8125,13,666,316014
0.15,Matched terminal weighted e-BH,0,0.5,8,1170.875,316014
0.175,SAFE-ALPHA,0,0.8125,13,645.615384615,316014
0.175,Matched terminal weighted e-BH,0,0.5,8,1170.875,316014
0.2,SAFE-ALPHA,0,0.8125,13,630.230769231,316014
0.2,Matched terminal weighted e-BH,0,0.5,8,1170.875,316014
0.01,SAFE-ALPHA,0,0.25,4,764.75,316015
0.01,Matched terminal weighted e-BH,0,0.1875,3,1204,316015
0.025,SAFE-ALPHA,0,0.375,6,888.666666667,316015
0.025,Matched terminal weighted e-BH,0,0.1875,3,1204,316015
0.05,SAFE-ALPHA,0,0.4375,7,891,316015
0.05,Matched terminal weighted e-BH,0,0.3125,5,1205,316015
0.075,SAFE-ALPHA,0,0.4375,7,794.571428571,316015
0.075,Matched terminal weighted e-BH,0,0.375,6,1191.5,316015
0.1,SAFE-ALPHA,0,0.4375,7,779.571428571,316015
0.1,Matched terminal weighted e-BH,0,0.4375,7,1201.14285714,316015
0.125,SAFE-ALPHA,0,0.625,10,861.5,316015
0.125,Matched terminal weighted e-BH,0,0.625,10,1187,316015
0.15,SAFE-ALPHA,0,0.625,10,802.5,316015
0.15,Matched terminal weighted e-BH,0,0.625,10,1187,316015
0.175,SAFE-ALPHA,0,0.625,10,754.5,316015
0.175,Matched terminal weighted e-BH,0,0.625,10,1187,316015
0.2,SAFE-ALPHA,0,0.625,10,741,316015
0.2,Matched terminal weighted e-BH,0,0.625,10,1187,316015
0.01,SAFE-ALPHA,0,0.6875,11,941.909090909,316016
0.01,Matched terminal weighted e-BH,0,0.6875,11,1154,316016
0.025,SAFE-ALPHA,0,0.875,14,866.214285714,316016
0.025,Matched terminal weighted e-BH,0,0.875,14,1160.42857143,316016
0.05,SAFE-ALPHA,0,0.875,14,769.571428571,316016
0.05,Matched terminal weighted e-BH,0,0.875,14,1160.42857143,316016
0.075,SAFE-ALPHA,0,0.875,14,696.357142857,316016
0.075,Matched terminal weighted e-BH,0,0.875,14,1160.42857143,316016
0.1,SAFE-ALPHA,0,0.875,14,643.857142857,316016
0.1,Matched terminal weighted e-BH,0,0.875,14,1160.42857143,316016
0.125,SAFE-ALPHA,0,0.875,14,619.571428571,316016
0.125,Matched terminal weighted e-BH,0,0.875,14,1160.42857143,316016
0.15,SAFE-ALPHA,0,0.875,14,591.714285714,316016
0.15,Matched terminal weighted e-BH,0,0.875,14,1160.42857143,316016
0.175,SAFE-ALPHA,0,0.875,14,581,316016
0.175,Matched terminal weighted e-BH,0,0.875,14,1160.42857143,316016
0.2,SAFE-ALPHA,0,0.875,14,530.285714286,316016
0.2,Matched terminal weighted e-BH,0,0.875,14,1160.42857143,316016
0.01,SAFE-ALPHA,0,0.125,2,991,316017
0.01,Matched terminal weighted e-BH,0,0.125,2,1251.5,316017
0.025,SAFE-ALPHA,0,0.125,2,691,316017
0.025,Matched terminal weighted e-BH,0,0.125,2,1251.5,316017
0.05,SAFE-ALPHA,0,0.1875,3,747.666666667,316017
0.05,Matched terminal weighted e-BH,0,0.125,2,1251.5,316017
0.075,SAFE-ALPHA,0,0.1875,3,731,316017
0.075,Matched terminal weighted e-BH,0,0.1875,3,1214,316017
0.1,SAFE-ALPHA,0,0.3125,5,826,316017
0.1,Matched terminal weighted e-BH,0,0.1875,3,1214,316017
0.125,SAFE-ALPHA,0,0.375,6,836,316017
0.125,Matched terminal weighted e-BH,0,0.1875,3,1214,316017
0.15,SAFE-ALPHA,0,0.4375,7,765.285714286,316017
0.15,Matched terminal weighted e-BH,0,0.1875,3,1214,316017
0.175,SAFE-ALPHA,0,0.4375,7,750.285714286,316017
0.175,Matched terminal weighted e-BH,0,0.25,4,1191.5,316017
0.2,SAFE-ALPHA,0,0.5,8,786,316017
0.2,Matched terminal weighted e-BH,0,0.25,4,1191.5,316017
0.01,SAFE-ALPHA,0,0.0625,1,781,316018
0.01,Matched terminal weighted e-BH,0,0.0625,1,1259,316018
0.025,SAFE-ALPHA,0,0.0625,1,756,316018
0.025,Matched terminal weighted e-BH,0,0.0625,1,1259,316018
0.05,SAFE-ALPHA,0,0.3125,5,989,316018
0.05,Matched terminal weighted e-BH,0,0.0625,1,1259,316018
0.075,SAFE-ALPHA,0,0.5,8,988.5,316018
0.075,Matched terminal weighted e-BH,0,0.0625,1,1259,316018
0.1,SAFE-ALPHA,0,0.5,8,948.5,316018
0.1,Matched terminal weighted e-BH,0,0.0625,1,1259,316018
0.125,SAFE-ALPHA,0,0.5,8,941,316018
0.125,Matched terminal weighted e-BH,0,0.0625,1,1259,316018
0.15,SAFE-ALPHA,0,0.5,8,924.75,316018
0.15,Matched terminal weighted e-BH,0,0.4375,7,1203.28571429,316018
0.175,SAFE-ALPHA,0,0.5,8,909.125,316018
0.175,Matched terminal weighted e-BH,0,0.4375,7,1203.28571429,316018
0.2,SAFE-ALPHA,0,0.5625,9,908.777777778,316018
0.2,Matched terminal weighted e-BH,0,0.4375,7,1203.28571429,316018
0.01,SAFE-ALPHA,0,0,0,,316019
0.01,Matched terminal weighted e-BH,0,0,0,,316019
0.025,SAFE-ALPHA,0,0,0,,316019
0.025,Matched terminal weighted e-BH,0,0,0,,316019
0.05,SAFE-ALPHA,0,0,0,,316019
0.05,Matched terminal weighted e-BH,0,0,0,,316019
0.075,SAFE-ALPHA,0,0.125,2,701,316019
0.075,Matched terminal weighted e-BH,0,0,0,,316019
0.1,SAFE-ALPHA,0,0.125,2,681,316019
0.1,Matched terminal weighted e-BH,0,0,0,,316019
0.125,SAFE-ALPHA,0,0.125,2,668.5,316019
0.125,Matched terminal weighted e-BH,0,0,0,,316019
0.15,SAFE-ALPHA,0,0.125,2,663.5,316019
0.15,Matched terminal weighted e-BH,0,0,0,,316019
0.175,SAFE-ALPHA,0,0.125,2,651,316019
0.175,Matched terminal weighted e-BH,0,0,0,,316019
0.2,SAFE-ALPHA,0,0.125,2,643.5,316019
0.2,Matched terminal weighted e-BH,0,0,0,,316019
0.01,SAFE-ALPHA,0,0.625,10,871,316020
0.01,Matched terminal weighted e-BH,0,0.625,10,1170.5,316020
0.025,SAFE-ALPHA,0,0.8125,13,783.692307692,316020
0.025,Matched terminal weighted e-BH,0,0.8125,13,1156.30769231,316020
0.05,SAFE-ALPHA,0,0.8125,13,662.153846154,316020
0.05,Matched terminal weighted e-BH,0,0.8125,13,1156.30769231,316020
0.075,SAFE-ALPHA,0,0.875,14,568,316020
0.075,Matched terminal weighted e-BH,0,0.875,14,1145.42857143,316020
0.1,SAFE-ALPHA,0,0.9375,15,544.666666667,316020
0.1,Matched terminal weighted e-BH,0,0.9375,15,1142,316020
0.125,SAFE-ALPHA,0,0.9375,15,513,316020
0.125,Matched terminal weighted e-BH,0,0.9375,15,1142,316020
0.15,SAFE-ALPHA,0,0.9375,15,476.333333333,316020
0.15,Matched terminal weighted e-BH,0,0.9375,15,1142,316020
0.175,SAFE-ALPHA,0,1,16,450.6875,316020
0.175,Matched terminal weighted e-BH,0,0.9375,15,1142,316020
0.2,SAFE-ALPHA,0,1,16,439.75,316020
0.2,Matched terminal weighted e-BH,0,0.9375,15,1142,316020
0.01,SAFE-ALPHA,0,0.1875,3,979.333333333,316021
0.01,Matched terminal weighted e-BH,0,0.1875,3,1179,316021
0.025,SAFE-ALPHA,0,0.25,4,696,316021
0.025,Matched terminal weighted e-BH,0,0.1875,3,1179,316021
0.05,SAFE-ALPHA,0,0.3125,5,741,316021
0.05,Matched terminal weighted e-BH,0,0.1875,3,1179,316021
0.075,SAFE-ALPHA,0,0.3125,5,671,316021
0.075,Matched terminal weighted e-BH,0,0.3125,5,1193,316021
0.1,SAFE-ALPHA,0,0.4375,7,787.571428571,316021
0.1,Matched terminal weighted e-BH,0,0.4375,7,1184,316021
0.125,SAFE-ALPHA,0,0.4375,7,764.714285714,316021
0.125,Matched terminal weighted e-BH,0,0.4375,7,1184,316021
0.15,SAFE-ALPHA,0,0.4375,7,745.285714286,316021
0.15,Matched terminal weighted e-BH,0,0.4375,7,1184,316021
0.175,SAFE-ALPHA,0,0.4375,7,679.571428571,316021
0.175,Matched terminal weighted e-BH,0,0.4375,7,1184,316021
0.2,SAFE-ALPHA,0,0.4375,7,655.285714286,316021
0.2,Matched terminal weighted e-BH,0,0.4375,7,1184,316021
0.01,SAFE-ALPHA,0,0.0625,1,821,316022
0.01,Matched terminal weighted e-BH,0,0,0,,316022
0.025,SAFE-ALPHA,0,0.0625,1,796,316022
0.025,Matched terminal weighted e-BH,0,0,0,,316022
0.05,SAFE-ALPHA,0,0.0625,1,776,316022
0.05,Matched terminal weighted e-BH,0,0,0,,316022
0.075,SAFE-ALPHA,0,0.25,4,944.75,316022
0.075,Matched terminal weighted e-BH,0,0.25,4,1161.5,316022
0.1,SAFE-ALPHA,0,0.375,6,927,316022
0.1,Matched terminal weighted e-BH,0,0.375,6,1139,316022
0.125,SAFE-ALPHA,0,0.5625,9,986.666666667,316022
0.125,Matched terminal weighted e-BH,0,0.5625,9,1164,316022
0.15,SAFE-ALPHA,0,0.5625,9,964.333333333,316022
0.15,Matched terminal weighted e-BH,0,0.5625,9,1164,316022
0.175,SAFE-ALPHA,0,0.5625,9,959.333333333,316022
0.175,Matched terminal weighted e-BH,0,0.5625,9,1164,316022
0.2,SAFE-ALPHA,0,0.625,10,895,316022
0.2,Matched terminal weighted e-BH,0,0.5625,9,1164,316022
0.01,SAFE-ALPHA,0,0.375,6,823.5,316023
0.01,Matched terminal weighted e-BH,0,0.25,4,1202.75,316023
0.025,SAFE-ALPHA,0,0.5,8,749.75,316023
0.025,Matched terminal weighted e-BH,0,0.25,4,1202.75,316023
0.05,SAFE-ALPHA,0,0.625,10,693.5,316023
0.05,Matched terminal weighted e-BH,0,0.25,4,1202.75,316023
0.075,SAFE-ALPHA,0,0.6875,11,636.909090909,316023
0.075,Matched terminal weighted e-BH,0,0.25,4,1202.75,316023
0.1,SAFE-ALPHA,0,0.6875,11,622.818181818,316023
0.1,Matched terminal weighted e-BH,0,0.375,6,1179,316023
0.125,SAFE-ALPHA,0,0.6875,11,595.090909091,316023
0.125,Matched terminal weighted e-BH,0,0.5,8,1180.25,316023
0.15,SAFE-ALPHA,0,0.6875,11,572.818181818,316023
0.15,Matched terminal weighted e-BH,0,0.5,8,1180.25,316023
0.175,SAFE-ALPHA,0,0.6875,11,555.090909091,316023
0.175,Matched terminal weighted e-BH,0,0.5,8,1180.25,316023
0.2,SAFE-ALPHA,0,0.6875,11,530.090909091,316023
0.2,Matched terminal weighted e-BH,0,0.5,8,1180.25,316023
0.01,SAFE-ALPHA,0,0.375,6,1079.33333333,316024
0.01,Matched terminal weighted e-BH,0,0.375,6,1196.5,316024
0.025,SAFE-ALPHA,0,0.375,6,809.333333333,316024
0.025,Matched terminal weighted e-BH,0,0.375,6,1196.5,316024
0.05,SAFE-ALPHA,0,0.4375,7,783.857142857,316024
0.05,Matched terminal weighted e-BH,0,0.375,6,1196.5,316024
0.075,SAFE-ALPHA,0,0.4375,7,773.142857143,316024
0.075,Matched terminal weighted e-BH,0,0.4375,7,1192.57142857,316024
0.1,SAFE-ALPHA,0,0.625,10,816.5,316024
0.1,Matched terminal weighted e-BH,0,0.4375,7,1192.57142857,316024
0.125,SAFE-ALPHA,0,0.625,10,801,316024
0.125,Matched terminal weighted e-BH,0,0.5,8,1176.5,316024
0.15,SAFE-ALPHA,0,0.625,10,691.5,316024
0.15,Matched terminal weighted e-BH,0,0.5,8,1176.5,316024
0.175,SAFE-ALPHA,0,0.625,10,682.5,316024
0.175,Matched terminal weighted e-BH,0,0.5,8,1176.5,316024
0.2,SAFE-ALPHA,0,0.625,10,667,316024
0.2,Matched terminal weighted e-BH,0,0.5,8,1176.5,316024
0.01,SAFE-ALPHA,0,0,0,,316025
0.01,Matched terminal weighted e-BH,0,0,0,,316025
0.025,SAFE-ALPHA,0,0.0625,1,736,316025
0.025,Matched terminal weighted e-BH,0,0,0,,316025
0.05,SAFE-ALPHA,0,0.0625,1,716,316025
0.05,Matched terminal weighted e-BH,0,0.0625,1,1259,316025
0.075,SAFE-ALPHA,0,0.0625,1,691,316025
0.075,Matched terminal weighted e-BH,0,0.0625,1,1259,316025
0.1,SAFE-ALPHA,0,0.3125,5,802,316025
0.1,Matched terminal weighted e-BH,0,0.3125,5,1217,316025
0.125,SAFE-ALPHA,0,0.3125,5,783,316025
0.125,Matched terminal weighted e-BH,0,0.3125,5,1217,316025
0.15,SAFE-ALPHA,0,0.3125,5,706,316025
0.15,Matched terminal weighted e-BH,0,0.3125,5,1217,316025
0.175,SAFE-ALPHA,0,0.3125,5,693,316025
0.175,Matched terminal weighted e-BH,0,0.3125,5,1217,316025
0.2,SAFE-ALPHA,0,0.3125,5,648,316025
0.2,Matched terminal weighted e-BH,0,0.3125,5,1217,316025
0.01,SAFE-ALPHA,0,0,0,,316026
0.01,Matched terminal weighted e-BH,0,0,0,,316026
0.025,SAFE-ALPHA,0,0,0,,316026
0.025,Matched terminal weighted e-BH,0,0,0,,316026
0.05,SAFE-ALPHA,0,0,0,,316026
0.05,Matched terminal weighted e-BH,0,0,0,,316026
0.075,SAFE-ALPHA,0,0,0,,316026
0.075,Matched terminal weighted e-BH,0,0,0,,316026
0.1,SAFE-ALPHA,0,0,0,,316026
0.1,Matched terminal weighted e-BH,0,0,0,,316026
0.125,SAFE-ALPHA,0,0.1875,3,1194,316026
0.125,Matched terminal weighted e-BH,0,0.1875,3,1194,316026
0.15,SAFE-ALPHA,0,0.1875,3,1194,316026
0.15,Matched terminal weighted e-BH,0,0.1875,3,1194,316026
0.175,SAFE-ALPHA,0,0.1875,3,1181,316026
0.175,Matched terminal weighted e-BH,0,0.1875,3,1194,316026
0.2,SAFE-ALPHA,0,0.1875,3,1181,316026
0.2,Matched terminal weighted e-BH,0,0.1875,3,1194,316026
0.01,SAFE-ALPHA,0,0.0625,1,531,316027
0.01,Matched terminal weighted e-BH,0,0.0625,1,1259,316027
0.025,SAFE-ALPHA,0,0.1875,3,747.666666667,316027
0.025,Matched terminal weighted e-BH,0,0.0625,1,1259,316027
0.05,SAFE-ALPHA,0,0.25,4,471,316027
0.05,Matched terminal weighted e-BH,0,0.1875,3,1234,316027
0.075,SAFE-ALPHA,0,0.25,4,426,316027
0.075,Matched terminal weighted e-BH,0,0.1875,3,1234,316027
0.1,SAFE-ALPHA,0,0.3125,5,522,316027
0.1,Matched terminal weighted e-BH,0,0.1875,3,1234,316027
0.125,SAFE-ALPHA,0,0.375,6,592.666666667,316027
0.125,Matched terminal weighted e-BH,0,0.1875,3,1234,316027
0.15,SAFE-ALPHA,0,0.4375,7,661.714285714,316027
0.15,Matched terminal weighted e-BH,0,0.25,4,1210.25,316027
0.175,SAFE-ALPHA,0,0.5625,9,530.444444444,316027
0.175,Matched terminal weighted e-BH,0,0.25,4,1210.25,316027
0.2,SAFE-ALPHA,0,0.625,10,568,316027
0.2,Matched terminal weighted e-BH,0,0.25,4,1210.25,316027
0.01,SAFE-ALPHA,0,0.3125,5,831,316028
0.01,Matched terminal weighted e-BH,0,0.25,4,1184,316028
0.025,SAFE-ALPHA,0,0.4375,7,721,316028
0.025,Matched terminal weighted e-BH,0,0.375,6,1201.5,316028
0.05,SAFE-ALPHA,0,0.5,8,666,316028
0.05,Matched terminal weighted e-BH,0,0.4375,7,1205.42857143,316028
0.075,SAFE-ALPHA,0,0.5,8,592.25,316028
0.075,Matched terminal weighted e-BH,0,0.4375,7,1205.42857143,316028
0.1,SAFE-ALPHA,0,0.6875,11,661.909090909,316028
0.1,Matched terminal weighted e-BH,0,0.5,8,1187.75,316028
0.125,SAFE-ALPHA,0,0.6875,11,641,316028
0.125,Matched terminal weighted e-BH,0,0.5,8,1187.75,316028
0.15,SAFE-ALPHA,0,0.75,12,645,316028
0.15,Matched terminal weighted e-BH,0,0.5,8,1187.75,316028
0.175,SAFE-ALPHA,0,0.75,12,616.416666667,316028
0.175,Matched terminal weighted e-BH,0,0.5625,9,1177.33333333,316028
0.2,SAFE-ALPHA,0,0.75,12,610.166666667,316028
0.2,Matched terminal weighted e-BH,0,0.625,10,1170.5,316028
0.01,SAFE-ALPHA,0,0,0,,316029
0.01,Matched terminal weighted e-BH,0,0,0,,316029
0.025,SAFE-ALPHA,0,0.0625,1,376,316029
0.025,Matched terminal weighted e-BH,0,0,0,,316029
0.05,SAFE-ALPHA,0,0.0625,1,366,316029
0.05,Matched terminal weighted e-BH,0,0,0,,316029
0.075,SAFE-ALPHA,0,0.0625,1,251,316029
0.075,Matched terminal weighted e-BH,0,0,0,,316029
0.1,SAFE-ALPHA,0,0.0625,1,216,316029
0.1,Matched terminal weighted e-BH,0,0,0,,316029
0.125,SAFE-ALPHA,0,0.0625,1,216,316029
0.125,Matched terminal weighted e-BH,0,0,0,,316029
0.15,SAFE-ALPHA,0,0.0625,1,216,316029
0.15,Matched terminal weighted e-BH,0,0,0,,316029
0.175,SAFE-ALPHA,0,0.0625,1,186,316029
0.175,Matched terminal weighted e-BH,0,0,0,,316029
0.2,SAFE-ALPHA,0,0.0625,1,186,316029
0.2,Matched terminal weighted e-BH,0,0,0,,316029
0.01,SAFE-ALPHA,0,0.25,4,824.75,316030
0.01,Matched terminal weighted e-BH,0,0.25,4,1232.75,316030
0.025,SAFE-ALPHA,0,0.4375,7,913.142857143,316030
0.025,Matched terminal weighted e-BH,0,0.25,4,1232.75,316030
0.05,SAFE-ALPHA,0,0.625,10,843.5,316030
0.05,Matched terminal weighted e-BH,0,0.5,8,1180.25,316030
0.075,SAFE-ALPHA,0,0.6875,11,812.818181818,316030
0.075,Matched terminal weighted e-BH,0,0.5625,9,1167.33333333,316030
0.1,SAFE-ALPHA,0,0.75,12,766,316030
0.1,Matched terminal weighted e-BH,0,0.75,12,1145.25,316030
0.125,SAFE-ALPHA,0,0.8125,13,707.538461538,316030
0.125,Matched terminal weighted e-BH,0,0.8125,13,1135.53846154,316030
0.15,SAFE-ALPHA,0,0.875,14,682.071428571,316030
0.15,Matched terminal weighted e-BH,0,0.8125,13,1135.53846154,316030
0.175,SAFE-ALPHA,0,0.875,14,649.928571429,316030
0.175,Matched terminal weighted e-BH,0,0.8125,13,1135.53846154,316030
0.2,SAFE-ALPHA,0,0.9375,15,671.533333333,316030
0.2,Matched terminal weighted e-BH,0,0.8125,13,1135.53846154,316030
0.01,SAFE-ALPHA,0,0.1875,3,629.333333333,316031
0.01,Matched terminal weighted e-BH,0,0,0,,316031
0.025,SAFE-ALPHA,0,0.1875,3,599.333333333,316031
0.025,Matched terminal weighted e-BH,0,0.0625,1,1214,316031
0.05,SAFE-ALPHA,0,0.3125,5,653,316031
0.05,Matched terminal weighted e-BH,0,0.125,2,1169,316031
0.075,SAFE-ALPHA,0,0.375,6,673.5,316031
0.075,Matched terminal weighted e-BH,0,0.125,2,1169,316031
0.1,SAFE-ALPHA,0,0.375,6,647.666666667,316031
0.1,Matched terminal weighted e-BH,0,0.25,4,1139,316031
0.125,SAFE-ALPHA,0,0.5,8,671.625,316031
0.125,Matched terminal weighted e-BH,0,0.25,4,1139,316031
0.15,SAFE-ALPHA,0,0.5,8,652.875,316031
0.15,Matched terminal weighted e-BH,0,0.25,4,1139,316031
0.175,SAFE-ALPHA,0,0.5625,9,658.777777778,316031
0.175,Matched terminal weighted e-BH,0,0.25,4,1139,316031
0.2,SAFE-ALPHA,0,0.5625,9,650.444444444,316031
0.2,Matched terminal weighted e-BH,0,0.25,4,1139,316031
0.01,SAFE-ALPHA,0,0.625,10,900.5,316032
0.01,Matched terminal weighted e-BH,0,0.3125,5,1217,316032
0.025,SAFE-ALPHA,0,0.875,14,835.285714286,316032
0.025,Matched terminal weighted e-BH,0,0.75,12,1154,316032
0.05,SAFE-ALPHA,0,0.9375,15,737,316032
0.05,Matched terminal weighted e-BH,0,0.875,14,1151.85714286,316032
0.075,SAFE-ALPHA,0,0.9375,15,714,316032
0.075,Matched terminal weighted e-BH,0,0.875,14,1151.85714286,316032
0.1,SAFE-ALPHA,0,0.9375,15,691,316032
0.1,Matched terminal weighted e-BH,0,0.875,14,1151.85714286,316032
0.125,SAFE-ALPHA,0,0.9375,15,674.333333333,316032
0.125,Matched terminal weighted e-BH,0,0.9375,15,1154,316032
0.15,SAFE-ALPHA,0,0.9375,15,644.666666667,316032
0.15,Matched terminal weighted e-BH,0,0.9375,15,1154,316032
0.175,SAFE-ALPHA,0,0.9375,15,637.333333333,316032
0.175,Matched terminal weighted e-BH,0,0.9375,15,1154,316032
0.2,SAFE-ALPHA,0,0.9375,15,619,316032
0.2,Matched terminal weighted e-BH,0,0.9375,15,1154,316032
0.01,SAFE-ALPHA,0,0,0,,316033
0.01,Matched terminal weighted e-BH,0,0,0,,316033
0.025,SAFE-ALPHA,0,0,0,,316033
0.025,Matched terminal weighted e-BH,0,0,0,,316033
0.05,SAFE-ALPHA,0,0,0,,316033
0.05,Matched terminal weighted e-BH,0,0,0,,316033
0.075,SAFE-ALPHA,0,0.0625,1,1186,316033
0.075,Matched terminal weighted e-BH,0,0,0,,316033
0.1,SAFE-ALPHA,0,0.0625,1,1186,316033
0.1,Matched terminal weighted e-BH,0,0,0,,316033
0.125,SAFE-ALPHA,0,0.0625,1,1166,316033
0.125,Matched terminal weighted e-BH,0,0,0,,316033
0.15,SAFE-ALPHA,0,0.0625,1,1141,316033
0.15,Matched terminal weighted e-BH,0,0.0625,1,1229,316033
0.175,SAFE-ALPHA,0,0.0625,1,871,316033
0.175,Matched terminal weighted e-BH,0,0.0625,1,1229,316033
0.2,SAFE-ALPHA,0,0.125,2,706,316033
0.2,Matched terminal weighted e-BH,0,0.0625,1,1229,316033
0.01,SAFE-ALPHA,0,0.375,6,593.5,316034
0.01,Matched terminal weighted e-BH,0,0.1875,3,1234,316034
0.025,SAFE-ALPHA,0,0.5625,9,552.666666667,316034
0.025,Matched terminal weighted e-BH,0,0.25,4,1202.75,316034
0.05,SAFE-ALPHA,0,0.8125,13,496,316034
0.05,Matched terminal weighted e-BH,0,0.375,6,1196.5,316034
0.075,SAFE-ALPHA,0,0.8125,13,461.384615385,316034
0.075,Matched terminal weighted e-BH,0,0.375,6,1196.5,316034
0.1,SAFE-ALPHA,0,0.8125,13,439.846153846,316034
0.1,Matched terminal weighted e-BH,0,0.375,6,1196.5,316034
0.125,SAFE-ALPHA,0,0.8125,13,412.153846154,316034
0.125,Matched terminal weighted e-BH,0,0.625,10,1179.5,316034
0.15,SAFE-ALPHA,0,0.8125,13,406.384615385,316034
0.15,Matched terminal weighted e-BH,0,0.625,10,1179.5,316034
0.175,SAFE-ALPHA,0,0.875,14,411.714285714,316034
0.175,Matched terminal weighted e-BH,0,0.625,10,1179.5,316034
0.2,SAFE-ALPHA,0,0.875,14,403.5,316034
0.2,Matched terminal weighted e-BH,0,0.6875,11,1175.81818182,316034
0.01,SAFE-ALPHA,0,0.0625,1,1181,316035
0.01,Matched terminal weighted e-BH,0,0.0625,1,1259,316035
0.025,SAFE-ALPHA,0,0.125,2,1091,316035
0.025,Matched terminal weighted e-BH,0,0.125,2,1229,316035
0.05,SAFE-ALPHA,0,0.1875,3,1072.66666667,316035
0.05,Matched terminal weighted e-BH,0,0.125,2,1229,316035
0.075,SAFE-ALPHA,0,0.4375,7,1086,316035
0.075,Matched terminal weighted e-BH,0,0.4375,7,1194.71428571,316035
0.1,SAFE-ALPHA,0,0.4375,7,1043.85714286,316035
0.1,Matched terminal weighted e-BH,0,0.4375,7,1194.71428571,316035
0.125,SAFE-ALPHA,0,0.4375,7,977.428571429,316035
0.125,Matched terminal weighted e-BH,0,0.4375,7,1194.71428571,316035
0.15,SAFE-ALPHA,0,0.4375,7,918.857142857,316035
0.15,Matched terminal weighted e-BH,0,0.4375,7,1194.71428571,316035
0.175,SAFE-ALPHA,0,0.4375,7,901,316035
0.175,Matched terminal weighted e-BH,0,0.4375,7,1194.71428571,316035
0.2,SAFE-ALPHA,0,0.5,8,929.5,316035
0.2,Matched terminal weighted e-BH,0,0.5,8,1191.5,316035
0.01,SAFE-ALPHA,0,0.5,8,727.875,316036
0.01,Matched terminal weighted e-BH,0,0.1875,3,1229,316036
0.025,SAFE-ALPHA,0,0.625,10,712,316036
0.025,Matched terminal weighted e-BH,0,0.3125,5,1178,316036
0.05,SAFE-ALPHA,0,0.75,12,696.833333333,316036
0.05,Matched terminal weighted e-BH,0,0.375,6,1176.5,316036
0.075,SAFE-ALPHA,0,0.75,12,624.75,316036
0.075,Matched terminal weighted e-BH,0,0.4375,7,1173.28571429,316036
0.1,SAFE-ALPHA,0,0.8125,13,632.923076923,316036
0.1,Matched terminal weighted e-BH,0,0.5625,9,1164,316036
0.125,SAFE-ALPHA,0,0.875,14,640.642857143,316036
0.125,Matched terminal weighted e-BH,0,0.625,10,1172,316036
0.15,SAFE-ALPHA,0,1,16,640.375,316036
0.15,Matched terminal weighted e-BH,0,0.6875,11,1169,316036
0.175,SAFE-ALPHA,0,1,16,596,316036
0.175,Matched terminal weighted e-BH,0,0.6875,11,1169,316036
0.2,SAFE-ALPHA,0,1,16,585.375,316036
0.2,Matched terminal weighted e-BH,0,0.75,12,1156.5,316036
0.01,SAFE-ALPHA,0,0.6875,11,657.363636364,316037
0.01,Matched terminal weighted e-BH,0,0.6875,11,1175.81818182,316037
0.025,SAFE-ALPHA,0,0.875,14,645.285714286,316037
0.025,Matched terminal weighted e-BH,0,0.875,14,1152.92857143,316037
0.05,SAFE-ALPHA,0,0.875,14,534.928571429,316037
0.05,Matched terminal weighted e-BH,0,0.875,14,1152.92857143,316037
0.075,SAFE-ALPHA,0,0.875,14,506.357142857,316037
0.075,Matched terminal weighted e-BH,0,0.875,14,1152.92857143,316037
0.1,SAFE-ALPHA,0,0.875,14,456.357142857,316037
0.1,Matched terminal weighted e-BH,0,0.875,14,1152.92857143,316037
0.125,SAFE-ALPHA,0,0.875,14,417.785714286,316037
0.125,Matched terminal weighted e-BH,0,0.875,14,1152.92857143,316037
0.15,SAFE-ALPHA,0,0.875,14,401,316037
0.15,Matched terminal weighted e-BH,0,0.875,14,1152.92857143,316037
0.175,SAFE-ALPHA,0,0.875,14,392.428571429,316037
0.175,Matched terminal weighted e-BH,0,0.875,14,1152.92857143,316037
0.2,SAFE-ALPHA,0,0.875,14,371.357142857,316037
0.2,Matched terminal weighted e-BH,0,0.875,14,1152.92857143,316037
0.01,SAFE-ALPHA,0,0.375,6,672.666666667,316038
0.01,Matched terminal weighted e-BH,0,0.375,6,1209,316038
0.025,SAFE-ALPHA,0,0.625,10,568,316038
0.025,Matched terminal weighted e-BH,0,0.5625,9,1167.33333333,316038
0.05,SAFE-ALPHA,0,0.75,12,458.5,316038
0.05,Matched terminal weighted e-BH,0,0.5625,9,1167.33333333,316038
0.075,SAFE-ALPHA,0,0.75,12,419.75,316038
0.075,Matched terminal weighted e-BH,0,0.625,10,1158.5,316038
0.1,SAFE-ALPHA,0,0.75,12,358.916666667,316038
0.1,Matched terminal weighted e-BH,0,0.6875,11,1152.63636364,316038
0.125,SAFE-ALPHA,0,0.8125,13,341.769230769,316038
0.125,Matched terminal weighted e-BH,0,0.6875,11,1152.63636364,316038
0.15,SAFE-ALPHA,0,0.8125,13,336.384615385,316038
0.15,Matched terminal weighted e-BH,0,0.6875,11,1152.63636364,316038
0.175,SAFE-ALPHA,0,0.9375,15,415.2,316038
0.175,Matched terminal weighted e-BH,0,0.75,12,1159,316038
0.2,SAFE-ALPHA,0,0.9375,15,388,316038
0.2,Matched terminal weighted e-BH,0,0.8125,13,1156.30769231,316038
0.01,SAFE-ALPHA,0,0.1875,3,864.333333333,316039
0.01,Matched terminal weighted e-BH,0,0.1875,3,1239,316039
0.025,SAFE-ALPHA,0,0.1875,3,734.333333333,316039
0.025,Matched terminal weighted e-BH,0,0.1875,3,1239,316039
0.05,SAFE-ALPHA,0,0.1875,3,616,316039
0.05,Matched terminal weighted e-BH,0,0.1875,3,1239,316039
0.075,SAFE-ALPHA,0,0.25,4,629.75,316039
0.075,Matched terminal weighted e-BH,0,0.1875,3,1239,316039
0.1,SAFE-ALPHA,0,0.25,4,614.75,316039
0.1,Matched terminal weighted e-BH,0,0.1875,3,1239,316039
0.125,SAFE-ALPHA,0,0.4375,7,591.714285714,316039
0.125,Matched terminal weighted e-BH,0,0.1875,3,1239,316039
0.15,SAFE-ALPHA,0,0.5625,9,639.333333333,316039
0.15,Matched terminal weighted e-BH,0,0.375,6,1209,316039
0.175,SAFE-ALPHA,0,0.5625,9,607.666666667,316039
0.175,Matched terminal weighted e-BH,0,0.4375,7,1192.57142857,316039
0.2,SAFE-ALPHA,0,0.6875,11,603.727272727,316039
0.2,Matched terminal weighted e-BH,0,0.5,8,1189.625,316039
0.01,SAFE-ALPHA,0,0.25,4,832.25,316040
0.01,Matched terminal weighted e-BH,0,0.25,4,1210.25,316040
0.025,SAFE-ALPHA,0,0.375,6,919.833333333,316040
0.025,Matched terminal weighted e-BH,0,0.25,4,1210.25,316040
0.05,SAFE-ALPHA,0,0.4375,7,903.142857143,316040
0.05,Matched terminal weighted e-BH,0,0.4375,7,1209.71428571,316040
0.075,SAFE-ALPHA,0,0.4375,7,883.142857143,316040
0.075,Matched terminal weighted e-BH,0,0.4375,7,1209.71428571,316040
0.1,SAFE-ALPHA,0,0.4375,7,848.857142857,316040
0.1,Matched terminal weighted e-BH,0,0.4375,7,1209.71428571,316040
0.125,SAFE-ALPHA,0,0.5,8,855.375,316040
0.125,Matched terminal weighted e-BH,0,0.5,8,1180.25,316040
0.15,SAFE-ALPHA,0,0.5625,9,846.333333333,316040
0.15,Matched terminal weighted e-BH,0,0.5625,9,1170.66666667,316040
0.175,SAFE-ALPHA,0,0.5625,9,838.222222222,316040
0.175,Matched terminal weighted e-BH,0,0.5625,9,1170.66666667,316040
0.2,SAFE-ALPHA,0,0.625,10,855.5,316040
0.2,Matched terminal weighted e-BH,0,0.625,10,1166,316040
0.01,SAFE-ALPHA,0,0,0,,316041
0.01,Matched terminal weighted e-BH,0,0,0,,316041
0.025,SAFE-ALPHA,0,0.125,2,893.5,316041
0.025,Matched terminal weighted e-BH,0,0,0,,316041
0.05,SAFE-ALPHA,0,0.125,2,823.5,316041
0.05,Matched terminal weighted e-BH,0,0.125,2,1251.5,316041
0.075,SAFE-ALPHA,0,0.125,2,708.5,316041
0.075,Matched terminal weighted e-BH,0,0.125,2,1251.5,316041
0.1,SAFE-ALPHA,0,0.125,2,668.5,316041
0.1,Matched terminal weighted e-BH,0,0.125,2,1251.5,316041
0.125,SAFE-ALPHA,0,0.125,2,626,316041
0.125,Matched terminal weighted e-BH,0,0.125,2,1251.5,316041
0.15,SAFE-ALPHA,0,0.1875,3,752.666666667,316041
0.15,Matched terminal weighted e-BH,0,0.125,2,1251.5,316041
0.175,SAFE-ALPHA,0,0.1875,3,649.333333333,316041
0.175,Matched terminal weighted e-BH,0,0.125,2,1251.5,316041
0.2,SAFE-ALPHA,0,0.1875,3,644.333333333,316041
0.2,Matched terminal weighted e-BH,0,0.125,2,1251.5,316041
0.01,SAFE-ALPHA,0,0.0625,1,546,316042
0.01,Matched terminal weighted e-BH,0,0.0625,1,1244,316042
0.025,SAFE-ALPHA,0,0.0625,1,456,316042
0.025,Matched terminal weighted e-BH,0,0.0625,1,1244,316042
0.05,SAFE-ALPHA,0,0.1875,3,777.666666667,316042
0.05,Matched terminal weighted e-BH,0,0.0625,1,1244,316042
0.075,SAFE-ALPHA,0,0.1875,3,732.666666667,316042
0.075,Matched terminal weighted e-BH,0,0.0625,1,1244,316042
0.1,SAFE-ALPHA,0,0.1875,3,722.666666667,316042
0.1,Matched terminal weighted e-BH,0,0.125,2,1229,316042
0.125,SAFE-ALPHA,0,0.25,4,733.5,316042
0.125,Matched terminal weighted e-BH,0,0.125,2,1229,316042
0.15,SAFE-ALPHA,0,0.25,4,669.75,316042
0.15,Matched terminal weighted e-BH,0,0.125,2,1229,316042
0.175,SAFE-ALPHA,0,0.25,4,381,316042
0.175,Matched terminal weighted e-BH,0,0.125,2,1229,316042
0.2,SAFE-ALPHA,0,0.3125,5,320,316042
0.2,Matched terminal weighted e-BH,0,0.125,2,1229,316042
0.01,SAFE-ALPHA,0,0.25,4,661,316043
0.01,Matched terminal weighted e-BH,0,0.25,4,1214,316043
0.025,SAFE-ALPHA,0,0.3125,5,562,316043
0.025,Matched terminal weighted e-BH,0,0.25,4,1214,316043
0.05,SAFE-ALPHA,0,0.3125,5,418,316043
0.05,Matched terminal weighted e-BH,0,0.3125,5,1223,316043
0.075,SAFE-ALPHA,0,0.4375,7,537.428571429,316043
0.075,Matched terminal weighted e-BH,0,0.3125,5,1223,316043
0.1,SAFE-ALPHA,0,0.5,8,583.5,316043
0.1,Matched terminal weighted e-BH,0,0.5,8,1193.375,316043
0.125,SAFE-ALPHA,0,0.5625,9,613.222222222,316043
0.125,Matched terminal weighted e-BH,0,0.5625,9,1189,316043
0.15,SAFE-ALPHA,0,0.5625,9,590.444444444,316043
0.15,Matched terminal weighted e-BH,0,0.5625,9,1189,316043
0.175,SAFE-ALPHA,0,0.5625,9,581.555555556,316043
0.175,Matched terminal weighted e-BH,0,0.5625,9,1189,316043
0.2,SAFE-ALPHA,0,0.5625,9,572.666666667,316043
0.2,Matched terminal weighted e-BH,0,0.5625,9,1189,316043
0.01,SAFE-ALPHA,0,0.1875,3,814.333333333,316044
0.01,Matched terminal weighted e-BH,0,0.1875,3,1229,316044
0.025,SAFE-ALPHA,0,0.5625,9,812.111111111,316044
0.025,Matched terminal weighted e-BH,0,0.4375,7,1177.57142857,316044
0.05,SAFE-ALPHA,0,0.625,10,793,316044
0.05,Matched terminal weighted e-BH,0,0.5625,9,1180.66666667,316044
0.075,SAFE-ALPHA,0,0.75,12,807.25,316044
0.075,Matched terminal weighted e-BH,0,0.75,12,1166.5,316044
0.1,SAFE-ALPHA,0,0.9375,15,825,316044
0.1,Matched terminal weighted e-BH,0,0.9375,15,1151,316044
0.125,SAFE-ALPHA,0,0.9375,15,801.333333333,316044
0.125,Matched terminal weighted e-BH,0,0.9375,15,1151,316044
0.15,SAFE-ALPHA,0,0.9375,15,769,316044
0.15,Matched terminal weighted e-BH,0,0.9375,15,1151,316044
0.175,SAFE-ALPHA,0,0.9375,15,720.666666667,316044
0.175,Matched terminal weighted e-BH,0,0.9375,15,1151,316044
0.2,SAFE-ALPHA,0,0.9375,15,713,316044
0.2,Matched terminal weighted e-BH,0,0.9375,15,1151,316044
0.01,SAFE-ALPHA,0,0,0,,316045
0.01,Matched terminal weighted e-BH,0,0,0,,316045
0.025,SAFE-ALPHA,0,0.1875,3,1041,316045
0.025,Matched terminal weighted e-BH,0,0.125,2,1236.5,316045
0.05,SAFE-ALPHA,0,0.3125,5,925,316045
0.05,Matched terminal weighted e-BH,0,0.25,4,1221.5,316045
0.075,SAFE-ALPHA,0,0.375,6,856.833333333,316045
0.075,Matched terminal weighted e-BH,0,0.25,4,1221.5,316045
0.1,SAFE-ALPHA,0,0.5625,9,818.222222222,316045
0.1,Matched terminal weighted e-BH,0,0.25,4,1221.5,316045
0.125,SAFE-ALPHA,0,0.5625,9,806.555555556,316045
0.125,Matched terminal weighted e-BH,0,0.4375,7,1190.42857143,316045
0.15,SAFE-ALPHA,0,0.5625,9,791.555555556,316045
0.15,Matched terminal weighted e-BH,0,0.5,8,1184,316045
0.175,SAFE-ALPHA,0,0.5625,9,771.555555556,316045
0.175,Matched terminal weighted e-BH,0,0.5,8,1184,316045
0.2,SAFE-ALPHA,0,0.75,12,800.583333333,316045
0.2,Matched terminal weighted e-BH,0,0.5625,9,1167.33333333,316045
0.01,SAFE-ALPHA,0,0.9375,15,929.666666667,316046
0.01,Matched terminal weighted e-BH,0,0.75,12,1160.25,316046
0.025,SAFE-ALPHA,0,0.9375,15,835,316046
0.025,Matched terminal weighted e-BH,0,0.875,14,1154,316046
0.05,SAFE-ALPHA,0,1,16,766.8125,316046
0.05,Matched terminal weighted e-BH,0,1,16,1143.6875,316046
0.075,SAFE-ALPHA,0,1,16,726,316046
0.075,Matched terminal weighted e-BH,0,1,16,1143.6875,316046
0.1,SAFE-ALPHA,0,1,16,718.8125,316046
0.1,Matched terminal weighted e-BH,0,1,16,1143.6875,316046
0.125,SAFE-ALPHA,0,1,16,667.25,316046
0.125,Matched terminal weighted e-BH,0,1,16,1143.6875,316046
0.15,SAFE-ALPHA,0,1,16,623.8125,316046
0.15,Matched terminal weighted e-BH,0,1,16,1143.6875,316046
0.175,SAFE-ALPHA,0,1,16,606,316046
0.175,Matched terminal weighted e-BH,0,1,16,1143.6875,316046
0.2,SAFE-ALPHA,0,1,16,583.5,316046
0.2,Matched terminal weighted e-BH,0,1,16,1143.6875,316046
0.01,SAFE-ALPHA,0,0,0,,316047
0.01,Matched terminal weighted e-BH,0,0,0,,316047
0.025,SAFE-ALPHA,0,0.0625,1,1206,316047
0.025,Matched terminal weighted e-BH,0,0,0,,316047
0.05,SAFE-ALPHA,0,0.1875,3,1057.66666667,316047
0.05,Matched terminal weighted e-BH,0,0.0625,1,1244,316047
0.075,SAFE-ALPHA,0,0.1875,3,1024.33333333,316047
0.075,Matched terminal weighted e-BH,0,0.1875,3,1194,316047
0.1,SAFE-ALPHA,0,0.3125,5,997,316047
0.1,Matched terminal weighted e-BH,0,0.25,4,1187.75,316047
0.125,SAFE-ALPHA,0,0.3125,5,948,316047
0.125,Matched terminal weighted e-BH,0,0.3125,5,1175,316047
0.15,SAFE-ALPHA,0,0.3125,5,908,316047
0.15,Matched terminal weighted e-BH,0,0.3125,5,1175,316047
0.175,SAFE-ALPHA,0,0.375,6,946,316047
0.175,Matched terminal weighted e-BH,0,0.3125,5,1175,316047
0.2,SAFE-ALPHA,0,0.375,6,923.5,316047
0.2,Matched terminal weighted e-BH,0,0.3125,5,1175,316047
0.01,SAFE-ALPHA,0,0.8125,13,900.615384615,316048
0.01,Matched terminal weighted e-BH,0,0.5625,9,1185.66666667,316048
0.025,SAFE-ALPHA,0,0.875,14,808.857142857,316048
0.025,Matched terminal weighted e-BH,0,0.8125,13,1154,316048
0.05,SAFE-ALPHA,0,0.9375,15,757,316048
0.05,Matched terminal weighted e-BH,0,0.9375,15,1148,316048
0.075,SAFE-ALPHA,0,0.9375,15,716.666666667,316048
0.075,Matched terminal weighted e-BH,0,0.9375,15,1148,316048
0.1,SAFE-ALPHA,0,0.9375,15,638.666666667,316048
0.1,Matched terminal weighted e-BH,0,0.9375,15,1148,316048
0.125,SAFE-ALPHA,0,0.9375,15,620.666666667,316048
0.125,Matched terminal weighted e-BH,0,0.9375,15,1148,316048
0.15,SAFE-ALPHA,0,0.9375,15,585.666666667,316048
0.15,Matched terminal weighted e-BH,0,0.9375,15,1148,316048
0.175,SAFE-ALPHA,0,0.9375,15,563.666666667,316048
0.175,Matched terminal weighted e-BH,0,0.9375,15,1148,316048
0.2,SAFE-ALPHA,0,0.9375,15,552.666666667,316048
0.2,Matched terminal weighted e-BH,0,0.9375,15,1148,316048
0.01,SAFE-ALPHA,0,0.8125,13,840.615384615,316049
0.01,Matched terminal weighted e-BH,0,0.8125,13,1149.38461538,316049
0.025,SAFE-ALPHA,0,0.875,14,759.928571429,316049
0.025,Matched terminal weighted e-BH,0,0.875,14,1151.85714286,316049
0.05,SAFE-ALPHA,0,0.875,14,630.285714286,316049
0.05,Matched terminal weighted e-BH,0,0.875,14,1151.85714286,316049
0.075,SAFE-ALPHA,0,0.875,14,584.571428571,316049
0.075,Matched terminal weighted e-BH,0,0.875,14,1151.85714286,316049
0.1,SAFE-ALPHA,0,0.875,14,559.214285714,316049
0.1,Matched terminal weighted e-BH,0,0.875,14,1151.85714286,316049
0.125,SAFE-ALPHA,0,0.875,14,522.428571429,316049
0.125,Matched terminal weighted e-BH,0,0.875,14,1151.85714286,316049
0.15,SAFE-ALPHA,0,0.875,14,473.5,316049
0.15,Matched terminal weighted e-BH,0,0.875,14,1151.85714286,316049
0.175,SAFE-ALPHA,0,0.875,14,443.142857143,316049
0.175,Matched terminal weighted e-BH,0,0.875,14,1151.85714286,316049
0.2,SAFE-ALPHA,0,0.9375,15,468.2,316049
0.2,Matched terminal weighted e-BH,0,0.9375,15,1145,316049
0.01,SAFE-ALPHA,0,0.4375,7,943.857142857,316050
0.01,Matched terminal weighted e-BH,0,0.4375,7,1190.42857143,316050
0.025,SAFE-ALPHA,0,0.6875,11,856.909090909,316050
0.025,Matched terminal weighted e-BH,0,0.625,10,1157,316050
0.05,SAFE-ALPHA,0,0.75,12,779.75,316050
0.05,Matched terminal weighted e-BH,0,0.75,12,1147.75,316050
0.075,SAFE-ALPHA,0,0.8125,13,605.230769231,316050
0.075,Matched terminal weighted e-BH,0,0.75,12,1147.75,316050
0.1,SAFE-ALPHA,0,0.8125,13,576,316050
0.1,Matched terminal weighted e-BH,0,0.75,12,1147.75,316050
0.125,SAFE-ALPHA,0,0.8125,13,528.692307692,316050
0.125,Matched terminal weighted e-BH,0,0.75,12,1147.75,316050
0.15,SAFE-ALPHA,0,0.8125,13,522.923076923,316050
0.15,Matched terminal weighted e-BH,0,0.75,12,1147.75,316050
0.175,SAFE-ALPHA,0,0.9375,15,556.533333333,316050
0.175,Matched terminal weighted e-BH,0,0.875,14,1117.57142857,316050
0.2,SAFE-ALPHA,0,1,16,575.5625,316050
0.2,Matched terminal weighted e-BH,0,0.9375,15,1106,316050
0.01,SAFE-ALPHA,0,0.375,6,1037.66666667,316051
0.01,Matched terminal weighted e-BH,0,0.375,6,1219,316051
0.025,SAFE-ALPHA,0,0.5625,9,979.888888889,316051
0.025,Matched terminal weighted e-BH,0,0.5625,9,1199,316051
0.05,SAFE-ALPHA,0,0.625,10,873.5,316051
0.05,Matched terminal weighted e-BH,0,0.625,10,1191.5,316051
0.075,SAFE-ALPHA,0,0.6875,11,869.636363636,316051
0.075,Matched terminal weighted e-BH,0,0.6875,11,1182.63636364,316051
0.1,SAFE-ALPHA,0,0.6875,11,826,316051
0.1,Matched terminal weighted e-BH,0,0.6875,11,1182.63636364,316051
0.125,SAFE-ALPHA,0,0.6875,11,750.545454545,316051
0.125,Matched terminal weighted e-BH,0,0.6875,11,1182.63636364,316051
0.15,SAFE-ALPHA,0,0.6875,11,736.909090909,316051
0.15,Matched terminal weighted e-BH,0,0.6875,11,1182.63636364,316051
0.175,SAFE-ALPHA,0,0.6875,11,639.636363636,316051
0.175,Matched terminal weighted e-BH,0,0.6875,11,1182.63636364,316051
0.2,SAFE-ALPHA,0,0.75,12,654.75,316051
0.2,Matched terminal weighted e-BH,0,0.6875,11,1182.63636364,316051
0.01,SAFE-ALPHA,0,0.375,6,859.333333333,316052
0.01,Matched terminal weighted e-BH,0,0.375,6,1214,316052
0.025,SAFE-ALPHA,0,0.375,6,800.166666667,316052
0.025,Matched terminal weighted e-BH,0,0.375,6,1214,316052
0.05,SAFE-ALPHA,0,0.5,8,808.5,316052
0.05,Matched terminal weighted e-BH,0,0.375,6,1214,316052
0.075,SAFE-ALPHA,0,0.6875,11,835.090909091,316052
0.075,Matched terminal weighted e-BH,0,0.5625,9,1184,316052
0.1,SAFE-ALPHA,0,0.875,14,867.785714286,316052
0.1,Matched terminal weighted e-BH,0,0.8125,13,1164.38461538,316052
0.125,SAFE-ALPHA,0,0.875,14,815.285714286,316052
0.125,Matched terminal weighted e-BH,0,0.875,14,1161.5,316052
0.15,SAFE-ALPHA,0,0.875,14,780.285714286,316052
0.15,Matched terminal weighted e-BH,0,0.875,14,1161.5,316052
0.175,SAFE-ALPHA,0,0.875,14,723.5,316052
0.175,Matched terminal weighted e-BH,0,0.875,14,1161.5,316052
0.2,SAFE-ALPHA,0,0.875,14,707.785714286,316052
0.2,Matched terminal weighted e-BH,0,0.875,14,1161.5,316052
0.01,SAFE-ALPHA,0,0.3125,5,818,316053
0.01,Matched terminal weighted e-BH,0,0.3125,5,1217,316053
0.025,SAFE-ALPHA,0,0.3125,5,736,316053
0.025,Matched terminal weighted e-BH,0,0.3125,5,1217,316053
0.05,SAFE-ALPHA,0,0.3125,5,684,316053
0.05,Matched terminal weighted e-BH,0,0.3125,5,1217,316053
0.075,SAFE-ALPHA,0,0.375,6,572.666666667,316053
0.075,Matched terminal weighted e-BH,0,0.3125,5,1217,316053
0.1,SAFE-ALPHA,0,0.4375,7,583.857142857,316053
0.1,Matched terminal weighted e-BH,0,0.3125,5,1217,316053
0.125,SAFE-ALPHA,0,0.4375,7,452.428571429,316053
0.125,Matched terminal weighted e-BH,0,0.3125,5,1217,316053
0.15,SAFE-ALPHA,0,0.4375,7,447.428571429,316053
0.15,Matched terminal weighted e-BH,0,0.3125,5,1217,316053
0.175,SAFE-ALPHA,0,0.4375,7,439.571428571,316053
0.175,Matched terminal weighted e-BH,0,0.3125,5,1217,316053
0.2,SAFE-ALPHA,0,0.4375,7,401,316053
0.2,Matched terminal weighted e-BH,0,0.375,6,1209,316053
0.01,SAFE-ALPHA,0,0.25,4,1041,316054
0.01,Matched terminal weighted e-BH,0,0.1875,3,1199,316054
0.025,SAFE-ALPHA,0,0.375,6,1029.33333333,316054
0.025,Matched terminal weighted e-BH,0,0.375,6,1174,316054
0.05,SAFE-ALPHA,0,0.4375,7,974.571428571,316054
0.05,Matched terminal weighted e-BH,0,0.4375,7,1186.14285714,316054
0.075,SAFE-ALPHA,0,0.4375,7,931.714285714,316054
0.075,Matched terminal weighted e-BH,0,0.4375,7,1186.14285714,316054
0.1,SAFE-ALPHA,0,0.4375,7,924.571428571,316054
0.1,Matched terminal weighted e-BH,0,0.4375,7,1186.14285714,316054
0.125,SAFE-ALPHA,0,0.4375,7,913.142857143,316054
0.125,Matched terminal weighted e-BH,0,0.4375,7,1186.14285714,316054
0.15,SAFE-ALPHA,0,0.4375,7,889.571428571,316054
0.15,Matched terminal weighted e-BH,0,0.4375,7,1186.14285714,316054
0.175,SAFE-ALPHA,0,0.4375,7,875.285714286,316054
0.175,Matched terminal weighted e-BH,0,0.4375,7,1186.14285714,316054
0.2,SAFE-ALPHA,0,0.4375,7,559.571428571,316054
0.2,Matched terminal weighted e-BH,0,0.4375,7,1186.14285714,316054
0.01,SAFE-ALPHA,0,0.5625,9,677.666666667,316055
0.01,Matched terminal weighted e-BH,0,0.5625,9,1187.33333333,316055
0.025,SAFE-ALPHA,0,0.6875,11,635.090909091,316055
0.025,Matched terminal weighted e-BH,0,0.5625,9,1187.33333333,316055
0.05,SAFE-ALPHA,0,0.75,12,598.916666667,316055
0.05,Matched terminal weighted e-BH,0,0.6875,11,1164.90909091,316055
0.075,SAFE-ALPHA,0,0.75,12,550.583333333,316055
0.075,Matched terminal weighted e-BH,0,0.75,12,1160.25,316055
0.1,SAFE-ALPHA,0,0.8125,13,568.692307692,316055
0.1,Matched terminal weighted e-BH,0,0.8125,13,1155.15384615,316055
0.125,SAFE-ALPHA,0,0.8125,13,538.692307692,316055
0.125,Matched terminal weighted e-BH,0,0.8125,13,1155.15384615,316055
0.15,SAFE-ALPHA,0.0714285714286,0.8125,14,521.384615385,316055
0.15,Matched terminal weighted e-BH,0,0.8125,13,1155.15384615,316055
0.175,SAFE-ALPHA,0.0714285714286,0.8125,14,507.153846154,316055
0.175,Matched terminal weighted e-BH,0,0.8125,13,1155.15384615,316055
0.2,SAFE-ALPHA,0.0714285714286,0.8125,14,501,316055
0.2,Matched terminal weighted e-BH,0,0.8125,13,1155.15384615,316055
0.01,SAFE-ALPHA,0,0.125,2,391,316056
0.01,Matched terminal weighted e-BH,0,0.125,2,1244,316056
0.025,SAFE-ALPHA,0,0.25,4,426,316056
0.025,Matched terminal weighted e-BH,0,0.125,2,1244,316056
0.05,SAFE-ALPHA,0,0.4375,7,688.857142857,316056
0.05,Matched terminal weighted e-BH,0,0.1875,3,1234,316056
0.075,SAFE-ALPHA,0,0.4375,7,661.714285714,316056
0.075,Matched terminal weighted e-BH,0,0.375,6,1181.5,316056
0.1,SAFE-ALPHA,0,0.5,8,614.125,316056
0.1,Matched terminal weighted e-BH,0,0.375,6,1181.5,316056
0.125,SAFE-ALPHA,0,0.5625,9,586,316056
0.125,Matched terminal weighted e-BH,0,0.375,6,1181.5,316056
0.15,SAFE-ALPHA,0,0.625,10,621.5,316056
0.15,Matched terminal weighted e-BH,0,0.4375,7,1190.42857143,316056
0.175,SAFE-ALPHA,0,0.625,10,617,316056
0.175,Matched terminal weighted e-BH,0,0.4375,7,1190.42857143,316056
0.2,SAFE-ALPHA,0,0.6875,11,647.363636364,316056
0.2,Matched terminal weighted e-BH,0,0.5625,9,1175.66666667,316056
0.01,SAFE-ALPHA,0,0.5625,9,711.555555556,316057
0.01,Matched terminal weighted e-BH,0,0.5625,9,1195.66666667,316057
0.025,SAFE-ALPHA,0,0.6875,11,720.090909091,316057
0.025,Matched terminal weighted e-BH,0,0.6875,11,1175.81818182,316057
0.05,SAFE-ALPHA,0,0.8125,13,653.692307692,316057
0.05,Matched terminal weighted e-BH,0,0.75,12,1169,316057
0.075,SAFE-ALPHA,0,0.875,14,637.428571429,316057
0.075,Matched terminal weighted e-BH,0,0.875,14,1142.21428571,316057
0.1,SAFE-ALPHA,0,0.9375,15,597.533333333,316057
0.1,Matched terminal weighted e-BH,0,0.9375,15,1138,316057
0.125,SAFE-ALPHA,0,0.9375,15,570.333333333,316057
0.125,Matched terminal weighted e-BH,0,0.9375,15,1138,316057
0.15,SAFE-ALPHA,0,0.9375,15,536,316057
0.15,Matched terminal weighted e-BH,0,0.9375,15,1138,316057
0.175,SAFE-ALPHA,0,0.9375,15,494,316057
0.175,Matched terminal weighted e-BH,0,0.9375,15,1138,316057
0.2,SAFE-ALPHA,0,1,16,491.625,316057
0.2,Matched terminal weighted e-BH,0,1,16,1126.8125,316057
0.01,SAFE-ALPHA,0,0.25,4,737.25,316058
0.01,Matched terminal weighted e-BH,0,0.25,4,1221.5,316058
0.025,SAFE-ALPHA,0,0.3125,5,663,316058
0.025,Matched terminal weighted e-BH,0,0.3125,5,1217,316058
0.05,SAFE-ALPHA,0,0.5,8,817.875,316058
0.05,Matched terminal weighted e-BH,0,0.375,6,1209,316058
0.075,SAFE-ALPHA,0,0.5,8,679.75,316058
0.075,Matched terminal weighted e-BH,0,0.4375,7,1194.71428571,316058
0.1,SAFE-ALPHA,0,0.5625,9,553.777777778,316058
0.1,Matched terminal weighted e-BH,0,0.5,8,1182.125,316058
0.125,SAFE-ALPHA,0,0.5625,9,513.222222222,316058
0.125,Matched terminal weighted e-BH,0,0.5625,9,1189,316058
0.15,SAFE-ALPHA,0,0.5625,9,486,316058
0.15,Matched terminal weighted e-BH,0,0.5625,9,1189,316058
0.175,SAFE-ALPHA,0,0.5625,9,474.888888889,316058
0.175,Matched terminal weighted e-BH,0,0.5625,9,1189,316058
0.2,SAFE-ALPHA,0,0.625,10,525.5,316058
0.2,Matched terminal weighted e-BH,0,0.625,10,1172,316058
0.01,SAFE-ALPHA,0,0.0625,1,581,316059
0.01,Matched terminal weighted e-BH,0,0.0625,1,1259,316059
0.025,SAFE-ALPHA,0,0.125,2,706,316059
0.025,Matched terminal weighted e-BH,0,0.125,2,1236.5,316059
0.05,SAFE-ALPHA,0,0.125,2,673.5,316059
0.05,Matched terminal weighted e-BH,0,0.125,2,1236.5,316059
0.075,SAFE-ALPHA,0,0.25,4,752.25,316059
0.075,Matched terminal weighted e-BH,0,0.125,2,1236.5,316059
0.1,SAFE-ALPHA,0,0.4375,7,909.571428571,316059
0.1,Matched terminal weighted e-BH,0,0.1875,3,1214,316059
0.125,SAFE-ALPHA,0,0.4375,7,859.571428571,316059
0.125,Matched terminal weighted e-BH,0,0.1875,3,1214,316059
0.15,SAFE-ALPHA,0,0.4375,7,789.571428571,316059
0.15,Matched terminal weighted e-BH,0,0.4375,7,1188.28571429,316059
0.175,SAFE-ALPHA,0,0.5,8,814.125,316059
0.175,Matched terminal weighted e-BH,0,0.4375,7,1188.28571429,316059
0.2,SAFE-ALPHA,0,0.5,8,805.375,316059
0.2,Matched terminal weighted e-BH,0,0.4375,7,1188.28571429,316059
0.01,SAFE-ALPHA,0,0.8125,13,495.615384615,316060
0.01,Matched terminal weighted e-BH,0,0.5,8,1189.625,316060
0.025,SAFE-ALPHA,0,0.875,14,436.714285714,316060
0.025,Matched terminal weighted e-BH,0,0.5625,9,1184,316060
0.05,SAFE-ALPHA,0,0.9375,15,421.666666667,316060
0.05,Matched terminal weighted e-BH,0,0.625,10,1175,316060
0.075,SAFE-ALPHA,0,0.9375,15,383.666666667,316060
0.075,Matched terminal weighted e-BH,0,0.625,10,1175,316060
0.1,SAFE-ALPHA,0,0.9375,15,372,316060
0.1,Matched terminal weighted e-BH,0,0.6875,11,1163.54545455,316060
0.125,SAFE-ALPHA,0,0.9375,15,348,316060
0.125,Matched terminal weighted e-BH,0,0.75,12,1151.5,316060
0.15,SAFE-ALPHA,0,0.9375,15,326,316060
0.15,Matched terminal weighted e-BH,0,0.875,14,1156.14285714,316060
0.175,SAFE-ALPHA,0,0.9375,15,319.666666667,316060
0.175,Matched terminal weighted e-BH,0,0.9375,15,1150,316060
0.2,SAFE-ALPHA,0,0.9375,15,308,316060
0.2,Matched terminal weighted e-BH,0,0.9375,15,1150,316060
0.01,SAFE-ALPHA,0,0.375,6,682.666666667,316061
0.01,Matched terminal weighted e-BH,0,0.25,4,1206.5,316061
0.025,SAFE-ALPHA,0,0.4375,7,698.857142857,316061
0.025,Matched terminal weighted e-BH,0,0.375,6,1206.5,316061
0.05,SAFE-ALPHA,0,0.5625,9,647.666666667,316061
0.05,Matched terminal weighted e-BH,0,0.5,8,1191.5,316061
0.075,SAFE-ALPHA,0,0.625,10,545,316061
0.075,Matched terminal weighted e-BH,0,0.5625,9,1199,316061
0.1,SAFE-ALPHA,0,0.6875,11,576.909090909,316061
0.1,Matched terminal weighted e-BH,0,0.625,10,1187,316061
0.125,SAFE-ALPHA,0,0.6875,11,551.909090909,316061
0.125,Matched terminal weighted e-BH,0,0.625,10,1187,316061
0.15,SAFE-ALPHA,0,0.75,12,556.833333333,316061
0.15,Matched terminal weighted e-BH,0,0.6875,11,1173.09090909,316061
0.175,SAFE-ALPHA,0,0.75,12,525.583333333,316061
0.175,Matched terminal weighted e-BH,0,0.75,12,1167.75,316061
0.2,SAFE-ALPHA,0,0.8125,13,546.769230769,316061
0.2,Matched terminal weighted e-BH,0,0.75,12,1167.75,316061
0.01,SAFE-ALPHA,0,0.25,4,976,316062
0.01,Matched terminal weighted e-BH,0,0.125,2,1244,316062
0.025,SAFE-ALPHA,0,0.3125,5,816,316062
0.025,Matched terminal weighted e-BH,0,0.125,2,1244,316062
0.05,SAFE-ALPHA,0,0.5,8,856,316062
0.05,Matched terminal weighted e-BH,0,0.1875,3,1229,316062
0.075,SAFE-ALPHA,0,0.5,8,829.75,316062
0.075,Matched terminal weighted e-BH,0,0.1875,3,1229,316062
0.1,SAFE-ALPHA,0,0.5,8,805.375,316062
0.1,Matched terminal weighted e-BH,0,0.1875,3,1229,316062
0.125,SAFE-ALPHA,0,0.5,8,790.375,316062
0.125,Matched terminal weighted e-BH,0,0.25,4,1184,316062
0.15,SAFE-ALPHA,0,0.5,8,712.875,316062
0.15,Matched terminal weighted e-BH,0,0.25,4,1184,316062
0.175,SAFE-ALPHA,0,0.5625,9,719.888888889,316062
0.175,Matched terminal weighted e-BH,0,0.3125,5,1196,316062
0.2,SAFE-ALPHA,0,0.5625,9,698.777777778,316062
0.2,Matched terminal weighted e-BH,0,0.3125,5,1196,316062
0.01,SAFE-ALPHA,0,0,0,,316063
0.01,Matched terminal weighted e-BH,0,0,0,,316063
0.025,SAFE-ALPHA,0,0,0,,316063
0.025,Matched terminal weighted e-BH,0,0,0,,316063
0.05,SAFE-ALPHA,0,0.125,2,1186,316063
0.05,Matched terminal weighted e-BH,0,0.125,2,1199,316063
0.075,SAFE-ALPHA,0,0.125,2,1121,316063
0.075,Matched terminal weighted e-BH,0,0.125,2,1199,316063
0.1,SAFE-ALPHA,0,0.3125,5,1024,316063
0.1,Matched terminal weighted e-BH,0,0.125,2,1199,316063
0.125,SAFE-ALPHA,0,0.3125,5,1015,316063
0.125,Matched terminal weighted e-BH,0,0.125,2,1199,316063
0.15,SAFE-ALPHA,0,0.3125,5,914,316063
0.15,Matched terminal weighted e-BH,0,0.125,2,1199,316063
0.175,SAFE-ALPHA,0,0.3125,5,885,316063
0.175,Matched terminal weighted e-BH,0,0.3125,5,1223,316063
0.2,SAFE-ALPHA,0,0.3125,5,855,316063
0.2,Matched terminal weighted e-BH,0,0.3125,5,1223,316063
0.01,SAFE-ALPHA,0,0.625,10,1030,316064
0.01,Matched terminal weighted e-BH,0,0.5,8,1174.625,316064
0.025,SAFE-ALPHA,0,0.6875,11,878.272727273,316064
0.025,Matched terminal weighted e-BH,0,0.5625,9,1165.66666667,316064
0.05,SAFE-ALPHA,0,0.8125,13,828.692307692,316064
0.05,Matched terminal weighted e-BH,0,0.75,12,1167.75,316064
0.075,SAFE-ALPHA,0,0.9375,15,820.333333333,316064
0.075,Matched terminal weighted e-BH,0,0.9375,15,1147,316064
0.1,SAFE-ALPHA,0,0.9375,15,796,316064
0.1,Matched terminal weighted e-BH,0,0.9375,15,1147,316064
0.125,SAFE-ALPHA,0,0.9375,15,779,316064
0.125,Matched terminal weighted e-BH,0,0.9375,15,1147,316064
0.15,SAFE-ALPHA,0,0.9375,15,757.666666667,316064
0.15,Matched terminal weighted e-BH,0,0.9375,15,1147,316064
0.175,SAFE-ALPHA,0,0.9375,15,742.333333333,316064
0.175,Matched terminal weighted e-BH,0,0.9375,15,1147,316064
0.2,SAFE-ALPHA,0,0.9375,15,736.333333333,316064
0.2,Matched terminal weighted e-BH,0,0.9375,15,1147,316064
0.01,SAFE-ALPHA,0,0.3125,5,625,316065
0.01,Matched terminal weighted e-BH,0,0.25,4,1229,316065
0.025,SAFE-ALPHA,0,0.375,6,584.333333333,316065
0.025,Matched terminal weighted e-BH,0,0.375,6,1209,316065
0.05,SAFE-ALPHA,0,0.4375,7,391.714285714,316065
0.05,Matched terminal weighted e-BH,0,0.375,6,1209,316065
0.075,SAFE-ALPHA,0,0.5,8,451.625,316065
0.075,Matched terminal weighted e-BH,0,0.375,6,1209,316065
0.1,SAFE-ALPHA,0,0.5,8,438.5,316065
0.1,Matched terminal weighted e-BH,0,0.375,6,1209,316065
0.125,SAFE-ALPHA,0,0.5,8,434.125,316065
0.125,Matched terminal weighted e-BH,0,0.4375,7,1203.28571429,316065
0.15,SAFE-ALPHA,0,0.625,10,286.5,316065
0.15,Matched terminal weighted e-BH,0,0.5,8,1202.75,316065
0.175,SAFE-ALPHA,0,0.75,12,369.166666667,316065
0.175,Matched terminal weighted e-BH,0,0.5,8,1202.75,316065
0.2,SAFE-ALPHA,0,0.8125,13,404.076923077,316065
0.2,Matched terminal weighted e-BH,0,0.5,8,1202.75,316065
0.01,SAFE-ALPHA,0,0.5,8,486,316066
0.01,Matched terminal weighted e-BH,0,0.1875,3,1204,316066
0.025,SAFE-ALPHA,0,0.5625,9,456,316066
0.025,Matched terminal weighted e-BH,0,0.1875,3,1204,316066
0.05,SAFE-ALPHA,0,0.625,10,470.5,316066
0.05,Matched terminal weighted e-BH,0,0.25,4,1180.25,316066
0.075,SAFE-ALPHA,0,0.625,10,437,316066
0.075,Matched terminal weighted e-BH,0,0.5,8,1170.875,316066
0.1,SAFE-ALPHA,0,0.6875,11,372.363636364,316066
0.1,Matched terminal weighted e-BH,0,0.5,8,1170.875,316066
0.125,SAFE-ALPHA,0,0.75,12,361,316066
0.125,Matched terminal weighted e-BH,0,0.5,8,1170.875,316066
0.15,SAFE-ALPHA,0,0.8125,13,362.153846154,316066
0.15,Matched terminal weighted e-BH,0,0.5,8,1170.875,316066
0.175,SAFE-ALPHA,0,0.875,14,395.285714286,316066
0.175,Matched terminal weighted e-BH,0,0.8125,13,1151.69230769,316066
0.2,SAFE-ALPHA,0,0.875,14,389.928571429,316066
0.2,Matched terminal weighted e-BH,0,0.8125,13,1151.69230769,316066
0.01,SAFE-ALPHA,0,0.5625,9,709.333333333,316067
0.01,Matched terminal weighted e-BH,0,0.1875,3,1194,316067
0.025,SAFE-ALPHA,0,0.625,10,545.5,316067
0.025,Matched terminal weighted e-BH,0,0.1875,3,1194,316067
0.05,SAFE-ALPHA,0,0.625,10,449.5,316067
0.05,Matched terminal weighted e-BH,0,0.5625,9,1190.66666667,316067
0.075,SAFE-ALPHA,0,0.6875,11,456,316067
0.075,Matched terminal weighted e-BH,0,0.5625,9,1190.66666667,316067
0.1,SAFE-ALPHA,0,0.6875,11,424.181818182,316067
0.1,Matched terminal weighted e-BH,0,0.625,10,1178,316067
0.125,SAFE-ALPHA,0,0.75,12,401,316067
0.125,Matched terminal weighted e-BH,0,0.625,10,1178,316067
0.15,SAFE-ALPHA,0,0.75,12,337.25,316067
0.15,Matched terminal weighted e-BH,0,0.625,10,1178,316067
0.175,SAFE-ALPHA,0,0.8125,13,370.230769231,316067
0.175,Matched terminal weighted e-BH,0,0.625,10,1178,316067
0.2,SAFE-ALPHA,0,0.8125,13,347.538461538,316067
0.2,Matched terminal weighted e-BH,0,0.625,10,1178,316067
0.01,SAFE-ALPHA,0,0.3125,5,915,316068
0.01,Matched terminal weighted e-BH,0,0.3125,5,1229,316068
0.025,SAFE-ALPHA,0,0.5,8,931,316068
0.025,Matched terminal weighted e-BH,0,0.5,8,1204.625,316068
0.05,SAFE-ALPHA,0,0.5,8,852.875,316068
0.05,Matched terminal weighted e-BH,0,0.5,8,1204.625,316068
0.075,SAFE-ALPHA,0,0.5,8,835.375,316068
0.075,Matched terminal weighted e-BH,0,0.5,8,1204.625,316068
0.1,SAFE-ALPHA,0,0.5625,9,848.222222222,316068
0.1,Matched terminal weighted e-BH,0,0.5625,9,1195.66666667,316068
0.125,SAFE-ALPHA,0,0.5625,9,796.555555556,316068
0.125,Matched terminal weighted e-BH,0,0.5625,9,1195.66666667,316068
0.15,SAFE-ALPHA,0,0.625,10,798.8,316068
0.15,Matched terminal weighted e-BH,0,0.625,10,1172,316068
0.175,SAFE-ALPHA,0,0.6875,11,757.181818182,316068
0.175,Matched terminal weighted e-BH,0,0.6875,11,1164.90909091,316068
0.2,SAFE-ALPHA,0,0.6875,11,740.545454545,316068
0.2,Matched terminal weighted e-BH,0,0.6875,11,1164.90909091,316068
0.01,SAFE-ALPHA,0,0.3125,5,892,316069
0.01,Matched terminal weighted e-BH,0,0.3125,5,1202,316069
0.025,SAFE-ALPHA,0,0.5625,9,829.333333333,316069
0.025,Matched terminal weighted e-BH,0,0.5,8,1184,316069
0.05,SAFE-ALPHA,0,0.6875,11,794.636363636,316069
0.05,Matched terminal weighted e-BH,0,0.5,8,1184,316069
0.075,SAFE-ALPHA,0,0.6875,11,703.272727273,316069
0.075,Matched terminal weighted e-BH,0,0.625,10,1179.5,316069
0.1,SAFE-ALPHA,0,0.75,12,711,316069
0.1,Matched terminal weighted e-BH,0,0.6875,11,1179.90909091,316069
0.125,SAFE-ALPHA,0,0.75,12,693.5,316069
0.125,Matched terminal weighted e-BH,0,0.75,12,1175.25,316069
0.15,SAFE-ALPHA,0,0.8125,13,671.384615385,316069
0.15,Matched terminal weighted e-BH,0,0.75,12,1175.25,316069
0.175,SAFE-ALPHA,0,0.8125,13,645.230769231,316069
0.175,Matched terminal weighted e-BH,0,0.8125,13,1169,316069
0.2,SAFE-ALPHA,0,0.8125,13,637.923076923,316069
0.2,Matched terminal weighted e-BH,0,0.8125,13,1169,316069
0.01,SAFE-ALPHA,0,0.75,12,748.916666667,316070
0.01,Matched terminal weighted e-BH,0,0.6875,11,1166.27272727,316070
0.025,SAFE-ALPHA,0,0.8125,13,684.461538462,316070
0.025,Matched terminal weighted e-BH,0,0.8125,13,1159.76923077,316070
0.05,SAFE-ALPHA,0,0.875,14,597.785714286,316070
0.05,Matched terminal weighted e-BH,0,0.8125,13,1159.76923077,316070
0.075,SAFE-ALPHA,0,0.9375,15,533,316070
0.075,Matched terminal weighted e-BH,0,0.875,14,1143.28571429,316070
0.1,SAFE-ALPHA,0,1,16,514.4375,316070
0.1,Matched terminal weighted e-BH,0,0.875,14,1143.28571429,316070
0.125,SAFE-ALPHA,0,1,16,496,316070
0.125,Matched terminal weighted e-BH,0,0.875,14,1143.28571429,316070
0.15,SAFE-ALPHA,0,1,16,484.4375,316070
0.15,Matched terminal weighted e-BH,0,0.9375,15,1141,316070
0.175,SAFE-ALPHA,0,1,16,457.25,316070
0.175,Matched terminal weighted e-BH,0,0.9375,15,1141,316070
0.2,SAFE-ALPHA,0,1,16,450.375,316070
0.2,Matched terminal weighted e-BH,0,0.9375,15,1141,316070
0.01,SAFE-ALPHA,0,0.625,10,598.5,316071
0.01,Matched terminal weighted e-BH,0,0.4375,7,1186.14285714,316071
0.025,SAFE-ALPHA,0,0.6875,11,503.727272727,316071
0.025,Matched terminal weighted e-BH,0,0.625,10,1188.5,316071
0.05,SAFE-ALPHA,0,0.6875,11,421.909090909,316071
0.05,Matched terminal weighted e-BH,0,0.6875,11,1181.27272727,316071
0.075,SAFE-ALPHA,0,0.75,12,433.5,316071
0.075,Matched terminal weighted e-BH,0,0.6875,11,1181.27272727,316071
0.1,SAFE-ALPHA,0,0.8125,13,454.461538462,316071
0.1,Matched terminal weighted e-BH,0,0.75,12,1170.25,316071
0.125,SAFE-ALPHA,0,0.8125,13,361.769230769,316071
0.125,Matched terminal weighted e-BH,0,0.8125,13,1163.23076923,316071
0.15,SAFE-ALPHA,0,0.8125,13,326,316071
0.15,Matched terminal weighted e-BH,0,0.8125,13,1163.23076923,316071
0.175,SAFE-ALPHA,0,0.8125,13,322.923076923,316071
0.175,Matched terminal weighted e-BH,0,0.8125,13,1163.23076923,316071
0.2,SAFE-ALPHA,0,0.8125,13,306.384615385,316071
0.2,Matched terminal weighted e-BH,0,0.8125,13,1163.23076923,316071
0.01,SAFE-ALPHA,0,0.25,4,1151,316072
0.01,Matched terminal weighted e-BH,0,0.125,2,1221.5,316072
0.025,SAFE-ALPHA,0,0.375,6,851.833333333,316072
0.025,Matched terminal weighted e-BH,0,0.375,6,1196.5,316072
0.05,SAFE-ALPHA,0,0.5625,9,793,316072
0.05,Matched terminal weighted e-BH,0,0.5625,9,1187.33333333,316072
0.075,SAFE-ALPHA,0,0.5625,9,727.666666667,316072
0.075,Matched terminal weighted e-BH,0,0.5625,9,1187.33333333,316072
0.1,SAFE-ALPHA,0,0.625,10,537,316072
0.1,Matched terminal weighted e-BH,0,0.5625,9,1187.33333333,316072
0.125,SAFE-ALPHA,0,0.625,10,524,316072
0.125,Matched terminal weighted e-BH,0,0.5625,9,1187.33333333,316072
0.15,SAFE-ALPHA,0,0.75,12,528.916666667,316072
0.15,Matched terminal weighted e-BH,0,0.5625,9,1187.33333333,316072
0.175,SAFE-ALPHA,0,0.75,12,523.083333333,316072
0.175,Matched terminal weighted e-BH,0,0.5625,9,1187.33333333,316072
0.2,SAFE-ALPHA,0,0.75,12,509.333333333,316072
0.2,Matched terminal weighted e-BH,0,0.625,10,1178,316072
0.01,SAFE-ALPHA,0,0.375,6,832.666666667,316073
0.01,Matched terminal weighted e-BH,0,0.1875,3,1199,316073
0.025,SAFE-ALPHA,0,0.375,6,765.166666667,316073
0.025,Matched terminal weighted e-BH,0,0.25,4,1187.75,316073
0.05,SAFE-ALPHA,0,0.375,6,653.5,316073
0.05,Matched terminal weighted e-BH,0,0.25,4,1187.75,316073
0.075,SAFE-ALPHA,0,0.375,6,636,316073
0.075,Matched terminal weighted e-BH,0,0.375,6,1204,316073
0.1,SAFE-ALPHA,0,0.375,6,592.666666667,316073
0.1,Matched terminal weighted e-BH,0,0.375,6,1204,316073
0.125,SAFE-ALPHA,0,0.375,6,575.166666667,316073
0.125,Matched terminal weighted e-BH,0,0.375,6,1204,316073
0.15,SAFE-ALPHA,0,0.5,8,643.875,316073
0.15,Matched terminal weighted e-BH,0,0.4375,7,1209.71428571,316073
0.175,SAFE-ALPHA,0,0.5,8,586.625,316073
0.175,Matched terminal weighted e-BH,0,0.4375,7,1209.71428571,316073
0.2,SAFE-ALPHA,0,0.5,8,577.25,316073
0.2,Matched terminal weighted e-BH,0,0.4375,7,1209.71428571,316073
0.01,SAFE-ALPHA,0,0.8125,13,436.384615385,316074
0.01,Matched terminal weighted e-BH,0,0.75,12,1169,316074
0.025,SAFE-ALPHA,0,0.875,14,423.857142857,316074
0.025,Matched terminal weighted e-BH,0,0.8125,13,1160.92307692,316074
0.05,SAFE-ALPHA,0,0.875,14,378.142857143,316074
0.05,Matched terminal weighted e-BH,0,0.875,14,1161.5,316074
0.075,SAFE-ALPHA,0,0.875,14,358.5,316074
0.075,Matched terminal weighted e-BH,0,0.875,14,1161.5,316074
0.1,SAFE-ALPHA,0,0.875,14,331.357142857,316074
0.1,Matched terminal weighted e-BH,0,0.875,14,1161.5,316074
0.125,SAFE-ALPHA,0,0.9375,15,357,316074
0.125,Matched terminal weighted e-BH,0,0.9375,15,1150,316074
0.15,SAFE-ALPHA,0,0.9375,15,329,316074
0.15,Matched terminal weighted e-BH,0,0.9375,15,1150,316074
0.175,SAFE-ALPHA,0,0.9375,15,302.333333333,316074
0.175,Matched terminal weighted e-BH,0,0.9375,15,1150,316074
0.2,SAFE-ALPHA,0,1,16,331.5,316074
0.2,Matched terminal weighted e-BH,0,1,16,1140.875,316074
0.01,SAFE-ALPHA,0,0.4375,7,800.285714286,316075
0.01,Matched terminal weighted e-BH,0,0.1875,3,1244,316075
0.025,SAFE-ALPHA,0,0.625,10,825,316075
0.025,Matched terminal weighted e-BH,0,0.4375,7,1205.42857143,316075
0.05,SAFE-ALPHA,0,0.75,12,753.916666667,316075
0.05,Matched terminal weighted e-BH,0,0.625,10,1173.5,316075
0.075,SAFE-ALPHA,0,0.75,12,711.416666667,316075
0.075,Matched terminal weighted e-BH,0,0.625,10,1173.5,316075
0.1,SAFE-ALPHA,0,0.8125,13,699.461538462,316075
0.1,Matched terminal weighted e-BH,0,0.625,10,1173.5,316075
0.125,SAFE-ALPHA,0,0.875,14,650.642857143,316075
0.125,Matched terminal weighted e-BH,0,0.625,10,1173.5,316075
0.15,SAFE-ALPHA,0,0.875,14,601,316075
0.15,Matched terminal weighted e-BH,0,0.625,10,1173.5,316075
0.175,SAFE-ALPHA,0,0.875,14,583.142857143,316075
0.175,Matched terminal weighted e-BH,0,0.6875,11,1173.09090909,316075
0.2,SAFE-ALPHA,0,0.875,14,578.142857143,316075
0.2,Matched terminal weighted e-BH,0,0.6875,11,1173.09090909,316075
0.01,SAFE-ALPHA,0,0.125,2,368.5,316076
0.01,Matched terminal weighted e-BH,0,0.125,2,1251.5,316076
0.025,SAFE-ALPHA,0,0.1875,3,582.666666667,316076
0.025,Matched terminal weighted e-BH,0,0.125,2,1251.5,316076
0.05,SAFE-ALPHA,0,0.1875,3,527.666666667,316076
0.05,Matched terminal weighted e-BH,0,0.1875,3,1209,316076
0.075,SAFE-ALPHA,0,0.1875,3,486,316076
0.075,Matched terminal weighted e-BH,0,0.1875,3,1209,316076
0.1,SAFE-ALPHA,0,0.375,6,606,316076
0.1,Matched terminal weighted e-BH,0,0.1875,3,1209,316076
0.125,SAFE-ALPHA,0,0.5,8,534.75,316076
0.125,Matched terminal weighted e-BH,0,0.1875,3,1209,316076
0.15,SAFE-ALPHA,0,0.5,8,526,316076
0.15,Matched terminal weighted e-BH,0,0.25,4,1195.25,316076
0.175,SAFE-ALPHA,0,0.625,10,554,316076
0.175,Matched terminal weighted e-BH,0,0.25,4,1195.25,316076
0.2,SAFE-ALPHA,0,0.625,10,515,316076
0.2,Matched terminal weighted e-BH,0,0.375,6,1181.5,316076
0.01,SAFE-ALPHA,0,0.3125,5,777,316077
0.01,Matched terminal weighted e-BH,0,0.1875,3,1244,316077
0.025,SAFE-ALPHA,0,0.5,8,657.875,316077
0.025,Matched terminal weighted e-BH,0,0.5,8,1176.5,316077
0.05,SAFE-ALPHA,0,0.6875,11,510.090909091,316077
0.05,Matched terminal weighted e-BH,0,0.6875,11,1148.54545455,316077
0.075,SAFE-ALPHA,0,0.8125,13,533.692307692,316077
0.075,Matched terminal weighted e-BH,0,0.6875,11,1148.54545455,316077
0.1,SAFE-ALPHA,0,0.875,14,509.571428571,316077
0.1,Matched terminal weighted e-BH,0,0.6875,11,1148.54545455,316077
0.125,SAFE-ALPHA,0,0.9375,15,506.666666667,316077
0.125,Matched terminal weighted e-BH,0,0.6875,11,1148.54545455,316077
0.15,SAFE-ALPHA,0,1,16,497.875,316077
0.15,Matched terminal weighted e-BH,0,0.8125,13,1140.15384615,316077
0.175,SAFE-ALPHA,0,1,16,474.75,316077
0.175,Matched terminal weighted e-BH,0,1,16,1129.625,316077
0.2,SAFE-ALPHA,0,1,16,448.8125,316077
0.2,Matched terminal weighted e-BH,0,1,16,1129.625,316077
0.01,SAFE-ALPHA,0,0.125,2,753.5,316078
0.01,Matched terminal weighted e-BH,0,0.0625,1,1259,316078
0.025,SAFE-ALPHA,0,0.1875,3,791,316078
0.025,Matched terminal weighted e-BH,0,0.1875,3,1239,316078
0.05,SAFE-ALPHA,0,0.1875,3,646,316078
0.05,Matched terminal weighted e-BH,0,0.1875,3,1239,316078
0.075,SAFE-ALPHA,0,0.25,4,733.5,316078
0.075,Matched terminal weighted e-BH,0,0.1875,3,1239,316078
0.1,SAFE-ALPHA,0,0.5,8,791.625,316078
0.1,Matched terminal weighted e-BH,0,0.4375,7,1179.71428571,316078
0.125,SAFE-ALPHA,0,0.5,8,695.375,316078
0.125,Matched terminal weighted e-BH,0,0.4375,7,1179.71428571,316078
0.15,SAFE-ALPHA,0,0.5625,9,697.111111111,316078
0.15,Matched terminal weighted e-BH,0,0.5,8,1170.875,316078
0.175,SAFE-ALPHA,0,0.625,10,721.5,316078
0.175,Matched terminal weighted e-BH,0,0.5,8,1170.875,316078
0.2,SAFE-ALPHA,0,0.625,10,695,316078
0.2,Matched terminal weighted e-BH,0,0.5,8,1170.875,316078
0.01,SAFE-ALPHA,0,0,0,,316079
0.01,Matched terminal weighted e-BH,0,0,0,,316079
0.025,SAFE-ALPHA,0,0,0,,316079
0.025,Matched terminal weighted e-BH,0,0,0,,316079
0.05,SAFE-ALPHA,0,0.0625,1,931,316079
0.05,Matched terminal weighted e-BH,0,0,0,,316079
0.075,SAFE-ALPHA,0,0.0625,1,911,316079
0.075,Matched terminal weighted e-BH,0,0,0,,316079
0.1,SAFE-ALPHA,0,0.0625,1,911,316079
0.1,Matched terminal weighted e-BH,0,0,0,,316079
0.125,SAFE-ALPHA,0,0.125,2,443.5,316079
0.125,Matched terminal weighted e-BH,0,0,0,,316079
0.15,SAFE-ALPHA,0,0.125,2,278.5,316079
0.15,Matched terminal weighted e-BH,0,0,0,,316079
0.175,SAFE-ALPHA,0,0.1875,3,299.333333333,316079
0.175,Matched terminal weighted e-BH,0,0,0,,316079
0.2,SAFE-ALPHA,0,0.1875,3,299.333333333,316079
0.2,Matched terminal weighted e-BH,0,0,0,,316079
0.01,SAFE-ALPHA,0,0.25,4,1064.75,316080
0.01,Matched terminal weighted e-BH,0,0.25,4,1187.75,316080
0.025,SAFE-ALPHA,0,0.3125,5,1035,316080
0.025,Matched terminal weighted e-BH,0,0.25,4,1187.75,316080
0.05,SAFE-ALPHA,0,0.375,6,1012.66666667,316080
0.05,Matched terminal weighted e-BH,0,0.375,6,1156.5,316080
0.075,SAFE-ALPHA,0,0.5,8,949.125,316080
0.075,Matched terminal weighted e-BH,0,0.4375,7,1147.57142857,316080
0.1,SAFE-ALPHA,0,0.5,8,925.375,316080
0.1,Matched terminal weighted e-BH,0,0.5,8,1135.25,316080
0.125,SAFE-ALPHA,0,0.5,8,896,316080
0.125,Matched terminal weighted e-BH,0,0.5,8,1135.25,316080
0.15,SAFE-ALPHA,0,0.5,8,888.5,316080
0.15,Matched terminal weighted e-BH,0,0.5,8,1135.25,316080
0.175,SAFE-ALPHA,0,0.5,8,882.25,316080
0.175,Matched terminal weighted e-BH,0,0.5,8,1135.25,316080
0.2,SAFE-ALPHA,0,0.5,8,881,316080
0.2,Matched terminal weighted e-BH,0,0.5,8,1135.25,316080
0.01,SAFE-ALPHA,0,0.5625,9,847.111111111,316081
0.01,Matched terminal weighted e-BH,0,0.5625,9,1180.66666667,316081
0.025,SAFE-ALPHA,0,0.5625,9,673.777777778,316081
0.025,Matched terminal weighted e-BH,0,0.5625,9,1180.66666667,316081
0.05,SAFE-ALPHA,0,0.6875,11,669,316081
0.05,Matched terminal weighted e-BH,0,0.6875,11,1177.18181818,316081
0.075,SAFE-ALPHA,0,0.8125,13,594.461538462,316081
0.075,Matched terminal weighted e-BH,0,0.8125,13,1149.38461538,316081
0.1,SAFE-ALPHA,0,0.875,14,614.928571429,316081
0.1,Matched terminal weighted e-BH,0,0.875,14,1150.78571429,316081
0.125,SAFE-ALPHA,0,0.875,14,597.071428571,316081
0.125,Matched terminal weighted e-BH,0,0.875,14,1150.78571429,316081
0.15,SAFE-ALPHA,0,0.875,14,582.071428571,316081
0.15,Matched terminal weighted e-BH,0,0.875,14,1150.78571429,316081
0.175,SAFE-ALPHA,0,0.875,14,564.928571429,316081
0.175,Matched terminal weighted e-BH,0,0.875,14,1150.78571429,316081
0.2,SAFE-ALPHA,0,0.875,14,554.928571429,316081
0.2,Matched terminal weighted e-BH,0,0.875,14,1150.78571429,316081
0.01,SAFE-ALPHA,0,0.1875,3,952.666666667,316082
0.01,Matched terminal weighted e-BH,0,0,0,,316082
0.025,SAFE-ALPHA,0,0.25,4,879.75,316082
0.025,Matched terminal weighted e-BH,0,0.1875,3,1184,316082
0.05,SAFE-ALPHA,0,0.4375,7,883.142857143,316082
0.05,Matched terminal weighted e-BH,0,0.1875,3,1184,316082
0.075,SAFE-ALPHA,0,0.4375,7,821.714285714,316082
0.075,Matched terminal weighted e-BH,0,0.1875,3,1184,316082
0.1,SAFE-ALPHA,0,0.625,10,845,316082
0.1,Matched terminal weighted e-BH,0,0.1875,3,1184,316082
0.125,SAFE-ALPHA,0,0.625,10,793.5,316082
0.125,Matched terminal weighted e-BH,0,0.1875,3,1184,316082
0.15,SAFE-ALPHA,0,0.6875,11,766.454545455,316082
0.15,Matched terminal weighted e-BH,0,0.1875,3,1184,316082
0.175,SAFE-ALPHA,0,0.6875,11,744.636363636,316082
0.175,Matched terminal weighted e-BH,0,0.1875,3,1184,316082
0.2,SAFE-ALPHA,0,0.6875,11,722.363636364,316082
0.2,Matched terminal weighted e-BH,0,0.1875,3,1184,316082
0.01,SAFE-ALPHA,0,0.4375,7,966,316083
0.01,Matched terminal weighted e-BH,0,0.4375,7,1196.85714286,316083
0.025,SAFE-ALPHA,0,0.5,8,884.75,316083
0.025,Matched terminal weighted e-BH,0,0.5,8,1191.5,316083
0.05,SAFE-ALPHA,0,0.6875,11,867.818181818,316083
0.05,Matched terminal weighted e-BH,0,0.5625,9,1172.33333333,316083
0.075,SAFE-ALPHA,0,0.8125,13,851,316083
0.075,Matched terminal weighted e-BH,0,0.75,12,1150.25,316083
0.1,SAFE-ALPHA,0,0.8125,13,764.461538462,316083
0.1,Matched terminal weighted e-BH,0,0.75,12,1150.25,316083
0.125,SAFE-ALPHA,0,0.875,14,658.5,316083
0.125,Matched terminal weighted e-BH,0,0.8125,13,1148.23076923,316083
0.15,SAFE-ALPHA,0,0.875,14,641,316083
0.15,Matched terminal weighted e-BH,0,0.8125,13,1148.23076923,316083
0.175,SAFE-ALPHA,0,0.875,14,635.642857143,316083
0.175,Matched terminal weighted e-BH,0,0.8125,13,1148.23076923,316083
0.2,SAFE-ALPHA,0,0.875,14,621.714285714,316083
0.2,Matched terminal weighted e-BH,0,0.8125,13,1148.23076923,316083
0.01,SAFE-ALPHA,0,0.0625,1,1016,316084
0.01,Matched terminal weighted e-BH,0,0,0,,316084
0.025,SAFE-ALPHA,0,0.0625,1,906,316084
0.025,Matched terminal weighted e-BH,0,0,0,,316084
0.05,SAFE-ALPHA,0,0.125,2,461,316084
0.05,Matched terminal weighted e-BH,0,0.0625,1,1214,316084
0.075,SAFE-ALPHA,0,0.3125,5,627,316084
0.075,Matched terminal weighted e-BH,0,0.0625,1,1214,316084
0.1,SAFE-ALPHA,0,0.3125,5,556,316084
0.1,Matched terminal weighted e-BH,0,0.0625,1,1214,316084
0.125,SAFE-ALPHA,0,0.3125,5,514,316084
0.125,Matched terminal weighted e-BH,0,0.0625,1,1214,316084
0.15,SAFE-ALPHA,0,0.4375,7,526.714285714,316084
0.15,Matched terminal weighted e-BH,0,0.0625,1,1214,316084
0.175,SAFE-ALPHA,0,0.4375,7,452.428571429,316084
0.175,Matched terminal weighted e-BH,0,0.0625,1,1214,316084
0.2,SAFE-ALPHA,0,0.4375,7,447.428571429,316084
0.2,Matched terminal weighted e-BH,0,0.0625,1,1214,316084
0.01,SAFE-ALPHA,0,0.375,6,569.333333333,316085
0.01,Matched terminal weighted e-BH,0,0.1875,3,1209,316085
0.025,SAFE-ALPHA,0,0.5625,9,508.222222222,316085
0.025,Matched terminal weighted e-BH,0,0.1875,3,1209,316085
0.05,SAFE-ALPHA,0,0.6875,11,485.090909091,316085
0.05,Matched terminal weighted e-BH,0,0.25,4,1199,316085
0.075,SAFE-ALPHA,0,0.6875,11,456,316085
0.075,Matched terminal weighted e-BH,0,0.25,4,1199,316085
0.1,SAFE-ALPHA,0,0.6875,11,447.818181818,316085
0.1,Matched terminal weighted e-BH,0,0.3125,5,1199,316085
0.125,SAFE-ALPHA,0,0.6875,11,438.727272727,316085
0.125,Matched terminal weighted e-BH,0,0.3125,5,1199,316085
0.15,SAFE-ALPHA,0,0.75,12,451,316085
0.15,Matched terminal weighted e-BH,0,0.3125,5,1199,316085
0.175,SAFE-ALPHA,0,0.75,12,446.833333333,316085
0.175,Matched terminal weighted e-BH,0,0.3125,5,1199,316085
0.2,SAFE-ALPHA,0,0.75,12,444.75,316085
0.2,Matched terminal weighted e-BH,0,0.3125,5,1199,316085
0.01,SAFE-ALPHA,0,0.125,2,1058.5,316086
0.01,Matched terminal weighted e-BH,0,0.125,2,1236.5,316086
0.025,SAFE-ALPHA,0,0.25,4,1061,316086
0.025,Matched terminal weighted e-BH,0,0.125,2,1236.5,316086
0.05,SAFE-ALPHA,0,0.25,4,992.25,316086
0.05,Matched terminal weighted e-BH,0,0.25,4,1225.25,316086
0.075,SAFE-ALPHA,0,0.5625,9,1008.22222222,316086
0.075,Matched terminal weighted e-BH,0,0.3125,5,1217,316086
0.1,SAFE-ALPHA,0,0.625,10,951.5,316086
0.1,Matched terminal weighted e-BH,0,0.4375,7,1203.28571429,316086
0.125,SAFE-ALPHA,0,0.625,10,916.5,316086
0.125,Matched terminal weighted e-BH,0,0.5625,9,1190.66666667,316086
0.15,SAFE-ALPHA,0,0.625,10,897,316086
0.15,Matched terminal weighted e-BH,0,0.625,10,1187,316086
0.175,SAFE-ALPHA,0,0.625,10,887.5,316086
0.175,Matched terminal weighted e-BH,0,0.625,10,1187,316086
0.2,SAFE-ALPHA,0,0.625,10,867,316086
0.2,Matched terminal weighted e-BH,0,0.625,10,1187,316086
0.01,SAFE-ALPHA,0,0.0625,1,826,316087
0.01,Matched terminal weighted e-BH,0,0,0,,316087
0.025,SAFE-ALPHA,0,0.0625,1,796,316087
0.025,Matched terminal weighted e-BH,0,0,0,,316087
0.05,SAFE-ALPHA,0,0.0625,1,786,316087
0.05,Matched terminal weighted e-BH,0,0,0,,316087
0.075,SAFE-ALPHA,0,0.125,2,558.5,316087
0.075,Matched terminal weighted e-BH,0,0,0,,316087
0.1,SAFE-ALPHA,0,0.125,2,536,316087
0.1,Matched terminal weighted e-BH,0,0,0,,316087
0.125,SAFE-ALPHA,0,0.125,2,521,316087
0.125,Matched terminal weighted e-BH,0,0,0,,316087
0.15,SAFE-ALPHA,0,0.125,2,508.5,316087
0.15,Matched terminal weighted e-BH,0,0,0,,316087
0.175,SAFE-ALPHA,0,0.125,2,493.5,316087
0.175,Matched terminal weighted e-BH,0,0.0625,1,1259,316087
0.2,SAFE-ALPHA,0,0.125,2,478.5,316087
0.2,Matched terminal weighted e-BH,0,0.0625,1,1259,316087
0.01,SAFE-ALPHA,0,0.125,2,1101,316088
0.01,Matched terminal weighted e-BH,0,0.0625,1,1229,316088
0.025,SAFE-ALPHA,0,0.1875,3,972.666666667,316088
0.025,Matched terminal weighted e-BH,0,0.1875,3,1214,316088
0.05,SAFE-ALPHA,0,0.3125,5,820,316088
0.05,Matched terminal weighted e-BH,0,0.1875,3,1214,316088
0.075,SAFE-ALPHA,0,0.375,6,716,316088
0.075,Matched terminal weighted e-BH,0,0.1875,3,1214,316088
0.1,SAFE-ALPHA,0,0.375,6,710.166666667,316088
0.1,Matched terminal weighted e-BH,0,0.1875,3,1214,316088
0.125,SAFE-ALPHA,0,0.375,6,695.166666667,316088
0.125,Matched terminal weighted e-BH,0,0.1875,3,1214,316088
0.15,SAFE-ALPHA,0,0.375,6,663.5,316088
0.15,Matched terminal weighted e-BH,0,0.1875,3,1214,316088
0.175,SAFE-ALPHA,0,0.375,6,662.666666667,316088
0.175,Matched terminal weighted e-BH,0,0.1875,3,1214,316088
0.2,SAFE-ALPHA,0,0.375,6,658.5,316088
0.2,Matched terminal weighted e-BH,0,0.1875,3,1214,316088
0.01,SAFE-ALPHA,0,0.125,2,873.5,316089
0.01,Matched terminal weighted e-BH,0,0,0,,316089
0.025,SAFE-ALPHA,0,0.25,4,803.5,316089
0.025,Matched terminal weighted e-BH,0,0.125,2,1214,316089
0.05,SAFE-ALPHA,0,0.4375,7,693.142857143,316089
0.05,Matched terminal weighted e-BH,0,0.25,4,1187.75,316089
0.075,SAFE-ALPHA,0,0.5625,9,733.777777778,316089
0.075,Matched terminal weighted e-BH,0,0.375,6,1181.5,316089
0.1,SAFE-ALPHA,0,0.5625,9,641,316089
0.1,Matched terminal weighted e-BH,0,0.4375,7,1179.71428571,316089
0.125,SAFE-ALPHA,0,0.5625,9,600.444444444,316089
0.125,Matched terminal weighted e-BH,0,0.4375,7,1179.71428571,316089
0.15,SAFE-ALPHA,0,0.625,10,609.5,316089
0.15,Matched terminal weighted e-BH,0,0.4375,7,1179.71428571,316089
0.175,SAFE-ALPHA,0,0.6875,11,629.636363636,316089
0.175,Matched terminal weighted e-BH,0,0.5,8,1174.625,316089
0.2,SAFE-ALPHA,0,0.6875,11,594.181818182,316089
0.2,Matched terminal weighted e-BH,0,0.5,8,1174.625,316089
0.01,SAFE-ALPHA,0,0.25,4,1068.5,316090
0.01,Matched terminal weighted e-BH,0,0.125,2,1214,316090
0.025,SAFE-ALPHA,0,0.25,4,919.75,316090
0.025,Matched terminal weighted e-BH,0,0.25,4,1221.5,316090
0.05,SAFE-ALPHA,0,0.375,6,755.166666667,316090
0.05,Matched terminal weighted e-BH,0,0.375,6,1199,316090
0.075,SAFE-ALPHA,0,0.375,6,693.5,316090
0.075,Matched terminal weighted e-BH,0,0.375,6,1199,316090
0.1,SAFE-ALPHA,0,0.375,6,661.833333333,316090
0.1,Matched terminal weighted e-BH,0,0.375,6,1199,316090
0.125,SAFE-ALPHA,0,0.375,6,657.666666667,316090
0.125,Matched terminal weighted e-BH,0,0.375,6,1199,316090
0.15,SAFE-ALPHA,0,0.5,8,566.625,316090
0.15,Matched terminal weighted e-BH,0,0.375,6,1199,316090
0.175,SAFE-ALPHA,0,0.5,8,550.375,316090
0.175,Matched terminal weighted e-BH,0,0.375,6,1199,316090
0.2,SAFE-ALPHA,0,0.5,8,547.25,316090
0.2,Matched terminal weighted e-BH,0,0.375,6,1199,316090
0.01,SAFE-ALPHA,0,0.625,10,728.5,316091
0.01,Matched terminal weighted e-BH,0,0.375,6,1179,316091
0.025,SAFE-ALPHA,0,0.6875,11,663.727272727,316091
0.025,Matched terminal weighted e-BH,0,0.5,8,1189.625,316091
0.05,SAFE-ALPHA,0,0.875,14,637.071428571,316091
0.05,Matched terminal weighted e-BH,0,0.5625,9,1177.33333333,316091
0.075,SAFE-ALPHA,0,0.9375,15,615,316091
0.075,Matched terminal weighted e-BH,0,0.5625,9,1177.33333333,316091
0.1,SAFE-ALPHA,0,1,16,579.75,316091
0.1,Matched terminal weighted e-BH,0,0.625,10,1163,316091
0.125,SAFE-ALPHA,0,1,16,566.9375,316091
0.125,Matched terminal weighted e-BH,0,0.625,10,1163,316091
0.15,SAFE-ALPHA,0,1,16,556.3125,316091
0.15,Matched terminal weighted e-BH,0,0.625,10,1163,316091
0.175,SAFE-ALPHA,0,1,16,538.1875,316091
0.175,Matched terminal weighted e-BH,0,0.75,12,1149,316091
0.2,SAFE-ALPHA,0,1,16,524.75,316091
0.2,Matched terminal weighted e-BH,0,0.75,12,1149,316091
0.01,SAFE-ALPHA,0,0.5625,9,1066.55555556,316092
0.01,Matched terminal weighted e-BH,0,0.5625,9,1180.66666667,316092
0.025,SAFE-ALPHA,0,0.6875,11,986.454545455,316092
0.025,Matched terminal weighted e-BH,0,0.6875,11,1184,316092
0.05,SAFE-ALPHA,0,0.6875,11,839.181818182,316092
0.05,Matched terminal weighted e-BH,0,0.6875,11,1184,316092
0.075,SAFE-ALPHA,0,0.6875,11,820.090909091,316092
0.075,Matched terminal weighted e-BH,0,0.6875,11,1184,316092
0.1,SAFE-ALPHA,0,0.6875,11,758.727272727,316092
0.1,Matched terminal weighted e-BH,0,0.6875,11,1184,316092
0.125,SAFE-ALPHA,0,0.6875,11,732.363636364,316092
0.125,Matched terminal weighted e-BH,0,0.6875,11,1184,316092
0.15,SAFE-ALPHA,0,0.6875,11,696,316092
0.15,Matched terminal weighted e-BH,0,0.6875,11,1184,316092
0.175,SAFE-ALPHA,0,0.6875,11,666.454545455,316092
0.175,Matched terminal weighted e-BH,0,0.6875,11,1184,316092
0.2,SAFE-ALPHA,0,0.6875,11,662.363636364,316092
0.2,Matched terminal weighted e-BH,0,0.6875,11,1184,316092
0.01,SAFE-ALPHA,0,0.1875,3,1062.66666667,316093
0.01,Matched terminal weighted e-BH,0,0.1875,3,1224,316093
0.025,SAFE-ALPHA,0,0.75,12,1105.58333333,316093
0.025,Matched terminal weighted e-BH,0,0.75,12,1170.25,316093
0.05,SAFE-ALPHA,0,0.9375,15,1016.66666667,316093
0.05,Matched terminal weighted e-BH,0,0.875,14,1155.07142857,316093
0.075,SAFE-ALPHA,0,0.9375,15,943.666666667,316093
0.075,Matched terminal weighted e-BH,0,0.9375,15,1149,316093
0.1,SAFE-ALPHA,0,1,16,925.6875,316093
0.1,Matched terminal weighted e-BH,0,1,16,1146.5,316093
0.125,SAFE-ALPHA,0,1,16,885.6875,316093
0.125,Matched terminal weighted e-BH,0,1,16,1146.5,316093
0.15,SAFE-ALPHA,0,1,16,851.9375,316093
0.15,Matched terminal weighted e-BH,0,1,16,1146.5,316093
0.175,SAFE-ALPHA,0,1,16,832.875,316093
0.175,Matched terminal weighted e-BH,0,1,16,1146.5,316093
0.2,SAFE-ALPHA,0,1,16,779.75,316093
0.2,Matched terminal weighted e-BH,0,1,16,1146.5,316093
0.01,SAFE-ALPHA,0,0.625,10,946.5,316094
0.01,Matched terminal weighted e-BH,0,0.4375,7,1203.28571429,316094
0.025,SAFE-ALPHA,0,0.6875,11,895.090909091,316094
0.025,Matched terminal weighted e-BH,0,0.625,10,1178,316094
0.05,SAFE-ALPHA,0,0.75,12,873.083333333,316094
0.05,Matched terminal weighted e-BH,0,0.625,10,1178,316094
0.075,SAFE-ALPHA,0,0.75,12,846.416666667,316094
0.075,Matched terminal weighted e-BH,0,0.6875,11,1179.90909091,316094
0.1,SAFE-ALPHA,0,0.75,12,728.083333333,316094
0.1,Matched terminal weighted e-BH,0,0.6875,11,1179.90909091,316094
0.125,SAFE-ALPHA,0,0.875,14,759.214285714,316094
0.125,Matched terminal weighted e-BH,0,0.75,12,1172.75,316094
0.15,SAFE-ALPHA,0,0.875,14,731.714285714,316094
0.15,Matched terminal weighted e-BH,0,0.8125,13,1162.07692308,316094
0.175,SAFE-ALPHA,0,0.875,14,714.928571429,316094
0.175,Matched terminal weighted e-BH,0,0.875,14,1158.28571429,316094
0.2,SAFE-ALPHA,0,0.875,14,687.071428571,316094
0.2,Matched terminal weighted e-BH,0,0.875,14,1158.28571429,316094
0.01,SAFE-ALPHA,0,0.6875,11,852.363636364,316095
0.01,Matched terminal weighted e-BH,0,0.625,10,1182.5,316095
0.025,SAFE-ALPHA,0,0.75,12,658.5,316095
0.025,Matched terminal weighted e-BH,0,0.625,10,1182.5,316095
0.05,SAFE-ALPHA,0,0.75,12,571,316095
0.05,Matched terminal weighted e-BH,0,0.75,12,1175.25,316095
0.075,SAFE-ALPHA,0,0.75,12,523.083333333,316095
0.075,Matched terminal weighted e-BH,0,0.75,12,1175.25,316095
0.1,SAFE-ALPHA,0,0.8125,13,534.846153846,316095
0.1,Matched terminal weighted e-BH,0,0.75,12,1175.25,316095
0.125,SAFE-ALPHA,0,0.8125,13,458.692307692,316095
0.125,Matched terminal weighted e-BH,0,0.75,12,1175.25,316095
0.15,SAFE-ALPHA,0,0.8125,13,422.153846154,316095
0.15,Matched terminal weighted e-BH,0,0.75,12,1175.25,316095
0.175,SAFE-ALPHA,0,0.8125,13,382.538461538,316095
0.175,Matched terminal weighted e-BH,0,0.8125,13,1169,316095
0.2,SAFE-ALPHA,0,0.8125,13,355.615384615,316095
0.2,Matched terminal weighted e-BH,0,0.8125,13,1169,316095
0.01,SAFE-ALPHA,0,0.5625,9,825.444444444,316096
0.01,Matched terminal weighted e-BH,0,0.5625,9,1172.33333333,316096
0.025,SAFE-ALPHA,0,0.75,12,771.833333333,316096
0.025,Matched terminal weighted e-BH,0,0.75,12,1174,316096
0.05,SAFE-ALPHA,0,0.75,12,685.583333333,316096
0.05,Matched terminal weighted e-BH,0,0.75,12,1174,316096
0.075,SAFE-ALPHA,0,0.75,12,621,316096
0.075,Matched terminal weighted e-BH,0,0.75,12,1174,316096
0.1,SAFE-ALPHA,0,0.8125,13,636,316096
0.1,Matched terminal weighted e-BH,0,0.75,12,1174,316096
0.125,SAFE-ALPHA,0,0.875,14,644.928571429,316096
0.125,Matched terminal weighted e-BH,0,0.8125,13,1162.07692308,316096
0.15,SAFE-ALPHA,0,0.875,14,621.357142857,316096
0.15,Matched terminal weighted e-BH,0,0.875,14,1154,316096
0.175,SAFE-ALPHA,0,0.875,14,601.357142857,316096
0.175,Matched terminal weighted e-BH,0,0.875,14,1154,316096
0.2,SAFE-ALPHA,0,0.9375,15,573.666666667,316096
0.2,Matched terminal weighted e-BH,0,0.875,14,1154,316096
0.01,SAFE-ALPHA,0,0.5,8,705.375,316097
0.01,Matched terminal weighted e-BH,0,0.25,4,1229,316097
0.025,SAFE-ALPHA,0,0.5625,9,624.333333333,316097
0.025,Matched terminal weighted e-BH,0,0.5,8,1193.375,316097
0.05,SAFE-ALPHA,0,0.6875,11,555.545454545,316097
0.05,Matched terminal weighted e-BH,0,0.5,8,1193.375,316097
0.075,SAFE-ALPHA,0,0.6875,11,511.454545455,316097
0.075,Matched terminal weighted e-BH,0,0.625,10,1181,316097
0.1,SAFE-ALPHA,0,0.6875,11,499.181818182,316097
0.1,Matched terminal weighted e-BH,0,0.625,10,1181,316097
0.125,SAFE-ALPHA,0,0.75,12,501.416666667,316097
0.125,Matched terminal weighted e-BH,0,0.625,10,1181,316097
0.15,SAFE-ALPHA,0,0.75,12,444.75,316097
0.15,Matched terminal weighted e-BH,0,0.625,10,1181,316097
0.175,SAFE-ALPHA,0,0.75,12,404.333333333,316097
0.175,Matched terminal weighted e-BH,0,0.625,10,1181,316097
0.2,SAFE-ALPHA,0,0.75,12,399.75,316097
0.2,Matched terminal weighted e-BH,0,0.625,10,1181,316097
0.01,SAFE-ALPHA,0,0.375,6,1025.16666667,316098
0.01,Matched terminal weighted e-BH,0,0.375,6,1196.5,316098
0.025,SAFE-ALPHA,0,0.5625,9,914.333333333,316098
0.025,Matched terminal weighted e-BH,0,0.5,8,1187.75,316098
0.05,SAFE-ALPHA,0,0.625,10,874.5,316098
0.05,Matched terminal weighted e-BH,0,0.625,10,1184,316098
0.075,SAFE-ALPHA,0,0.75,12,859.166666667,316098
0.075,Matched terminal weighted e-BH,0,0.75,12,1154,316098
0.1,SAFE-ALPHA,0,0.75,12,829.333333333,316098
0.1,Matched terminal weighted e-BH,0,0.75,12,1154,316098
0.125,SAFE-ALPHA,0,0.8125,13,812.538461538,316098
0.125,Matched terminal weighted e-BH,0,0.75,12,1154,316098
0.15,SAFE-ALPHA,0,0.8125,13,801.384615385,316098
0.15,Matched terminal weighted e-BH,0,0.75,12,1154,316098
0.175,SAFE-ALPHA,0,0.8125,13,779.846153846,316098
0.175,Matched terminal weighted e-BH,0,0.8125,13,1152.84615385,316098
0.2,SAFE-ALPHA,0,0.8125,13,775.615384615,316098
0.2,Matched terminal weighted e-BH,0,0.8125,13,1152.84615385,316098
0.01,SAFE-ALPHA,0,0.8125,13,515.230769231,316099
0.01,Matched terminal weighted e-BH,0,0.6875,11,1164.90909091,316099
0.025,SAFE-ALPHA,0,0.875,14,459.928571429,316099
0.025,Matched terminal weighted e-BH,0,0.75,12,1157.75,316099
0.05,SAFE-ALPHA,0,0.9375,15,376,316099
0.05,Matched terminal weighted e-BH,0,0.875,14,1143.28571429,316099
0.075,SAFE-ALPHA,0,0.9375,15,354,316099
0.075,Matched terminal weighted e-BH,0,0.875,14,1143.28571429,316099
0.1,SAFE-ALPHA,0,0.9375,15,332.666666667,316099
0.1,Matched terminal weighted e-BH,0,0.875,14,1143.28571429,316099
0.125,SAFE-ALPHA,0,0.9375,15,316,316099
0.125,Matched terminal weighted e-BH,0,0.875,14,1143.28571429,316099
0.15,SAFE-ALPHA,0,0.9375,15,303.333333333,316099
0.15,Matched terminal weighted e-BH,0,0.875,14,1143.28571429,316099
0.175,SAFE-ALPHA,0,0.9375,15,300.666666667,316099
0.175,Matched terminal weighted e-BH,0,0.875,14,1143.28571429,316099
0.2,SAFE-ALPHA,0,0.9375,15,290.666666667,316099
0.2,Matched terminal weighted e-BH,0,0.9375,15,1138,316099
0.01,SAFE-ALPHA,0,0,0,,316100
0.01,Matched terminal weighted e-BH,0,0,0,,316100
0.025,SAFE-ALPHA,0,0.0625,1,901,316100
0.025,Matched terminal weighted e-BH,0,0,0,,316100
0.05,SAFE-ALPHA,0,0.1875,3,874.333333333,316100
0.05,Matched terminal weighted e-BH,0,0,0,,316100
0.075,SAFE-ALPHA,0,0.1875,3,846,316100
0.075,Matched terminal weighted e-BH,0,0,0,,316100
0.1,SAFE-ALPHA,0,0.1875,3,752.666666667,316100
0.1,Matched terminal weighted e-BH,0,0,0,,316100
0.125,SAFE-ALPHA,0,0.25,4,819.75,316100
0.125,Matched terminal weighted e-BH,0,0.0625,1,1184,316100
0.15,SAFE-ALPHA,0,0.3125,5,763,316100
0.15,Matched terminal weighted e-BH,0,0.0625,1,1184,316100
0.175,SAFE-ALPHA,0,0.375,6,745.166666667,316100
0.175,Matched terminal weighted e-BH,0,0.0625,1,1184,316100
0.2,SAFE-ALPHA,0,0.375,6,724.333333333,316100
0.2,Matched terminal weighted e-BH,0,0.0625,1,1184,316100
0.01,SAFE-ALPHA,0,0.1875,3,864.333333333,316101
0.01,Matched terminal weighted e-BH,0,0.125,2,1184,316101
0.025,SAFE-ALPHA,0,0.375,6,865.666666667,316101
0.025,Matched terminal weighted e-BH,0,0.3125,5,1187,316101
0.05,SAFE-ALPHA,0,0.375,6,779.333333333,316101
0.05,Matched terminal weighted e-BH,0,0.375,6,1199,316101
0.075,SAFE-ALPHA,0,0.4375,7,810,316101
0.075,Matched terminal weighted e-BH,0,0.4375,7,1186.14285714,316101
0.1,SAFE-ALPHA,0,0.5625,9,813.777777778,316101
0.1,Matched terminal weighted e-BH,0,0.4375,7,1186.14285714,316101
0.125,SAFE-ALPHA,0,0.5625,9,798.222222222,316101
0.125,Matched terminal weighted e-BH,0,0.4375,7,1186.14285714,316101
0.15,SAFE-ALPHA,0,0.5625,9,782.666666667,316101
0.15,Matched terminal weighted e-BH,0,0.5625,9,1160.66666667,316101
0.175,SAFE-ALPHA,0,0.5625,9,769.888888889,316101
0.175,Matched terminal weighted e-BH,0,0.5625,9,1160.66666667,316101
0.2,SAFE-ALPHA,0,0.5625,9,738.777777778,316101
0.2,Matched terminal weighted e-BH,0,0.5625,9,1160.66666667,316101
0.01,SAFE-ALPHA,0,0.3125,5,986,316102
0.01,Matched terminal weighted e-BH,0,0.3125,5,1223,316102
0.025,SAFE-ALPHA,0,0.375,6,678.5,316102
0.025,Matched terminal weighted e-BH,0,0.375,6,1211.5,316102
0.05,SAFE-ALPHA,0,0.4375,7,643.857142857,316102
0.05,Matched terminal weighted e-BH,0,0.4375,7,1207.57142857,316102
0.075,SAFE-ALPHA,0,0.4375,7,608.857142857,316102
0.075,Matched terminal weighted e-BH,0,0.4375,7,1207.57142857,316102
0.1,SAFE-ALPHA,0,0.4375,7,593.142857143,316102
0.1,Matched terminal weighted e-BH,0,0.4375,7,1207.57142857,316102
0.125,SAFE-ALPHA,0,0.5,8,617.25,316102
0.125,Matched terminal weighted e-BH,0,0.4375,7,1207.57142857,316102
0.15,SAFE-ALPHA,0,0.5625,9,621,316102
0.15,Matched terminal weighted e-BH,0,0.4375,7,1207.57142857,316102
0.175,SAFE-ALPHA,0,0.6875,11,655.545454545,316102
0.175,Matched terminal weighted e-BH,0,0.4375,7,1207.57142857,316102
0.2,SAFE-ALPHA,0,0.6875,11,647.818181818,316102
0.2,Matched terminal weighted e-BH,0,0.5,8,1184,316102
0.01,SAFE-ALPHA,0,0,0,,316103
0.01,Matched terminal weighted e-BH,0,0,0,,316103
0.025,SAFE-ALPHA,0,0,0,,316103
0.025,Matched terminal weighted e-BH,0,0,0,,316103
0.05,SAFE-ALPHA,0,0.125,2,1041,316103
0.05,Matched terminal weighted e-BH,0,0,0,,316103
0.075,SAFE-ALPHA,0,0.125,2,1021,316103
0.075,Matched terminal weighted e-BH,0,0,0,,316103
0.1,SAFE-ALPHA,0,0.125,2,918.5,316103
0.1,Matched terminal weighted e-BH,0,0,0,,316103
0.125,SAFE-ALPHA,0,0.125,2,911,316103
0.125,Matched terminal weighted e-BH,0,0,0,,316103
0.15,SAFE-ALPHA,0,0.125,2,896,316103
0.15,Matched terminal weighted e-BH,0,0,0,,316103
0.175,SAFE-ALPHA,0,0.125,2,876,316103
0.175,Matched terminal weighted e-BH,0,0,0,,316103
0.2,SAFE-ALPHA,0,0.125,2,876,316103
0.2,Matched terminal weighted e-BH,0,0.0625,1,1124,316103
0.01,SAFE-ALPHA,0,0.3125,5,904,316104
0.01,Matched terminal weighted e-BH,0,0.3125,5,1184,316104
0.025,SAFE-ALPHA,0,0.5,8,532.875,316104
0.025,Matched terminal weighted e-BH,0,0.3125,5,1184,316104
0.05,SAFE-ALPHA,0,0.5,8,474.75,316104
0.05,Matched terminal weighted e-BH,0,0.3125,5,1184,316104
0.075,SAFE-ALPHA,0,0.5,8,459.125,316104
0.075,Matched terminal weighted e-BH,0,0.3125,5,1184,316104
0.1,SAFE-ALPHA,0,0.5,8,449.125,316104
0.1,Matched terminal weighted e-BH,0,0.375,6,1176.5,316104
0.125,SAFE-ALPHA,0,0.5,8,436,316104
0.125,Matched terminal weighted e-BH,0,0.375,6,1176.5,316104
0.15,SAFE-ALPHA,0,0.5,8,431.625,316104
0.15,Matched terminal weighted e-BH,0,0.375,6,1176.5,316104
0.175,SAFE-ALPHA,0,0.5,8,429.75,316104
0.175,Matched terminal weighted e-BH,0,0.375,6,1176.5,316104
0.2,SAFE-ALPHA,0,0.5,8,427.875,316104
0.2,Matched terminal weighted e-BH,0,0.4375,7,1181.85714286,316104
0.01,SAFE-ALPHA,0,0,0,,316105
0.01,Matched terminal weighted e-BH,0,0,0,,316105
0.025,SAFE-ALPHA,0,0,0,,316105
0.025,Matched terminal weighted e-BH,0,0,0,,316105
0.05,SAFE-ALPHA,0,0.0625,1,1216,316105
0.05,Matched terminal weighted e-BH,0,0.0625,1,1229,316105
0.075,SAFE-ALPHA,0,0.0625,1,1161,316105
0.075,Matched terminal weighted e-BH,0,0.0625,1,1229,316105
0.1,SAFE-ALPHA,0,0.0625,1,1111,316105
0.1,Matched terminal weighted e-BH,0,0.0625,1,1229,316105
0.125,SAFE-ALPHA,0,0.125,2,633.5,316105
0.125,Matched terminal weighted e-BH,0,0.125,2,1221.5,316105
0.15,SAFE-ALPHA,0,0.1875,3,542.666666667,316105
0.15,Matched terminal weighted e-BH,0,0.125,2,1221.5,316105
0.175,SAFE-ALPHA,0,0.1875,3,532.666666667,316105
0.175,Matched terminal weighted e-BH,0,0.125,2,1221.5,316105
0.2,SAFE-ALPHA,0,0.1875,3,451,316105
0.2,Matched terminal weighted e-BH,0,0.1875,3,1234,316105
0.01,SAFE-ALPHA,0,0.25,4,648.5,316106
0.01,Matched terminal weighted e-BH,0,0.25,4,1236.5,316106
0.025,SAFE-ALPHA,0,0.375,6,651.833333333,316106
0.025,Matched terminal weighted e-BH,0,0.3125,5,1229,316106
0.05,SAFE-ALPHA,0,0.5,8,685.375,316106
0.05,Matched terminal weighted e-BH,0,0.4375,7,1205.42857143,316106
0.075,SAFE-ALPHA,0,0.5,8,601,316106
0.075,Matched terminal weighted e-BH,0,0.4375,7,1205.42857143,316106
0.1,SAFE-ALPHA,0,0.5,8,581,316106
0.1,Matched terminal weighted e-BH,0,0.5,8,1202.75,316106
0.125,SAFE-ALPHA,0,0.5,8,561,316106
0.125,Matched terminal weighted e-BH,0,0.5,8,1202.75,316106
0.15,SAFE-ALPHA,0,0.5,8,523.5,316106
0.15,Matched terminal weighted e-BH,0,0.5,8,1202.75,316106
0.175,SAFE-ALPHA,0,0.5625,9,569.333333333,316106
0.175,Matched terminal weighted e-BH,0,0.5,8,1202.75,316106
0.2,SAFE-ALPHA,0,0.5625,9,561.555555556,316106
0.2,Matched terminal weighted e-BH,0,0.5,8,1202.75,316106
0.01,SAFE-ALPHA,0,0.375,6,966,316107
0.01,Matched terminal weighted e-BH,0,0.375,6,1221.5,316107
0.025,SAFE-ALPHA,0,0.4375,7,870.285714286,316107
0.025,Matched terminal weighted e-BH,0,0.4375,7,1214,316107
0.05,SAFE-ALPHA,0,0.4375,7,806,316107
0.05,Matched terminal weighted e-BH,0,0.4375,7,1214,316107
0.075,SAFE-ALPHA,0,0.5,8,774.75,316107
0.075,Matched terminal weighted e-BH,0,0.5,8,1204.625,316107
0.1,SAFE-ALPHA,0,0.5625,9,776,316107
0.1,Matched terminal weighted e-BH,0,0.5625,9,1199,316107
0.125,SAFE-ALPHA,0,0.6875,11,795.090909091,316107
0.125,Matched terminal weighted e-BH,0,0.6875,11,1178.54545455,316107
0.15,SAFE-ALPHA,0,0.75,12,780.166666667,316107
0.15,Matched terminal weighted e-BH,0,0.75,12,1171.5,316107
0.175,SAFE-ALPHA,0,0.75,12,749.333333333,316107
0.175,Matched terminal weighted e-BH,0,0.75,12,1171.5,316107
0.2,SAFE-ALPHA,0,0.75,12,716,316107
0.2,Matched terminal weighted e-BH,0,0.75,12,1171.5,316107
0.01,SAFE-ALPHA,0,0.0625,1,1111,316108
0.01,Matched terminal weighted e-BH,0,0.0625,1,1229,316108
0.025,SAFE-ALPHA,0,0.125,2,856,316108
0.025,Matched terminal weighted e-BH,0,0.125,2,1244,316108
0.05,SAFE-ALPHA,0,0.1875,3,916,316108
0.05,Matched terminal weighted e-BH,0,0.125,2,1244,316108
0.075,SAFE-ALPHA,0,0.25,4,879.75,316108
0.075,Matched terminal weighted e-BH,0,0.1875,3,1224,316108
0.1,SAFE-ALPHA,0,0.25,4,837.25,316108
0.1,Matched terminal weighted e-BH,0,0.25,4,1217.75,316108
0.125,SAFE-ALPHA,0,0.25,4,792.25,316108
0.125,Matched terminal weighted e-BH,0,0.25,4,1217.75,316108
0.15,SAFE-ALPHA,0,0.3125,5,783,316108
0.15,Matched terminal weighted e-BH,0,0.3125,5,1223,316108
0.175,SAFE-ALPHA,0,0.3125,5,780,316108
0.175,Matched terminal weighted e-BH,0,0.3125,5,1223,316108
0.2,SAFE-ALPHA,0,0.3125,5,753,316108
0.2,Matched terminal weighted e-BH,0,0.3125,5,1223,316108
0.01,SAFE-ALPHA,0,0.5,8,957.25,316109
0.01,Matched terminal weighted e-BH,0,0.25,4,1202.75,316109
0.025,SAFE-ALPHA,0,0.5,8,901.625,316109
0.025,Matched terminal weighted e-BH,0,0.375,6,1181.5,316109
0.05,SAFE-ALPHA,0,0.8125,13,811.769230769,316109
0.05,Matched terminal weighted e-BH,0,0.5,8,1187.75,316109
0.075,SAFE-ALPHA,0,0.875,14,772.071428571,316109
0.075,Matched terminal weighted e-BH,0,0.5625,9,1177.33333333,316109
0.1,SAFE-ALPHA,0,0.9375,15,655,316109
0.1,Matched terminal weighted e-BH,0,0.8125,13,1137.84615385,316109
0.125,SAFE-ALPHA,0,0.9375,15,649.333333333,316109
0.125,Matched terminal weighted e-BH,0,0.8125,13,1137.84615385,316109
0.15,SAFE-ALPHA,0,0.9375,15,625,316109
0.15,Matched terminal weighted e-BH,0,0.8125,13,1137.84615385,316109
0.175,SAFE-ALPHA,0,0.9375,15,581,316109
0.175,Matched terminal weighted e-BH,0,0.8125,13,1137.84615385,316109
0.2,SAFE-ALPHA,0,0.9375,15,569.333333333,316109
0.2,Matched terminal weighted e-BH,0,0.8125,13,1137.84615385,316109
0.01,SAFE-ALPHA,0,0.5,8,927.25,316110
0.01,Matched terminal weighted e-BH,0,0.5,8,1193.375,316110
0.025,SAFE-ALPHA,0,0.625,10,895,316110
0.025,Matched terminal weighted e-BH,0,0.625,10,1175,316110
0.05,SAFE-ALPHA,0,0.75,12,741.416666667,316110
0.05,Matched terminal weighted e-BH,0,0.75,12,1166.5,316110
0.075,SAFE-ALPHA,0,0.75,12,686.833333333,316110
0.075,Matched terminal weighted e-BH,0,0.75,12,1166.5,316110
0.1,SAFE-ALPHA,0,0.75,12,639.333333333,316110
0.1,Matched terminal weighted e-BH,0,0.75,12,1166.5,316110
0.125,SAFE-ALPHA,0,0.75,12,621,316110
0.125,Matched terminal weighted e-BH,0,0.75,12,1166.5,316110
0.15,SAFE-ALPHA,0,0.75,12,573.5,316110
0.15,Matched terminal weighted e-BH,0,0.75,12,1166.5,316110
0.175,SAFE-ALPHA,0,0.75,12,567.25,316110
0.175,Matched terminal weighted e-BH,0,0.75,12,1166.5,316110
0.2,SAFE-ALPHA,0,0.8125,13,580.846153846,316110
0.2,Matched terminal weighted e-BH,0,0.8125,13,1158.61538462,316110
0.01,SAFE-ALPHA,0,0.625,10,928,316111
0.01,Matched terminal weighted e-BH,0,0.5625,9,1140.66666667,316111
0.025,SAFE-ALPHA,0,0.8125,13,789.846153846,316111
0.025,Matched terminal weighted e-BH,0,0.6875,11,1145.81818182,316111
0.05,SAFE-ALPHA,0,0.8125,13,704.076923077,316111
0.05,Matched terminal weighted e-BH,0,0.8125,13,1147.07692308,316111
0.075,SAFE-ALPHA,0,0.8125,13,617.923076923,316111
0.075,Matched terminal weighted e-BH,0,0.8125,13,1147.07692308,316111
0.1,SAFE-ALPHA,0,0.8125,13,601.769230769,316111
0.1,Matched terminal weighted e-BH,0,0.8125,13,1147.07692308,316111
0.125,SAFE-ALPHA,0,0.8125,13,579.461538462,316111
0.125,Matched terminal weighted e-BH,0,0.8125,13,1147.07692308,316111
0.15,SAFE-ALPHA,0,0.8125,13,571.769230769,316111
0.15,Matched terminal weighted e-BH,0,0.8125,13,1147.07692308,316111
0.175,SAFE-ALPHA,0,0.8125,13,564.461538462,316111
0.175,Matched terminal weighted e-BH,0,0.8125,13,1147.07692308,316111
0.2,SAFE-ALPHA,0,0.8125,13,557.923076923,316111
0.2,Matched terminal weighted e-BH,0,0.8125,13,1147.07692308,316111
0.01,SAFE-ALPHA,0,0.125,2,1168.5,316112
0.01,Matched terminal weighted e-BH,0,0.125,2,1191.5,316112
0.025,SAFE-ALPHA,0,0.375,6,661,316112
0.025,Matched terminal weighted e-BH,0,0.125,2,1191.5,316112
0.05,SAFE-ALPHA,0,0.375,6,561,316112
0.05,Matched terminal weighted e-BH,0,0.25,4,1172.75,316112
0.075,SAFE-ALPHA,0,0.4375,7,614.571428571,316112
0.075,Matched terminal weighted e-BH,0,0.25,4,1172.75,316112
0.1,SAFE-ALPHA,0,0.4375,7,585.285714286,316112
0.1,Matched terminal weighted e-BH,0,0.25,4,1172.75,316112
0.125,SAFE-ALPHA,0,0.4375,7,573.857142857,316112
0.125,Matched terminal weighted e-BH,0,0.375,6,1196.5,316112
0.15,SAFE-ALPHA,0,0.4375,7,511,316112
0.15,Matched terminal weighted e-BH,0,0.375,6,1196.5,316112
0.175,SAFE-ALPHA,0,0.5,8,511.625,316112
0.175,Matched terminal weighted e-BH,0,0.375,6,1196.5,316112
0.2,SAFE-ALPHA,0,0.5,8,440.375,316112
0.2,Matched terminal weighted e-BH,0,0.375,6,1196.5,316112
0.01,SAFE-ALPHA,0,0.125,2,546,316113
0.01,Matched terminal weighted e-BH,0,0.125,2,1251.5,316113
0.025,SAFE-ALPHA,0,0.25,4,842.25,316113
0.025,Matched terminal weighted e-BH,0,0.1875,3,1224,316113
0.05,SAFE-ALPHA,0,0.5,8,929.5,316113
0.05,Matched terminal weighted e-BH,0,0.5,8,1197.125,316113
0.075,SAFE-ALPHA,0,0.5,8,687.875,316113
0.075,Matched terminal weighted e-BH,0,0.5,8,1197.125,316113
0.1,SAFE-ALPHA,0,0.5625,9,713.222222222,316113
0.1,Matched terminal weighted e-BH,0,0.5625,9,1184,316113
0.125,SAFE-ALPHA,0,0.5625,9,703.777777778,316113
0.125,Matched terminal weighted e-BH,0,0.5625,9,1184,316113
0.15,SAFE-ALPHA,0,0.625,10,663.5,316113
0.15,Matched terminal weighted e-BH,0,0.5625,9,1184,316113
0.175,SAFE-ALPHA,0,0.625,10,656.5,316113
0.175,Matched terminal weighted e-BH,0,0.5625,9,1184,316113
0.2,SAFE-ALPHA,0,0.6875,11,688.272727273,316113
0.2,Matched terminal weighted e-BH,0,0.5625,9,1184,316113
0.01,SAFE-ALPHA,0,0.4375,7,963.142857143,316114
0.01,Matched terminal weighted e-BH,0,0.1875,3,1199,316114
0.025,SAFE-ALPHA,0,0.6875,11,914.636363636,316114
0.025,Matched terminal weighted e-BH,0,0.5625,9,1190.66666667,316114
0.05,SAFE-ALPHA,0,0.75,12,776.833333333,316114
0.05,Matched terminal weighted e-BH,0,0.625,10,1184,316114
0.075,SAFE-ALPHA,0,0.75,12,700.166666667,316114
0.075,Matched terminal weighted e-BH,0,0.6875,11,1182.63636364,316114
0.1,SAFE-ALPHA,0,0.75,12,611.416666667,316114
0.1,Matched terminal weighted e-BH,0,0.75,12,1174,316114
0.125,SAFE-ALPHA,0,0.75,12,596.416666667,316114
0.125,Matched terminal weighted e-BH,0,0.75,12,1174,316114
0.15,SAFE-ALPHA,0,0.75,12,538.5,316114
0.15,Matched terminal weighted e-BH,0,0.75,12,1174,316114
0.175,SAFE-ALPHA,0,0.75,12,502.666666667,316114
0.175,Matched terminal weighted e-BH,0,0.75,12,1174,316114
0.2,SAFE-ALPHA,0,0.8125,13,530.615384615,316114
0.2,Matched terminal weighted e-BH,0,0.75,12,1174,316114
0.01,SAFE-ALPHA,0,0.0625,1,1259,316115
0.01,Matched terminal weighted e-BH,0,0.0625,1,1259,316115
0.025,SAFE-ALPHA,0,0.3125,5,970,316115
0.025,Matched terminal weighted e-BH,0,0.1875,3,1214,316115
0.05,SAFE-ALPHA,0,0.3125,5,896,316115
0.05,Matched terminal weighted e-BH,0,0.3125,5,1196,316115
0.075,SAFE-ALPHA,0,0.3125,5,869,316115
0.075,Matched terminal weighted e-BH,0,0.3125,5,1196,316115
0.1,SAFE-ALPHA,0,0.4375,7,841,316115
0.1,Matched terminal weighted e-BH,0,0.3125,5,1196,316115
0.125,SAFE-ALPHA,0,0.4375,7,746.714285714,316115
0.125,Matched terminal weighted e-BH,0,0.3125,5,1196,316115
0.15,SAFE-ALPHA,0,0.4375,7,743.857142857,316115
0.15,Matched terminal weighted e-BH,0,0.375,6,1196.5,316115
0.175,SAFE-ALPHA,0,0.4375,7,672.428571429,316115
0.175,Matched terminal weighted e-BH,0,0.375,6,1196.5,316115
0.2,SAFE-ALPHA,0,0.5,8,669.125,316115
0.2,Matched terminal weighted e-BH,0,0.375,6,1196.5,316115
0.01,SAFE-ALPHA,0,0.5625,9,966.333333333,316116
0.01,Matched terminal weighted e-BH,0,0.5625,9,1189,316116
0.025,SAFE-ALPHA,0,0.5625,9,910.444444444,316116
0.025,Matched terminal weighted e-BH,0,0.5625,9,1189,316116
0.05,SAFE-ALPHA,0,0.625,10,877,316116
0.05,Matched terminal weighted e-BH,0,0.625,10,1187,316116
0.075,SAFE-ALPHA,0,0.8125,13,786.769230769,316116
0.075,Matched terminal weighted e-BH,0,0.8125,13,1163.23076923,316116
0.1,SAFE-ALPHA,0,0.8125,13,751.769230769,316116
0.1,Matched terminal weighted e-BH,0,0.8125,13,1163.23076923,316116
0.125,SAFE-ALPHA,0,0.875,14,697.285714286,316116
0.125,Matched terminal weighted e-BH,0,0.875,14,1161.5,316116
0.15,SAFE-ALPHA,0,0.875,14,668.857142857,316116
0.15,Matched terminal weighted e-BH,0,0.875,14,1161.5,316116
0.175,SAFE-ALPHA,0,0.875,14,653.142857143,316116
0.175,Matched terminal weighted e-BH,0,0.875,14,1161.5,316116
0.2,SAFE-ALPHA,0,0.875,14,643.5,316116
0.2,Matched terminal weighted e-BH,0,0.875,14,1161.5,316116
0.01,SAFE-ALPHA,0,0.625,10,726.5,316117
0.01,Matched terminal weighted e-BH,0,0.625,10,1184,316117
0.025,SAFE-ALPHA,0,0.6875,11,670.090909091,316117
0.025,Matched terminal weighted e-BH,0,0.625,10,1184,316117
0.05,SAFE-ALPHA,0,0.75,12,658.083333333,316117
0.05,Matched terminal weighted e-BH,0,0.75,12,1176.5,316117
0.075,SAFE-ALPHA,0,0.75,12,589.333333333,316117
0.075,Matched terminal weighted e-BH,0,0.75,12,1176.5,316117
0.1,SAFE-ALPHA,0,0.75,12,547.666666667,316117
0.1,Matched terminal weighted e-BH,0,0.75,12,1176.5,316117
0.125,SAFE-ALPHA,0,0.75,12,494.75,316117
0.125,Matched terminal weighted e-BH,0,0.75,12,1176.5,316117
0.15,SAFE-ALPHA,0,0.875,14,568.142857143,316117
0.15,Matched terminal weighted e-BH,0,0.875,14,1160.42857143,316117
0.175,SAFE-ALPHA,0,0.875,14,549.928571429,316117
0.175,Matched terminal weighted e-BH,0,0.875,14,1160.42857143,316117
0.2,SAFE-ALPHA,0,0.9375,15,537.666666667,316117
0.2,Matched terminal weighted e-BH,0,0.9375,15,1148,316117
0.01,SAFE-ALPHA,0,1,16,636.9375,316118
0.01,Matched terminal weighted e-BH,0,1,16,1143.6875,316118
0.025,SAFE-ALPHA,0,1,16,586,316118
0.025,Matched terminal weighted e-BH,0,1,16,1143.6875,316118
0.05,SAFE-ALPHA,0,1,16,543.5,316118
0.05,Matched terminal weighted e-BH,0,1,16,1143.6875,316118
0.075,SAFE-ALPHA,0,1,16,517.25,316118
0.075,Matched terminal weighted e-BH,0,1,16,1143.6875,316118
0.1,SAFE-ALPHA,0,1,16,507.875,316118
0.1,Matched terminal weighted e-BH,0,1,16,1143.6875,316118
0.125,SAFE-ALPHA,0,1,16,497.25,316118
0.125,Matched terminal weighted e-BH,0,1,16,1143.6875,316118
0.15,SAFE-ALPHA,0,1,16,476.9375,316118
0.15,Matched terminal weighted e-BH,0,1,16,1143.6875,316118
0.175,SAFE-ALPHA,0,1,16,460.0625,316118
0.175,Matched terminal weighted e-BH,0,1,16,1143.6875,316118
0.2,SAFE-ALPHA,0,1,16,452.875,316118
0.2,Matched terminal weighted e-BH,0,1,16,1143.6875,316118
0.01,SAFE-ALPHA,0,0.3125,5,952,316119
0.01,Matched terminal weighted e-BH,0,0.1875,3,1204,316119
0.025,SAFE-ALPHA,0,0.5,8,841,316119
0.025,Matched terminal weighted e-BH,0,0.3125,5,1172,316119
0.05,SAFE-ALPHA,0,0.625,10,755.5,316119
0.05,Matched terminal weighted e-BH,0,0.5625,9,1190.66666667,316119
0.075,SAFE-ALPHA,0,0.75,12,744.75,316119
0.075,Matched terminal weighted e-BH,0,0.625,10,1187,316119
0.1,SAFE-ALPHA,0,0.75,12,698.5,316119
0.1,Matched terminal weighted e-BH,0,0.625,10,1187,316119
0.125,SAFE-ALPHA,0,0.75,12,642.25,316119
0.125,Matched terminal weighted e-BH,0,0.75,12,1174,316119
0.15,SAFE-ALPHA,0,0.75,12,608.916666667,316119
0.15,Matched terminal weighted e-BH,0,0.75,12,1174,316119
0.175,SAFE-ALPHA,0,0.75,12,600.583333333,316119
0.175,Matched terminal weighted e-BH,0,0.75,12,1174,316119
0.2,SAFE-ALPHA,0,0.75,12,589.333333333,316119
0.2,Matched terminal weighted e-BH,0,0.75,12,1174,316119
0.01,SAFE-ALPHA,0,0.5625,9,912.666666667,316120
0.01,Matched terminal weighted e-BH,0,0.5,8,1180.25,316120
0.025,SAFE-ALPHA,0,0.625,10,769.3,316120
0.025,Matched terminal weighted e-BH,0,0.625,10,1166,316120
0.05,SAFE-ALPHA,0,0.875,14,754.928571429,316120
0.05,Matched terminal weighted e-BH,0,0.8125,13,1149.38461538,316120
0.075,SAFE-ALPHA,0,0.875,14,710.285714286,316120
0.075,Matched terminal weighted e-BH,0,0.875,14,1151.85714286,316120
0.1,SAFE-ALPHA,0,0.9375,15,654.533333333,316120
0.1,Matched terminal weighted e-BH,0,0.9375,15,1141,316120
0.125,SAFE-ALPHA,0,0.9375,15,646,316120
0.125,Matched terminal weighted e-BH,0,0.9375,15,1141,316120
0.15,SAFE-ALPHA,0,0.9375,15,598.333333333,316120
0.15,Matched terminal weighted e-BH,0,0.9375,15,1141,316120
0.175,SAFE-ALPHA,0,0.9375,15,592.333333333,316120
0.175,Matched terminal weighted e-BH,0,0.9375,15,1141,316120
0.2,SAFE-ALPHA,0,0.9375,15,553.333333333,316120
0.2,Matched terminal weighted e-BH,0,0.9375,15,1141,316120
0.01,SAFE-ALPHA,0,0.1875,3,1029.33333333,316121
0.01,Matched terminal weighted e-BH,0,0.1875,3,1244,316121
0.025,SAFE-ALPHA,0,0.1875,3,994.333333333,316121
0.025,Matched terminal weighted e-BH,0,0.1875,3,1244,316121
0.05,SAFE-ALPHA,0,0.25,4,831,316121
0.05,Matched terminal weighted e-BH,0,0.1875,3,1244,316121
0.075,SAFE-ALPHA,0,0.3125,5,883,316121
0.075,Matched terminal weighted e-BH,0,0.3125,5,1202,316121
0.1,SAFE-ALPHA,0,0.3125,5,867,316121
0.1,Matched terminal weighted e-BH,0,0.3125,5,1202,316121
0.125,SAFE-ALPHA,0,0.4375,7,798.571428571,316121
0.125,Matched terminal weighted e-BH,0,0.375,6,1171.5,316121
0.15,SAFE-ALPHA,0,0.5,8,812.25,316121
0.15,Matched terminal weighted e-BH,0,0.375,6,1171.5,316121
0.175,SAFE-ALPHA,0,0.5,8,790.375,316121
0.175,Matched terminal weighted e-BH,0,0.375,6,1171.5,316121
0.2,SAFE-ALPHA,0,0.5625,9,826.333333333,316121
0.2,Matched terminal weighted e-BH,0,0.375,6,1171.5,316121
0.01,SAFE-ALPHA,0,0.5625,9,721,316122
0.01,Matched terminal weighted e-BH,0,0.25,4,1221.5,316122
0.025,SAFE-ALPHA,0,0.625,10,620.5,316122
0.025,Matched terminal weighted e-BH,0,0.375,6,1201.5,316122
0.05,SAFE-ALPHA,0,0.6875,11,541.909090909,316122
0.05,Matched terminal weighted e-BH,0,0.5625,9,1182.33333333,316122
0.075,SAFE-ALPHA,0,0.75,12,524.333333333,316122
0.075,Matched terminal weighted e-BH,0,0.5625,9,1182.33333333,316122
0.1,SAFE-ALPHA,0,0.75,12,506.416666667,316122
0.1,Matched terminal weighted e-BH,0,0.5625,9,1182.33333333,316122
0.125,SAFE-ALPHA,0,0.75,12,484.75,316122
0.125,Matched terminal weighted e-BH,0,0.5625,9,1182.33333333,316122
0.15,SAFE-ALPHA,0,0.8125,13,445.615384615,316122
0.15,Matched terminal weighted e-BH,0,0.5625,9,1182.33333333,316122
0.175,SAFE-ALPHA,0,0.8125,13,409.461538462,316122
0.175,Matched terminal weighted e-BH,0,0.5625,9,1182.33333333,316122
0.2,SAFE-ALPHA,0,0.8125,13,379.461538462,316122
0.2,Matched terminal weighted e-BH,0,0.5625,9,1182.33333333,316122
0.01,SAFE-ALPHA,0,0.0625,1,516,316123
0.01,Matched terminal weighted e-BH,0,0,0,,316123
0.025,SAFE-ALPHA,0,0.1875,3,871,316123
0.025,Matched terminal weighted e-BH,0,0,0,,316123
0.05,SAFE-ALPHA,0,0.375,6,940.166666667,316123
0.05,Matched terminal weighted e-BH,0,0.1875,3,1239,316123
0.075,SAFE-ALPHA,0,0.4375,7,793.857142857,316123
0.075,Matched terminal weighted e-BH,0,0.1875,3,1239,316123
0.1,SAFE-ALPHA,0,0.4375,7,779.571428571,316123
0.1,Matched terminal weighted e-BH,0,0.3125,5,1208,316123
0.125,SAFE-ALPHA,0,0.4375,7,702.428571429,316123
0.125,Matched terminal weighted e-BH,0,0.375,6,1201.5,316123
0.15,SAFE-ALPHA,0,0.4375,7,701,316123
0.15,Matched terminal weighted e-BH,0,0.4375,7,1201.14285714,316123
0.175,SAFE-ALPHA,0,0.5,8,636.625,316123
0.175,Matched terminal weighted e-BH,0,0.4375,7,1201.14285714,316123
0.2,SAFE-ALPHA,0,0.6875,11,674.636363636,316123
0.2,Matched terminal weighted e-BH,0,0.4375,7,1201.14285714,316123
0.01,SAFE-ALPHA,0,0.3125,5,569,316124
0.01,Matched terminal weighted e-BH,0,0.3125,5,1196,316124
0.025,SAFE-ALPHA,0,0.3125,5,500,316124
0.025,Matched terminal weighted e-BH,0,0.3125,5,1196,316124
0.05,SAFE-ALPHA,0,0.375,6,449.333333333,316124
0.05,Matched terminal weighted e-BH,0,0.3125,5,1196,316124
0.075,SAFE-ALPHA,0,0.375,6,422.666666667,316124
0.075,Matched terminal weighted e-BH,0,0.3125,5,1196,316124
0.1,SAFE-ALPHA,0,0.5625,9,535.444444444,316124
0.1,Matched terminal weighted e-BH,0,0.3125,5,1196,316124
0.125,SAFE-ALPHA,0,0.5625,9,533.222222222,316124
0.125,Matched terminal weighted e-BH,0,0.3125,5,1196,316124
0.15,SAFE-ALPHA,0,0.75,12,491.25,316124
0.15,Matched terminal weighted e-BH,0,0.375,6,1184,316124
0.175,SAFE-ALPHA,0,0.75,12,433.916666667,316124
0.175,Matched terminal weighted e-BH,0,0.4375,7,1162.57142857,316124
0.2,SAFE-ALPHA,0,0.75,12,430.583333333,316124
0.2,Matched terminal weighted e-BH,0,0.5,8,1161.5,316124
0.01,SAFE-ALPHA,0,0.0625,1,541,316125
0.01,Matched terminal weighted e-BH,0,0,0,,316125
0.025,SAFE-ALPHA,0,0.5,8,534.125,316125
0.025,Matched terminal weighted e-BH,0,0.125,2,1184,316125
0.05,SAFE-ALPHA,0,0.5,8,501.625,316125
0.05,Matched terminal weighted e-BH,0,0.125,2,1184,316125
0.075,SAFE-ALPHA,0,0.5625,9,478.222222222,316125
0.075,Matched terminal weighted e-BH,0,0.25,4,1187.75,316125
0.1,SAFE-ALPHA,0,0.5625,9,471,316125
0.1,Matched terminal weighted e-BH,0,0.25,4,1187.75,316125
0.125,SAFE-ALPHA,0,0.625,10,471,316125
0.125,Matched terminal weighted e-BH,0,0.25,4,1187.75,316125
0.15,SAFE-ALPHA,0,0.625,10,426,316125
0.15,Matched terminal weighted e-BH,0,0.25,4,1187.75,316125
0.175,SAFE-ALPHA,0,0.625,10,404,316125
0.175,Matched terminal weighted e-BH,0,0.25,4,1187.75,316125
0.2,SAFE-ALPHA,0,0.625,10,402,316125
0.2,Matched terminal weighted e-BH,0,0.25,4,1187.75,316125
0.01,SAFE-ALPHA,0,0.25,4,987.25,316126
0.01,Matched terminal weighted e-BH,0,0.1875,3,1244,316126
0.025,SAFE-ALPHA,0,0.4375,7,871,316126
0.025,Matched terminal weighted e-BH,0,0.375,6,1209,316126
0.05,SAFE-ALPHA,0,0.5,8,760.375,316126
0.05,Matched terminal weighted e-BH,0,0.375,6,1209,316126
0.075,SAFE-ALPHA,0,0.5,8,660.375,316126
0.075,Matched terminal weighted e-BH,0,0.5,8,1200.875,316126
0.1,SAFE-ALPHA,0,0.625,10,710.5,316126
0.1,Matched terminal weighted e-BH,0,0.5625,9,1192.33333333,316126
0.125,SAFE-ALPHA,0,0.6875,11,740.090909091,316126
0.125,Matched terminal weighted e-BH,0,0.625,10,1178,316126
0.15,SAFE-ALPHA,0,0.75,12,733.083333333,316126
0.15,Matched terminal weighted e-BH,0,0.625,10,1178,316126
0.175,SAFE-ALPHA,0,0.75,12,714.333333333,316126
0.175,Matched terminal weighted e-BH,0,0.75,12,1166.5,316126
0.2,SAFE-ALPHA,0,0.75,12,678.916666667,316126
0.2,Matched terminal weighted e-BH,0,0.75,12,1166.5,316126
0.01,SAFE-ALPHA,0,0.0625,1,821,316127
0.01,Matched terminal weighted e-BH,0,0,0,,316127
0.025,SAFE-ALPHA,0,0.125,2,723.5,316127
0.025,Matched terminal weighted e-BH,0,0,0,,316127
0.05,SAFE-ALPHA,0,0.1875,3,787.666666667,316127
0.05,Matched terminal weighted e-BH,0,0.0625,1,1244,316127
0.075,SAFE-ALPHA,0,0.1875,3,771,316127
0.075,Matched terminal weighted e-BH,0,0.0625,1,1244,316127
0.1,SAFE-ALPHA,0,0.1875,3,747.666666667,316127
0.1,Matched terminal weighted e-BH,0,0.0625,1,1244,316127
0.125,SAFE-ALPHA,0,0.1875,3,582.666666667,316127
0.125,Matched terminal weighted e-BH,0,0.0625,1,1244,316127
0.15,SAFE-ALPHA,0,0.1875,3,572.666666667,316127
0.15,Matched terminal weighted e-BH,0,0.0625,1,1244,316127
0.175,SAFE-ALPHA,0,0.1875,3,569.333333333,316127
0.175,Matched terminal weighted e-BH,0,0.0625,1,1244,316127
0.2,SAFE-ALPHA,0,0.1875,3,552.666666667,316127
0.2,Matched terminal weighted e-BH,0,0.0625,1,1244,316127
0.01,SAFE-ALPHA,0,0.0625,1,686,316128
0.01,Matched terminal weighted e-BH,0,0,0,,316128
0.025,SAFE-ALPHA,0,0.0625,1,671,316128
0.025,Matched terminal weighted e-BH,0,0,0,,316128
0.05,SAFE-ALPHA,0,0.0625,1,541,316128
0.05,Matched terminal weighted e-BH,0,0.0625,1,1244,316128
0.075,SAFE-ALPHA,0,0.125,2,841,316128
0.075,Matched terminal weighted e-BH,0,0.0625,1,1244,316128
0.1,SAFE-ALPHA,0,0.1875,3,842.666666667,316128
0.1,Matched terminal weighted e-BH,0,0.125,2,1206.5,316128
0.125,SAFE-ALPHA,0,0.1875,3,837.666666667,316128
0.125,Matched terminal weighted e-BH,0,0.125,2,1206.5,316128
0.15,SAFE-ALPHA,0,0.5,8,1024.75,316128
0.15,Matched terminal weighted e-BH,0,0.125,2,1206.5,316128
0.175,SAFE-ALPHA,0,0.5,8,1011,316128
0.175,Matched terminal weighted e-BH,0,0.125,2,1206.5,316128
0.2,SAFE-ALPHA,0,0.5,8,832.25,316128
0.2,Matched terminal weighted e-BH,0,0.125,2,1206.5,316128
0.01,SAFE-ALPHA,0,1,16,549.4375,316129
0.01,Matched terminal weighted e-BH,0,0.875,14,1157.21428571,316129
0.025,SAFE-ALPHA,0,1,16,497.25,316129
0.025,Matched terminal weighted e-BH,0,1,16,1139.9375,316129
0.05,SAFE-ALPHA,0,1,16,444.125,316129
0.05,Matched terminal weighted e-BH,0,1,16,1139.9375,316129
0.075,SAFE-ALPHA,0,1,16,364.75,316129
0.075,Matched terminal weighted e-BH,0,1,16,1139.9375,316129
0.1,SAFE-ALPHA,0,1,16,343.8125,316129
0.1,Matched terminal weighted e-BH,0,1,16,1139.9375,316129
0.125,SAFE-ALPHA,0,1,16,325.6875,316129
0.125,Matched terminal weighted e-BH,0,1,16,1139.9375,316129
0.15,SAFE-ALPHA,0,1,16,306.3125,316129
0.15,Matched terminal weighted e-BH,0,1,16,1139.9375,316129
0.175,SAFE-ALPHA,0,1,16,297.5625,316129
0.175,Matched terminal weighted e-BH,0,1,16,1139.9375,316129
0.2,SAFE-ALPHA,0,1,16,266.9375,316129
0.2,Matched terminal weighted e-BH,0,1,16,1139.9375,316129
0.01,SAFE-ALPHA,0,0.0625,1,311,316130
0.01,Matched terminal weighted e-BH,0,0,0,,316130
0.025,SAFE-ALPHA,0,0.0625,1,136,316130
0.025,Matched terminal weighted e-BH,0,0,0,,316130
0.05,SAFE-ALPHA,0,0.0625,1,116,316130
0.05,Matched terminal weighted e-BH,0,0,0,,316130
0.075,SAFE-ALPHA,0,0.125,2,431,316130
0.075,Matched terminal weighted e-BH,0,0,0,,316130
0.1,SAFE-ALPHA,0,0.125,2,426,316130
0.1,Matched terminal weighted e-BH,0,0,0,,316130
0.125,SAFE-ALPHA,0,0.125,2,383.5,316130
0.125,Matched terminal weighted e-BH,0,0,0,,316130
0.15,SAFE-ALPHA,0,0.125,2,383.5,316130
0.15,Matched terminal weighted e-BH,0,0,0,,316130
0.175,SAFE-ALPHA,0,0.1875,3,306,316130
0.175,Matched terminal weighted e-BH,0,0,0,,316130
0.2,SAFE-ALPHA,0,0.1875,3,261,316130
0.2,Matched terminal weighted e-BH,0,0,0,,316130
0.01,SAFE-ALPHA,0,0.875,14,954.928571429,316131
0.01,Matched terminal weighted e-BH,0,0.875,14,1159.35714286,316131
0.025,SAFE-ALPHA,0,0.9375,15,885.333333333,316131
0.025,Matched terminal weighted e-BH,0,0.9375,15,1153,316131
0.05,SAFE-ALPHA,0,0.9375,15,726.666666667,316131
0.05,Matched terminal weighted e-BH,0,0.9375,15,1153,316131
0.075,SAFE-ALPHA,0,0.9375,15,700.666666667,316131
0.075,Matched terminal weighted e-BH,0,0.9375,15,1153,316131
0.1,SAFE-ALPHA,0,0.9375,15,646,316131
0.1,Matched terminal weighted e-BH,0,0.9375,15,1153,316131
0.125,SAFE-ALPHA,0,0.9375,15,597.666666667,316131
0.125,Matched terminal weighted e-BH,0,0.9375,15,1153,316131
0.15,SAFE-ALPHA,0,0.9375,15,561.666666667,316131
0.15,Matched terminal weighted e-BH,0,0.9375,15,1153,316131
0.175,SAFE-ALPHA,0,0.9375,15,532.666666667,316131
0.175,Matched terminal weighted e-BH,0,0.9375,15,1153,316131
0.2,SAFE-ALPHA,0,0.9375,15,493.333333333,316131
0.2,Matched terminal weighted e-BH,0,0.9375,15,1153,316131
0.01,SAFE-ALPHA,0,0.0625,1,1236,316132
0.01,Matched terminal weighted e-BH,0,0,0,,316132
0.025,SAFE-ALPHA,0,0.0625,1,1006,316132
0.025,Matched terminal weighted e-BH,0,0.0625,1,1259,316132
0.05,SAFE-ALPHA,0,0.0625,1,986,316132
0.05,Matched terminal weighted e-BH,0,0.0625,1,1259,316132
0.075,SAFE-ALPHA,0,0.0625,1,976,316132
0.075,Matched terminal weighted e-BH,0,0.0625,1,1259,316132
0.1,SAFE-ALPHA,0,0.0625,1,971,316132
0.1,Matched terminal weighted e-BH,0,0.0625,1,1259,316132
0.125,SAFE-ALPHA,0,0.0625,1,971,316132
0.125,Matched terminal weighted e-BH,0,0.0625,1,1259,316132
0.15,SAFE-ALPHA,0,0.0625,1,806,316132
0.15,Matched terminal weighted e-BH,0,0.0625,1,1259,316132
0.175,SAFE-ALPHA,0,0.0625,1,806,316132
0.175,Matched terminal weighted e-BH,0,0.0625,1,1259,316132
0.2,SAFE-ALPHA,0,0.0625,1,806,316132
0.2,Matched terminal weighted e-BH,0,0.0625,1,1259,316132
0.01,SAFE-ALPHA,0,0.5,8,670.375,316133
0.01,Matched terminal weighted e-BH,0,0.5,8,1178.375,316133
0.025,SAFE-ALPHA,0,0.625,10,559.5,316133
0.025,Matched terminal weighted e-BH,0,0.5625,9,1175.66666667,316133
0.05,SAFE-ALPHA,0,0.75,12,492.666666667,316133
0.05,Matched terminal weighted e-BH,0,0.6875,11,1175.81818182,316133
0.075,SAFE-ALPHA,0,0.75,12,378.916666667,316133
0.075,Matched terminal weighted e-BH,0,0.6875,11,1175.81818182,316133
0.1,SAFE-ALPHA,0,0.75,12,364.75,316133
0.1,Matched terminal weighted e-BH,0,0.6875,11,1175.81818182,316133
0.125,SAFE-ALPHA,0,0.8125,13,313.692307692,316133
0.125,Matched terminal weighted e-BH,0,0.75,12,1170.25,316133
0.15,SAFE-ALPHA,0,0.8125,13,302.153846154,316133
0.15,Matched terminal weighted e-BH,0,0.75,12,1170.25,316133
0.175,SAFE-ALPHA,0,0.8125,13,290.615384615,316133
0.175,Matched terminal weighted e-BH,0,0.75,12,1170.25,316133
0.2,SAFE-ALPHA,0,0.8125,13,270.230769231,316133
0.2,Matched terminal weighted e-BH,0,0.75,12,1170.25,316133
0.01,SAFE-ALPHA,0,0.1875,3,978,316134
0.01,Matched terminal weighted e-BH,0,0.1875,3,1234,316134
0.025,SAFE-ALPHA,0,0.4375,7,936,316134
0.025,Matched terminal weighted e-BH,0,0.3125,5,1187,316134
0.05,SAFE-ALPHA,0,0.625,10,908.5,316134
0.05,Matched terminal weighted e-BH,0,0.4375,7,1192.57142857,316134
0.075,SAFE-ALPHA,0,0.625,10,802.5,316134
0.075,Matched terminal weighted e-BH,0,0.5,8,1195.25,316134
0.1,SAFE-ALPHA,0,0.625,10,561,316134
0.1,Matched terminal weighted e-BH,0,0.625,10,1179.5,316134
0.125,SAFE-ALPHA,0,0.625,10,465.5,316134
0.125,Matched terminal weighted e-BH,0,0.625,10,1179.5,316134
0.15,SAFE-ALPHA,0,0.625,10,403.5,316134
0.15,Matched terminal weighted e-BH,0,0.625,10,1179.5,316134
0.175,SAFE-ALPHA,0,0.625,10,369,316134
0.175,Matched terminal weighted e-BH,0,0.625,10,1179.5,316134
0.2,SAFE-ALPHA,0,0.625,10,327.5,316134
0.2,Matched terminal weighted e-BH,0,0.625,10,1179.5,316134
0.01,SAFE-ALPHA,0,0,0,,316135
0.01,Matched terminal weighted e-BH,0,0,0,,316135
0.025,SAFE-ALPHA,0,0.0625,1,1146,316135
0.025,Matched terminal weighted e-BH,0,0,0,,316135
0.05,SAFE-ALPHA,0,0.25,4,903.5,316135
0.05,Matched terminal weighted e-BH,0,0.0625,1,1169,316135
0.075,SAFE-ALPHA,0,0.3125,5,943,316135
0.075,Matched terminal weighted e-BH,0,0.0625,1,1169,316135
0.1,SAFE-ALPHA,0,0.375,6,959.333333333,316135
0.1,Matched terminal weighted e-BH,0,0.25,4,1199,316135
0.125,SAFE-ALPHA,0,0.375,6,951,316135
0.125,Matched terminal weighted e-BH,0,0.25,4,1199,316135
0.15,SAFE-ALPHA,0,0.5,8,946.625,316135
0.15,Matched terminal weighted e-BH,0,0.25,4,1199,316135
0.175,SAFE-ALPHA,0,0.5625,9,969.333333333,316135
0.175,Matched terminal weighted e-BH,0,0.375,6,1191.5,316135
0.2,SAFE-ALPHA,0,0.5625,9,954.888888889,316135
0.2,Matched terminal weighted e-BH,0,0.4375,7,1181.85714286,316135
0.01,SAFE-ALPHA,0,0.0625,1,1056,316136
0.01,Matched terminal weighted e-BH,0,0.0625,1,1259,316136
0.025,SAFE-ALPHA,0,0.1875,3,1072.66666667,316136
0.025,Matched terminal weighted e-BH,0,0.0625,1,1259,316136
0.05,SAFE-ALPHA,0,0.1875,3,939.333333333,316136
0.05,Matched terminal weighted e-BH,0,0.1875,3,1239,316136
0.075,SAFE-ALPHA,0,0.3125,5,809,316136
0.075,Matched terminal weighted e-BH,0,0.1875,3,1239,316136
0.1,SAFE-ALPHA,0,0.375,6,777.666666667,316136
0.1,Matched terminal weighted e-BH,0,0.1875,3,1239,316136
0.125,SAFE-ALPHA,0,0.5625,9,804.333333333,316136
0.125,Matched terminal weighted e-BH,0,0.3125,5,1208,316136
0.15,SAFE-ALPHA,0,0.5625,9,787.111111111,316136
0.15,Matched terminal weighted e-BH,0,0.4375,7,1186.14285714,316136
0.175,SAFE-ALPHA,0,0.5625,9,775.444444444,316136
0.175,Matched terminal weighted e-BH,0,0.4375,7,1186.14285714,316136
0.2,SAFE-ALPHA,0,0.5625,9,754.333333333,316136
0.2,Matched terminal weighted e-BH,0,0.4375,7,1186.14285714,316136
0.01,SAFE-ALPHA,0,0.1875,3,617.666666667,316137
0.01,Matched terminal weighted e-BH,0,0,0,,316137
0.025,SAFE-ALPHA,0,0.1875,3,521,316137
0.025,Matched terminal weighted e-BH,0,0,0,,316137
0.05,SAFE-ALPHA,0,0.25,4,567.25,316137
0.05,Matched terminal weighted e-BH,0,0,0,,316137
0.075,SAFE-ALPHA,0,0.25,4,541,316137
0.075,Matched terminal weighted e-BH,0,0,0,,316137
0.1,SAFE-ALPHA,0,0.3125,5,536,316137
0.1,Matched terminal weighted e-BH,0,0,0,,316137
0.125,SAFE-ALPHA,0,0.3125,5,528,316137
0.125,Matched terminal weighted e-BH,0,0.0625,1,1259,316137
0.15,SAFE-ALPHA,0,0.3125,5,512,316137
0.15,Matched terminal weighted e-BH,0,0.0625,1,1259,316137
0.175,SAFE-ALPHA,0,0.3125,5,493,316137
0.175,Matched terminal weighted e-BH,0,0.0625,1,1259,316137
0.2,SAFE-ALPHA,0,0.3125,5,483,316137
0.2,Matched terminal weighted e-BH,0,0.1875,3,1229,316137
0.01,SAFE-ALPHA,0,0.1875,3,806,316138
0.01,Matched terminal weighted e-BH,0,0.0625,1,1259,316138
0.025,SAFE-ALPHA,0,0.3125,5,809,316138
0.025,Matched terminal weighted e-BH,0,0.1875,3,1194,316138
0.05,SAFE-ALPHA,0,0.4375,7,768.857142857,316138
0.05,Matched terminal weighted e-BH,0,0.25,4,1199,316138
0.075,SAFE-ALPHA,0,0.4375,7,756,316138
0.075,Matched terminal weighted e-BH,0,0.3125,5,1199,316138
0.1,SAFE-ALPHA,0,0.5625,9,821.888888889,316138
0.1,Matched terminal weighted e-BH,0,0.375,6,1186.5,316138
0.125,SAFE-ALPHA,0,0.5625,9,768.777777778,316138
0.125,Matched terminal weighted e-BH,0,0.5,8,1167.125,316138
0.15,SAFE-ALPHA,0,0.5625,9,763.777777778,316138
0.15,Matched terminal weighted e-BH,0,0.5,8,1167.125,316138
0.175,SAFE-ALPHA,0,0.5625,9,735.444444444,316138
0.175,Matched terminal weighted e-BH,0,0.5,8,1167.125,316138
0.2,SAFE-ALPHA,0,0.6875,11,632.818181818,316138
0.2,Matched terminal weighted e-BH,0,0.5,8,1167.125,316138
0.01,SAFE-ALPHA,0,0.625,10,582,316139
0.01,Matched terminal weighted e-BH,0,0.5625,9,1194,316139
0.025,SAFE-ALPHA,0,0.6875,11,522.818181818,316139
0.025,Matched terminal weighted e-BH,0,0.6875,11,1175.81818182,316139
0.05,SAFE-ALPHA,0,0.75,12,488.5,316139
0.05,Matched terminal weighted e-BH,0,0.75,12,1174,316139
0.075,SAFE-ALPHA,0,0.75,12,418.916666667,316139
0.075,Matched terminal weighted e-BH,0,0.75,12,1174,316139
0.1,SAFE-ALPHA,0,0.8125,13,441,316139
0.1,Matched terminal weighted e-BH,0,0.75,12,1174,316139
0.125,SAFE-ALPHA,0,0.8125,13,420.230769231,316139
0.125,Matched terminal weighted e-BH,0,0.75,12,1174,316139
0.15,SAFE-ALPHA,0,0.8125,13,351.384615385,316139
0.15,Matched terminal weighted e-BH,0,0.75,12,1174,316139
0.175,SAFE-ALPHA,0,0.8125,13,336,316139
0.175,Matched terminal weighted e-BH,0,0.8125,13,1166.69230769,316139
0.2,SAFE-ALPHA,0,0.8125,13,291.769230769,316139
0.2,Matched terminal weighted e-BH,0,0.8125,13,1166.69230769,316139
0.01,SAFE-ALPHA,0,0,0,,316140
0.01,Matched terminal weighted e-BH,0,0,0,,316140
0.025,SAFE-ALPHA,0,0,0,,316140
0.025,Matched terminal weighted e-BH,0,0,0,,316140
0.05,SAFE-ALPHA,0,0.1875,3,1129.33333333,316140
0.05,Matched terminal weighted e-BH,0,0.125,2,1229,316140
0.075,SAFE-ALPHA,0,0.1875,3,1121,316140
0.075,Matched terminal weighted e-BH,0,0.125,2,1229,316140
0.1,SAFE-ALPHA,0,0.1875,3,1081,316140
0.1,Matched terminal weighted e-BH,0,0.125,2,1229,316140
0.125,SAFE-ALPHA,0,0.1875,3,1072.66666667,316140
0.125,Matched terminal weighted e-BH,0,0.1875,3,1229,316140
0.15,SAFE-ALPHA,0,0.1875,3,1061,316140
0.15,Matched terminal weighted e-BH,0,0.1875,3,1229,316140
0.175,SAFE-ALPHA,0,0.1875,3,889.333333333,316140
0.175,Matched terminal weighted e-BH,0,0.1875,3,1229,316140
0.2,SAFE-ALPHA,0,0.25,4,733.5,316140
0.2,Matched terminal weighted e-BH,0,0.1875,3,1229,316140
0.01,SAFE-ALPHA,0,0.5,8,907.25,316141
0.01,Matched terminal weighted e-BH,0,0.5,8,1182.125,316141
0.025,SAFE-ALPHA,0,0.625,10,846.5,316141
0.025,Matched terminal weighted e-BH,0,0.625,10,1169,316141
0.05,SAFE-ALPHA,0,0.75,12,728.916666667,316141
0.05,Matched terminal weighted e-BH,0,0.6875,11,1151.27272727,316141
0.075,SAFE-ALPHA,0,0.8125,13,728.307692308,316141
0.075,Matched terminal weighted e-BH,0,0.75,12,1134,316141
0.1,SAFE-ALPHA,0,0.8125,13,707.538461538,316141
0.1,Matched terminal weighted e-BH,0,0.8125,13,1130.92307692,316141
0.125,SAFE-ALPHA,0,0.9375,15,675.666666667,316141
0.125,Matched terminal weighted e-BH,0,0.8125,13,1130.92307692,316141
0.15,SAFE-ALPHA,0,0.9375,15,641.333333333,316141
0.15,Matched terminal weighted e-BH,0,0.875,14,1131.5,316141
0.175,SAFE-ALPHA,0,0.9375,15,636,316141
0.175,Matched terminal weighted e-BH,0,0.875,14,1131.5,316141
0.2,SAFE-ALPHA,0,0.9375,15,611.333333333,316141
0.2,Matched terminal weighted e-BH,0,0.875,14,1131.5,316141
0.01,SAFE-ALPHA,0,0,0,,316142
0.01,Matched terminal weighted e-BH,0,0,0,,316142
0.025,SAFE-ALPHA,0,0,0,,316142
0.025,Matched terminal weighted e-BH,0,0,0,,316142
0.05,SAFE-ALPHA,0,0,0,,316142
0.05,Matched terminal weighted e-BH,0,0,0,,316142
0.075,SAFE-ALPHA,0,0,0,,316142
0.075,Matched terminal weighted e-BH,0,0,0,,316142
0.1,SAFE-ALPHA,0,0,0,,316142
0.1,Matched terminal weighted e-BH,0,0,0,,316142
0.125,SAFE-ALPHA,0,0,0,,316142
0.125,Matched terminal weighted e-BH,0,0,0,,316142
0.15,SAFE-ALPHA,0,0,0,,316142
0.15,Matched terminal weighted e-BH,0,0,0,,316142
0.175,SAFE-ALPHA,0,0,0,,316142
0.175,Matched terminal weighted e-BH,0,0,0,,316142
0.2,SAFE-ALPHA,0,0,0,,316142
0.2,Matched terminal weighted e-BH,0,0,0,,316142
0.01,SAFE-ALPHA,0,0.125,2,1146,316143
0.01,Matched terminal weighted e-BH,0,0.0625,1,1214,316143
0.025,SAFE-ALPHA,0,0.25,4,1046,316143
0.025,Matched terminal weighted e-BH,0,0.125,2,1229,316143
0.05,SAFE-ALPHA,0,0.25,4,992.25,316143
0.05,Matched terminal weighted e-BH,0,0.25,4,1229,316143
0.075,SAFE-ALPHA,0,0.25,4,944.75,316143
0.075,Matched terminal weighted e-BH,0,0.25,4,1229,316143
0.1,SAFE-ALPHA,0,0.3125,5,936,316143
0.1,Matched terminal weighted e-BH,0,0.25,4,1229,316143
0.125,SAFE-ALPHA,0,0.375,6,947.666666667,316143
0.125,Matched terminal weighted e-BH,0,0.3125,5,1196,316143
0.15,SAFE-ALPHA,0,0.375,6,915.166666667,316143
0.15,Matched terminal weighted e-BH,0,0.3125,5,1196,316143
0.175,SAFE-ALPHA,0,0.5,8,931,316143
0.175,Matched terminal weighted e-BH,0,0.3125,5,1196,316143
0.2,SAFE-ALPHA,0,0.5,8,909.75,316143
0.2,Matched terminal weighted e-BH,0,0.375,6,1201.5,316143
0.01,SAFE-ALPHA,0,0.3125,5,810,316144
0.01,Matched terminal weighted e-BH,0,0.3125,5,1202,316144
0.025,SAFE-ALPHA,0,0.625,10,670.5,316144
0.025,Matched terminal weighted e-BH,0,0.5,8,1165.25,316144
0.05,SAFE-ALPHA,0,0.6875,11,626.454545455,316144
0.05,Matched terminal weighted e-BH,0,0.625,10,1160,316144
0.075,SAFE-ALPHA,0,0.8125,13,680.230769231,316144
0.075,Matched terminal weighted e-BH,0,0.8125,13,1145.92307692,316144
0.1,SAFE-ALPHA,0,0.875,14,654.214285714,316144
0.1,Matched terminal weighted e-BH,0,0.875,14,1140.07142857,316144
0.125,SAFE-ALPHA,0,0.9375,15,640.333333333,316144
0.125,Matched terminal weighted e-BH,0,0.875,14,1140.07142857,316144
0.15,SAFE-ALPHA,0,0.9375,15,614.666666667,316144
0.15,Matched terminal weighted e-BH,0,0.875,14,1140.07142857,316144
0.175,SAFE-ALPHA,0,0.9375,15,565,316144
0.175,Matched terminal weighted e-BH,0,0.875,14,1140.07142857,316144
0.2,SAFE-ALPHA,0,0.9375,15,534,316144
0.2,Matched terminal weighted e-BH,0,0.875,14,1140.07142857,316144
0.01,SAFE-ALPHA,0,0.3125,5,741,316145
0.01,Matched terminal weighted e-BH,0,0.0625,1,1259,316145
0.025,SAFE-ALPHA,0,0.625,10,632,316145
0.025,Matched terminal weighted e-BH,0,0.125,2,1214,316145
0.05,SAFE-ALPHA,0,0.75,12,517.666666667,316145
0.05,Matched terminal weighted e-BH,0,0.25,4,1202.75,316145
0.075,SAFE-ALPHA,0,0.75,12,504.333333333,316145
0.075,Matched terminal weighted e-BH,0,0.25,4,1202.75,316145
0.1,SAFE-ALPHA,0,0.8125,13,511,316145
0.1,Matched terminal weighted e-BH,0,0.25,4,1202.75,316145
0.125,SAFE-ALPHA,0,0.8125,13,496.769230769,316145
0.125,Matched terminal weighted e-BH,0,0.4375,7,1173.28571429,316145
0.15,SAFE-ALPHA,0,0.8125,13,489.846153846,316145
0.15,Matched terminal weighted e-BH,0,0.4375,7,1173.28571429,316145
0.175,SAFE-ALPHA,0,0.8125,13,478.692307692,316145
0.175,Matched terminal weighted e-BH,0,0.4375,7,1173.28571429,316145
0.2,SAFE-ALPHA,0,0.875,14,486.714285714,316145
0.2,Matched terminal weighted e-BH,0,0.5,8,1176.5,316145
0.01,SAFE-ALPHA,0,0,0,,316146
0.01,Matched terminal weighted e-BH,0,0,0,,316146
0.025,SAFE-ALPHA,0,0,0,,316146
0.025,Matched terminal weighted e-BH,0,0,0,,316146
0.05,SAFE-ALPHA,0,0.125,2,953.5,316146
0.05,Matched terminal weighted e-BH,0,0,0,,316146
0.075,SAFE-ALPHA,0,0.125,2,896,316146
0.075,Matched terminal weighted e-BH,0,0,0,,316146
0.1,SAFE-ALPHA,0,0.1875,3,436,316146
0.1,Matched terminal weighted e-BH,0,0,0,,316146
0.125,SAFE-ALPHA,0,0.1875,3,429.333333333,316146
0.125,Matched terminal weighted e-BH,0,0.0625,1,1154,316146
0.15,SAFE-ALPHA,0,0.1875,3,397.666666667,316146
0.15,Matched terminal weighted e-BH,0,0.0625,1,1154,316146
0.175,SAFE-ALPHA,0,0.1875,3,397.666666667,316146
0.175,Matched terminal weighted e-BH,0,0.0625,1,1154,316146
0.2,SAFE-ALPHA,0,0.1875,3,389.333333333,316146
0.2,Matched terminal weighted e-BH,0,0.0625,1,1154,316146
0.01,SAFE-ALPHA,0,0.875,14,729.214285714,316147
0.01,Matched terminal weighted e-BH,0,0.875,14,1147.57142857,316147
0.025,SAFE-ALPHA,0,0.875,14,553.142857143,316147
0.025,Matched terminal weighted e-BH,0,0.875,14,1147.57142857,316147
0.05,SAFE-ALPHA,0,0.875,14,509.571428571,316147
0.05,Matched terminal weighted e-BH,0,0.875,14,1147.57142857,316147
0.075,SAFE-ALPHA,0,0.875,14,473.142857143,316147
0.075,Matched terminal weighted e-BH,0,0.875,14,1147.57142857,316147
0.1,SAFE-ALPHA,0,0.875,14,435.642857143,316147
0.1,Matched terminal weighted e-BH,0,0.875,14,1147.57142857,316147
0.125,SAFE-ALPHA,0,0.875,14,388.5,316147
0.125,Matched terminal weighted e-BH,0,0.875,14,1147.57142857,316147
0.15,SAFE-ALPHA,0,0.875,14,377.785714286,316147
0.15,Matched terminal weighted e-BH,0,0.875,14,1147.57142857,316147
0.175,SAFE-ALPHA,0,0.875,14,363.857142857,316147
0.175,Matched terminal weighted e-BH,0,0.875,14,1147.57142857,316147
0.2,SAFE-ALPHA,0,0.875,14,354.214285714,316147
0.2,Matched terminal weighted e-BH,0,0.875,14,1147.57142857,316147
0.01,SAFE-ALPHA,0,0.1875,3,614.333333333,316148
0.01,Matched terminal weighted e-BH,0,0.1875,3,1219,316148
0.025,SAFE-ALPHA,0,0.25,4,722.25,316148
0.025,Matched terminal weighted e-BH,0,0.25,4,1214,316148
0.05,SAFE-ALPHA,0,0.4375,7,546,316148
0.05,Matched terminal weighted e-BH,0,0.25,4,1214,316148
0.075,SAFE-ALPHA,0,0.5,8,582.25,316148
0.075,Matched terminal weighted e-BH,0,0.3125,5,1193,316148
0.1,SAFE-ALPHA,0,0.5,8,547.875,316148
0.1,Matched terminal weighted e-BH,0,0.3125,5,1193,316148
0.125,SAFE-ALPHA,0,0.5,8,538.5,316148
0.125,Matched terminal weighted e-BH,0,0.375,6,1181.5,316148
0.15,SAFE-ALPHA,0,0.5,8,492.25,316148
0.15,Matched terminal weighted e-BH,0,0.375,6,1181.5,316148
0.175,SAFE-ALPHA,0,0.5625,9,534.888888889,316148
0.175,Matched terminal weighted e-BH,0,0.375,6,1181.5,316148
0.2,SAFE-ALPHA,0,0.625,10,538.5,316148
0.2,Matched terminal weighted e-BH,0,0.375,6,1181.5,316148
0.01,SAFE-ALPHA,0,0.125,2,1108.5,316149
0.01,Matched terminal weighted e-BH,0,0.0625,1,1244,316149
0.025,SAFE-ALPHA,0,0.3125,5,1059,316149
0.025,Matched terminal weighted e-BH,0,0.1875,3,1244,316149
0.05,SAFE-ALPHA,0,0.3125,5,1010,316149
0.05,Matched terminal weighted e-BH,0,0.3125,5,1214,316149
0.075,SAFE-ALPHA,0,0.3125,5,1002,316149
0.075,Matched terminal weighted e-BH,0,0.3125,5,1214,316149
0.1,SAFE-ALPHA,0,0.3125,5,979,316149
0.1,Matched terminal weighted e-BH,0,0.3125,5,1214,316149
0.125,SAFE-ALPHA,0,0.375,6,1001,316149
0.125,Matched terminal weighted e-BH,0,0.3125,5,1214,316149
0.15,SAFE-ALPHA,0,0.375,6,849.333333333,316149
0.15,Matched terminal weighted e-BH,0,0.3125,5,1214,316149
0.175,SAFE-ALPHA,0,0.4375,7,868.142857143,316149
0.175,Matched terminal weighted e-BH,0,0.3125,5,1214,316149
0.2,SAFE-ALPHA,0,0.5,8,878.5,316149
0.2,Matched terminal weighted e-BH,0,0.3125,5,1214,316149
0.01,SAFE-ALPHA,0,0.3125,5,944,316150
0.01,Matched terminal weighted e-BH,0,0.1875,3,1234,316150
0.025,SAFE-ALPHA,0,0.5625,9,849.333333333,316150
0.025,Matched terminal weighted e-BH,0,0.375,6,1196.5,316150
0.05,SAFE-ALPHA,0,0.625,10,840,316150
0.05,Matched terminal weighted e-BH,0,0.4375,7,1181.85714286,316150
0.075,SAFE-ALPHA,0,0.6875,11,784.454545455,316150
0.075,Matched terminal weighted e-BH,0,0.6875,11,1169,316150
0.1,SAFE-ALPHA,0,0.75,12,771.416666667,316150
0.1,Matched terminal weighted e-BH,0,0.6875,11,1169,316150
0.125,SAFE-ALPHA,0,0.75,12,666.833333333,316150
0.125,Matched terminal weighted e-BH,0,0.75,12,1166.5,316150
0.15,SAFE-ALPHA,0,0.75,12,654.75,316150
0.15,Matched terminal weighted e-BH,0,0.75,12,1166.5,316150
0.175,SAFE-ALPHA,0,0.75,12,623.083333333,316150
0.175,Matched terminal weighted e-BH,0,0.75,12,1166.5,316150
0.2,SAFE-ALPHA,0,0.8125,13,657.923076923,316150
0.2,Matched terminal weighted e-BH,0,0.8125,13,1162.07692308,316150
0.01,SAFE-ALPHA,0,0,0,,316151
0.01,Matched terminal weighted e-BH,0,0,0,,316151
0.025,SAFE-ALPHA,0,0.25,4,952.25,316151
0.025,Matched terminal weighted e-BH,0,0.0625,1,1199,316151
0.05,SAFE-ALPHA,0,0.375,6,938.5,316151
0.05,Matched terminal weighted e-BH,0,0.125,2,1229,316151
0.075,SAFE-ALPHA,0,0.375,6,930.166666667,316151
0.075,Matched terminal weighted e-BH,0,0.25,4,1214,316151
0.1,SAFE-ALPHA,0,0.4375,7,826.714285714,316151
0.1,Matched terminal weighted e-BH,0,0.25,4,1214,316151
0.125,SAFE-ALPHA,0,0.4375,7,793.857142857,316151
0.125,Matched terminal weighted e-BH,0,0.375,6,1204,316151
0.15,SAFE-ALPHA,0,0.5625,9,805.777777778,316151
0.15,Matched terminal weighted e-BH,0,0.375,6,1204,316151
0.175,SAFE-ALPHA,0,0.5625,9,796.888888889,316151
0.175,Matched terminal weighted e-BH,0,0.375,6,1204,316151
0.2,SAFE-ALPHA,0,0.625,10,756.5,316151
0.2,Matched terminal weighted e-BH,0,0.4375,7,1186.14285714,316151
0.01,SAFE-ALPHA,0,0.0625,1,1176,316152
0.01,Matched terminal weighted e-BH,0,0.0625,1,1244,316152
0.025,SAFE-ALPHA,0,0.0625,1,1151,316152
0.025,Matched terminal weighted e-BH,0,0.0625,1,1244,316152
0.05,SAFE-ALPHA,0,0.125,2,1108.5,316152
0.05,Matched terminal weighted e-BH,0,0.0625,1,1244,316152
0.075,SAFE-ALPHA,0,0.4375,7,1110.28571429,316152
0.075,Matched terminal weighted e-BH,0,0.1875,3,1154,316152
0.1,SAFE-ALPHA,0,0.4375,7,1094.57142857,316152
0.1,Matched terminal weighted e-BH,0,0.3125,5,1166,316152
0.125,SAFE-ALPHA,0,0.4375,7,1081.71428571,316152
0.125,Matched terminal weighted e-BH,0,0.375,6,1159,316152
0.15,SAFE-ALPHA,0,0.4375,7,1041,316152
0.15,Matched terminal weighted e-BH,0,0.375,6,1159,316152
0.175,SAFE-ALPHA,0,0.4375,7,1036.71428571,316152
0.175,Matched terminal weighted e-BH,0,0.4375,7,1162.57142857,316152
0.2,SAFE-ALPHA,0,0.4375,7,826.714285714,316152
0.2,Matched terminal weighted e-BH,0,0.4375,7,1162.57142857,316152
0.01,SAFE-ALPHA,0,0.1875,3,1124.33333333,316153
0.01,Matched terminal weighted e-BH,0,0.0625,1,1259,316153
0.025,SAFE-ALPHA,0,0.4375,7,913.857142857,316153
0.025,Matched terminal weighted e-BH,0,0.375,6,1201.5,316153
0.05,SAFE-ALPHA,0,0.5,8,834.125,316153
0.05,Matched terminal weighted e-BH,0,0.5,8,1204.625,316153
0.075,SAFE-ALPHA,0,0.5625,9,828.222222222,316153
0.075,Matched terminal weighted e-BH,0,0.5,8,1204.625,316153
0.1,SAFE-ALPHA,0,0.5625,9,783.222222222,316153
0.1,Matched terminal weighted e-BH,0,0.5625,9,1199,316153
0.125,SAFE-ALPHA,0,0.5625,9,771,316153
0.125,Matched terminal weighted e-BH,0,0.5625,9,1199,316153
0.15,SAFE-ALPHA,0,0.625,10,795,316153
0.15,Matched terminal weighted e-BH,0,0.5625,9,1199,316153
0.175,SAFE-ALPHA,0,0.6875,11,797.363636364,316153
0.175,Matched terminal weighted e-BH,0,0.625,10,1190,316153
0.2,SAFE-ALPHA,0,0.6875,11,778.272727273,316153
0.2,Matched terminal weighted e-BH,0,0.6875,11,1184,316153
0.01,SAFE-ALPHA,0,0.5625,9,992.111111111,316154
0.01,Matched terminal weighted e-BH,0,0.5,8,1204.625,316154
0.025,SAFE-ALPHA,0,0.625,10,815,316154
0.025,Matched terminal weighted e-BH,0,0.5625,9,1192.33333333,316154
0.05,SAFE-ALPHA,0,0.6875,11,710.090909091,316154
0.05,Matched terminal weighted e-BH,0,0.6875,11,1175.81818182,316154
0.075,SAFE-ALPHA,0,0.75,12,681.416666667,316154
0.075,Matched terminal weighted e-BH,0,0.6875,11,1175.81818182,316154
0.1,SAFE-ALPHA,0,0.8125,13,674.076923077,316154
0.1,Matched terminal weighted e-BH,0,0.75,12,1174,316154
0.125,SAFE-ALPHA,0,0.8125,13,647.538461538,316154
0.125,Matched terminal weighted e-BH,0,0.75,12,1174,316154
0.15,SAFE-ALPHA,0,0.8125,13,604.846153846,316154
0.15,Matched terminal weighted e-BH,0,0.8125,13,1169,316154
0.175,SAFE-ALPHA,0,0.9375,15,612.666666667,316154
0.175,Matched terminal weighted e-BH,0,0.8125,13,1169,316154
0.2,SAFE-ALPHA,0,1,16,595.0625,316154
0.2,Matched terminal weighted e-BH,0,0.8125,13,1169,316154
0.01,SAFE-ALPHA,0,0.1875,3,1139.33333333,316155
0.01,Matched terminal weighted e-BH,0,0,0,,316155
0.025,SAFE-ALPHA,0,0.375,6,1067.66666667,316155
0.025,Matched terminal weighted e-BH,0,0.3125,5,1169,316155
0.05,SAFE-ALPHA,0,0.4375,7,1056,316155
0.05,Matched terminal weighted e-BH,0,0.4375,7,1188.28571429,316155
0.075,SAFE-ALPHA,0,0.6875,11,951.909090909,316155
0.075,Matched terminal weighted e-BH,0,0.625,10,1155.5,316155
0.1,SAFE-ALPHA,0,0.6875,11,877.818181818,316155
0.1,Matched terminal weighted e-BH,0,0.625,10,1155.5,316155
0.125,SAFE-ALPHA,0,0.6875,11,864.636363636,316155
0.125,Matched terminal weighted e-BH,0,0.6875,11,1158.09090909,316155
0.15,SAFE-ALPHA,0,0.6875,11,853.727272727,316155
0.15,Matched terminal weighted e-BH,0,0.6875,11,1158.09090909,316155
0.175,SAFE-ALPHA,0,0.6875,11,818.727272727,316155
0.175,Matched terminal weighted e-BH,0,0.6875,11,1158.09090909,316155
0.2,SAFE-ALPHA,0,0.6875,11,759.636363636,316155
0.2,Matched terminal weighted e-BH,0,0.6875,11,1158.09090909,316155
0.01,SAFE-ALPHA,0,0.75,12,707.666666667,316156
0.01,Matched terminal weighted e-BH,0,0.6875,11,1147.18181818,316156
0.025,SAFE-ALPHA,0,0.8125,13,638.692307692,316156
0.025,Matched terminal weighted e-BH,0,0.75,12,1150.25,316156
0.05,SAFE-ALPHA,0,0.8125,13,582.153846154,316156
0.05,Matched terminal weighted e-BH,0,0.8125,13,1154,316156
0.075,SAFE-ALPHA,0,0.8125,13,527.538461538,316156
0.075,Matched terminal weighted e-BH,0,0.8125,13,1154,316156
0.1,SAFE-ALPHA,0,0.875,14,546,316156
0.1,Matched terminal weighted e-BH,0,0.875,14,1150.78571429,316156
0.125,SAFE-ALPHA,0,0.875,14,524.928571429,316156
0.125,Matched terminal weighted e-BH,0,0.875,14,1150.78571429,316156
0.15,SAFE-ALPHA,0,0.9375,15,532.333333333,316156
0.15,Matched terminal weighted e-BH,0,0.875,14,1150.78571429,316156
0.175,SAFE-ALPHA,0,0.9375,15,511.666666667,316156
0.175,Matched terminal weighted e-BH,0,0.875,14,1150.78571429,316156
0.2,SAFE-ALPHA,0,1,16,501.625,316156
0.2,Matched terminal weighted e-BH,0,0.875,14,1150.78571429,316156
0.01,SAFE-ALPHA,0,0.375,6,840.166666667,316157
0.01,Matched terminal weighted e-BH,0,0.25,4,1210.25,316157
0.025,SAFE-ALPHA,0,0.4375,7,755.285714286,316157
0.025,Matched terminal weighted e-BH,0,0.375,6,1211.5,316157
0.05,SAFE-ALPHA,0,0.4375,7,623.857142857,316157
0.05,Matched terminal weighted e-BH,0,0.4375,7,1203.28571429,316157
0.075,SAFE-ALPHA,0,0.5625,9,669.888888889,316157
0.075,Matched terminal weighted e-BH,0,0.4375,7,1203.28571429,316157
0.1,SAFE-ALPHA,0,0.5625,9,635.444444444,316157
0.1,Matched terminal weighted e-BH,0,0.5625,9,1179,316157
0.125,SAFE-ALPHA,0,0.625,10,601,316157
0.125,Matched terminal weighted e-BH,0,0.625,10,1163,316157
0.15,SAFE-ALPHA,0,0.8125,13,671.384615385,316157
0.15,Matched terminal weighted e-BH,0,0.625,10,1163,316157
0.175,SAFE-ALPHA,0,0.8125,13,598.307692308,316157
0.175,Matched terminal weighted e-BH,0,0.8125,13,1144.76923077,316157
0.2,SAFE-ALPHA,0,0.9375,15,651.066666667,316157
0.2,Matched terminal weighted e-BH,0,0.9375,15,1131,316157
0.01,SAFE-ALPHA,0,0.8125,13,781.769230769,316158
0.01,Matched terminal weighted e-BH,0,0.8125,13,1167.84615385,316158
0.025,SAFE-ALPHA,0,0.8125,13,741.384615385,316158
0.025,Matched terminal weighted e-BH,0,0.8125,13,1167.84615385,316158
0.05,SAFE-ALPHA,0,0.8125,13,675.230769231,316158
0.05,Matched terminal weighted e-BH,0,0.8125,13,1167.84615385,316158
0.075,SAFE-ALPHA,0,0.875,14,670.285714286,316158
0.075,Matched terminal weighted e-BH,0,0.8125,13,1167.84615385,316158
0.1,SAFE-ALPHA,0,0.875,14,618.5,316158
0.1,Matched terminal weighted e-BH,0,0.8125,13,1167.84615385,316158
0.125,SAFE-ALPHA,0,0.875,14,512.428571429,316158
0.125,Matched terminal weighted e-BH,0,0.875,14,1155.07142857,316158
0.15,SAFE-ALPHA,0,0.875,14,493.857142857,316158
0.15,Matched terminal weighted e-BH,0,0.875,14,1155.07142857,316158
0.175,SAFE-ALPHA,0,1,16,499.4375,316158
0.175,Matched terminal weighted e-BH,0,0.875,14,1155.07142857,316158
0.2,SAFE-ALPHA,0,1,16,491.625,316158
0.2,Matched terminal weighted e-BH,0,0.9375,15,1147,316158
